# x y z w
0 0 0 0
4294967295 4294967287 4294967273 4294967215
3176889822 2822204622 54021874 3925005118
2058812348 1349441948 108043748 3555042940
4117624697 2698883905 216087519 2815118665
3940282099 1102800523 432175061 1335270115
3585596903 2205601055 864350145 2670540311
2876226510 116234814 1728700290 1046113326
1457485725 232469637 3457400603 2092226733
2914971451 464939283 2619833933 4184453547
1534975606 929878566 944700570 4073939798
3069951212 1859757132 1889401140 3852912300
1844935128 3719514264 3778802280 3410857304
3689870257 3144061241 3262637287 2526747393
3084773219 1993155195 2230307301 758527571
1874579143 3986310399 165647329 1517055223
3749158287 3677653511 331294681 3034110527
3203349278 3060339726 662589362 1773253758
2111731261 1825712165 1325178747 3546507597
4223462523 3651424339 2650357517 2798047979
4151957750 3007881382 1005747738 1301128662
4008948205 1720795477 2011495499 2602257405
3722929115 3441590963 4022991021 909547595
3150890934 2588214630 3751014746 1819095190
2006814572 881461964 3207062196 3638190380
4013629144 1762923928 2119157096 2981413464
3732290992 3525847856 4238314192 1667859632
3169614688 2756728416 4181661088 3335719264
2044262080 1218489536 4068354880 2376471232
4088524160 2436979072 3841742464 457975168
3882081024 578990848 3388517632 915950336
3469194752 1157981696 2482067968 1831900672
2643422209 2315963401 669168663 3663801425
991877122 336959506 1338337326 3032635554
1983754245 673919021 2676674675 1770303893
3967508490 1347838042 1058382054 3540607786
3640049685 2695676093 2116764131 2786248357
2985132075 1096384899 4233528285 1277529499
1675296854 2192769798 4172089274 2555058998
3350593709 90572309 4049211275 815150781
2406220123 181144627 3803455277 1630301643
517472950 362289254 3311943258 3260603286
1034945901 724578517 2328919243 2226239357
2069891802 1449157034 362871190 157511418
4139783604 2898314068 725742380 315022836
3984599913 1501660849 1451484783 630045753
3674232530 3003321698 2902969566 1260091506
3053497764 1711676100 1510971836 2520183012
1812028233 3423352209 3021943695 745398809
3624056467 2551737131 1748920117 1490797699
2953145639 808506975 3497840257 2981595479
1611323983 1617013959 2700713241 1668223743
3222647966 3234027918 1106459186 3336447486
2150328636 2173088540 2212918372 2377927676
5689976 51209784 130869448 460888056
11379952 102419568 261738896 921776112
22759905 204839145 523477815 1843552305
45519811 409678299 1046955653 3687104691
91039623 819356607 2093911329 3079242167
182079247 1638713223 4187822681 1863517119
364158494 3277426446 4080678066 3727034238
728316988 2259885596 3866388836 3159101180
1456633977 224803905 3437810399 2023235145
2913267955 449607819 2580653525 4046470371
1531568614 899215638 866339754 3797973446
3063137229 1798431285 1732679531 3300979677
1831307162 3596862570 3465359062 2306992058
3662614324 2898757844 2635750828 319016820
3030261353 1502548401 976534383 638033721
1765555410 3005096802 1953068766 1276067442
3531110820 1715226308 3906137532 2552134884
2767254344 3430452616 3517307768 809302472
1239541392 2565937936 2739648240 1618604944
2479082785 836908585 1184329207 3237209969
663198274 1673817170 2368658414 2179452642
1326396549 3347634349 442349555 63938069
2652793099 2400301411 884699133 127876219
1010618903 505635535 1769398289 255752519
2021237807 1011271079 3538796601 511505119
4042475615 2022542167 2782625929 1023010319
3789983934 4045084334 1270284562 2046020638
3285000573 3795201381 2540569147 4092041357
2275033850 3295435466 786170998 3889115418
255100404 2295903636 1572341996 3483263540
510200809 296839985 3144684015 2671559865
1020401618 593679970 1994400734 1048152434
2040803237 1187359949 3988801491 2096304949
4081606474 2374719898 3682635686 4192609898
3868245652 454472500 3070304076 4090252500
3441524009 908945009 1845640879 3885537785
2588080723 1817890027 3691281781 3476108355
881194151 3635780063 3087596289 2657249495
1762388302 2976592830 1880225282 1019531694
3524776605 1658218373 3760450587 2039063469
2754585914 3316436746 3225933878 4078126938
1214204533 2337906205 2156900483 3861286661
2428409067 380845123 18833693 3427606107
561850838 761690246 37667386 2560244918
1123701676 1523380492 75334772 825522540
2247403353 3046760993 150669567 1651045161
199839411 1798554699 301339157 3302090403
399678823 3597109407 602678337 2309213591
799357646 2899251518 1205356674 323459886
1598715292 1503535740 2410713348 646919772
3197430584 3007071480 526459400 1293839544
2099893873 1719175673 1052918823 2587679169
4199787746 3438351346 2105837646 880391042
4104608196 2581735396 4211675292 1760782084
3914249096 868503496 4128383288 3521564168
3533530897 1737007001 3961799303 2748161121
2772094498 3474014002 3628631310 1201354946
1249221701 2653060717 2962295347 2402709973
2498443402 1011154138 1629623398 510452650
701919509 2022308285 3259246819 1020905381
1403839019 4044616579 2223526365 2041810843
2807678039 3794265871 152085457 4083621767
1320388783 3293564455 304170937 3872276319
2640777567 2292161623 608341897 3449585423
986587838 289355950 1216683794 2604203550
1973175677 578711909 2433367611 913439885
3946351355 1157423827 571767949 1826879851
3597735414 2314847654 1143535898 3653759702
2900503533 334728021 2287071819 3012552189
1506039771 669456051 279176365 1730137163
3012079542 1338912102 558352730 3460274326
1729191788 2677824204 1116705460 2625581356
3458383576 1060681112 2233410920 956195416
2621799856 2121362224 171854544 1912390832
948632417 4242724457 343709111 3824781745
1897264835 4190481627 687418245 3354596275
3794529670 4085995958 1374836490 2414225254
3294092045 3877024629 2749673003 533483293
2293216794 3459081962 1204378710 1066966586
291466293 2623196637 2408757443 2133933253
582932587 951425987 522547613 4267866587
1165865175 1902851983 1045095249 4240765959
2331730351 3805703975 2090190521 4186564703
368493406 3316440654 4180381042 4078162110
736986812 2337914012 4065794788 3861356924
1473973625 380860737 3836622303 3427746633
2947947251 761721483 3378277333 2560526051
1600927206 1523442966 2461587370 826084806
3201854412 3046885932 628207444 1652169612
2108741529 1798804577 1256414911 3304339305
4217483058 3597609154 2512829822 2313711314
4139998821 2900251021 730692371 332455413
3985030346 1505534746 1461384742 664910826
3675093396 3011069492 2922769484 1329821652
3055219497 1727171697 1550571695 2659643385
1815471698 3454343394 3101143390 1024319474
3630943396 2613719492 1907319484 2048638948
2966919496 932471688 3814638968 4097277896
1638871697 1864943385 3334310663 3899588577
3277743394 3729886770 2373654030 3504209858
2260519492 3164806244 452340764 2713452420
226071688 2034645192 904681528 1131937544
452143377 4069290393 1809363079 2263875169
904286754 3843613490 3618726158 232783042
1808573508 3392259684 2942485020 465566084
3617147016 2489552072 1590002744 931132168
2939326737 684136857 3180005511 1862264417
1583686179 1368273723 2065043749 3724528915
3167372359 2736547455 4130087521 3154090615
2039777423 1178127623 3965207769 2013214015
4079554846 2356255246 3635448242 4026428030
3864142397 417543205 2975929211 3757888845
3433317498 835086410 1656891126 3220810394
2571667701 1670172829 3313782275 2146653573
848368106 3340345658 2332597254 4293307146
1696736213 2385724029 370227235 4291647077
3393472426 476480762 740454470 4288326858
2491977556 952961524 1480908940 4281686420
688987817 1905923057 2961817903 4268405625
1377975635 3811846123 1628668533 4241844035
2755951271 3328724959 3257337089 4188720855
1216935247 2362482631 2219706905 4082474495
2433870494 429997966 144446514 3869981694
572773692 859995932 288893028 3444996092
1145547385 1719991873 577786079 2595024969
2291094771 3439983755 1155572181 895082723
287222247 2585000223 2311144385 1790165527
574444494 875033150 327321474 3580331054
1148888988 1750066300 654642948 2865694812
2297777977 3500132609 1309285919 1436422409
300588659 2705297931 2618571861 2872844899
601177319 1115628575 942176449 1450722583
1202354638 2231257150 1884352898 2901445166
2404709276 167547004 3768705796 1507923036
514451257 335094017 3242444319 3015846153
1028902514 670188034 2189921342 1736725010
2057805029 1340376077 84875411 3473450101
4115610058 2680752154 169750822 2651932906
3936252820 1066537012 339501644 1008898516
3577538345 2133074033 679003311 2017797113
2860109395 4266148075 1358006645 4035594307
1425251494 4237328854 2716013290 3776221318
2850502988 4179690412 1137059284 3257475340
1406038680 4064413528 2274118568 2219983384
2812077360 3833859760 253269840 144999472
1329187425 3372752233 506539703 289999025
2658374850 2450537170 1013079406 579998050
1021782405 606107053 2026158835 1159996181
2043564810 1212214106 4052317670 2319992362
4087129621 2424428221 3809668067 345017509
3879291946 553889146 3324368838 690035018
3463616597 1107778301 2353770403 1380070117
2632265899 2215556611 412573533 2760140315
969564502 136145926 825147066 1225313334
1939129005 272291861 1650294155 2450626749
3878258011 544583731 3300588333 606286283
3461548726 1089167462 2306209370 1212572566
2628130156 2178334924 317451444 2425145132
961293016 61702552 634902888 555322968
1922586032 123405104 1269805776 1110645936
3845172064 246810208 2539611552 2221291872
3395376832 493620416 784255808 147616448
2495786368 987240832 1568511616 295232896
696605441 1974481673 3137023255 590465873
1393210883 3948963355 1979079237 1180931827
2786421766 3602959414 3958158474 2361863654
1277876236 2910951532 3621349652 428760012
2555752473 1526935777 2947732031 857520105
816537650 3053871554 1600496766 1715040210
1633075300 1812775812 3200993532 3430080420
3266150600 3625551624 2107019768 2565193544
2237333904 2956135952 4214039536 835419792
179700513 1617304617 4133111799 1670839665
359401026 3234609234 3971256302 3341679330
718802052 2174251172 3647545308 2388391364
1437604104 53535048 3000123320 481815432
2875208209 107070105 1705279367 963630945
1455449123 214140219 3410558757 1927261971
2910898246 428280438 2526150218 3854523942
1526829196 856560876 757333140 3414080588
3053658392 1713121752 1514666280 2533193880
1812349489 3426243513 3029332583 771420545
3624698979 2557519739 1763697893 1542841171
2954430663 820072191 3527395809 3085682423
1613894031 1640144391 2759824345 1876397631
3227788063 3280288791 1224681417 3752795343
2160608830 2265610286 2449362834 3210623390
26250364 236253276 603758372 2126279484
52500728 472506552 1207516744 4252558968
105001457 945013113 2415033511 4210150721
210002915 1890026235 535099749 4125334227
420005830 3780052470 1070199498 3955701158
840011661 3265137653 2140399019 3616435101
1680023323 2235308019 4280798061 2937902987
3360046647 175648751 4266628849 1580838759
2425125999 351297511 4238290425 3161677599
555284703 702595031 4181613577 2028387983
1110569406 1405190062 4068259858 4056775966
2221138812 2810380124 3841552420 3818584636
147310328 1325792952 3388137544 3342201976
294620656 2651585904 2481307792 2389436656
589241312 1008204512 667648288 483906016
1178482624 2016409024 1335296576 967812032
2356965249 4032818057 2670593175 1935624145
418963203 3770668827 1046219077 3871248371
837926407 3246370367 2092438177 3447529527
1675852815 2197773447 4184876377 2600091839
3351705631 100579607 4074785481 905216463
2408443967 201159223 3854603689 1810433007
521920639 402318455 3414240105 3620866095
1043841278 804636910 2533512914 2946764894
2087682556 1609273820 772058532 1598562492
4175365113 3218547649 1544117087 3197125065
4055762930 2142128002 3088234174 2099282834
3816558565 4284256013 1881501075 4198565749
3338149835 4273544739 3763002173 4102164283
2381332374 4252122182 3231037050 3909361270
467697453 4209277077 2167106827 3523755325
935394906 4123586858 39246358 2752543354
1870789813 3952206429 78492739 1210119493
3741579627 3609445571 156985501 2420239067
3188191959 2923923855 313971025 545510919
2081416623 1552880423 627942073 1091021919
4162833246 3105760846 1255884146 2182043838
4030699196 1916554396 2511768292 69120380
3766431096 3833108792 728569288 138240760
3237894896 3371250288 1457138576 276481520
2180822496 2447533280 2914277152 552963040
66677696 600099264 1533587008 1105926080
133355393 1200198537 3067174039 2211852241
266710786 2400397074 1839380782 128737186
533421572 505826852 3678761564 257474372
1066843144 1011653704 3062555832 514948744
2133686288 2023307408 1830144368 1029897488
4267372577 4046614825 3660288759 2059795057
4239777858 3798262354 3025610222 4119590114
4184588421 3301557421 1756253171 3944213013
4074209547 2308147555 3512506365 3593458811
3853451799 321327823 2730045457 2891950407
3411936302 642655646 1165123618 1488933518
2528905308 1285311292 2330247236 2977867036
762843320 2570622584 365527176 1660766776
1525686641 846277881 731054375 3321533633
3051373282 1692555762 1462108750 2348099970
1807779269 3385111533 2924217523 401232725
3615558539 2475255779 1553467773 802465531
2936149783 655544271 3106935569 1604931143
1577332271 1311088551 1918903865 3209862367
3154664542 2622177102 3837807730 2124757438
2014361788 949386908 3380648164 4249514876
4028723576 1898773816 2466329032 4204062456
3762479856 3797547632 637690768 4113157616
3229992417 3300127977 1275381559 3931348017
2165017538 2305288658 2550763118 3567728738
35067780 315610020 806558940 2840490180
70135560 631220040 1613117880 1386013064
140271121 1262440089 3226235783 2772026209
280542243 2524880187 2157504293 1249085203
561084487 754793087 20041313 2498170487
1122168975 1509586183 40082649 701373759
2244337951 3019172375 80165321 1402747599
193708607 1743377463 160330665 2805495279
387417214 3486754926 320661330 1316023262
774834429 2678542565 641322683 2632046605
1549668858 1062117834 1282645366 969125914
3099337717 2124235677 2565290755 1938251909
1903708139 4248471363 835614237 3876503899
3807416279 4201975439 1671228497 3458040583
3319865262 4108983582 3342456994 2621113870
2344763229 3922999877 2389946715 947260525
394559162 3551032458 484926134 1894521050
789118325 2807097629 969852291 3789042181
1578236651 1319227971 1939704605 3283117147
3156473302 2638455942 3879409210 2271266998
2017979309 981944597 3463851147 247566781
4035958619 1963889203 2632735021 495133643
3776949943 3927778415 970502769 990267367
3258932591 3560589543 1941005561 1980534815
2222897886 2826211790 3882011122 3961069630
150828477 1357456293 3469054971 3627172045
301656954 2714912586 2643142646 2959376794
603313908 1134857876 991317996 1623786292
1206627817 2269715761 1982636015 3247572665
2413255634 244464226 3965272030 2200178034
531543972 488928452 3635576764 105388772
1063087945 977856913 2976186255 210777625
2126175891 1955713835 1657405237 421555331
4252351783 3911427679 3314810497 843110743
4209736270 3527888062 2334653698 1686221486
4124505245 2760808837 374340123 3372443053
3954043194 1226650378 748680246 2449918810
3613119093 2453300765 1497360515 604870405
2931270890 611634234 2994721030 1209740810
1567574485 1223268477 1694474787 2419481701
3135148970 2446536954 3388949574 543996106
1975330644 598106612 2482931852 1087992212
3950661289 1196213233 670896431 2175984505
3606355283 2392426475 1341792885 57001795
2917743270 489885654 2683585770 114003590
1540519245 979771317 1072204267 228007261
3081038491 1959542643 2144408557 456014603
1867109686 3919085286 4288817114 912029206
3734219373 3543203285 4282666955 1824058493
3173471450 2791439274 4270366614 3648116986
2051975605 1287911261 4245765955 3001266757
4103951211 2575822531 4196564637 1707566299
3912935127 856677775 4098162001 3415132679
3530902958 1713355550 3901356706 2535298062
2766838621 3426711109 3507746139 775628909
1238709947 2558454931 2720525005 1551257899
2477419894 821942566 1146082714 3102515798
659872493 1643885141 2292165451 1910064381
1319744987 3287770291 289363629 3820128843
2639489975 2280573295 578727281 3345290471
984012655 266179303 1157454585 2395613727
1968025311 532358615 2314909193 496260239
3936050622 1064717230 334851090 992520478
3577133948 2129434460 669702180 1985040956
2859300600 4258868920 1339404360 3970081912
1423633904 4222770544 2678808720 3645196528
2847267808 4150573792 1062650144 2995425760
1399568320 4006180288 2125300288 1695884224
2799136641 3717393289 4250600599 3391768529
1303305986 3139819282 4206233902 2488569762
2606611972 1984671268 4117500508 682172228
918256649 3969342545 3940033743 1364344537
1836513298 3643717794 3585100190 2728689074
3673026596 2992468292 2875233084 1162410852
3051085896 1689969288 1455498872 2324821704
1807204497 3379938585 2910997767 354676193
3614408994 2464909874 1527028238 709352386
2933850693 634852461 3054056499 1418704853
1572734090 1269704922 1813145702 2837409706
3145468180 2539409844 3626291404 1379852116
1995969064 783852392 2957615512 2759704232
3991938129 1567704793 1620263751 1224441249
3688908963 3135409595 3240527525 2448882579
3082850630 1975851894 2186087754 602797862
1870733964 3951703788 77208212 1205595724
3741467928 3608440280 154416424 2411191448
3187968561 2921913273 308832871 527415681
2080969826 1548859250 617665742 1054831362
4161939653 3097718509 1235331507 2109662805
4028912010 1900469722 2470663014 4219325610
3762856725 3800939453 646358755 4143684005
3230746154 3306911610 1292717510 3992400714
2166525012 2318855924 2585435020 3689834132
38082728 342744552 875902744 3084700968
76165456 685489104 1751805488 1874434640
152330912 1370978208 3503610976 3748869280
304661824 2741956416 2712254656 3202771264
609323649 1188945545 1129542039 2110575313
1218647299 2377891099 2259084101 4221150707
2437294599 460814911 223200929 4147334199
579621903 921629831 446401881 3999701183
1159243806 1843259662 892803762 3704435070
2318487613 3686519333 1785607547 3113902925
342007931 3078071379 3571215117 1932838635
684015863 1861175471 2847462961 3865677351
1368031726 3722350942 1399958626 3436387406
2736063453 3149734597 2799917275 2577807597
1177159610 2004501898 1304867254 860647898
2354319220 4009003796 2609734508 1721295796
413671145 3723040305 924501743 3442591673
827342290 3151113314 1849003486 2590216050
1654684581 2007259341 3698006995 885464885
3309369162 4014518682 3101046694 1770929770
2323771028 3734070068 1907126092 3541859540
352574761 3173172849 3814252207 2788751865
705149523 2051378411 3333537141 1282536515
1410299046 4102756822 2372106986 2565073030
2820598093 3910546357 449246699 835178845
1346228890 3526125418 898493398 1670357690
2692457780 2757283540 1796986796 3340715380
1089948264 1219599784 3593973592 2386463464
2179896529 2439199577 2892979911 477959713
64825763 583431867 1490992549 955919507
129651526 1166863734 2981985098 1911839014
259303052 2333727468 1669002900 3823678028
518606105 372487649 3338005823 3352388841
1037212210 744975298 2381044350 2409810386
2074424421 1489950605 467121427 524653557
4148848842 2979901210 934242854 1049307114
4002730388 1664835124 1868485708 2098614228
3710493481 3329670257 3736971439 4197228537
3126019667 2364373227 3178975605 4099489859
1957072039 433779167 2062983937 3904012503
3914144079 867558343 4125967897 3513057791
3533320863 1735116695 3956968521 2731148367
2771674431 3470233399 3618969769 1167329519
1248381566 2645499502 2942972242 2334659038
2496763132 996031708 1590977188 374350780
698558969 1992063425 3181954399 748701641
1397117938 3984126850 2068941502 1497403282
2794235877 3673286413 4137883027 2994806645
1293504458 3051605530 3980798758 1694645994
2587008917 1808243773 3666630243 3389292069
879050539 3616487555 3038293213 2483616923
1758101079 2938007823 1781619153 672266631
3516202158 1581048350 3563238306 1344533262
2737437020 3162096700 2831509316 2689066524
1179906744 2029226104 1368051336 1083165752
2359813488 4058452208 2736102672 2166331504
424659680 3821937120 1177238048 37695712
849319360 3348906944 2354476096 75391424
1698638720 2402846592 413984896 150782848
3397277441 510725897 827969815 301565777
2499587587 1021451803 1655939653 603131635
704207878 2042903606 3311879306 1206263270
1408415756 4085807212 2328791316 2412526540
2816831513 3876647137 362615359 530085865
1338695731 3458326987 725230741 1060171811
2677391462 2621686678 1450461482 2120343622
1059815628 948406060 2900922964 4240687244
2119631257 1896812129 1506878655 4186407273
4239262515 3793624267 3013757333 4077847331
4183557734 3292281238 1732547370 3860727366
4072148172 2289595180 3465094740 3426487436
3849329048 284223064 2635222184 2558007576
3403690800 568446128 975477072 821047856
2512414304 1136892256 1950954144 1642095712
729861313 2273784521 3901908311 3284191505
1459722627 252601755 3508849349 2273415795
2919445254 505203510 2722731402 251864294
1543923212 1010407020 1150495508 503728588
3087846424 2020814040 2300991016 1007457176
1880725553 4041628089 307014759 2014914433
3761451107 3788288891 614029541 4029828947
3227934918 3281610486 1228059082 3764690598
2160902541 2268253685 2456118187 3234413981
26837786 241540074 617269078 2173860666
53675573 483080157 1234538179 52754117
107351146 966160314 2469076358 105508234
214702292 1932320628 643185420 211016468
429404584 3864641256 1286370840 422032936
858809168 3434315216 2572741680 844065872
1717618337 2573663145 850516087 1688131825
3435236674 852358994 1701032174 3376263650
2575506052 1704717988 3402064348 2457560004
856044809 3409435985 2509161423 620152793
1712089619 2523904683 723355573 1240305667
3424179238 752842070 1446711146 2480611334
2553391180 1505684140 2893422292 666255372
811815064 3011368280 1491877288 1332510744
1623630129 1727769273 2983754599 2665021569
3247260259 3455538555 1672541925 1035075923
2199553223 2616109823 3345083873 2070151927
104139151 937252359 2395200473 4140303935
208278303 1874504727 495433673 3985640655
416556607 3749009463 990867369 3676314095
833113214 3203051630 1981734738 3057660894
1666226428 2111135964 3963469476 1820354492
3332452856 4222271928 3631971656 3640708984
2369938416 4149576560 2968976016 2986450672
444909537 4004185833 1642984759 1677934129
889819075 3713404379 3285969541 3355868339
1779638150 3131841462 2276971786 2416769382
3559276301 1968715637 258976299 538571549
2823585307 3937431283 517952621 1077143179
1352203319 3579895279 1035905265 2154286439
2704406638 2864823262 2071810530 13605582
1113845981 1434679237 4143621083 27211245
2227691962 2869358474 3992274870 54422490
160416628 1443749652 3689582444 108844980
320833256 2887499304 3084197592 217689960
641666512 1480031312 1873427888 435379920
1283333025 2960062633 3746855799 870759921
2566666050 1625157970 3198744302 1741519842
838364805 3250315949 2102521331 3483039765
1676729610 2205664602 4205042662 2671112234
3353459220 116361908 4115118028 1047257172
2411951144 232723816 3935268760 2094514344
528934993 465447641 3575570247 4189028769
1057869987 930895291 2856173221 4083090323
2115739974 1861790582 1417379146 3871213350
4231479949 3723581173 2834758315 3447459485
4167992603 3152195059 1374549357 2599951755
4041017910 2009422822 2749098714 904936214
3787068524 4018845644 1203230132 1809872428
3279169752 3742723992 2406460264 3619744856
2263372208 3190480688 517953232 2944522416
231777120 2085994080 1035906464 1594077536
463554240 4171988160 2071812928 3188155072
927108481 4049009033 4143625879 2081342929
1854216963 3803050779 3992284485 4162685939
3708433926 3311134262 3689601674 4030404582
3121900556 2327301228 3084236052 3765841868
1948833817 359635169 1873504831 3236716521
3897667634 719270338 3747009662 2178465746
3500367972 1438540676 3199052028 61964196
2705768648 2877081352 2103136760 123928392
1116570001 1459195417 4206273543 247856865
2233140003 2918390843 4117579813 495713811
171312711 1541814399 3940192353 991427703
342625423 3083628807 3585417433 1982855487
685250847 1872290327 2875867593 3965711055
1370501694 3744580654 1456767890 3636454814
2741003388 3194194012 2913535780 2977942332
1187039480 2093420728 1532104264 1660917368
2374078960 4186841456 3064208528 3321834736
453190625 4078715625 1833449783 2348702257
906381251 3862463963 3666899589 402437299
1812762502 3429960630 3038831882 804874598
3625525005 2564953973 1782696491 1609749277
2956082714 834940650 3565392982 3219498554
1617198133 1669881309 2835818691 2144029893
3234396266 3339762618 1376670086 4288059786
2173825236 2384557940 2753340172 4281152276
52683177 474148593 1211713071 4267337337
105366354 948297186 2423426142 4239707378
210732709 1896594381 551885011 4184447541
421465419 3793188771 1103770045 4073927867
842930838 3291410246 2207540090 3852888438
1685861676 2287853196 120112884 3410809580
3371723353 280739105 240225791 2526651945
2448479411 561478219 480451605 758336675
601991526 1122956438 960903210 1516673350
1203983052 2245912876 1921806420 3033346700
2407966104 196858456 3843612840 1771726104
520964913 393716921 3392258407 3543452289
1041929827 787433851 2489549541 2791937363
2083859654 1574867702 684131786 1288907430
4167719308 3149735404 1368263572 2577814860
4040471320 2004503512 2736527144 860662424
3785975345 4009007033 1178087015 1721324929
3276983395 3723046779 2356174053 3442649939
2258999495 3151126271 417380833 2590332663
223031694 2007285246 834761666 885698030
446063389 4014570501 1669523355 1771396141
892126779 3734173715 3339046733 3542792363
1784253559 3173380143 2383126193 2790617511
3568507118 2051792990 471285090 1286267726
2842046941 4103585989 942570203 2572535533
1389126587 3912204691 1885140429 850103851
2778253174 3529442086 3770280858 1700207702
1261539052 2763916876 3245594420 3400415404
2523078105 1232866465 2196221567 2505863593
751188915 2465732939 97475861 716759971
1502377830 636498582 194951722 1433519942
3004755661 1272997173 389903467 2867039965
1714544026 2545994346 779806934 1439112634
3429088052 797021396 1559613868 2878225268
2563208808 1594042792 3119227736 1461483240
831450321 3188085593 1943488199 2922966561
1662900643 2081203899 3886976421 1550965907
3325801286 4162407798 3478985546 3101931814
2356635277 4029848309 2663003819 1908896413
418303259 3764729331 1031040365 3817792907
836606519 3234491375 2062080753 3340618599
1673213038 2174015454 4124161506 2386269902
3346426076 53063612 3953355716 477572508
2397884856 106127224 3611744136 955145016
500802416 212254448 2928520976 1910290032
1001604832 424508896 1562074656 3820580064
2003209665 849017801 3124149335 3346192913
4006419330 1698035602 1953331374 2397418530
3717871364 3396071204 3906662748 499869764
3140775433 2497175121 3518358223 999739609
1986583571 699382955 2741749173 1999479299
3973167143 1398765919 1188531073 3998958679
3651366991 2797531847 2377062169 3702950143
3007766686 1300096398 459157042 3110932990
1720566076 2600192796 918314084 1926898684
3441132152 905418296 1836628168 3853797368
2587297009 1810836601 3673256359 3412627521
879626723 3621673211 3051545445 2530287827
1759253447 2948379135 1808123617 765608439
3518506894 1601790974 3616247234 1531216878
2742046493 3203581957 2937527195 3062433837
1189125691 2112196627 1580087117 1829900459
2378251383 4224393263 3160174257 3659800999
461535471 4153819239 2025381241 3024634783
923070942 4012671182 4050762482 1754302270
1846141885 3730375077 3806557691 3508604621
3692283771 3165782867 3318148109 2722242027
3089600247 2036598447 2341328945 1149516839
1884233198 4073196894 387690594 2299033678
3768466397 3851426501 775381211 303100141
3241965498 3407885706 1550762422 606200282
2188963701 2520804125 3101524867 1212400645
82960107 746640963 1908082461 2424801371
165920215 1493281935 3816164945 554635527
331840431 2986563879 3337362617 1109271135
663680862 1678160462 2379757938 2218542270
1327361725 3356320933 464548603 142117325
2654723451 2417674579 929097229 284234731
1014479606 540381862 1858194458 568469462
2028959212 1080763724 3716388916 1136938924
4057918425 2161527457 3137810559 2273877929
3820869554 28087618 1980653822 252788562
3346771813 56175245 3961307667 505577205
2398576331 112350499 3627648061 1011154491
502185366 224700998 2960328826 2022308982
1004370732 449401996 1625690356 4044617964
2008741464 898803992 3251380712 3794268632
4017482929 1797607993 2207794151 3293570049
3739998563 3595215995 120621029 2292172883
3185029830 2895464694 241242058 289378470
2075092364 1495962092 482484116 578756940
4150184729 2991924193 964968255 1157513961
4005402162 1688881090 1929936510 2315027922
3715837029 3377762189 3859873043 335088629
3136706763 2460557091 3424778813 670177339
1978446230 626146886 2554590330 1340354678
3956892460 1252293772 814213364 2680709356
3618817625 2504587553 1628426751 1066451497
2942667955 714207819 3256853525 2132903075
1590368614 1428415638 2218739754 4265806150
3180737229 2856831285 142512235 4236645085
2066507162 1418695274 285024470 4178322874
4133014324 2837390548 570048940 4061678452
3971061353 1379813809 1140097903 3828389689
3647155411 2759627627 2280195829 3361812163
2999343526 1224287958 265424362 2428657030
1703719756 2448575916 530848724 562346764
3407439512 602184536 1061697448 1124693528
2519911729 1204369081 2123394919 2249387137
744856163 2408738171 4246789861 203807059
1489712327 522509055 4198612449 407614199
2979424654 1045018110 4102257602 815228398
1663882012 2090036220 3909547908 1630456796
3327764025 4180072449 3524128543 3260913673
2360560754 4065177602 2753289790 2226860050
426154213 3835387917 1211612307 158752885
852308426 3375808538 2423224614 317505770
1704616853 2456649789 551481955 635011621
3409233707 618332291 1102963933 1270023323
2523500118 1236664582 2205927866 2540046646
752032941 2473329173 116888459 785126077
1504065883 651691059 233776941 1570252235
3008131767 1303382127 467553905 3140504551
1721296239 2606764263 935107833 1986041887
3442592478 918561230 1870215666 3972083774
2590217661 1837122469 3740431355 3649200333
885468027 3674244947 3185895437 3003433451
1770936054 3053522598 2076823578 1711899606
3541872109 1812077909 4153647179 3423799293
2788776922 3624155818 4012327062 2552631290
1282586549 2953344349 3729686851 810295365
2565173098 1611721402 3164406406 1620590730
835378901 3223442813 2033845539 3241181541
1670757803 2151918339 4067691101 2187395867
3341515606 8869382 3840414906 79824438
2388063917 17738773 3385862539 159648957
481160538 35477546 2476757782 319297914
962321076 70955092 658548268 638595828
1924642152 141910184 1317096536 1277191656
3849284305 283820377 2634193095 2554383393
3403601315 567640763 973418917 813799571
2512235335 1135281535 1946837857 1627599223
729503374 2270563070 3893675714 3255198446
1459006748 246158844 3492384132 2215429596
2918013497 492317697 2689800991 135891977
1541059699 984635403 1084634709 271784035
3082119398 1969270806 2169269418 543568070
1869271501 3938541621 43571563 1087136221
3738543002 3582115946 87143126 2174272442
3182118708 2869264596 174286252 53577588
2069270120 1443561896 348572504 107155176
4138540240 2887123792 697145008 214310352
3982113184 1479280288 1394290016 428620704
3669259073 2958560585 2788580055 857241489
3043550851 1622153883 1282192837 1714483059
1792134406 3244307766 2564385674 3428966118
3584268813 2193648245 833804075 2562965021
2873570331 92329203 1667608173 830962827
1452173367 184658415 3335216369 1661925735
2904346734 369316830 2375465442 3323851470
1513726172 738633660 455963588 2352735644
3027452345 1477267329 911927199 410504073
1759937395 2954534667 1823854421 821008227
3519874791 1614102047 3647708865 1642016535
2744782287 3228204103 3000450457 3284033151
1194597279 2161440919 1705933641 2273099087
2389194559 27914551 3411867305 251230959
483421822 55829102 2528767314 502461918
966843645 111658213 762567355 1004923917
1933687290 223316426 1525134710 2009847834
3867374581 446632861 3050269443 4019695749
3439781866 893265722 1805571590 3744424202
2584596436 1786531444 3611143180 3193881108
874225577 3573062897 2927319087 2092795001
1748451155 2851158507 1559670901 4185590083
3496902311 1407349727 3119341825 4076212951
2698837326 2814699454 1943716354 3857458606
1102707356 1334431612 3887432708 3419949916
2205414713 2668863233 3479898143 2544932617
115862131 1042759179 2664829013 794898019
231724263 2085518367 1034690753 1589796119
463448526 4171036734 2069381506 3179592238
926897053 4047106181 4138763035 2064217261
1853794106 3799245066 3982558774 4128434522
3707588212 3303522836 3670150252 3961901748
3120209128 2312078376 3045333208 3628836200
1945450960 329189456 1795699120 2962705104
3890901921 658378921 3591398263 1630442993
3486836547 1316757851 2887829253 3260886067
2678705799 2633515711 1480691233 2226804919
1062444302 972064126 2961382466 158642542
2124888605 1944128261 1627797659 317285165
4249777210 3888256522 3255595318 634570330
4204587124 3481545748 2216223340 1269140660
4114206953 2668124209 137479407 2538281401
3933446611 1041281131 274958837 781595587
3571925926 2082562262 549917674 1563191174
2848884557 4165124533 1099835371 3126382429
1402801818 4035281770 2199670742 1957797562
2805603637 3775596253 104374211 3915595205
1316239979 3256225219 208748445 3536223195
2632479959 2217483151 417496913 2777479175
969992622 139999006 834993826 1259991054
1939985245 279998021 1669987675 2519982189
3879970490 559996042 3339975350 744997082
3464973684 1119992084 2384983404 1489994164
2634980073 2239984177 474999535 2979988409
974992850 185001058 949999070 1665009522
1949985701 370002125 1899998163 3330019125
3899971402 740004250 3799996326 2365070954
3504975509 1480008509 3305025379 435174693
2714983723 2960017027 2315083485 870349467
1135000151 1625066767 335199697 1740699015
2270000303 3250133543 670399417 3481398111
245033311 2205299799 1340798857 2667829007
490066622 115632302 2681597714 1040690718
980133244 231264604 1068228132 2081381436
1960266489 462529217 2136456287 4162762953
3920532979 925058443 4272912597 4030558691
3546098662 1850116886 4250857898 3766150086
2797230028 3700233772 4206748500 3237332876
1299492760 3105500248 4118529704 2179698456
2598985521 1916033209 3942092135 64429697
903003747 3832066427 3589216997 128859475
1806007494 3369165558 2883466698 257718950
3612014988 2443363820 1471966100 515437900
2929062681 591760353 2943932223 1030875881
1563158066 1183520706 1592897150 2061751762
3126316132 2367041412 3185794300 4123503524
1957664969 439115537 2076621327 3952039833
3915329938 878231074 4153242654 3609112370
3535692580 1756462148 4011518012 2923257444
2776417864 3512924296 3728068728 1551547592
1257868432 2730881296 3161170160 3103095184
2515736865 1166795305 2027373047 1911223153
736506435 2333590619 4054746117 3822446387
1473012871 372213951 3814524961 3349925559
2946025742 744427902 3334082626 2404883822
1597084188 1488855804 2373197956 514800348
3194168377 2977711617 451428639 1029600777
2093369459 1660455947 902857301 2059201635
4186738918 3320911894 1805714602 4118403270
4078510540 2346856492 3611429204 3941839244
3862053785 398745697 2927891135 3588711273
3429140275 797491403 1560814997 2882455331
2563313254 1594982806 3121629994 1469943366
831659212 3189965612 1948292692 2939886732
1663318424 2084963928 3896585384 1584806168
3326636849 4169927865 3498203495 3169612417
2358306402 4044888434 2701439694 2044257538
421645508 3794809572 1107912092 4088515076
843291017 3294651857 2215824207 3882062937
1686582035 2294336427 136681141 3469158659
3373164070 293705558 273362282 2643350022
2451360844 587411116 546724564 991732748
607754393 1174822241 1093449151 1983465577
1215508786 2349644482 2186898302 3966931154
2431017572 404321668 78829308 3638895012
567067848 808643336 157658616 2982822728
1134135696 1617286672 315317232 1670678160
2268271392 3234573344 630634464 3341356320
241575488 2174179392 1261268928 2387745344
483150977 53391497 2522537879 480523473
966301955 106783003 750108485 961047027
1932603910 213566006 1500216970 1922094054
3865207820 427132012 3000433940 3844188108
3435448344 854264024 1705900584 3393408920
2575929393 1708528057 3411801191 2491850625
856891490 3417056114 2528635086 688733954
1713782981 2539144941 762302899 1377467989
3427565962 783322586 1524605798 2754935978
2560164628 1566645172 3049211596 1214904660
825361961 3133290353 1803455919 2429809401
1650723922 1971613410 3606911838 564651506
3301447844 3943226820 2918856380 1129303012
2307928393 3591486353 1542745487 2258606105
320889490 2888005410 3085490974 222244914
641778980 1481043524 1876014652 444489828
1283557960 2962087048 3752029304 888979656
2567115920 1629206800 3209091312 1777959312
839264545 3258413609 2123215351 3555918705
1678529091 2221859931 4246430725 2816870195
3357058182 148752566 4197894154 1338773094
2419149068 297505132 4100821012 2677546188
543330840 595010264 3906674728 1060125080
1086661681 1190020537 3518382183 2120250241
2173323363 2380041083 2741797093 4240500563
51679431 465114879 1188626913 4186033911
103358862 930229758 2377253826 4077100526
206717724 1860459516 459540356 3859233756
413435448 3720919032 919080712 3423500216
826870897 3146870777 1838161447 2552033217
1653741795 1998774267 3676322917 809099219
3307483590 3997548534 3057678538 1618198438
2319999885 3700129781 1820389803 3236396957
345032474 3105292266 3640779606 2177826618
690064949 1915617245 2986591939 60686021
1380129898 3831234490 1678216582 121372042
2760259797 3367501693 3356433187 242744165
1225552298 2440036090 2417899078 485488330
2451104597 585104893 540830883 970976741
607241898 1170209786 1081661766 1941953482
1214483796 2340419572 2163323532 3883906964
2428967593 385871857 31679791 3472846713
562967890 771743714 63359582 2650726130
1125935781 1543487437 126719187 1006485045
2251871563 3086974883 253438397 2012970171
208775830 1878982470 506876794 4025940342
417551660 3757964940 1013753588 3756913388
835103321 3220962593 2027507199 3218859561
1670206643 2146957899 4055014421 2142751907
3340413286 4293915798 3815061546 4285503814
2385859276 4292864300 3335155796 4276040332
476751256 4290761304 2375344296 4257113368
953502513 4286555321 455721319 4219259521
1907005027 4278143355 911442661 4143551827
3814010055 4261319423 1822885345 3992136439
3333052815 4227671559 3645770713 3689305663
2371138334 4160375822 2996574130 3083644030
447309372 4025784348 1698180964 1872320764
894618745 3756601409 3396361951 3744641609
1789237491 3218235531 2497756629 3194316003
3578474983 2141503775 700545985 2093664791
2861982671 4283007559 1401091993 4187329663
1428998047 4271047831 2802184009 4079692111
2857996095 4247128375 1309400745 3864417007
1421024895 4199289463 2618801513 3433866799
2842049791 4103611639 942635753 2572766383
1389132286 3912255982 1885271506 850565470
2778264573 3529544677 3770543035 1701131021
1261561850 2764122058 3246118774 3402262042
2523123700 1233276820 2197270252 2509556788
751280104 2466553640 99573208 724146280
1502560208 638139984 199146416 1448292560
3005120416 1276279968 398292832 2896585120
1715273537 2552559945 796585687 1498203025
3430547074 810152594 1593171374 2996406050
2566126853 1620305197 3186342771 1697844885
837286411 3240610403 2077718269 3395689851
1674572823 2186253519 4155436561 2496412487
3349145646 77539742 4015905826 697857678
2403323996 155079484 3736844356 1395715356
511680696 310158968 3178721416 2791430712
1023361393 620317945 2062475559 1287894209
2046722786 1240635890 4124951118 2575788418
4093445572 2481271780 3954934940 856609540
3891923848 667576264 3614902584 1713219080
3488880400 1335152528 2934837872 3426438160
2682793504 2670305056 1574708448 2557909024
1070619712 1045642816 3149416896 820850752
2141239424 2091285632 2003866496 1641701504
4282478849 4182571273 4007733015 3283403089
4269990402 4070175250 3720498734 2271838882
4245013508 3845383204 3146030172 248710468
4195059721 3395799121 1997093071 497421017
4095152146 2496630946 3994186142 994842034
3895336996 698294596 3693404988 1989684068
3495706696 1396589192 3091842680 3979368136
2696446097 2793178393 1888718087 3663769057
1097924899 1291389499 3777436197 3032570899
2195849799 2582779007 3259905121 1770174583
96732302 870590718 2224842946 3540349166
193464605 1741181445 154718619 2785731117
386929211 3482362899 309437261 1276495019
773858422 2669758502 618874522 2552990038
1547716844 1044549708 1237749044 811012780
3095433688 2089099416 2475498088 1622025560
1895900081 4178198841 656028903 3244051201
3791800163 4061430395 1312057829 2193135187
3288633031 3827893503 2624115681 91303159
2282298767 3360819719 953264089 182606399
269630239 2426672151 1906528201 365212879
539260478 558377006 3813056402 730425758
1078520956 1116754012 3331145508 1460851516
2157041912 2233508024 2367323720 2921703032
19116529 172048761 439680167 1548438849
38233058 344097522 879360334 3096877698
76466117 688195053 1758720691 1898788181
152932235 1376390115 3517441405 3797576443
305864470 2752780230 2739915514 3300185590
611728940 1210593164 1184863732 2305403884
1223457881 2421186337 2369727487 315840553
2446915762 547405378 444487678 631681106
598864228 1094810756 888975356 1263362212
1197728457 2189621521 1777950735 2526724505
2395456914 84275746 3555901470 758481714
495946532 168551492 2816835644 1516963428
991893064 337102984 1338703992 3033926856
1983786128 674205968 2677407984 1772886416
3967572257 1348411945 1059848695 3545772913
3640177219 2696823899 2119697413 2796578611
2985387142 1098680502 4239394826 1298189926
1675806989 2197361013 4183822379 2596379933
3351613978 99754730 4072677462 897792570
2408260660 199509460 3850387628 1795585140
521554025 399018929 3405807983 3591170361
1043108051 798037867 2516648693 2887373507
2086216103 1596075743 738330113 1479779799
4172432206 3192151486 1476660226 2959559598
4049897117 2089335685 2953320475 1624151981
3804826939 4178671379 1611673677 3248304043
3314686583 4062375471 3223347377 2201640871
2334405871 3829783655 2151727481 108314527
373844446 3364600014 8487666 216629054
747688893 2434232741 16975355 433258189
1495377787 573498195 33950733 866516459
2990755575 1146996399 67901489 1733032999
1686543855 2293992807 135803001 3466066079
3373087710 293018318 271606002 2637164862
2451208124 586036636 543212004 979362428
607448953 1172073281 1086424031 1958724937
1214897906 2344146562 2172848062 3917449874
2429795812 393325828 50728828 3539932452
564624329 786651665 101457679 2784897689
1129248658 1573303330 202915358 1274828082
2258497317 3146606669 405830739 2549656245
222027338 1998246042 811661478 804345194
444054676 3996492084 1623322956 1608690388
888109353 3698016881 3246645935 3217380857
1776218706 3101066466 2198324574 2139794418
3552437413 1907165645 101681875 4279588917
2809907531 3814331299 203363773 4264210619
1324847766 3333695302 406727546 4233453942
2649695532 2372423308 813455092 4171940588
1004423768 449879320 1626910184 4048913880
2008847536 899758640 3253820368 3802860464
4017695073 1799517289 2212673463 3310753713
3740422851 3599034587 130379653 2326540211
3185878406 2903101878 260759306 358113126
2076789517 1511236469 521518635 716226333
4153579035 3022472947 1043037293 1432452747
4012190775 1749978607 2086074609 2864905575
3729414254 3499957214 4172149218 1434843854
3163861212 2704947132 4049331140 2869687708
2032755129 1114926977 3803695007 1444408201
4065510258 2229853954 3312422718 2888816402
3836053220 164740612 2329878140 1482665508
3377139144 329481224 364788984 2965331016
2459310993 658962457 729577991 1635694817
623654690 1317924914 1459155982 3271389634
1247309380 2635849828 2918311964 2247811972
2494618760 976732360 1541656632 200656648
694270224 1953464720 3083313264 401313296
1388540449 3906929449 1871659255 802626673
2777080899 3518891611 3743318533 1605253427
1259194503 2742815935 3191669793 3210506935
2518389006 1190664574 2088372290 2126046574
741810716 2381329148 4176744580 4252093148
1483621433 467691009 4058521887 4209219081
2967242866 935382018 3822076478 4123470866
1639518436 1870764036 3349185660 3951974436
3279036873 3741528081 2403404047 3608981657
2263106451 3188088875 511840821 2922996099
231245606 2081210454 1023681642 1551024902
462491213 4162420917 2047363307 3102049885
924982427 4029874547 4094726637 1909132555
1849964855 3764781807 3894486001 3818265191
3699929710 3234596318 3494004706 3341563086
3104892124 2174225340 2693042116 2388158876
1914816953 53483393 1091116959 481350537
3829633906 106966786 2182233918 962701074
3364300516 213933572 69500540 1925402148
2433633737 427867153 139001103 3850804377
572300178 855734306 278002206 3406641458
1144600357 1711468621 556004435 2518315701
2289200714 3422937242 1112008870 741664106
283434133 2550907197 2224017763 1483328293
566868266 806847098 153068230 2966656586
1133736533 1613694205 306136483 1638345957
2267473067 3227388419 612272989 3276691995
239978838 2159809542 1224545978 2258416694
479957677 24651797 2449091979 221866173
959915355 49303603 603216685 443732427
1919830711 98607215 1206433393 887464935
3839661423 197214439 2412866809 1774929951
3384355551 394428887 530766345 3549859983
2473743806 788857774 1061532690 2804752670
652520317 1577715557 2123065403 1314538125
1305040634 3155431114 4246130806 2629076250
2610081269 2015894941 4197294339 963185285
925195242 4031789882 4099621382 1926370570
1850390484 3768612468 3904275468 3852741140
3700780968 3242257640 3513583640 3410514984
3106594641 2189547993 2732200007 2526062753
1918221987 84128699 1169432741 757158291
3836443974 168257398 2338865482 1514316582
3377920653 336514805 382763691 3028633245
2460874010 673029610 765527382 1762299194
626780725 1346059229 1531054787 3524598469
1253561451 2692118467 3062109597 2754229723
2507122903 1089269647 1829251921 1213492231
719278510 2178539294 3658503842 2426984462
1438557021 62111301 3022040411 559001709
2877114042 124222602 1749113526 1118003418
1459260789 248445213 3498227075 2236006917
2918521578 496890426 2701486854 177046538
1542075861 993780861 1108006435 354093157
3084151722 1987561722 2216012870 708186314
1873336148 3975123444 137058444 1416372628
3746672297 3655279601 274116911 2832745337
3198377298 3015591906 548233822 1370523378
2101787301 1736216525 1096467667 2741046837
4203574603 3472433059 2192935357 1187126459
4112181911 2649898831 90903441 2374252999
3929396527 1004830375 181806905 453538783
3563825758 2009660750 363613810 907077566
2832684221 4019321509 727227643 1814155213
1370401146 3743675722 1454455286 3628310426
2740802292 3192384148 2908910572 2961653556
1186637289 2089801009 1522853871 1628339897
2373274578 4179602018 3045707742 3256679794
451581861 4064236749 1796448211 2218392373
903163722 3833506202 3592896422 141817450
1806327445 3372045117 2890825571 283634981
3612654890 2449122938 1486683846 567269962
2930342484 603278580 2973367692 1134539924
1565717672 1206557160 1651768088 2269079848
3131435344 2413114320 3303536176 243192400
1967903392 531261344 2312105056 486384800
3935806784 1062522688 329242816 972769600
3576646273 2125045385 658485655 1945539281
2858325251 4250090779 1316971333 3891078643
1421683207 4205214271 2633942689 3487190071
2843366415 4115461255 972918105 2679412927
1391765534 3935955214 1945836210 1063858558
2783531068 3576943132 3891672420 2127717116
1272094840 2858918968 3488377544 4255434232
2544189680 1422870640 2681787792 4215901168
793412064 2845741280 1068608288 4136835040
1586824128 1396515264 2137216576 3978702784
3173648256 2793030528 4274433152 3662438272
2052329216 1291093760 4253899008 3029909248
4104658432 2582187520 4212830720 1764851200
3914349568 869407744 4130694144 3529702400
3533731841 1738815497 3966421015 2764437585
2772496387 3477631003 3637874757 1233907955
1250025479 2660294719 2980782241 2467815991
2500050958 1025622142 1666597186 640664686
705134620 2051244284 3333194372 1281329372
1410269240 4102488568 2371421448 2562658744
2820538480 3910009840 447875600 830350192
1346109665 3525052393 895751223 1660700465
2692219330 2755137490 1791502446 3321400930
1089471365 1215307693 3583004915 2347834645
2178942730 2430615386 2871042534 400701994
62918165 566263485 1447117795 801404069
125836331 1132526979 2894235613 1602808219
251672662 2265053958 1493503930 3205616438
503345325 235140629 2987007883 2116265661
1006690651 470281267 1679048493 4232531403
2013381302 940562534 3358096986 4170095510
4026762605 1881125077 2421226699 4045223805
3758557914 3762250154 547486102 3795480314
3222148532 3229533012 1094972204 3295993332
2149329769 2164098737 2189944431 2297019449
3692242 33230178 84921566 299071602
7384484 66460356 169843132 598143204
14768969 132920721 339686287 1196286489
29537938 265841442 679372574 2392572978
59075877 531682893 1358745171 490178741
118151755 1063365795 2717490365 980357563
236303510 2126731590 1140013434 1960715126
472607021 4253463189 2280026891 3921430333
945214042 4211959082 265086486 3547893370
1890428085 4128950877 530172995 2800819525
3780856170 3962934458 1060345990 1306671754
3266745044 3630901620 2120691980 2613343508
2238522792 2966835944 4241383960 931719720
182078288 1638704592 4187800624 1863439440
364156576 3277409184 4080633952 3726878880
728313153 2259851081 3866300631 3158790545
1456626306 224734866 3437633966 2022613794
2913252613 449469741 2580300659 4045227669
1531537931 898939491 865634045 3795488123
3063075862 1797878982 1731268090 3296008950
1831184428 3595757964 3462536180 2297050604
3662368857 2896548641 2630105087 299133993
3029770418 1498129986 965242878 598267986
1764573540 2996259972 1930485756 1196535972
3529147081 1697552657 3860971535 2393072025
2763326866 3395105314 3426975774 491176754
1231686437 2495243341 2558984275 982353589
2463372874 695519386 823001254 1964707178
631778452 1391038772 1646002508 3929414356
1263556905 2782077553 3292005039 3563861497
2527113811 1269187819 2289042805 2832755779
759260326 2538375638 283118314 1370544262
1518520653 781783989 566236651 2741088605
3037041307 1563567987 1132473325 1187209995
1779115319 3127135983 2264946673 2374420071
3558230638 1959304670 234926050 453872846
2821493980 3918609340 469852100 907745692
1348020664 3542251384 939704200 1815491384
2696041328 2789535472 1879408400 3630982768
1097115360 1284103648 3758816800 2966998240
2194230721 2568207305 3222666327 1639029265
93494146 841447314 2150365358 3278058530
186988293 1682894637 5763443 2261149845
373976586 3365789274 11526886 227332394
747953173 2436611261 23053795 454664869
1495906347 578255235 46107613 909329819
2991812695 1156510479 92215249 1818659719
1688658095 2313020967 184430521 3637319519
3377316191 331074647 368861065 2979671823
2459665087 662149303 737722153 1664376431
624362879 1324298615 1475444329 3328752943
1248725759 2648597239 2950888681 2362538671
2497451519 1002227191 1606810089 430110127
699935743 2004454391 3213620201 860220335
1399871487 4008908791 2132273129 1720440751
2799742975 3722850295 4264546281 3440881583
1304518654 3150733294 4234125266 2586795870
2609037309 2006499301 4173283259 878624525
923107322 4012998602 4051599222 1757249050
1846214645 3731029917 3808231171 3514498181
3692429291 3167092547 3321495069 2734029147
3089891287 2039217807 2348022865 1173091079
1884815278 4078435614 401078434 2346182158
3769630557 3861903941 802156891 397397101
3244293819 3428840595 1604313805 794794283
2193620343 2562713903 3208627633 1589588647
92273390 830460510 2122287970 3179177294
184546780 1660921020 4244575940 2063387292
369093561 3321842049 4194184607 4126774665
738187122 2348716802 4093401918 3958582034
1476374244 402466308 3891836540 3622196772
2952748489 804932625 3488705807 2949426329
1610529683 1609865259 2682444341 1603885443
3221059367 3219730527 1069921409 3207770967
2147151438 2144493758 2139842818 2120574638
4294302876 4288987516 4279685636 4241149276
4293638456 4283007736 4264403976 4187331256
4292309616 4271048176 4233840656 4079695216
4289651937 4247129065 4172714039 3864423217
4284336579 4199290843 4050460805 3433879219
4273705863 4103614399 3805954337 2572791223
4252444430 3912261502 3316941378 850615150
4209921565 3529555717 2338915483 1701230381
4124875835 2764144147 382863693 3402460843
3954784375 1233321007 765727409 2509954471
3614601454 2466642014 1531454818 724941646
2934235613 638316741 3062909659 1449883373
1573503931 1276633491 1830852045 2899766827
3147007862 2553266982 3661704090 1504566358
1999048428 811566668 3028440884 3009132716
3998096857 1623133345 1761914495 1723298217
3701226418 3246266690 3523828990 3446596434
3107485540 2197566084 2752690684 2598225572
1920003784 100164872 1210414072 901483848
3840007569 200329753 2420828167 1802967777
3385047843 400659515 546689061 3605935635
2475128391 801319039 1093378145 2916904055
655289487 1602638087 2186756313 1538840895
1310578974 3205276174 78545330 3077681790
2621157949 2115585061 157090683 1860396365
947348603 4231170131 314181389 3720792811
1894697207 4167372975 628362801 3146618407
3789394415 4039778663 1256725625 1998269599
3283821535 3784590039 2513451273 3996539279
2272675774 3274212782 731935250 3698111262
250384253 2253458277 1463870523 3101255309
500768506 211949258 2927741046 1907543322
1001537013 423898525 1560514819 3815086725
2003074026 847797050 3121029638 3335206154
4006148052 1695594100 1947091980 2375445012
3717328809 3391188209 3894183983 455922809
3139690322 2487409122 3493400670 911845618
1984413349 679850957 2691834067 1823691317
3968826699 1359701923 1088700861 3647382715
3642686103 2719403855 2177401745 2999798215
2990404911 1143840423 59836217 1704629215
1685842526 2287680846 119672434 3409258430
3371685052 280394396 239344868 2523549564
2448402808 560788792 478689736 752131832
601838320 1121577584 957379472 1504263664
1203676640 2243155168 1914758944 3008527328
2407353281 191343049 3829517911 1722087441
519739267 382686107 3364068549 3444174963
1039478535 765372223 2433169825 2593382711
2078957071 1530744455 571372377 891798207
4157914143 3061488919 1142744777 1783596495
4020860991 1828010551 2285489577 3567193071
3746754686 3656021102 276011858 2839418846
3198542076 3017074908 552023716 1383870396
2102116856 1739182520 1104047432 2767740792
4204233712 3478365040 2208094864 1240514288
4113500129 2661762793 121222455 2481028657
3932032963 1028558299 242444933 667090099
3569098631 2057116607 484889889 1334180279
2843229966 4114233214 969779778 2668360558
1391492637 3933499141 1939559579 1041753901
2782985274 3572030986 3879119158 2083507802
1271003253 2849094685 3463271043 4167015685
2542006507 1403222083 2631574813 4039064155
789045719 2806444175 968182353 3783161095
1578091438 1317921054 1936364706 3271354894
3156182877 2635842117 3872729435 2247742573
2017398458 976716938 3450491574 200517850
4034796916 1953433876 2606015852 401035700
3774626536 3906867752 917064408 802071400
3254285776 3518768208 1834128816 1604142800
2213604256 2742569120 3668257632 3208285600
132241216 1190170944 3041547968 2121603904
264482433 2380341897 1788128663 4243207889
528964867 465716507 3576257349 4191448563
1057929734 931433014 2857547402 4087929830
2115859469 1862866037 1420127531 3880892445
4231718939 3725732083 2840255085 3466817675
4168470582 3156496870 1385542874 2638668054
4041973869 2018026453 2771085771 982368893
3788980443 4036052915 1247204269 1964737867
3282993591 3777138543 2494408561 3929475815
2271019886 3259309790 693849826 3563984334
247072476 2223652284 1387699652 2833001372
494144953 152337281 2775399327 1371035529
988289906 304674562 1255831358 2742071058
1976579812 609349124 2511662716 1189174820
3953159624 1218698248 728358136 2378349640
3611351952 2437396496 1456716272 461731984
2927736609 579825705 2913432567 923464049
1560505922 1159651410 1531897838 1846928098
3121011845 2319302829 3063795699 3693856277
1947056394 343638362 1832624102 3092745258
3894112789 687276733 3665248227 1890523301
3493258282 1374553466 3035529158 3781046602
2691549269 2749106941 1776091043 3267125989
1088131243 1203246595 3552182109 2239284763
2176262486 2406493190 2809396922 183602230
57557677 518019093 1323826571 367204541
115115354 1036038186 2647653142 734409082
230230709 2072076381 1000339011 1468818245
460461418 4144152762 2000678022 2937636490
920922836 3993338228 4001356044 1580305684
1841845673 3691709169 3707744815 3160611449
3683691347 3088451051 3120522357 2026255683
3072415399 1881934815 1946077441 4052511447
1849863502 3763869630 3892154882 3810055598
3699727005 3232771973 3489342491 3325143981
3104486714 2170576650 2683717686 2355320666
1914006132 46186004 1072468076 415674036
3828012264 92372008 2144936152 831348072
3361057232 184744016 4289872304 1662696144
2427147169 369488041 4284777335 3325392369
559327043 738976091 4274587397 2355817523
1118654086 1477952182 4254207498 416667750
2237308172 2955904364 4213447700 833335500
179649049 1616841441 4131928127 1666671081
359298098 3233682882 3968888958 3333342162
718596196 2172398468 3642810620 2371717028
1437192392 49829640 2990653944 448466760
2874384785 99659289 1686340615 896933601
1453802274 199318578 3372681230 1793867202
2907604548 398637156 2450395164 3587734404
1520241801 797274321 605823055 2880501593
3040483603 1594548651 1211646133 1466035971
1785999910 3189097302 2423292266 2932071942
3571999820 2083227308 551617236 1569176588
2849032344 4166454616 1103234472 3138353176
1403097393 4037941945 2206468967 1981739137
2806194786 3780916594 117970638 3963478274
1317422276 3266865892 235941276 3631989252
2634844552 2238764488 471882552 2969011208
974721809 182561689 943765127 1643055201
1949443619 365123387 1887530277 3286110483
3898887239 730246783 3775060577 2277253751
3502807182 1460493566 3255153858 259540206
2710647068 2920987132 2215340420 519080412
1126326841 1547006977 135713567 1038160905
2252653682 3094013954 271427134 2076321810
210340068 1893060612 542854268 4152643620
420680136 3786121224 1085708536 4010319944
841360272 3277275152 2171417072 3725672592
1682720545 2259583017 47866871 3156377969
3365441091 224198747 95733765 2017788723
2435914887 448397503 191467553 4035577527
576862478 896795006 382935106 3776187758
1153724956 1793590012 765870212 3257408220
2307449912 3587180024 1531740424 2219849144
319932529 2879392761 3063480871 144731073
639865059 1463818235 1831994469 289462227
1279730119 2927636479 3663988961 578924535
2559460238 1560305662 3033010626 1157849070
823953180 3120611324 1771053956 2315698140
1647906360 1946255352 3542107912 336428984
3295812721 3892510713 2789248551 672858049
2296658147 3490054139 1283529829 1345716179
298348998 2685140982 2567059658 2691432358
596697997 1075314677 839152043 1087897501
1193395995 2150629363 1678304109 2175795083
2386791991 6291439 3356608241 56622951
478616687 12582887 2418249209 113245983
957233374 25165774 541531122 226491966
1914466749 50331557 1083062267 452984013
3828933499 100663123 2166124557 905968107
3362899702 201326246 37281818 1811936214
2430832109 402652501 74563659 3623872509
566696923 805305011 149127341 2952777803
1133393846 1610610022 298254682 1610588310
2266787693 3221220053 596509387 3221176701
238608090 2147472810 1193018774 2147386106
477216180 4294945620 2386037548 4294772212
954432361 4294923953 477107823 4294577209
1908864722 4294880610 954215646 4294187122
3817729445 4294793933 1908431315 4293407029
3340491594 4294620570 3816862630 4291846762
2386015892 4294273844 3338757964 4288726228
477064488 4293580392 2382548632 4282485160
954128977 4292193497 470129991 4270003105
1908257955 4289419707 940260005 4245038995
3816515911 4283872127 1880520033 4195110775
3338064526 4272776958 3761040066 4095254254
2381161757 4250586629 3227112859 3895541293
467356219 4206205971 2159258445 3496115371
934712438 4117444646 23549594 2697263446
1869424876 3939921996 47099188 1099559596
3738849753 3584876705 94198399 2199119273
3182732210 2874786114 188396798 103271250
2070497125 1454604941 376793619 206542581
4140994250 2909209882 753587238 413085162
3987021204 1523452468 1507174476 826170324
3679075112 3046904936 3014348952 1652340648
3063182929 1798842585 1733730631 3304681377
1831398562 3597685170 3467461262 2314395458
3662797124 2900403044 2639955228 333823620
3030626953 1505838801 984943183 667647321
1766286611 3011677611 1969886389 1335294723
3532573222 1728387926 3939772778 2670589446
2770179148 3456775852 3584578260 1046211596
1245391001 2618584417 2874189247 2092423273
2490782002 942201538 1453411198 4184846546
686596709 1884403085 2906822419 4074725877
1373193418 3768806170 1518677542 3854484458
2746386837 3242645053 3037355107 3414001701
1197806379 2190322819 1779742941 2533036187
2395612759 85678351 3559485905 771105159
496258223 171356711 2824004537 1542210399
992516446 342713422 1353041778 3084420798
1985032892 685426844 2706083556 1873874300
3970065784 1370853688 1117199816 3747748600
3645164272 2741707376 2234399632 3200529904
2995361249 1188447465 173831991 2106092593
1695755202 2376894930 347663982 4212185186
3391510405 458822573 695327987 4129403157
2488053515 917645155 1390655997 3963839099
681139735 1835290319 2781312017 3632710983
1362279470 3670580638 1267656738 2970454670
2724558940 3046193980 2535313476 1645942044
1154150584 1797420664 775659656 3291884088
2308301168 3594841328 1551319312 2288800880
321635041 2894715369 3102638647 282634545
643270082 1494463442 1910309998 565269090
1286540165 2988926893 3820620019 1130538261
2573080330 1682886490 3346272742 2261076522
851193364 3365772980 2397578188 227185748
1702386729 2436578673 500189103 454371577
3404773458 578190050 1000378206 908743154
2514579621 1156380109 2000756435 1817486389
734191947 2312760227 4001512893 3634972859
1468383894 330553158 3708058490 2974978422
2936767789 661106325 3121149707 1654989629
1578568282 1322212650 1947332118 3309979258
3157136565 2644425309 3894664259 2324991301
2019305835 993883331 3494361245 355015387
4038611670 1987766662 2693755194 710030774
3782256045 3975533333 1092543115 1420061629
3269544795 3656099379 2185086253 2840123339
2244122294 3017231462 75205210 1385279382
193277292 1739495628 150410420 2770558764
386554584 3478991256 300820840 1246150232
773109168 2663015216 601641680 2492300464
1546218336 1031063136 1203283360 689633632
3092436673 2062126281 2406566743 1379267345
1889906050 4124252562 518166190 2758534690
3779812100 3953537828 1036332380 1222102084
3264656905 3612108369 2072664783 2444204249
2234346514 2929249442 4145329566 593441202
173725733 1563531597 3995691859 1186882485
347451467 3127063203 3696416445 2373765051
694902935 1959159119 3097865617 452562887
1389805871 3918318247 1900763961 905125855
2779611742 3541669198 3801527922 1810251710
1264256189 2788371109 3308088571 3620503501
2528512379 1281774931 2321209869 2946039787
762057462 2563549862 347452442 1597112278
1524114924 832132428 694904884 3194224556
3048229848 1664264856 1389809768 2093481816
1801492400 3328529712 2779619536 4186963632
3602984801 2362092137 1264271799 4078960049
2911002306 429216978 2528543598 3862952802
1527037316 858433956 762119900 3430938308
3054074632 1716867912 1524239800 2566909320
1813181969 3433735833 3048479623 838851425
3626363939 2572504379 1801991973 1677702931
2957760582 850041462 3603983946 3355405862
1620553868 1700082924 2913000596 2415844428
3241107736 3400165848 1531033896 536721560
2187248176 2505364400 3062067792 1073443120
79529057 715761513 1829168311 2146886321
159058114 1431523026 3658336622 4293772642
318116228 2863046052 3021705948 4292577988
636232457 1431124817 1748444623 4290188761
1272464914 2862249634 3496889246 4285410226
2544929829 1429531981 2698811219 4275853237
794892363 2859063971 1102655165 4256739259
1589784727 1423160655 2205310353 4218511303
3179569454 2846321310 115653410 4142055310
2064171612 1397675324 231306820 3989143324
4128343224 2795350648 462613640 3683319352
3961719153 1295734009 925227303 3071671489
3628471011 2591468027 1850454629 1848375763
2961974727 887968767 3700909281 3696751607
1628982159 1775937543 3106851289 3098535999
3257964318 3551875086 1918735282 1902104702
2220961341 2808782885 3837470587 3804209485
146955387 1322598483 3379973901 3313451755
293910774 2645196966 2464980506 2331936214
587821549 995426645 634993739 368905213
1175643099 1990853299 1269987501 737810507
2351286198 3981706598 2539975002 1475621014
407605101 3668445909 784982731 2951242109
815210203 3041924531 1569965485 1607517003
1630420406 1788881766 3139930970 3215034006
3260840812 3577763532 1984894644 2135100716
2226714329 2860559777 3969789311 4270201513
158461363 1426152267 3644611349 4245435811
316922727 2852304543 2994255425 4195904407
633845455 1409641799 1693543577 4096841599
1267690910 2819283598 3387087154 3898715902
2535381821 1343599909 2479207035 3502464589
775796346 2687199818 663446774 2709961882
1551592692 1079432340 1326893548 1124956468
3103185385 2158864689 2653787119 2249913017
1911403475 22762091 1012606965 204858819
3822806951 45524191 2025213953 409717719
3350646607 91048391 4050427929 819435519
2406325918 182096782 3805888562 1638871038
517684541 364193573 3316809851 3277742157
1035369083 728387155 2338652429 2260517099
2070738167 1456774319 382337585 226066983
4141476335 2913548647 764675193 452134047
3987985375 1532130007 1529350409 904268175
3681003454 3064260014 3058700818 1808536350
3067039613 1833552741 1822434363 3617072781
1839111930 3667105482 3644868726 2939178266
3678223861 3039243677 2994770179 1583389317
3061480427 1783520067 1694573085 3166778715
1827993558 3567040134 3389146170 2038590134
3655987116 2839112972 2483325044 4077180268
3017006936 1383258648 671682792 3859393240
1739046577 2766517305 1343365607 3423819265
3478093154 1238067314 2686731214 2552671234
2661219012 2476134628 1078495132 810375172
1027470729 657301969 2156990287 1620750425
2054941458 1314603938 19013278 3241500850
4109882916 2629207876 38026556 2188034404
3924798536 963448456 76053112 81101512
3554629776 1926896912 152106224 162203024
2814292257 3853793833 304212471 324406129
1333617219 3412620379 608424965 648812339
2667234439 2530273471 1216849953 1297624759
1039501582 765579646 2433699906 2595249518
2079003164 1531159292 572432516 895531740
4158006329 3062318593 1144865055 1791063561
4021045362 1829669890 2289730110 3582127122
3747123429 3659339789 284492947 2869287029
3199279562 3023712282 568985894 1443606762
2103591829 1752457277 1137971811 2887213605
4207183658 3504914554 2275943622 1479459914
4119400020 2714861812 256919948 2958919828
3943832745 1134756337 513839919 1622872441
3592698194 2269512674 1027679838 3245744882
2890429093 244058061 2055359699 2196522549
1485890890 488116122 4110719398 98077802
2971781781 976232253 3926471523 196155685
1648596267 1952464515 3557975773 392311451
3297192534 3904929030 2820984250 784622902
2299417772 3514890764 1347001204 1569245804
303868249 2734814241 2694002431 3138491689
607736499 1174661195 1093037589 1982016163
1215472999 2349322399 2186075201 3964032407
2430945999 403677511 77183129 3633097599
566924702 807355022 154366258 2971227902
1133849405 1614710053 308732539 1647488589
2267698811 3229420115 617465101 3294977259
240430326 2163872934 1234930202 2294987222
480860653 32778581 2469860427 295007229
961721306 65557162 644753558 590014458
1923442613 131114333 1289507139 1180028997
3846885226 262228666 2579014278 2360057994
3398803156 524457332 863061260 425148692
2502639017 1048914673 1726122543 850297465
710310739 2097829355 3452245109 1700595011
1420621478 4195658710 2609522922 3401190022
2841242956 4096350124 924078548 2507412748
1387518617 3897732961 1848157119 719858281
2775037234 3500498626 3696314238 1439716562
1255107173 2706029965 3097661203 2879433205
2510214347 1117092643 1900355133 1463899195
725461399 2234185295 3800710289 2927798471
1450922799 173403303 3306453305 1560629727
2901845599 346806615 2317939337 3121259535
1508723902 693613230 340911378 1947551774
3017447804 1387226460 681822756 3895103548
1739928313 2774452929 1363645535 3495239881
3479856626 1253938562 2727291070 2695512466
2664745957 2507877133 1159614867 1096057717
1034524618 720786970 2319229734 2192115434
2069049236 1441573940 343492172 89263572
4138098472 2883147880 686984344 178527144
3981229648 1471328464 1373968688 357054288
3667492001 2942656937 2747937399 714108657
3040016706 1590346578 1200907502 1428217314
1785066117 3180693165 2401815027 2856434709
3570132234 2066419034 508662758 1417902122
2845297172 4132838068 1017325516 2835804244
1395627049 3970708849 2034651055 1376641273
2791254098 3646450402 4069302110 2753282546
1287540900 2997933508 3843636924 1211597796
2575081801 1700899729 3392306575 2423195673
855196307 3401799467 2489645877 551424131
1710392615 2508631647 684324481 1102848343
3420785231 722296007 1368648985 2205696767
2546603166 1444592014 2737297970 116426238
798239036 2889184028 1179628644 232852476
1596478072 1483400760 2359257288 465704952
3192956145 2966801529 423547303 931409985
2090944994 1638635762 847094606 1862819970
4181889988 3277271524 1694189212 3725639940
4068812681 2259575761 3388378447 3156312665
3842658066 224184226 2481789598 2017658034
3390348836 448368452 668611900 4035316068
2485730377 896736913 1337223823 3775664921
676493459 1793473835 2674447669 3256362627
1352986918 3586947670 1053928042 2217757958
2705973836 2878928044 2107856084 140548620
1116980377 1462888801 4215712191 281097321
2233960755 2925777611 4136457109 562194723
172954214 1556587926 3977946922 1124389446
345908429 3113175861 3660926571 2248778973
691816859 1931384435 3026885869 202590731
1383633719 3862768879 1758804465 405181543
2767267439 3430570471 3517608953 810363167
1239567582 2566173646 2740250610 1620726334
2479135164 837379996 1185533924 3241452668
663303033 1674760001 2371067871 2187938121
1326606067 3349520011 447168469 80909027
2653212134 2404072726 894336938 161818054
1011456973 513178165 1788673899 323636189
2022913947 1026356339 3577347821 647272459
4045827894 2052712678 2859728346 1294544918
3796688493 4105425365 1424489419 2589089917
3298409690 3915883434 2848978838 883212538
2301852084 3536799572 1402990380 1766425076
308736872 2778631848 2805980760 3532850152
617473745 1262296409 1316994247 2770733089
1234947491 2524592827 2633988517 1246498963
2469894982 754218358 973009738 2492997926
644822669 1508436725 1946019499 691028637
1289645338 3016873450 3892038998 1382057274
2579290677 1738779613 3489110723 2764114629
863614059 3477559235 2683254173 1233262043
1727228119 2660151183 1071541073 2466524167
3454456239 1025335079 2143082169 638081119
2613945182 2050670158 4286164338 1276162238
932923068 4101340316 4277361380 2552324476
1865846136 3907713336 4259755464 809681656
3731692273 3520459385 4224543655 1619363393
3168417251 2745951483 4154120037 3238726867
2041867207 1196935679 4013272801 2182486519
4083734415 2393871367 3731578329 70005823
3872501534 492775438 3168189362 140011646
3450035772 985550876 2041411428 280023292
2605104248 1971101752 4082822856 560046584
915241201 3942203513 3870678439 1120093249
1830482403 3589439739 3446389605 2240186579
3660964806 2883912182 2597811914 185405862
3026962317 1472857077 900656555 370811805
1758957339 2945714163 1801313133 741623691
3517914678 1596461030 3602626266 1483247382
2740862061 3192922069 2910285259 2966494845
1186756826 2090876842 1525603222 1638022394
2373513652 4181753684 3051206444 3276044788
452060008 4068540072 1807445592 2257122280
904120017 3842112857 3614891207 219277345
1808240034 3389258418 2934815118 438554690
3616480069 2483549549 1574662963 877109461
2937992842 672131802 3149325926 1754218922
1581018388 1344263604 2003684556 3508437844
3162036777 2688527217 4007369135 2721908473
2029106259 1082087147 3719770997 1148849731
4058212519 2164174303 3144574721 2297699543
3821457742 33381310 1994182146 300431790
3347948188 66762620 3988364292 600863580
2400929081 133525249 3681761311 1201727241
506890866 267050498 3068555326 2403454482
1013781732 534100996 1842143356 511941668
2027563465 1068202001 3684286735 1023883417
4055126931 2136404011 3073606197 2047766915
3815286566 4272808022 1852245098 4095533830
3335605837 4250648757 3704490219 3896100445
2376244378 4206330218 3114013142 3497233594
457521461 4117693149 1933059011 2699499973
915042923 3940419011 3866118045 1104032731
1830085846 3585870726 3437268794 2208065462
3660171693 2876774165 2579570315 121163709
3025376091 1458581043 864173357 242327499
1755784887 2917162095 1728346737 484655079
3511569775 1539356903 3456693497 969310239
2728172255 3078713815 2618419721 1938620559
1161377215 1862460343 941872169 3877241199
2322754431 3724920695 1883744361 3459515183
350541566 3154874094 3767488722 2624063070
701083132 2014780892 3240010148 953158844
1402166264 4029561784 2185053000 1906317688
2804332528 3764156272 75138704 3812635376
1313697760 3233345248 150277408 3330303456
2627395520 2171723200 300554816 2365639616
959823745 48479113 601109655 436312017
1919647490 96958226 1202219310 872624034
3839294980 193916452 2404438620 1745248068
3383622665 387832913 513909967 3490496217
2472278035 775665835 1027819957 2686025219
649588775 1551331679 2055639937 1077083223
1299177551 3102663367 4111279897 2154166527
2598355103 1910359447 3927592521 13365839
901742911 3820718903 3560217769 26731759
1803485823 3346470519 2825468265 53463599
3606971647 2397973751 1355969257 106927279
2918975998 500980206 2711938514 213854558
1542984701 1001960421 1128909755 427709197
3085969402 2003920842 2257819510 855418394
1876971509 4007841693 220671747 1710836869
3753943018 3720716090 441343494 3421673738
3212918740 3146464884 882686988 2548380180
2130870185 1997962481 1765373999 801793145
4261740371 3995924971 3530748021 1603586371
4228513447 3696882655 2766528769 3207172823
4162059599 3098798023 1238090265 2119378431
4029151903 1902628759 2476180553 4238756943
3763336510 3805257518 657393810 4182546590
3231705724 3315547740 1314787620 4070125884
2168444153 2336128193 2629575263 3845284553
41921011 377289099 964183253 3395601891
83842023 754578207 1928366529 2496236567
167684047 1509156423 3856733081 697505919
335368095 3018312855 3418498889 1395011919
670736191 1741658423 2542030505 2790023919
1341472383 3483316855 789093737 1285080623
2682944767 2671666423 1578187497 2570161327
1070922238 1048365550 3156374994 845355358
2141844477 2096731109 2017782715 1690710797
4283688954 4193462218 4035565430 3381421594
4272410612 4091957140 3776163564 2467875892
4249853928 3888946984 3257359832 640784488
4204740561 3482926681 2219752391 1281569057
4114513826 2670886066 144537486 2563138114
3934060357 1046804845 289074995 831309013
3573153419 2093609699 578150013 1662618107
2851339542 4187219398 1156300026 3325236214
1407711789 4079471509 2312600075 2355505213
2815423578 3863975722 330232854 416043130
1335879860 3432984148 660465708 832086260
2671759720 2571001000 1320931416 1664172520
1048552144 847034704 2641862832 3328345040
2097104289 1694069417 988758391 2361722865
4194208578 3388138834 1977516782 428478434
4093449861 2481310381 3955033587 856956949
3891932427 667653475 3615099901 1713913979
3488897558 1335306950 2935232506 3427827958
2682827821 2670613909 1575497739 2560688701
1070688347 1046260531 3150995501 826410187
2141376694 2092521062 2007023706 1652820374
4282753388 4185042124 4014047412 3305640748
4270539481 4075116961 3733127551 2316314281
4246111666 3855266626 3171287806 337661266
4197256036 3415565956 2047608316 675322532
4099544776 2536164616 4095216632 1350645064
3904122257 777361945 3895465991 2701290209
3513277219 1554723899 3495964709 1107613203
2731587142 3109447798 2696962122 2215226406
1168206988 1923928300 1098956948 135485516
2336413977 3847856609 2197913919 270971113
377860658 3400745922 100860542 541942226
755721317 2506524557 201721107 1083884533
1511442635 718081827 403442237 2167769147
3022885270 1436163654 806884474 40570998
1750803245 2872327317 1613768971 81142077
3501606491 1449687347 3227537965 162284235
2708245686 2899374694 2160108634 324568470
1121524077 1503782101 25249995 649137021
2243048155 3007564211 50500013 1298274123
191129014 1720161126 101000026 2596548246
382258028 3440322252 202000052 898129196
764516056 2585677208 404000104 1796258392
1529032112 876387120 808000208 3592516784
3058064225 1752774249 1616000439 2890066353
1821161154 3505548498 3232000878 1485165410
3642322309 2716129709 2169034483 2970330901
2989677322 1137292122 43101670 1645694506
1684387349 2274584253 86203363 3291389093
3368774698 254201210 172406726 2287810890
2442582100 508402420 344813452 280654484
590196905 1016804849 689626927 561309049
1180393810 2033609698 1379253854 1122618098
2360787621 4067219405 2758507731 2245236277
426607947 3839471523 1222048189 195505339
853215895 3383975759 2444096401 391010759
1706431790 2472984222 593225506 782021518
3412863580 651001148 1186451012 1564043036
2530759864 1302002296 2372902024 3128086072
766552433 2604004601 450836775 1961204929
1533104866 913041906 901673550 3922409858
3066209732 1826083812 1803347100 3549852420
1837452169 3652167633 3606694223 2804737625
3674904339 3009367979 2918421173 1314508035
3054841383 1723768671 1541875073 2629016151
1814715471 3447537351 3083750169 963065087
3629430943 2600107415 1872533065 1926130255
2963894591 905247543 3745066153 3852260591
1632821886 1810495086 3195165010 3409553886
3265643773 3620990181 2095362747 2524140557
2236320251 2947013075 4190725517 753313899
177673207 1599058863 4086483761 1506627879
355346414 3198117726 3878000226 3013255758
710692828 2101268156 3461033156 1731544220
1421385656 4202536312 2627099016 3463088440
2842771313 4110105337 959230759 2631209665
1390575331 3925243387 1918461541 967452115
2781150663 3555519487 3836923105 1934904311
1267334031 2816071687 3378878937 3869808703
2534668062 1337176078 2462790578 3444650110
774368828 2674352156 630613860 2594332924
1548737657 1053737025 1261227743 893698633
3097475315 2107474059 2522455509 1787397347
1899983335 4214948127 749943745 3574794775
3799966671 4134928967 1499887513 2854622335
3304966046 3974890638 2999775026 1414277374
2314964797 3654813989 1704582779 2828554829
334962299 3014660691 3409165581 1362142443
669924599 1734354095 2523363889 2724284967
1339849199 3468708199 751760505 1153602719
2679698398 2642449102 1503521010 2307205438
1064429501 989930917 3007042043 319443661
2128859002 1979861834 1719116790 638887322
4257718004 3959723668 3438233580 1277774644
4220468713 3624480049 2581499887 2555549369
4145970130 2953992802 868032478 816131442
3996972964 1613018308 1736064956 1632262884
3698978632 3226036616 3472129912 3264525768
3102989968 2157105936 2649292528 2234084240
1911012640 19244576 1003617760 173201184
3822025281 38489161 2007235543 346402449
3349083266 76978322 4014471086 692804898
2403199236 153956644 3733974876 1385609796
511431176 307913288 3172982456 2771219592
1022862353 615826585 2050997639 1247471969
2045724706 1231653170 4101995278 2494943938
4091449412 2463306340 3909023260 694920580
3887931529 631645393 3523079247 1389841241
3480895763 1263290795 2751191221 2779682563
2666824230 2526581590 1207415146 1264397830
1038681165 758195893 2414830315 2528795741
2077362330 1516391786 534693334 762624186
4154724661 3032783581 1069386691 1525248453
4014482027 1770599875 2138773405 3050496987
3733996759 3541199759 4277546833 1806026759
3173026223 2787432231 4260126393 3612053599
2051085150 1279897166 4225285490 2929139902
4102170301 2559794341 4155603707 1563312589
3909373306 824621386 4016240118 3126625178
3523779316 1649242772 3737512940 1958283060
2752591337 3298485553 3180058607 3916566201
1210215378 2302003810 2065149918 3538165106
2420430756 309040324 4130299836 2781362916
545894217 618080657 3965632399 1267758617
1091788435 1236161323 3636297525 2535517315
2183576870 2472322646 2977627754 776067334
72186445 649678005 1660288235 1552134749
144372891 1299356019 3320576493 3104269579
288745782 2598712038 2346185690 1913571862
577491564 902456780 397404084 3827143724
1154983129 1804913569 794808191 3359320233
2309966259 3609827147 1589616405 2423673251
324965222 2924686998 3179232810 552379206
649930445 1554406709 2063498347 1104758493
1299860890 3108813418 4126996694 2209516986
2599721780 1922659540 3959026092 124066676
904476264 3845319080 3623084888 248133352
1808952529 3395670873 2951202503 496266785
3617905059 2496374459 1607437733 992533651
2940842822 697781622 3214875466 1985067302
1586718348 1395563244 2134783636 3970134604
3173436696 2791126488 4269567272 3645301912
2051906096 1287285680 4244167248 2995636528
4103812192 2574571360 4193367200 1696305760
3912657089 854175433 4091767127 3392611601
3530346883 1708350875 3888566981 2490255987
2765726470 3416701750 3482166666 685544678
1236485644 2538436204 2669366036 1371089356
2472971289 781905121 1043764799 2742178793
650975283 1563810251 2087529621 1189390371
1301950566 3127620502 4175059242 2378780742
2603901133 1960273717 4055151211 462594269
912834971 3920547443 3815335149 925188619
1825669943 3546127599 3335703025 1850377319
3651339886 2797287902 2376438754 3700754638
3007712477 1299608517 457910235 3106542061
1720457658 2599217034 915820470 1918116826
3440915317 903466781 1831640963 3836233733
2586863338 1806933562 3663281926 3377500170
878759381 3613867133 3031596579 2460033125
1757518762 2932766970 1768225862 625098954
3515037525 1570566653 3536451747 1250197989
2735107754 3141133306 2777936198 2500395978
1175248212 1987299316 1260905100 705824660
2350496424 3974598632 2521810200 1411649320
406025553 3654229977 748653127 2823298721
812051106 3013492658 1497306254 1351630146
1624102212 1732018020 2994612508 2703260292
3248204424 3464036040 1694257720 1111553288
2201441553 2633104793 3388515463 2223106657
107915811 971242299 2482063653 151246099
215831623 1942484607 669160033 302492279
431663246 3884969214 1338320066 604984558
863326492 3474971132 2676640132 1209969116
1726652985 2654974977 1058312991 2419938313
3453305970 1014982658 2116625982 544909330
2611644644 2029965316 4233251964 1089818660
928321992 4059930632 4171536632 2179637320
1856643984 3824893968 4048105968 64307344
3713287969 3354820649 3801244663 128614769
3131608642 2414674002 3307522030 257229538
1968249989 534380717 2320076787 514459157
3936499979 1068761443 345186301 1028918395
3578032662 2137522886 690372602 2057836790
2861098028 4275045772 1380745204 4115673580
1427228761 4255124257 2761490431 3936379945
2854457523 4215281227 1228013589 3577792675
1413947750 4135595158 2456027178 2860618054
2827895501 3976223029 617087083 1426268893
1360823706 3657478762 1234174166 2852537786
2721647413 3019990237 2468348355 1410108357
1148327531 1745013187 641729437 2820216795
2296655063 3490026383 1283458897 1345466375
298342830 2685085470 2566917794 2690932750
596685661 1075203653 838868315 1086898285
1193371323 2150407315 1677736653 2173796651
2386742647 5847343 3355473329 52626087
478517999 11694695 2415979385 105252255
957035998 23389390 536991474 210504510
1914071997 46778789 1073982971 421009101
3828143995 93557587 2147965965 842018283
3361320694 187115174 964634 1684036566
2427674092 374230348 1929268 3368073132
560380888 748460696 3858536 2441178968
1120761777 1496921401 7717095 587390721
2241523555 2993842811 15434213 1174781523
188079815 1692718335 30868449 2349563127
376159631 3385436679 61736921 404159039
752319263 2475906071 123473865 808318159
1504638526 656844846 246947730 1616636318
3009277052 1313689692 493895460 3233272636
1723586809 2627379393 987790943 2171578057
3447173618 959791490 1975581886 48188818
2599379941 1919582989 3951163795 96377717
903792587 3839165987 3607360317 192755515
1807585174 3383364678 2919753338 385511030
3615170348 2471762060 1544539380 771022060
2935373400 648556824 3089078760 1542044120
1575779504 1297113648 1883190224 3084088240
3151559009 2594227305 3766380471 1873209265
2008150722 893487314 3237793646 3746418530
4016301444 1786974628 2180619996 3197869764
3737635592 3573949256 66272696 2100772232
3180303889 2852931225 132545415 4201544545
2065640482 1410895154 265090830 4108121794
4131280965 2821790317 530181683 3921276373
3967594635 1348613347 1060363389 3547585531
3640221974 2697226694 2120726778 2800203766
2985476653 1099486101 4241453579 1305440317
1675986011 2198972211 4187939885 2610880715
3351972023 102977135 4080912497 926794215
2408976751 205954279 3866857721 1853588511
522986207 411908567 3438748169 3707177103
1045972415 823817143 2582529065 3119386991
2091944830 1647634286 870090834 1943806686
4183889660 3295268572 1740181668 3887613372
4072812024 2295569848 3480363336 3480259448
3850656753 296172409 2665759399 2665551681
3406346210 592344818 1036551502 1036136066
2517725124 1184689636 2073103004 2072272132
740482953 2369379281 4146206031 4144544345
1480965906 443791266 3997444766 3994121394
2961931813 887582541 3699922259 3693275573
1628896330 1775165082 3104877222 3091583850
3257792661 3550330173 1914787171 1888200485
2220618027 2805693059 3829574365 3776401051
146268759 1316418831 3364181457 3257834887
292537519 2632837671 2433395641 2220702559
585075039 970708055 571824009 146437903
1170150078 1941416110 1143648018 292875806
2340300156 3882832220 2287296036 585751612
385633016 3470697144 279624776 1171503224
771266033 2646427001 559249575 2343006529
1542532066 997886706 1118499150 391045762
3085064132 1995773412 2236998300 782091524
1875160968 3991546824 179029304 1564183048
3750321936 3688126352 358058608 3128366096
3205676577 3081285417 716117239 1961764977
2116385858 1867603538 1432234478 3923529954
4232771716 3735207076 2864468956 3552092612
4170576137 3175446865 1433970639 2809218009
4046184978 2055926434 2867941278 1323468722
3797402661 4111852877 1440915283 2646937525
3299838026 3928738458 2881830566 998907754
2304708757 3562509629 1468693859 1997815589
314450218 2830051962 2937387718 3995631178
628900436 1365136628 1579808140 3696295060
1257800873 2730273265 3159616303 3097622905
2515601746 1165579234 2024265310 1900278514
736236197 2331158477 4048530643 3800557109
1472472394 367349658 3802093990 3306146922
2944944789 734699325 3309220707 2317326629
1594922282 1469398650 2323474118 339685962
3189844565 2938797309 351980963 679372005
2084721835 1582627331 703961949 1358744091
4169443670 3165254662 1407923898 2717488182
4043920044 2035542028 2815847796 1140009068
3792872793 4071084065 1336728319 2280018217
3290778290 3847200834 2673456638 265069138
2286589285 3399434381 1051946003 530138357
278211274 2503901466 2103892006 1060276714
556422549 712835645 4207784035 2120553509
1112845098 1425671290 4120600774 4241107018
2225690197 2851342589 3946234275 4187246821
156413099 1407717891 3597501277 4079526427
312826198 2815435782 2900035258 3864085558
625652396 1335904268 1505103220 3433203820
1251304792 2671808536 3010206440 2571440344
2502609584 1048649776 1725445584 847913392
# augmented golden-simulated vectors (rtlrewriter_run)
1 9 23 81
2814486714 3855543946 308684982 340157146
2487609266 913646914 1380438270 3927854930
158978854 1430809686 3656513642 4287352582
2 18 46 162
2 18 46 162
4294967294 4294967278 4294967250 4294967134
2147483648 2147483648 2147483648 2147483648
2200133491 2621332235 3358430037 2117153635
2200133491 2621332235 3358430037 2117153635
2200133491 2621332235 3358430037 2117153635
2079394041 1534677185 581422687 927192777
4294967294 4294967278 4294967250 4294967134
4294967294 4294967278 4294967250 4294967134
4294967294 4294967278 4294967250 4294967134
4294967294 4294967278 4294967250 4294967134
4294967294 4294967278 4294967250 4294967134
2720710348 3011556652 2446795860 1334206092
472113916 4249025244 2268685476 3881488828
472113916 4249025244 2268685476 3881488828
3059322677 1764100317 1644944835 2992000965
2147483648 2147483648 2147483648 2147483648
1 9 23 81
4008927487 1720609015 2011018985 2600579247
1739853075 2773775787 1361915061 3489145603
1739853075 2773775787 1361915061 3489145603
1739853075 2773775787 1361915061 3489145603
1739853075 2773775787 1361915061 3489145603
1739853075 2773775787 1361915061 3489145603
2600426131 1928998699 3975226165 181119107
3691399667 3157825931 3297813717 2650629603
592718042 1039495082 747613078 765521146
1699607670 2411567142 436270746 229267798
736241685 2331207869 4048656867 3801001637
2863311530 4294967290 1431655750 4294967242
2863311530 4294967290 1431655750 4294967242
2863311530 4294967290 1431655750 4294967242
426518974 3838670766 1220001810 188298526
1066083249 1004814649 3045078247 453397249
1066083249 1004814649 3045078247 453397249
1066083249 1004814649 3045078247 453397249
1066083249 1004814649 3045078247 453397249
1066083249 1004814649 3045078247 453397249
2 18 46 162
2147483648 2147483648 2147483648 2147483648
1101607525 1324533133 3862136595 3330863605
955448195 9099163 500472005 81892467
0 0 0 0
2863311530 4294967290 1431655750 4294967242
2592283871 1855718359 3787954185 3816563343
1622591326 1718420046 2959862130 2580878526
1 9 23 81
425775118 3831976062 1202893122 128046190
659915689 1644273905 2293158959 1913563257
4014313523 1769083339 2134897813 3036848163
4294967295 4294967287 4294967273 4294967215
344675183 3102076647 3632561913 2148886047
344675183 3102076647 3632561913 2148886047
344675183 3102076647 3632561913 2148886047
344675183 3102076647 3632561913 2148886047
1801510723 3328694619 2780040965 4188447795
4294967295 4294967287 4294967273 4294967215
1247604769 2638508329 2925105911 2271738481
1676870656 2206934016 4208286720 2682536960
3525235234 1662346034 3770999054 2076212418
10383717 93453453 238825491 841081077
0 0 0 0
1431655765 4294967293 2863311523 4294967269
1431655765 4294967293 2863311523 4294967269
1431655765 4294967293 2863311523 4294967269
3538973657 1785991841 4086982783 3189024681
3538973657 1785991841 4086982783 3189024681
3538973657 1785991841 4086982783 3189024681
1226164167 2445542911 2431972065 535049719
2893738411 273841923 2131474013 2464577307
2147483648 2147483648 2147483648 2147483648
3257528307 3547950987 1908707029 1866787811
2 18 46 162
782106139 2743987955 808572013 3221055115
2285052653 3385604693 1016603467 405671165
4119590029 2716571893 261290155 2974310557
3817705197 4294575701 1907873611 4291442941
2432217738 415123162 106433126 3736108458
2086250457 1596384929 739120255 1482562473
1803745929 3348811473 2831450703 74532185
2978472537 1036449057 4080358911 738106921
2978472537 1036449057 4080358911 738106921
2978472537 1036449057 4080358911 738106921
2978472537 1036449057 4080358911 738106921
2359352252 4054301084 2725494244 2128971388
1392351626 3941230042 1959316326 1111332010
2147483648 2147483648 2147483648 2147483648
2147483648 2147483648 2147483648 2147483648
2939838376 688741608 3191773208 1903707176
3602513019 2357846099 1253420813 4040745707
3602513019 2357846099 1253420813 4040745707
49240124 443161116 1132522852 3988450044
49240124 443161116 1132522852 3988450044
49240124 443161116 1132522852 3988450044
49240124 443161116 1132522852 3988450044
880370190 3628364414 3068645186 2590508654
2 18 46 162
2 18 46 162
4188282309 3334802413 1841212595 4243417941
506775464 266011880 3065901080 2394106920
2147483648 2147483648 2147483648 2147483648
2863311530 4294967290 1431655750 4294967242
848075108 3337708676 2325858300 4269574308
2925816091 562541043 2869260653 767902091
3455421506 1034022482 2165283310 716267746
3828620980 97850452 2158936620 880654068
2106521915 1778828051 1205363789 3124550571
3999688244 1637455828 1798516396 1852200564
1372958154 3766688794 1513266470 3835428074
1372958154 3766688794 1513266470 3835428074
1372958154 3766688794 1513266470 3835428074
1372958154 3766688794 1513266470 3835428074
4294967294 4294967278 4294967250 4294967134
4101218357 2551226845 4133708995 1486205125
4101218357 2551226845 4133708995 1486205125
4101218357 2551226845 4133708995 1486205125
4101218357 2551226845 4133708995 1486205125
4101218357 2551226845 4133708995 1486205125
547095972 628896452 3993272764 1365100772
2511363534 1127435326 1926786434 1556983342
0 0 0 0
4294967294 4294967278 4294967250 4294967134
2863311530 4294967290 1431655750 4294967242
2863311530 4294967290 1431655750 4294967242
2863311530 4294967290 1431655750 4294967242
1408829923 4089534715 2338317157 2446074067
106764024 960876216 2455572552 57951352
2059408542 1354807694 121756210 3603334654
2868236863 44327991 1544938409 398951919
2863311530 4294967290 1431655750 4294967242
2863311530 4294967290 1431655750 4294967242
1742424491 2796918531 1421057629 3697430299
1680769147 2242020435 2984717 2998314731
2863311530 4294967290 1431655750 4294967242
3668241127 2949399071 2765167297 774787863
1167626172 1918700956 1085598180 88439420
4294967294 4294967278 4294967250 4294967134
2228082075 2872869491 4001247469 86021643
2147483648 2147483648 2147483648 2147483648
1656357061 2022311661 3736474035 1020935765
3678219941 3039208397 2994680019 1583071797
2716394548 2972714452 2347532460 984626292
1431655765 4294967293 2863311523 4294967269
1431655765 4294967293 2863311523 4294967269
1431655765 4294967293 2863311523 4294967269
1431655765 4294967293 2863311523 4294967269
213202108 1918818972 608681188 89501564
1788113475 3208119387 2471904261 3103270707
3817914149 1488973 1912679507 13400757
3902886817 766242985 3867050871 2601219569
2092135646 1649351630 874479602 1959262782
2 18 46 162
1032915242 706302586 2282214086 2061755978
1032915242 706302586 2282214086 2061755978
1032915242 706302586 2282214086 2061755978
3905349575 788407807 3923694305 2800702967
3905349575 788407807 3923694305 2800702967
3905349575 788407807 3923694305 2800702967
3905349575 788407807 3923694305 2800702967
3905349575 788407807 3923694305 2800702967
4294967295 4294967287 4294967273 4294967215
1 9 23 81
671652991 1749909623 2563116905 2864284719
4294967295 4294967287 4294967273 4294967215
4028860501 1900006141 2469478307 4215153381
330390196 2973511764 3304007212 991802100
1387288737 3895664041 1842869879 701238001
1841598448 3689484144 3702058640 3140586224
2785829227 3597626563 3944530077 2313867995
1901662477 4230060405 788564011 3710805277
2818022569 3887366641 390009647 626561401
3611888476 2442225212 1469056324 505190428
1 9 23 81
2187462509 2507293397 3066997451 1090804093
929823675 4073445779 4206075341 2301273643
1 9 23 81
2863311530 4294967290 1431655750 4294967242
2 18 46 162
2863311530 4294967290 1431655750 4294967242
3119871773 2309042181 3037574043 3601510445
1624105372 1732046460 2994685188 2703516252
1624105372 1732046460 2994685188 2703516252
1624105372 1732046460 2994685188 2703516252
1624105372 1732046460 2994685188 2703516252
1624105372 1732046460 2994685188 2703516252
2324174263 3737699183 1916400497 3574521575
2442155659 504564451 335005309 246112763
1977917540 621388676 2542430460 1297530788
1 9 23 81
204477703 1840299327 408019873 3677792055
2582844226 1770761554 3570842350 3051952098
2147483648 2147483648 2147483648 2147483648
4294967295 4294967287 4294967273 4294967215
4294967295 4294967287 4294967273 4294967215
2289447167 3425155319 1117677289 761626799
3793924161 4080546377 1360909783 2365179025
3600137607 2336467391 1198786337 3848337335
2475834008 807669592 1109607336 2974059032
2475834008 807669592 1109607336 2974059032
2475834008 807669592 1109607336 2974059032
2475834008 807669592 1109607336 2974059032
2475834008 807669592 1109607336 2974059032
4294967294 4294967278 4294967250 4294967134
3045105701 1636147533 1317954387 1840425909
30805538 277249842 708527374 2495248578
1821163597 3505570485 3232057067 1485363293
3514440920 1565197208 3522729832 1201872984
1423128280 4218219928 2667179368 3604240984
1662229591 2075164431 3871542225 1496610695
1662229591 2075164431 3871542225 1496610695
1662229591 2075164431 3871542225 1496610695
1662229591 2075164431 3871542225 1496610695
2499008957 1016244133 1642631163 556262605
871669208 3550055576 2868522600 1885729112
2867980503 42020751 1539042129 378186759
1 9 23 81
1 9 23 81
1 9 23 81
1 9 23 81
2147483648 2147483648 2147483648 2147483648
1931877787 207030899 1483516141 1863278091
4294967295 4294967287 4294967273 4294967215
2710097202 2916038338 2202693502 474541266
2948858006 769918278 3399224698 2634297206
2948858006 769918278 3399224698 2634297206
2948858006 769918278 3399224698 2634297206
2863311530 4294967290 1431655750 4294967242
4294967294 4294967278 4294967250 4294967134
1 9 23 81
1 9 23 81
1 9 23 81
2111364532 1822411604 1316743980 3516802548
2863311530 4294967290 1431655750 4294967242
1 9 23 81
1164571123 1891205515 1015332053 4135947747
1 9 23 81
4294967294 4294967278 4294967250 4294967134
1431655765 4294967293 2863311523 4294967269
1431655765 4294967293 2863311523 4294967269
1431655765 4294967293 2863311523 4294967269
1431655765 4294967293 2863311523 4294967269
1431655765 4294967293 2863311523 4294967269
2 18 46 162
3064559629 1811232885 1765394731 3416194077
285078383 2565705447 2261835513 1616512543
3675351 33078159 84533073 297703431
0 0 0 0
0 0 0 0
2942959624 716832840 3263561912 2156528264
2863311530 4294967290 1431655750 4294967242
774109145 2672015009 624641151 2573298601
195507056 1759563504 201694992 2951169648
31543392 283890528 725498016 2555014752
4294967295 4294967287 4294967273 4294967215
1431655765 4294967293 2863311523 4294967269
1431655765 4294967293 2863311523 4294967269
2 18 46 162
2570314540 1657994380 3282659572 2037047532
79842900 718586100 1836386700 2172307604
1322234299 3310174099 346617805 4021763115
3101456121 2143301313 2614014047 2109842633
3101456121 2143301313 2614014047 2109842633
3101456121 2143301313 2614014047 2109842633
3101456121 2143301313 2614014047 2109842633
1351950970 3577624138 1030101238 2133846170
4294967295 4294967287 4294967273 4294967215
4294967295 4294967287 4294967273 4294967215
4294967295 4294967287 4294967273 4294967215
4294967295 4294967287 4294967273 4294967215
4294967295 4294967287 4294967273 4294967215
2506373935 1082528935 1812025657 1152825823
2506373935 1082528935 1812025657 1152825823
2506373935 1082528935 1812025657 1152825823
2506373935 1082528935 1812025657 1152825823
465677900 4191101100 2120657108 3360171532
3262783158 3595244646 2029568602 2292430742
1288397023 3005638615 3863327753 1280943759
391159764 3520437876 406739980 1619169812
4294967294 4294967278 4294967250 4294967134
1879589102 4031400030 280876386 1922861902
504529105 245794649 3014234823 2212151841
0 0 0 0
3545108185 1841202593 4228076927 3685921449
3643284224 2724786944 2191158528 3048246016
1668027466 2127345306 4004893350 1966238570
4143354045 2930448037 807862523 604228557
1493480532 556422900 4285281164 712838804
2147483648 2147483648 2147483648 2147483648
2552396289 1496730121 2870539799 585669201
3708749246 3313972142 3696854034 4055945502
2527513334 1272783526 2298231834 2865117142
528332933 460029101 3561722867 4140261909
2007496802 887602034 3222753486 3693451010
2007496802 887602034 3222753486 3693451010
2032648584 1113968072 3801244472 1435778056
2970463353 964366401 3896147679 89363017
2480576082 850348258 1218675038 3358167026
291297876 2621680884 2404883852 2120291476
3562154559 1994619959 325176233 771710447
2202577014 2643323942 3414631066 2315078998
1081117603 1140123835 3390868389 1671179923
2799812208 3723473392 4266138640 3446489456
2799812208 3723473392 4266138640 3446489456
1556445040 1123103472 1438497552 1517996656
1125749241 1541808577 122428767 991375305
1125749241 1541808577 122428767 991375305
1125749241 1541808577 122428767 991375305
1125749241 1541808577 122428767 991375305
1125749241 1541808577 122428767 991375305
915521792 3944728832 3877132032 1142821120
1272655236 2863962532 3501266652 5859012
1272655236 2863962532 3501266652 5859012
1272655236 2863962532 3501266652 5859012
1272655236 2863962532 3501266652 5859012
0 0 0 0
2863311530 4294967290 1431655750 4294967242
713347510 2125160294 3522090842 1946573462
3662044767 2893631831 2622651017 272882703
3492211987 1365136811 3011464373 3696296707
2651379909 2387582701 852195763 13407829
2945649381 741040653 3325426323 2374398581
4087126441 2424399601 3809594927 344759929
4294967294 4294967278 4294967250 4294967134
2 18 46 162
2 18 46 162
2834439927 4035122863 767608881 1956367399
2694992144 2780092816 1855277168 3545998864
2402011776 143269504 3706663296 1289425536
177637884 1598740956 4085671332 1503766716
769113000 2627049704 509729816 2168610856
80219029 721971261 1845037667 2202774053
80219029 721971261 1845037667 2202774053
80219029 721971261 1845037667 2202774053
3558965821 1965921317 251835259 513422669
2147483648 2147483648 2147483648 2147483648
0 0 0 0
2863311530 4294967290 1431655750 4294967242
1346553107 3529043371 905950389 1696619267
1431655765 4294967293 2863311523 4294967269
2221280258 2811653138 3844805678 3830041762
2413407629 245832181 3968767915 2212489629
2308171361 3593673065 1548333751 2278286513
1 9 23 81
3582534550 2178039878 793916026 2422489718
1953360548 400375748 1977619644 3603381732
1431655765 4294967293 2863311523 4294967269
3345710170 46620458 3936889878 419584122
2147483648 2147483648 2147483648 2147483648
1292524383 3042784855 3958257033 1615259919
2 18 46 162
2 18 46 162
2 18 46 162
3498441497 1421202401 3154743103 4200887017
1209017847 2291226031 2037606705 3441165095
1209017847 2291226031 2037606705 3441165095
4294967294 4294967278 4294967250 4294967134
4294967294 4294967278 4294967250 4294967134
4294967294 4294967278 4294967250 4294967134
4294967294 4294967278 4294967250 4294967134
4294967294 4294967278 4294967250 4294967134
198861263 1789751367 278841753 3222860415
2863311530 4294967290 1431655750 4294967242
2147483648 2147483648 2147483648 2147483648
701434877 2017946597 3248100283 981650189
3564157818 2012649290 371251190 933974426
3484287337 1293814961 2829197423 3054400057
123363660 1110272940 2837364180 1402521868
123363660 1110272940 2837364180 1402521868
123363660 1110272940 2837364180 1402521868
2764845067 3408769123 3461894397 614151035
1587784301 1405156821 2159300555 4056476797
3726093922 3470074226 4095781582 1165896962
3067356758 1836407046 1829728698 3642761526
3067356758 1836407046 1829728698 3642761526
3067356758 1836407046 1829728698 3642761526
1037769477 749990701 2393861491 2454949013
1787479734 3202415718 2457328218 3051937686
0 0 0 0
3640288480 2697825248 2122256416 2805590752
3998773681 1629224761 1777481447 1778120961
3998773681 1629224761 1777481447 1778120961
907617113 3873586721 3695324415 502542121
4255822738 3942666274 3394642462 1124258098
370481911 3334337199 4226116657 4239231015
2287240528 3405295568 1066924592 582889040
4294967295 4294967287 4294967273 4294967215
1633861564 1819852188 3219077604 3493767804
1174210532 1977960196 1237038460 621772580
1 9 23 81
3597434282 2312137466 1136609862 3629368010
1414768501 4142981917 2474904451 2927098885
1166651304 1909927144 1063176216 9475112
2 18 46 162
2 18 46 162
2863311530 4294967290 1431655750 4294967242
2863311530 4294967290 1431655750 4294967242
3276836384 3721723680 2352792800 3430742048
4165013993 3125387569 1306041327 2358684345
2147483648 2147483648 2147483648 2147483648
3756587469 3744516149 502165867 3635874269
4294967294 4294967278 4294967250 4294967134
3486573728 1314392480 2881784416 3239597728
1088341148 1205135740 3557009924 2256287068
4294967294 4294967278 4294967250 4294967134
2247964984 3051815672 163587080 1696537272
623084525 1312793429 1446042187 3225206269
1431655765 4294967293 2863311523 4294967269
803139038 2933284046 1292328690 629752638
2 18 46 162
1160256450 1852373458 916094574 3786459234
0 0 0 0
1682677207 2259192975 46870097 3152867591
2331501860 3803647556 2084935228 4168056932
2169641960 2346908456 2657124824 3942306920
393376287 3540386583 457720009 1798708175
2063163188 1388599508 208113068 3907460980
3568230443 2049302915 464921565 1263857051
4294967295 4294967287 4294967273 4294967215
300182545 2701642905 2609231239 2839949665
525117681 431091833 3487772071 3879826497
2275558274 3300155282 798232750 3931593762
4294967295 4294967287 4294967273 4294967215
0 0 0 0
2863311530 4294967290 1431655750 4294967242
4294967294 4294967278 4294967250 4294967134
3022380739 1431622875 795280261 4294671283
3022380739 1431622875 795280261 4294671283
3022380739 1431622875 795280261 4294671283
3022380739 1431622875 795280261 4294671283
3022380739 1431622875 795280261 4294671283
1848247348 3749324244 3854983340 3679147124
2632767938 2220074962 424120430 2800805474
1919295818 93793178 1194130854 844138602
1635764852 1836981780 3262853228 3647934132
0 0 0 0
0 0 0 0
0 0 0 0
0 0 0 0
4294967295 4294967287 4294967273 4294967215
2031808996 1106411780 3781933948 1367771428
2147483648 2147483648 2147483648 2147483648
3237070008 3363826296 1438166152 209665592
3237070008 3363826296 1438166152 209665592
3237070008 3363826296 1438166152 209665592
3237070008 3363826296 1438166152 209665592
3237070008 3363826296 1438166152 209665592
2863311530 4294967290 1431655750 4294967242
2371979736 4167948440 3015926376 3151797592
2371979736 4167948440 3015926376 3151797592
2420761987 312021403 4137918149 2808192627
2420761987 312021403 4137918149 2808192627
2420761987 312021403 4137918149 2808192627
2420761987 312021403 4137918149 2808192627
2202492967 2642567519 3412697985 2308271191
2452600012 598563628 575225428 1092105356
2096244926 1686335150 968993042 2292114462
4294967295 4294967287 4294967273 4294967215
4294967295 4294967287 4294967273 4294967215
4294967295 4294967287 4294967273 4294967215
4294967295 4294967287 4294967273 4294967215
2879831226 148677258 1811608758 1338095322
671771003 1750971731 2565831181 2873843691
4294967295 4294967287 4294967273 4294967215
4294967295 4294967287 4294967273 4294967215
1 9 23 81
1402594539 4033416259 2194903325 1941007963
1379857462 3828782566 1671950554 99304726
1467119934 319177518 3678987410 2872597662
1467119934 319177518 3678987410 2872597662
1467119934 319177518 3678987410 2872597662
1467119934 319177518 3678987410 2872597662
2053888346 1305125930 4289758998 3156198778
2053888346 1305125930 4289758998 3156198778
2053888346 1305125930 4289758998 3156198778
2053888346 1305125930 4289758998 3156198778
2053888346 1305125930 4289758998 3156198778
1394110863 3957063175 1999778777 1253830207
1394110863 3957063175 1999778777 1253830207
1394110863 3957063175 1999778777 1253830207
1394110863 3957063175 1999778777 1253830207
1394110863 3957063175 1999778777 1253830207
2158685583 2248301063 2405128153 3054840383
3292099072 3859087872 2703834624 372052480
2056793822 1331275214 61617650 3391542334
372537292 3352835628 4273390420 110749580
2847073560 4148825560 1058182440 2979691672
2252582693 3093375053 269794387 2070571701
1239578286 2566269982 2740496802 1621593358
2010763529 917002577 3297888207 3958055897
827018480 3148199024 1841555856 2563987440
2782368031 3566475799 3864922569 2033511119
3371962508 282891500 245726356 2546023500
1555736054 1116722598 1422190874 1460568790
1555736054 1116722598 1422190874 1460568790
2 18 46 162
2 18 46 162
2 18 46 162
2564445069 1605169141 3147661739 1561620381
2023860822 1034878214 3599125946 723969334
414588626 3731297634 945603806 3516907634
3964750597 1323017005 994950515 3317218453
3964750597 1323017005 994950515 3317218453
3964750597 1323017005 994950515 3317218453
1159328616 1844022952 894754392 3711304680
4294967295 4294967287 4294967273 4294967215
1569108596 1237075476 1729759340 2543744692
2147483648 2147483648 2147483648 2147483648
0 0 0 0
1431655765 4294967293 2863311523 4294967269
642840931 1490601083 1900439525 530507859
4038365578 1985551834 2688095078 690097322
0 0 0 0
0 0 0 0
0 0 0 0
0 0 0 0
0 0 0 0
3813696058 4258493450 1815663414 3966702682
1412076978 4118758210 2412999422 2709085522
41526774 373740966 955115802 3363668694
3346646285 55045493 3958420523 495409437
134373497 1209361473 3090590431 2294318665
3932614845 1033795237 255828219 714222541
1406498221 4068549397 2284688011 2257206205
905725390 3856561214 3651814786 349312558
900564012 3810108812 3533103092 4226208236
1622333650 1716100962 2953935582 2560006770
4294967295 4294967287 4294967273 4294967215
2939595138 686552466 3186178734 1884004898
2 18 46 162
1096359118 1277297470 3741423234 2905742638
431087156 3879784404 1325069996 558321268
3443448363 926264195 1889901021 4041410459
3443448363 926264195 1889901021 4041410459
2 18 46 162
4294967295 4294967287 4294967273 4294967215
4294967295 4294967287 4294967273 4294967215
1987515808 707773088 2763190624 2074990496
1987515808 707773088 2763190624 2074990496
1987515808 707773088 2763190624 2074990496
1987515808 707773088 2763190624 2074990496
1987515808 707773088 2763190624 2074990496
3106758286 2191020798 2735963842 2539317998
2 18 46 162
3286904308 3812334996 2584355052 4246243892
1008631718 487750870 1723693034 94790534
1008631718 487750870 1723693034 94790534
1008631718 487750870 1723693034 94790534
1008631718 487750870 1723693034 94790534
1008631718 487750870 1723693034 94790534
199845561 1798610049 301480607 3302588553
134843382 1213590438 3101397786 2332379350
1 9 23 81
1 9 23 81
1 9 23 81
2215255463 2757429983 3706235393 3342033367
2 18 46 162
827108228 3149006756 1843620060 2571257028
4056942258 2152741954 3115358718 2194808402
4056942258 2152741954 3115358718 2194808402
4056942258 2152741954 3115358718 2194808402
4056942258 2152741954 3115358718 2194808402
1623659539 1728033963 2984431029 2667403779
302895474 2726059266 2671628606 3059696914
3410649080 631070648 1135517512 1384668536
3099598307 2126580987 2571284325 1959359699
2551085503 1484933047 2840391721 479495535
2333638990 3822881726 2134089218 46197166
960578917 55275661 618478611 497480949
2147483648 2147483648 2147483648 2147483648
2 18 46 162
3816574497 4284399401 1881867511 4199856241
701443307 2018022467 3248294173 982333019
697784472 1985092952 3164140968 685967384
180694222 1626247998 4155967106 1751330094
1802777290 3340093722 2809172006 4291039722
1431655765 4294967293 2863311523 4294967269
1431655765 4294967293 2863311523 4294967269
1431655765 4294967293 2863311523 4294967269
1431655765 4294967293 2863311523 4294967269
2087625633 1608761513 770749303 1593951729
1 9 23 81
3330315812 4203038532 3582819644 3467608420
2147483648 2147483648 2147483648 2147483648
2147483648 2147483648 2147483648 2147483648
2147483648 2147483648 2147483648 2147483648
2147483648 2147483648 2147483648 2147483648
2147483648 2147483648 2147483648 2147483648
2608971997 2005911493 4171781083 873334253
2608971997 2005911493 4171781083 873334253
2608971997 2005911493 4171781083 873334253
2608971997 2005911493 4171781083 873334253
2608971997 2005911493 4171781083 873334253
2523550741 1237120189 2207092195 2544147109
3231930396 3317569788 1319955076 4088324316
1 9 23 81
2017141461 974403965 3444580643 179701093
469112451 4222012059 2199651781 3638370163
1959580474 456355082 2120677942 4107195738
1959580474 456355082 2120677942 4107195738
1959580474 456355082 2120677942 4107195738
1959580474 456355082 2120677942 4107195738
2863311530 4294967290 1431655750 4294967242
2863311530 4294967290 1431655750 4294967242
2863311530 4294967290 1431655750 4294967242
4294967294 4294967278 4294967250 4294967134
3347369491 61554347 3975054261 553989123
1675297771 2192778051 4172110365 2555133275
4294967294 4294967278 4294967250 4294967134
1208085769 2282837329 2016168911 3365666777
2863311530 4294967290 1431655750 4294967242
2863311530 4294967290 1431655750 4294967242
2863311530 4294967290 1431655750 4294967242
4251312894 3902077678 3290916050 758960734
2159578807 2256340079 2425672305 3127191527
1431655765 4294967293 2863311523 4294967269
4135604951 2860706191 629633361 4271519239
1 9 23 81
0 0 0 0
2863311530 4294967290 1431655750 4294967242
1 9 23 81
1178577716 2017264852 1337483692 975514484
1431655765 4294967293 2863311523 4294967269
1431655765 4294967293 2863311523 4294967269
1431655765 4294967293 2863311523 4294967269
4008110908 1713259804 1992237668 2534436348
4294967295 4294967287 4294967273 4294967215
4248990441 3881175601 3237499631 570842041
1680534806 2239911366 4292562170 2979333110
4294967294 4294967278 4294967250 4294967134
3564103577 2012161121 370003647 929580905
3564103577 2012161121 370003647 929580905
3564103577 2012161121 370003647 929580905
2750248457 3277399633 3126172367 3726792921
693000240 1942034864 3054103632 298444592
699464131 2000209883 3202773125 822019763
2 18 46 162
585103124 970960820 572469964 148712788
4294967294 4294967278 4294967250 4294967134
1 9 23 81
1 9 23 81
1 9 23 81
1 9 23 81
1 9 23 81
1 9 23 81
4196481473 3408594889 2029793367 612582929
2283901733 3375246413 990132307 312446645
2147483648 2147483648 2147483648 2147483648
3287156398 3814603806 2590153122 4266663182
3295544719 3890098695 2783084505 651149887
1517994040 777044472 554124552 2698432952
1431655765 4294967293 2863311523 4294967269
1 9 23 81
2863311530 4294967290 1431655750 4294967242
3848598887 277651615 2618428481 2498864535
1 9 23 81
2625891543 2158187407 265963345 2243817479
1071028527 1049322151 3158819641 853964767
4294967295 4294967287 4294967273 4294967215
1149793539 1758207259 675447621 2938963443
1 9 23 81
3969970483 1369995979 1115007893 3740029219
4294967294 4294967278 4294967250 4294967134
0 0 0 0
0 0 0 0
0 0 0 0
0 0 0 0
0 0 0 0
1538865209 964884993 1034161439 94030345
2467417003 731916547 916016221 2292281627
2982264878 1070580126 4167582754 1045286542
61994553 557950977 1425874719 726591497
4076248352 2326496800 3559398880 3758602016
2199657053 2617044293 3347471963 2078562157
3856414596 347992996 2798189788 3131936964
4294967295 4294967287 4294967273 4294967215
1618912877 1685314005 2875257803 2282924157
978927070 220409038 1040486130 1983681342
0 0 0 0
325966920 2933702280 3202271864 633516744
4294967294 4294967278 4294967250 4294967134
4294967294 4294967278 4294967250 4294967134
4294967294 4294967278 4294967250 4294967134
4294967294 4294967278 4294967250 4294967134
4294967294 4294967278 4294967250 4294967134
4294967295 4294967287 4294967273 4294967215
4294967294 4294967278 4294967250 4294967134
2147483648 2147483648 2147483648 2147483648
1845349963 3723247779 3788343485 3444458939
2147483648 2147483648 2147483648 2147483648
4058487235 2166646747 3150893189 2319951539
1130233441 1582166377 225565367 1354595505
3718585112 3402494936 3923078952 557683352
2147483648 2147483648 2147483648 2147483648
4294967294 4294967278 4294967250 4294967134
925298561 4032719753 4101997719 1934739409
1438319955 59977707 3016587893 539799363
1438319955 59977707 3016587893 539799363
989266513 313464025 1278293319 2821176225
4294967295 4294967287 4294967273 4294967215
0 0 0 0
1094305589 1258815709 3694192067 2739406789
1029230168 673136920 2197457384 1763264984
1346865638 3531856150 913138602 1721934278
4294967295 4294967287 4294967273 4294967215
1828183846 3568752726 3393522794 2054003462
1828183846 3568752726 3393522794 2054003462
1828183846 3568752726 3393522794 2054003462
1828183846 3568752726 3393522794 2054003462
1828183846 3568752726 3393522794 2054003462
2041782621 1196174405 4011327323 2175635053
2430906868 403325332 76283116 3629927988
79843031 718587279 1836389713 2172318215
1405660601 4061010817 2265422751 2189358985
1405660601 4061010817 2265422751 2189358985
4045346337 2048378665 2848652535 1255538801
2441269414 496588246 314621674 174326918
2902854614 355887750 2341146682 3202989750
4294967294 4294967278 4294967250 4294967134
4294967294 4294967278 4294967250 4294967134
208611844 1877506596 503105116 4012657476
4019218226 1813225666 2247705982 3434129106
2863311530 4294967290 1431655750 4294967242
3308518581 4006863453 3081483331 1702032709
594375044 1054408100 785724124 899738308
317891810 2861026290 3016544334 4274400130
317891810 2861026290 3016544334 4274400130
317891810 2861026290 3016544334 4274400130
317891810 2861026290 3016544334 4274400130
1431655765 4294967293 2863311523 4294967269
2147483648 2147483648 2147483648 2147483648
2532252119 1315432591 2407223889 3248958727
2203264338 2649509858 3430439518 2370752242
0 0 0 0
1491430882 537976050 4238139214 546817154
1491430882 537976050 4238139214 546817154
1491430882 537976050 4238139214 546817154
2178168942 2423651294 2853245410 338025166
1649857164 1963812588 3586976404 494444108
2482899187 871256203 1272106453 3546338531
1244558158 2611088830 2855033858 2024962990
1244558158 2611088830 2855033858 2024962990
2771759690 3471000730 3620930726 1174235498
1431655765 4294967293 2863311523 4294967269
1079837825 1128605833 3361433495 1567517905
2179884083 2439087563 2892693653 476951587
4294967294 4294967278 4294967250 4294967134
2147483648 2147483648 2147483648 2147483648
2839773975 4083129295 890291985 2388425287
1323034634 3317377114 365025510 4086590250
1323034634 3317377114 365025510 4086590250
1323034634 3317377114 365025510 4086590250
1323034634 3317377114 365025510 4086590250
1323034634 3317377114 365025510 4086590250
2863311530 4294967290 1431655750 4294967242
2608122622 1998267118 4152245458 804534878
2608122622 1998267118 4152245458 804534878
2608122622 1998267118 4152245458 804534878
2594820816 1878550864 3846303920 4022055888
2594820816 1878550864 3846303920 4022055888
3296327322 3897142122 2801084374 714540730
3429623816 801843272 1571936440 2921622152
264507571 2380568139 1788706837 4245244067
863944083 3480529451 2690844725 1259993987
3976143311 1425551431 1256982937 4240028287
604199678 1142829806 1011690706 1695533662
0 0 0 0
0 0 0 0
0 0 0 0
2 18 46 162
0 0 0 0
0 0 0 0
2134270242 2028562994 1843575310 1077197762
4169833620 3168764212 1416892748 2749074132
3869585329 466529593 3101116647 4198766337
1736856012 2746802220 1292982612 3246383500
529275163 468509171 3583394157 4216582539
413080641 3717725769 910920151 3394760849
2863311530 4294967290 1431655750 4294967242
2 18 46 162
2922477465 532493409 2792472255 497473385
1 9 23 81
4294967295 4294967287 4294967273 4294967215
1972288201 570724625 2412955663 841554329
4055272212 2137711540 3076947660 2059534676
557750514 724787330 4238327230 2228118674
1905139337 4261352145 868531791 3992430937
4294967295 4294967287 4294967273 4294967215
4294967295 4294967287 4294967273 4294967215
2287456124 3407235932 1071883300 600352316
2088106983 1613093663 781820353 1632941079
1127344552 1556166376 159120920 1120595496
1451160754 175544898 3311926270 1579904082
2810575540 3820343380 218727980 23352052
1301782779 3126110419 4171200141 2365189995
4036294170 1966909162 2640452694 522313274
830447608 3179061176 1920425800 2841746808
830447608 3179061176 1920425800 2841746808
830447608 3179061176 1920425800 2841746808
830447608 3179061176 1920425800 2841746808
4162033904 3098566768 1237499280 2117297136
2864527045 10939629 1459612595 98456661
3195151653 2986561101 474043987 1109246133
3195151653 2986561101 474043987 1109246133
3195151653 2986561101 474043987 1109246133
2166857557 2321848829 2593083555 3716770277
2147483648 2147483648 2147483648 2147483648
2147483648 2147483648 2147483648 2147483648
2147483648 2147483648 2147483648 2147483648
2147483648 2147483648 2147483648 2147483648
2147483648 2147483648 2147483648 2147483648
3640389849 2698737569 2124587903 2813801641
1332437507 3402002971 581291589 553255667
2147483648 2147483648 2147483648 2147483648
3316441805 4078172469 3263717483 2343813853
3179956201 2849802033 124548591 4173381817
1787897018 3206171274 2466925750 3085737690
1787897018 3206171274 2466925750 3085737690
1787897018 3206171274 2466925750 3085737690
1787897018 3206171274 2466925750 3085737690
1787897018 3206171274 2466925750 3085737690
2 18 46 162
1076864669 1101847429 3293050907 1326692269
1076864669 1101847429 3293050907 1326692269
1076864669 1101847429 3293050907 1326692269
1076864669 1101847429 3293050907 1326692269
1076864669 1101847429 3293050907 1326692269
0 0 0 0
2043720307 1213613579 4055894101 2332587619
3517406329 1591885889 3590934239 1442071113
1 9 23 81
1 9 23 81
1 9 23 81
1 9 23 81
7660229 68942061 176185267 620478549
3260075668 3570877236 1967296332 2073124052
1893061752 4152653880 590747336 3014146552
1620291295 1697719767 2906961417 2394576015
1620291295 1697719767 2906961417 2394576015
1620291295 1697719767 2906961417 2394576015
1620291295 1697719767 2906961417 2394576015
2296013255 3484250111 1268697313 1293479927
1 9 23 81
469869344 4228824096 2217060320 3699678496
2846015523 4139303227 1033847589 2893990675
2846015523 4139303227 1033847589 2893990675
1678783160 2224146552 4252274312 2837449784
1 9 23 81
2535456606 1344272974 2480927090 3508522174
2 18 46 162
617751113 1264792721 1323373711 2793199897
1400732437 4016657341 2152074979 1790177701
2413219983 244143367 3964452057 2197290303
4188898221 3340345621 1855378571 4293306813
300091722 2700825498 2607142310 2832593002
4294967294 4294967278 4294967250 4294967134
1257488015 2727457543 3152420569 3072281407
1257488015 2727457543 3152420569 3072281407
1257488015 2727457543 3152420569 3072281407
1257488015 2727457543 3152420569 3072281407
1783288109 3164691093 2360920843 2712416061
1880123033 4036205409 293156799 1966110313
1431655765 4294967293 2863311523 4294967269
1 9 23 81
2863311530 4294967290 1431655750 4294967242
1431655765 4294967293 2863311523 4294967269
1484333267 474097515 4074894069 4266877635
1055815995 912409363 2808931405 3916716971
4294967295 4294967287 4294967273 4294967215
4294967295 4294967287 4294967273 4294967215
3071167859 1870706955 1917384021 3951460707
4294967295 4294967287 4294967273 4294967215
796315361 2871870953 1135384119 77034801
2308930849 3600508457 1565801975 2339805041
2147483648 2147483648 2147483648 2147483648
2147483648 2147483648 2147483648 2147483648
3323458304 4141320960 3425096960 2912150272
1140475133 1674341605 461124283 2184172557
1069231578 1033149610 3117489814 708411898
2863311530 4294967290 1431655750 4294967242
2252994556 3097081820 279267236 2103932604
2252994556 3097081820 279267236 2103932604
2252994556 3097081820 279267236 2103932604
1431655765 4294967293 2863311523 4294967269
2887491551 217620183 1987796233 1958581647
2330340409 3793194497 2058221855 4073979401
2898812440 319508184 2248176680 2875573656
1845070773 3720735069 3781922115 3421844549
1845070773 3720735069 3781922115 3421844549
1845070773 3720735069 3781922115 3421844549
1845070773 3720735069 3781922115 3421844549
1431655765 4294967293 2863311523 4294967269
1091394894 1232619454 3627246082 2503640494
2444727200 527708320 394150752 454407584
2782340982 3566232358 3864300442 2031320150
2782340982 3566232358 3864300442 2031320150
2782340982 3566232358 3864300442 2031320150
2782340982 3566232358 3864300442 2031320150
2782340982 3566232358 3864300442 2031320150
1 9 23 81
2863311530 4294967290 1431655750 4294967242
1970402344 553751912 2369580952 688799912
2031784850 1106194466 3781378590 1365815602
2031784850 1106194466 3781378590 1365815602
2743443526 3216155254 2969658954 3175593510
3650135649 2786449769 2348741303 3603211441
2956249555 836442219 3569230325 3233012675
2956249555 836442219 3569230325 3233012675
1065171154 996605794 3024100062 379517554
1065171154 996605794 3024100062 379517554
1065171154 996605794 3024100062 379517554
707325188 2070959396 3383577436 1458765380
1027465804 657257644 2156877012 1620351500
1027465804 657257644 2156877012 1620351500
1027465804 657257644 2156877012 1620351500
4133826782 2844702670 588735474 4127487550
1975546092 600045644 2487887156 1105443500
2049698766 1267419710 4193398658 2816842798
2109009218 1801213778 1262571758 3326022114
2109009218 1801213778 1262571758 3326022114
1431655765 4294967293 2863311523 4294967269
3038013758 1572320046 1154839698 1265978526
4294967294 4294967278 4294967250 4294967134
4294967294 4294967278 4294967250 4294967134
4294967294 4294967278 4294967250 4294967134
2147483648 2147483648 2147483648 2147483648
2968148154 943529610 3842898102 4196799194
129638455 1166746095 2981684465 1910780263
976330185 197037073 980757775 1773333657
3341313843 7053515 3835774357 63481635
2573121375 1683255895 3347216777 2264401167
1613163285 1633567677 2743017187 1817207205
1 9 23 81
748349429 2440177565 32167683 486761605
944640362 4206795962 251891846 3501425290
2222598180 2823514436 3875117884 3936793444
3831698292 125546260 2229714796 1129916340
1493903379 560228523 39349 747089411
0 0 0 0
220984984 1988864856 787687336 719914520
220984984 1988864856 787687336 719914520
220984984 1988864856 787687336 719914520
220984984 1988864856 787687336 719914520
220984984 1988864856 787687336 719914520
1 9 23 81
4294967294 4294967278 4294967250 4294967134
4294967294 4294967278 4294967250 4294967134
2056016025 1324275041 43728319 3328540777
352093425 3168840825 3803181479 2749763649
2197966571 2601829955 3308590877 1941633115
2015696606 961400270 3411348978 62667838
1351439816 3573023752 1018344696 2092442696
2147483648 2147483648 2147483648 2147483648
1174873984 1983931264 1252297856 675512192
1174873984 1983931264 1252297856 675512192
1174873984 1983931264 1252297856 675512192
1174873984 1983931264 1252297856 675512192
1174873984 1983931264 1252297856 675512192
4294967295 4294967287 4294967273 4294967215
1988687924 718322132 2790149292 2169931892
425879 3832911 9795217 34496199
4140713821 2906686021 747137371 390370413
3010322523 1323098931 517941293 3317955787
1 9 23 81
3731260329 3516571889 4214608943 1584375929
3225107740 3256165884 1163033988 3535689180
4294967295 4294967287 4294967273 4294967215
4061895673 2197322689 3229287263 2596035017
1360103824 3650999824 1217616880 2794227344
1360103824 3650999824 1217616880 2794227344
1360103824 3650999824 1217616880 2794227344
1360103824 3650999824 1217616880 2794227344
743449435 2396077619 4214435117 89862091
1053519082 891737146 2756102406 3730667018
3002305140 1250942484 333541484 2668547764
2085304004 1587866852 717351836 1405899780
496390456 172546808 2827045896 1552921272
1 9 23 81
3948067332 1172867620 611235420 1965873988
3948067332 1172867620 611235420 1965873988
3948067332 1172867620 611235420 1965873988
4294967295 4294967287 4294967273 4294967215
4294967295 4294967287 4294967273 4294967215
1809764505 3402978657 2969877951 562036841
172895535 1556059815 3976597305 1119636447
4294967294 4294967278 4294967250 4294967134
3065561940 1820253684 1788447884 3497381268
1438112164 58107588 3011808700 522968292
1597687816 1494288456 2387081400 563694216
1597687816 1494288456 2387081400 563694216
1597687816 1494288456 2387081400 563694216
1597687816 1494288456 2387081400 563694216
1731979546 2702914026 1180823894 2851389754
2147483648 2147483648 2147483648 2147483648
1660454270 2059186542 3830709842 1352809694
0 0 0 0
1 9 23 81
292041481 2628373329 2421986767 2180523481
2082771910 1565078006 659113674 1200800166
1442629997 98768085 3115718859 888912765
0 0 0 0
2 18 46 162
2 18 46 162
2 18 46 162
2664608321 2506638409 1156449239 1084909201
4294967294 4294967278 4294967250 4294967134
2 18 46 162
3982645116 1484067676 1406524452 471707196
997830806 390542662 1475272058 3514883958
3041354021 1602382413 1231665747 1536539829
2567193978 1629909322 3210886646 1784282010
2699669981 2822193349 1962867419 3924903661
1450506805 169659357 3296885443 1526934213
332085869 2988772821 3343007691 1129151613
3867373288 446621224 3050239704 4019591016
3912316977 851114425 4083944551 3365062529
53539184 481852656 1231401232 41706608
1528260899 869446203 790262309 3530048531
0 0 0 0
4294967295 4294967287 4294967273 4294967215
344455530 3100099770 3627509894 2131094154
439477519 3955297671 1518048345 1237940671
687714119 1894459775 2932522849 4165236087
687714119 1894459775 2932522849 4165236087
687714119 1894459775 2932522849 4165236087
687714119 1894459775 2932522849 4165236087
4294967295 4294967287 4294967273 4294967215
153771027 1383939243 3536733621 3865518595
153771027 1383939243 3536733621 3865518595
153771027 1383939243 3536733621 3865518595
4294967294 4294967278 4294967250 4294967134
4294967294 4294967278 4294967250 4294967134
777848172 2705666252 710638772 2876159788
1 9 23 81
0 0 0 0
0 0 0 0
1431655765 4294967293 2863311523 4294967269
2147483648 2147483648 2147483648 2147483648
1124318555 1528932403 89522989 875489739
3235079974 3345915990 1392395370 48472838
3235079974 3345915990 1392395370 48472838
2863311530 4294967290 1431655750 4294967242
2863311530 4294967290 1431655750 4294967242
3406922592 597532256 1049808288 1082823008
2147483648 2147483648 2147483648 2147483648
2147483648 2147483648 2147483648 2147483648
2383357669 4270349837 3277618835 4073410165
1 9 23 81
2002333563 841132883 3103998989 3275228651
119212825 1072915425 2741894975 1066304233
0 0 0 0
3393703072 478556576 745759328 12041888
3393703072 478556576 745759328 12041888
3393703072 478556576 745759328 12041888
3393703072 478556576 745759328 12041888
3393703072 478556576 745759328 12041888
3450980121 994050017 2063131455 356515561
3826266283 76658179 2104778589 689923611
3429395356 799787132 1566681860 2903116892
590111608 1016037176 687665096 554399992
2279834465 3338641001 896585143 4277965233
3009575346 1316374338 500756222 3257434450
3234840869 3343764045 1386895955 29105333
369529405 3325764645 4204209019 4162078029
1710699250 2511391362 691377086 1127685778
3975062568 1415824744 1232125848 4152488104
4294967295 4294967287 4294967273 4294967215
1 9 23 81
3403669356 568253132 974983860 819310892
3403669356 568253132 974983860 819310892
3403669356 568253132 974983860 819310892
3403669356 568253132 974983860 819310892
3403669356 568253132 974983860 819310892
4178548778 3247200634 1617341382 3455001930
4294967295 4294967287 4294967273 4294967215
4294967295 4294967287 4294967273 4294967215
4294967295 4294967287 4294967273 4294967215
4294967295 4294967287 4294967273 4294967215
4294967295 4294967287 4294967273 4294967215
1175833362 1992565666 1274363550 753221810
4065005774 2225313598 3300819586 2847953198
3240766063 3397090791 1523175417 509046047
2954141170 817466754 3520737470 3062233490
3159730725 2667772749 3954329939 2535118261
1768960018 3035738274 2031374750 1551840690
2887142497 214478697 1979767991 1930308273
2887142497 214478697 1979767991 1930308273
2887142497 214478697 1979767991 1930308273
2887142497 214478697 1979767991 1930308273
1 9 23 81
2863311530 4294967290 1431655750 4294967242
1322559104 3313097344 354088320 4048072320
3626060543 2569773815 1795013865 1653127855
2614448308 2055198292 2768940 1316915444
4294967294 4294967278 4294967250 4294967134
4294967294 4294967278 4294967250 4294967134
4294967294 4294967278 4294967250 4294967134
4294967294 4294967278 4294967250 4294967134
4294967294 4294967278 4294967250 4294967134
3479183005 1247875973 2711797787 2640949165
1979975014 639905942 2589752362 1464186182
416810357 3751293213 996703619 3696867845
2 18 46 162
395410003 3558690027 504495477 1963439171
312448818 2812039362 2891355518 3833517778
1431655765 4294967293 2863311523 4294967269
1431655765 4294967293 2863311523 4294967269
1431655765 4294967293 2863311523 4294967269
1431655765 4294967293 2863311523 4294967269
4122949149 2746803973 338549915 3246399277
1 9 23 81
996274641 376537177 1439480263 3388834593
4273067815 4097871967 3791279233 2521109335
2 18 46 162
758335122 2530048802 261838622 1295602738
3281729967 3765765927 2465345209 3827122271
4015068010 1775873722 2152251014 3097961610
3451070947 994867451 2065220453 363872467
1211886848 2317047040 2103593728 3673554176
2369034424 4141440632 2948184200 2913227320
2369034424 4141440632 2948184200 2913227320
2369034424 4141440632 2948184200 2913227320
2369034424 4141440632 2948184200 2913227320
372097417 3348876753 4263273295 75119705
3105380381 2178619653 2704272027 2427707693
1845856294 3727804758 3799989098 3485471750
4294967295 4294967287 4294967273 4294967215
2863311530 4294967290 1431655750 4294967242
2863311530 4294967290 1431655750 4294967242
3223461243 3241347411 1125164557 3402322923
3665383760 2923682768 2699447856 543341136
2928840822 589763622 2938829466 1012905302
2237926512 2961469424 4227669520 883421040
3329620388 4196779716 3566824892 3411279076
1431655765 4294967293 2863311523 4294967269
1431655765 4294967293 2863311523 4294967269
1431655765 4294967293 2863311523 4294967269
1431655765 4294967293 2863311523 4294967269
2121946187 1917646499 1560122045 78949307
2121946187 1917646499 1560122045 78949307
2121946187 1917646499 1560122045 78949307
2121946187 1917646499 1560122045 78949307
3168077206 2742891078 4146299002 3211183222
382855509 3445699581 215742115 946525157
3706377076 3292622612 3642294124 3863799732
197468332 1777214988 246804340 3110033004
1637760758 1854944934 3308759066 3809602518
1637760758 1854944934 3308759066 3809602518
1637760758 1854944934 3308759066 3809602518
1637760758 1854944934 3308759066 3809602518
1637760758 1854944934 3308759066 3809602518
2046700391 1240434335 4124436033 2573974423
2996474175 1198463799 199429289 2196239599
864075939 3481716155 2693877413 1270674323
632013406 1393153358 1651406450 3948445630
2147483648 2147483648 2147483648 2147483648
2147483648 2147483648 2147483648 2147483648
2147483648 2147483648 2147483648 2147483648
2147483648 2147483648 2147483648 2147483648
2147483648 2147483648 2147483648 2147483648
3134258295 2438520879 3368464049 471851431
2330129526 3791296550 2053371546 4056897878
2330129526 3791296550 2053371546 4056897878
534194057 512779217 3696528719 320045657
3896781262 711292990 3726623106 2106669614
3815880919 4278157199 1865915217 4143676423
569353154 829211090 210220654 3167932514
656957639 1617651455 2225123809 1673961207
656957639 1617651455 2225123809 1673961207
656957639 1617651455 2225123809 1673961207
656957639 1617651455 2225123809 1673961207
4210079597 3530978005 2342550219 1714030973
781710248 2740424936 799466520 3188987944
3014219260 1358169564 607566244 3633591484
3014219260 1358169564 607566244 3633591484
3014219260 1358169564 607566244 3633591484
3014219260 1358169564 607566244 3633591484
2863311530 4294967290 1431655750 4294967242
1156702603 1820388835 834356093 3498597627
1172438074 1962008074 1196271926 478203482
1 9 23 81
2 18 46 162
3992269355 1570685827 1627881949 1251270555
1079945431 1129574287 3363908433 1576233991
2 18 46 162
881879642 3641949482 3103362582 2712774266
4294967294 4294967278 4294967250 4294967134
0 0 0 0
2147483648 2147483648 2147483648 2147483648
1157920367 1831348711 862364665 3597236511
1431655765 4294967293 2863311523 4294967269
2027802347 1070351939 3689781021 1043232859
2027802347 1070351939 3689781021 1043232859
1564206996 1192961076 1617022540 2146715092
1558015174 1137234678 1474610634 1645177510
339156216 3052405944 3505625672 1701849720
2975261006 1007545278 4006493698 477972910
384831162 3463480458 261182134 1106553050
1569016394 1236245658 1727638694 2536276330
288936210 2600425890 2350565534 1928996530
1 9 23 81
4263547246 4012186846 3572306146 1749943246
2461493450 678604570 779774502 1812473834
2493571004 967302556 1517558244 115788412
0 0 0 0
2468995845 746126125 952329587 2420167829
553937759 690472535 4150633865 1919285519
553937759 690472535 4150633865 1919285519
553937759 690472535 4150633865 1919285519
2805281025 3772692745 96954135 3889463633
4294967295 4294967287 4294967273 4294967215
1964214914 498065042 2227270062 187618082
3456519113 1043900945 2190528271 805173913
2813719411 3848638219 291037013 278005603
3940774703 1107233959 443504953 1375171039
3940774703 1107233959 443504953 1375171039
3940774703 1107233959 443504953 1375171039
1239198223 2562849415 2731755353 1590808255
651940935 1572501119 2109739617 1267608183
2815170207 3861695383 324405321 395520079
1634896619 1829167683 3242883869 3577607259
2915952549 473769165 2642399187 4263922485
2147483648 2147483648 2147483648 2147483648
2260504877 3164674709 452004619 2712268605
2637996675 2267133595 544381381 3224333171
2427975528 376943272 8862296 3392489448
1752209439 2884983063 1646111433 195043791
1538037530 957435882 1015124822 26988346
1922052348 118601948 1257531044 1067417532
2584776606 1788152974 3615287090 3208474878
934423193 4114841441 16896959 2673834601
934423193 4114841441 16896959 2673834601
2542097342 1404039598 2633664018 4046421790
3513541097 1557098801 3502033903 1128987321
3075259957 1907535837 2011502275 4282920645
94612816 851515344 2176094768 3368670800
3929973524 1010023348 195077836 500275540
4279360421 4154505421 3936009171 3030810421
2592578173 1858367077 3794723131 3840401805
1802739979 3339757923 2808313853 4288017531
243921368 2195292312 1315224168 2577761624
734316969 2313885425 4004388399 3645099641
1968468816 536350160 2325109808 532184144
4294967294 4294967278 4294967250 4294967134
463957352 4175616168 2081084504 3220807144
3333763286 4234065798 3662111546 3746853814
3333763286 4234065798 3662111546 3746853814
3333763286 4234065798 3662111546 3746853814
3333763286 4234065798 3662111546 3746853814
3333763286 4234065798 3662111546 3746853814
3059456885 1765308189 1648031619 3002871813
3059456885 1765308189 1648031619 3002871813
1 9 23 81
4294967295 4294967287 4294967273 4294967215
4294967295 4294967287 4294967273 4294967215
4294967295 4294967287 4294967273 4294967215
4294967295 4294967287 4294967273 4294967215
4294967295 4294967287 4294967273 4294967215
2863311530 4294967290 1431655750 4294967242
4092761298 2475113314 3939196638 801183346
3667623443 2943839915 2750960565 724755459
2147483648 2147483648 2147483648 2147483648
3219093877 3202041117 1024715139 3048566277
4294967295 4294967287 4294967273 4294967215
2147483648 2147483648 2147483648 2147483648
246783409 2221050681 1381051111 2809586945
3496352691 1402403147 3106700565 4031693731
4294967294 4294967278 4294967250 4294967134
4294967294 4294967278 4294967250 4294967134
4294967294 4294967278 4294967250 4294967134
4294967294 4294967278 4294967250 4294967134
4294967294 4294967278 4294967250 4294967134
1 9 23 81
4294967295 4294967287 4294967273 4294967215
3749916880 3684480848 348742320 3095556560
0 0 0 0
2326142903 3755416943 1961679217 3733981415
2326142903 3755416943 1961679217 3733981415
2605378905 1973573665 4089139967 582293801
2605378905 1973573665 4089139967 582293801
2605378905 1973573665 4089139967 582293801
1431655765 4294967293 2863311523 4294967269
1979505810 635683106 2578960670 1426180658
508358776 280261688 3102317256 2522355192
103499139 931492251 2380480197 4088462963
2317236886 3675262790 1756840826 3012594038
0 0 0 0
2147483648 2147483648 2147483648 2147483648
1771816657 3061448025 2097077447 1783228449
2114496747 1850601539 1388784925 3770511963
2114496747 1850601539 1388784925 3770511963
2114496747 1850601539 1388784925 3770511963
2114496747 1850601539 1388784925 3770511963
2114496747 1850601539 1388784925 3770511963
405189013 3646701117 729412707 2755538981
3655036984 2830561784 2461472008 4000219576
1 9 23 81
1 9 23 81
1 9 23 81
1 9 23 81
1 9 23 81
4010885684 1738232788 2056057516 2759193204
2863311530 4294967290 1431655750 4294967242
2 18 46 162
0 0 0 0
642266192 1485428432 1887220528 483954000
3584405563 2194878995 836949325 2574041771
4294967294 4294967278 4294967250 4294967134
1431655765 4294967293 2863311523 4294967269
3104426447 2170034247 2682331545 2350439039
1614839025 1648649337 2781559207 1952942145
3827412391 86973151 2131139073 782758359
338221044 3043989396 3484116716 1626100788
2853434067 4206070123 1204474101 3494892739
4294967295 4294967287 4294967273 4294967215
4294967295 4294967287 4294967273 4294967215
2906893263 392235591 2434035609 3530120319
2447967349 556869661 468674179 716859653
1240053720 2570548888 2751431784 1660103512
2147483648 2147483648 2147483648 2147483648
2147483648 2147483648 2147483648 2147483648
1404631588 4051749700 2241755452 2106008932
1147531290 1737847018 623415894 2755721274
206945572 1862510148 464780860 3877689444
2147483648 2147483648 2147483648 2147483648
2114862423 1853892623 1397195473 3800131719
2114862423 1853892623 1397195473 3800131719
3475229615 1212295463 2620869817 2320724575
1766909804 3017286348 1984219828 1385773356
4238313759 3785085463 2991935945 4000998095
416842740 3751584660 997448428 3699490868
2539706584 1382522776 2578676584 3852770392
1006134710 465277798 1666261850 4187500182
0 0 0 0
1861517484 3868755468 4160196468 459060844
2147483648 2147483648 2147483648 2147483648
392922612 3536303508 447285484 1761960500
525704649 436374545 3501272335 3927370905
525704649 436374545 3501272335 3927370905
525704649 436374545 3501272335 3927370905
525704649 436374545 3501272335 3927370905
525704649 436374545 3501272335 3927370905
2863311530 4294967290 1431655750 4294967242
311747632 2805728688 2875228240 3776721712
2147483648 2147483648 2147483648 2147483648
1431655765 4294967293 2863311523 4294967269
1010102325 500986333 1757516995 213909701
2863311530 4294967290 1431655750 4294967242
4294967295 4294967287 4294967273 4294967215
4294967295 4294967287 4294967273 4294967215
2970708334 966571230 3901782242 109206478
3719554465 3411219113 3945374071 636200945
4253094284 3918110188 3331888020 903253324
888967275 3705738179 3266378141 3286872539
1540742353 981779289 1077335751 246079009
3346067027 49832171 3945097589 448489539
4294967294 4294967278 4294967250 4294967134
2147483648 2147483648 2147483648 2147483648
2147483648 2147483648 2147483648 2147483648
373939567 3365456103 10675449 224333855
3457587703 1053518255 2215105841 891729703
1008194909 483819589 1713646427 59409005
763820562 2579417762 388003742 1739923378
3481771077 1271168621 2771323443 2850582997
2147483648 2147483648 2147483648 2147483648
4294967294 4294967278 4294967250 4294967134
0 0 0 0
3746151292 3650590556 262133796 2790543932
2863311530 4294967290 1431655750 4294967242
2863311530 4294967290 1431655750 4294967242
2863311530 4294967290 1431655750 4294967242
2863311530 4294967290 1431655750 4294967242
2863311530 4294967290 1431655750 4294967242
1454202395 202919667 3381884013 1826277003
3409881644 624163724 1117866484 1322506220
2790142489 3636445921 4043735103 2663242217
2 18 46 162
648914128 1545259856 2040123056 1022436816
1 9 23 81
1 9 23 81
1 9 23 81
1 9 23 81
2794286047 3673737943 4139036937 2998870415
0 0 0 0
2782511286 3567765094 3868217434 2045114774
1441871106 91938066 3098264366 827442594
2863311530 4294967290 1431655750 4294967242
2863311530 4294967290 1431655750 4294967242
2811372745 3827518225 237063695 87925657
2811372745 3827518225 237063695 87925657
2811372745 3827518225 237063695 87925657
2811372745 3827518225 237063695 87925657
2767827177 3435608113 3530482927 855701945
3261393177 3582734817 1997599039 2179842281
3002256671 1250506263 332426697 2664621775
2203095810 2647993106 3426563374 2357101474
1624384220 1734556092 3001098692 2726102940
2303969722 3555858314 1451696054 1937953754
2303969722 3555858314 1451696054 1937953754
2303969722 3555858314 1451696054 1937953754
3850943449 298752673 2672353407 2688774057
3821034380 29571052 1984444820 266139468
992135917 339288661 1344289611 3053597949
4294967295 4294967287 4294967273 4294967215
875316789 3582883805 2952416963 2181183173
1296268636 3076483132 4044374852 1918544412
276280814 2486527326 2059491426 903909454
1842847975 3700729887 3730797761 3241797911
639183357 1457682917 1816315323 234244365
183989748 1655907732 4231764204 2018267700
183989748 1655907732 4231764204 2018267700
3950584137 1195518865 669121935 2169735193
1499952941 614674581 139179275 1237103933
2546565900 1444256620 2736440852 113407692
2668193961 2538909169 1238918959 1375346041
2668193961 2538909169 1238918959 1375346041
2668193961 2538909169 1238918959 1375346041
0 0 0 0
82634548 743710932 1900594604 2398431092
82634548 743710932 1900594604 2398431092
3270977697 3668995497 2218042999 2956188401
4294967295 4294967287 4294967273 4294967215
2272953615 3276713351 738325593 3720616383
3880642911 566047831 3355441033 799463183
2484133917 882368773 1300505243 3646351661
2484133917 882368773 1300505243 3646351661
2484133917 882368773 1300505243 3646351661
2 18 46 162
2 18 46 162
983580209 262287289 1147508327 2360585601
1431655765 4294967293 2863311523 4294967269
3403940124 570690044 981211524 841243100
1787482697 3202442385 2457396367 3052177689
262734401 2364609609 1747923927 4101617297
262734401 2364609609 1747923927 4101617297
262734401 2364609609 1747923927 4101617297
262734401 2364609609 1747923927 4101617297
1221154282 2400453946 2316744710 129249034
2769275283 3448641067 3563789365 972998531
430512562 3874613058 1311854334 511779154
1511935398 722516694 414775786 2207682950
2221677423 2815227623 3853940473 3862212127
2147483648 2147483648 2147483648 2147483648
2147483648 2147483648 2147483648 2147483648
2147483648 2147483648 2147483648 2147483648
3667621810 2943825218 2750923006 724623186
3667621810 2943825218 2750923006 724623186
3147187208 2554881096 3665829048 1519093384
3821408928 32941984 1993059424 296477856
710749939 2101782155 3462346709 1736170211
1431655765 4294967293 2863311523 4294967269
3078108121 1933169313 2077010047 218654633
2237572388 2958282308 4219524668 854736996
343136950 3088232550 3597182554 2024289174
3168314192 2745023952 4151749680 3230379088
852371270 3376374134 2424670026 322596134
852371270 3376374134 2424670026 322596134
852371270 3376374134 2424670026 322596134
2823700780 3938470540 520608500 1086496492
484513173 65651261 2553868387 590861349
1431655765 4294967293 2863311523 4294967269
0 0 0 0
2 18 46 162
555927130 708376874 4196389398 2080424570
851451488 3368096096 2403515040 248093792
2109308098 1803903698 1269445998 3350231394
3429860853 803976605 1577388291 2940822149
3429860853 803976605 1577388291 2940822149
3429860853 803976605 1577388291 2940822149
3429860853 803976605 1577388291 2940822149
3429860853 803976605 1577388291 2940822149
235965273 2123687457 1132233983 1933317929
4294967295 4294967287 4294967273 4294967215
4294967295 4294967287 4294967273 4294967215
4294967295 4294967287 4294967273 4294967215
4294967295 4294967287 4294967273 4294967215
4294967295 4294967287 4294967273 4294967215
1070788566 1047162502 3153300538 834527926
1070788566 1047162502 3153300538 834527926
3269397975 3654777999 2181709393 2828230919
2863311530 4294967290 1431655750 4294967242
2114564183 1851208463 1390335953 3775974279
4294967295 4294967287 4294967273 4294967215
4294967295 4294967287 4294967273 4294967215
4294967295 4294967287 4294967273 4294967215
4294967295 4294967287 4294967273 4294967215
1904719570 4257574242 858877150 3958429810
1904719570 4257574242 858877150 3958429810
1 9 23 81
2863311530 4294967290 1431655750 4294967242
2147483648 2147483648 2147483648 2147483648
1944708690 322509026 1778626910 2902581234
2915312529 468008985 2627678727 4212080865
3282859885 3775935189 2491333323 3918645629
3775789133 3917331125 943804139 896241757
3230648682 3306034362 1290475654 3984505482
3683416589 3085978229 3114202923 2004000285
2427108491 369139939 4283887741 3322259451
2427108491 369139939 4283887741 3322259451
2427108491 369139939 4283887741 3322259451
2427108491 369139939 4283887741 3322259451
2427108491 369139939 4283887741 3322259451
284754346 2562789114 2254382662 1590265546
4185734344 3311870728 1782609400 4037032776
51946055 467514495 1194759265 4207630455
3815668381 4276244357 1861026843 4126460845
133905646 1205150814 3079829858 2256422734
4016304672 1787003680 2180694240 3198131232
1 9 23 81
1733957529 2720715873 1226317503 3011606377
2147483648 2147483648 2147483648 2147483648
3806458175 4193352503 1649192105 3380434159
1726488741 2653496781 1054535379 2406634549
1726488741 2653496781 1054535379 2406634549
1726488741 2653496781 1054535379 2406634549
1726488741 2653496781 1054535379 2406634549
0 0 0 0
340660246 3065942214 3540218362 1823676150
3284969157 3794918637 2539846579 4089496661
2863311530 4294967290 1431655750 4294967242
2863311530 4294967290 1431655750 4294967242
2863311530 4294967290 1431655750 4294967242
2649750199 2372915311 814712433 4176368615
3431146775 815549903 1606964497 3044981831
3901280260 751783972 3830100060 2471088452
2 18 46 162
1409732347 4097656531 2359072909 2519170411
892568827 3738152147 3349213837 3578598251
2511447444 1128190516 1928716364 1563780052
2511447444 1128190516 1928716364 1563780052
1021863173 606833965 2028016499 1166538389
2384000345 4276133921 3292400383 4125466921
2384000345 4276133921 3292400383 4125466921
2384000345 4276133921 3292400383 4125466921
2384000345 4276133921 3292400383 4125466921
2147483648 2147483648 2147483648 2147483648
2617375171 2081540059 70086789 1553991347
576632175 894722279 377638137 3757533215
442705493 3984349437 1592291747 1499406565
4149763675 2988134707 955284013 1123408587
2432031138 413443762 102141326 3720993858
2780741180 3551834140 3827504996 1901736188
2838261294 4069515166 855500322 2265898126
2936860300 661938924 3123277460 1662483020
1360780738 3657092050 1233185902 2849057378
2169343764 2344224692 2650266316 3918153044
2230693492 2896372244 4061310060 297546420
1564945483 1199607459 1634007741 2206532539
1564945483 1199607459 1634007741 2206532539
1564945483 1199607459 1634007741 2206532539
1564945483 1199607459 1634007741 2206532539
1431655765 4294967293 2863311523 4294967269
1931578941 204341285 1476642683 1839071565
4294967295 4294967287 4294967273 4294967215
4294967295 4294967287 4294967273 4294967215
4294967295 4294967287 4294967273 4294967215
4294967295 4294967287 4294967273 4294967215
4294967295 4294967287 4294967273 4294967215
2147483648 2147483648 2147483648 2147483648
2147483648 2147483648 2147483648 2147483648
2147483648 2147483648 2147483648 2147483648
2147483648 2147483648 2147483648 2147483648
3831020245 119443837 2214119715 1074994533
586664444 985012700 608380324 275179708
3692955676 3171830012 3333601924 2776666332
4294967294 4294967278 4294967250 4294967134
1431655765 4294967293 2863311523 4294967269
1 9 23 81
916593917 3954377957 3901790907 1229663245
3978358781 1445490661 1307938747 124514061
2943626527 722834967 3278900681 2210547407
2943626527 722834967 3278900681 2210547407
2943626527 722834967 3278900681 2210547407
2943626527 722834967 3278900681 2210547407
1881016046 4044242526 313696098 2038444366
97980287 881822583 2253546601 3641435951
3571978699 2083037219 551131453 1567465787
3571978699 2083037219 551131453 1567465787
3571978699 2083037219 551131453 1567465787
3173897224 2795271240 4280159416 3682604680
2 18 46 162
1879335181 4029114741 275036203 1902294301
855370424 3403366520 2493650568 565527608
2499481370 1020495850 1653496662 594528058
1091962977 1237732201 3640311991 2549655217
3885412191 608971351 3465134473 1185774863
587507399 992599295 627768289 343459063
4294967294 4294967278 4294967250 4294967134
56472009 508248081 1298856207 279265433
4294967294 4294967278 4294967250 4294967134
1441245816 86310456 3083882696 776794104
1295818463 3072431575 4034020873 1882080399
597941426 1086505538 867750910 1188615250
826008245 3139106909 1818320451 2482158405
55744938 501704442 1282133574 220372682
197950752 1781556768 257900000 3149109024
2187087405 2503917461 3058370059 1060420669
103247527 929227743 2374693121 4068082391
1084930963 1174444075 3478575669 1980062083
983491452 261488476 1145466916 2353396284
1330706073 3386420065 541468607 413009513
2 18 46 162
957241880 25242328 541726760 227180952
957241880 25242328 541726760 227180952
0 0 0 0
102992884 926935956 2368836332 4047456308
2147483648 2147483648 2147483648 2147483648
2 18 46 162
2219730676 2797706900 3809165292 3704525620
943292515 4194665339 220891365 3392249683
2992573875 1163361099 109722389 1880315299
2992573875 1163361099 109722389 1880315299
2992573875 1163361099 109722389 1880315299
2992573875 1163361099 109722389 1880315299
2992573875 1163361099 109722389 1880315299
2295613330 3480650786 1259499038 1261086002
1342726584 3494604664 817940360 1386670904
2147483648 2147483648 2147483648 2147483648
3100874755 2138069019 2600642629 2062751987
485970819 78770075 2587394245 708930675
1431655765 4294967293 2863311523 4294967269
971341341 152137477 866014363 1369237293
1048035233 842382505 2629973879 3286475249
2941473429 703457085 3229379427 2036146469
1732072575 2703751287 1182963561 2858925103
1092795511 1245225007 3659460273 2617090471
403432042 3630888378 689002374 2613224330
4207501275 3507773107 2283248813 1505186891
4207501275 3507773107 2283248813 1505186891
4207501275 3507773107 2283248813 1505186891
4207501275 3507773107 2283248813 1505186891
3890315844 653104228 3577918492 1582970756
2147483648 2147483648 2147483648 2147483648
3789076649 4036918769 1249417007 1972530553
2 18 46 162
3357619713 153806345 4210809367 1384257105
2458654396 653053084 714476260 1582510460
1431655765 4294967293 2863311523 4294967269
3695557349 3195245069 3393440403 2987401845
2147483648 2147483648 2147483648 2147483648
2147483648 2147483648 2147483648 2147483648
2 18 46 162
3895137426 696498466 3688814878 1973518898
2621179538 2115779362 157587230 1862145074
2621179538 2115779362 157587230 1862145074
2621179538 2115779362 157587230 1862145074
3223370364 3240529500 1123074340 3394961724
3135197008 2446969296 3390054448 547887184
764647993 2586864641 407034655 1806945289
764647993 2586864641 407034655 1806945289
764647993 2586864641 407034655 1806945289
2223276912 2829623024 3890728720 3991770736
3794761498 4088082410 1380168534 2433003322
3115564290 2270274834 2938501934 3252604322
3115564290 2270274834 2938501934 3252604322
3115564290 2270274834 2938501934 3252604322
3115564290 2270274834 2938501934 3252604322
998666203 398061235 1494486189 3582551115
998666203 398061235 1494486189 3582551115
3312828302 4045650942 3180606914 2051120110
1950857022 377844014 1920038546 3400596126
1431655765 4294967293 2863311523 4294967269
1877027662 4008347070 221963266 1715385262
2 18 46 162
4294967294 4294967278 4294967250 4294967134
1902774159 4240065543 814132697 3800851519
3246982364 3453037500 1666150340 1012566428
3101189620 2140902804 2607884524 2088256052
377505901 3397553109 92701131 513206909
1 9 23 81
2396721704 95658856 3584991640 860929704
2465498189 714647221 871883499 2136857693
1786571455 3194241207 2436437801 2978367087
64757740 582819660 1489428020 950409644
2863311530 4294967290 1431655750 4294967242
4294967294 4294967278 4294967250 4294967134
3999827575 1638709807 1801721009 1863486375
1466662369 315059433 3668463415 2835534897
1 9 23 81
2153667472 2203138064 2289711600 2648373392
1464316247 293944335 3614502609 2645499015
1464316247 293944335 3614502609 2645499015
1464316247 293944335 3614502609 2645499015
1464316247 293944335 3614502609 2645499015
4294967295 4294967287 4294967273 4294967215
1213058969 2327596129 2130552511 3768495977
4294967294 4294967278 4294967250 4294967134
4294967294 4294967278 4294967250 4294967134
4294967294 4294967278 4294967250 4294967134
4294967294 4294967278 4294967250 4294967134
4294967294 4294967278 4294967250 4294967134
4294967294 4294967278 4294967250 4294967134
4294967294 4294967278 4294967250 4294967134
605896929 1158105065 1050727479 1833010993
2147483648 2147483648 2147483648 2147483648
2 18 46 162
2863311530 4294967290 1431655750 4294967242
2602000130 1943164690 4011428142 308613026
0 0 0 0
2574875059 1699039051 3387551509 2406449571
455263477 4097371293 1881125379 2516603269
455263477 4097371293 1881125379 2516603269
2658848338 2454798562 1023969630 618350578
2147483648 2147483648 2147483648 2147483648
1227556911 2458077607 2464005177 647861983
3867706705 449621977 3057908295 4046597793
2349788660 3968228756 2505531628 1354320436
4152486014 3012635758 1017897810 1343918046
2 18 46 162
2 18 46 162
2 18 46 162
2806830411 3786637219 132590013 4014963899
2806830411 3786637219 132590013 4014963899
2806830411 3786637219 132590013 4014963899
4294967294 4294967278 4294967250 4294967134
4294967294 4294967278 4294967250 4294967134
4294967294 4294967278 4294967250 4294967134
4294967294 4294967278 4294967250 4294967134
4294967294 4294967278 4294967250 4294967134
736998169 2338016225 4066055999 3862276841
4294967295 4294967287 4294967273 4294967215
1049487394 855451954 2663373582 3404100290
3892514580 672892852 3628489420 1761068372
792753845 2839817309 1053469251 4083519301
0 0 0 0
2147483648 2147483648 2147483648 2147483648
3209075893 3111879261 794301507 2237109573
3889031022 641540830 3548367586 1478900174
3911154431 840651511 4057205993 3270896303
2863311530 4294967290 1431655750 4294967242
2863311530 4294967290 1431655750 4294967242
2863311530 4294967290 1431655750 4294967242
2863311530 4294967290 1431655750 4294967242
2863311530 4294967290 1431655750 4294967242
1217562583 2368128655 2234135633 4133288711
2 18 46 162
2 18 46 162
2235354003 2938316843 4168501813 675047811
1 9 23 81
639823911 1463447903 1831048065 286129239
2584627183 1786808167 3611850361 3196371615
1402685717 4034236861 2197000419 1948393381
2779802869 3543389341 3805923843 1825732997
4294967294 4294967278 4294967250 4294967134
1 9 23 81
3716398728 3382817480 3872792120 380586248
829511217 3170633657 1898888807 2765899137
3824495409 60720313 2064048487 546482817
2863311530 4294967290 1431655750 4294967242
2497144926 999467854 1599758450 405276094
290248144 2612233296 2380740016 2035263184
2822095463 3924022687 483686209 956465815
2310401347 3613742939 1599623429 2458915379
1431655765 4294967293 2863311523 4294967269
1431655765 4294967293 2863311523 4294967269
1 9 23 81
2863311530 4294967290 1431655750 4294967242
1690139580 2326354332 218504676 3757319804
4294967295 4294967287 4294967273 4294967215
4274852719 4113936103 3832332025 2665686559
2863311530 4294967290 1431655750 4294967242
3950725939 1196795083 672383381 2181221155
1334152749 3417440149 620742155 692190269
1381601663 3844480375 1712067177 240585007
2961225938 881229666 3683687134 3636099698
3892295865 670924417 3623458975 1743352457
370744385 3336699465 4232153559 4260491409
370744385 3336699465 4232153559 4260491409
370744385 3336699465 4232153559 4260491409
2009956175 909736391 3279319065 3892660223
2863311530 4294967290 1431655750 4294967242
588333397 1000033277 646766243 410364901
1431655765 4294967293 2863311523 4294967269
850354428 3358222556 2378282660 159231932
480399858 28631426 2459262142 257682834
777231523 2700116411 696455845 2826211219
1886840692 4096664340 447662956 2510240692
0 0 0 0
0 0 0 0
0 0 0 0
321311729 2891805561 3095202471 256446273
1258870 11329830 28954010 101968470
2147483648 2147483648 2147483648 2147483648
3463258168 1104552440 2345526536 1351037368
3956468232 1248475720 804456120 2646346888
3630647169 2611053449 1900506263 2024644561
4021392433 1832793529 2297712743 3610239873
4134853150 2853939982 612341938 4210623358
4134853150 2853939982 612341938 4210623358
1077657742 1108985086 3311291586 1390931182
1077657742 1108985086 3311291586 1390931182
1077657742 1108985086 3311291586 1390931182
4009123402 1722372250 2015525030 2616448362
1992153374 749511182 2869854642 2450633342
463296482 4169668338 2065884494 3167276674
1213779504 2334080944 2147124816 3826859312
2657541811 2443039819 993919509 512521891
4240392982 3803798470 3039758074 4169415158
4163734527 3113872375 1276613609 2255047599
3587401385 2221841393 905853231 2816703353
3587401385 2221841393 905853231 2816703353
2147483648 2147483648 2147483648 2147483648
2147483648 2147483648 2147483648 2147483648
1765988590 3008995422 1963031906 1311155022
1732636106 2708823066 1195924774 2904571114
3364751897 217996001 79882303 1961964009
3933310561 1040056681 271829687 770575537
766497519 2603510375 449573753 1956756895
684126501 1862171213 2850007635 3874639029
1702601654 2438512998 505132378 471780502
3708635330 3312946898 3694233966 4046718306
867632946 3513729218 2775688574 1558791890
1742717720 2799557592 1427801896 3721181848
734556071 2316037343 4009887745 3664466903
734556071 2316037343 4009887745 3664466903
734556071 2316037343 4009887745 3664466903
734556071 2316037343 4009887745 3664466903
734556071 2316037343 4009887745 3664466903
0 0 0 0
1550636083 1070822859 1304891541 1047471139
0 0 0 0
927783229 4055081765 4159145083 2135997517
2147483648 2147483648 2147483648 2147483648
924128565 4022189789 4075087811 1839969733
924128565 4022189789 4075087811 1839969733
1665661047 2106047535 3950465713 1774558631
375740035 3381660315 52086213 370171763
1219268624 2383483024 2273374576 4271478032
2408718925 203633845 3860927723 1832704605
2408718925 203633845 3860927723 1832704605
2408718925 203633845 3860927723 1832704605
1721532909 2608894293 940551243 2005212157
3607338579 2401276139 1364408693 136648771
2930174079 601762935 2969494377 1120899119
1702366008 2436392184 499712520 452693176
1702366008 2436392184 499712520 452693176
1702366008 2436392184 499712520 452693176
1702366008 2436392184 499712520 452693176
453112463 4078012167 1831652057 2342371135
2147483648 2147483648 2147483648 2147483648
3112456360 2242303464 2867019544 3000861992
552601670 678447734 4119903818 1811062310
1522855092 820793940 665928748 3092178164
1122581596 1513299772 49572932 734796060
303642720 2732784480 2688815264 3120223840
303642720 2732784480 2688815264 3120223840
303642720 2732784480 2688815264 3120223840
303642720 2732784480 2688815264 3120223840
303642720 2732784480 2688815264 3120223840
1016941892 562542436 1914827036 767914628
2061734187 1375738499 175246045 3791711899
3466873225 1137087953 2428672847 1643856985
2 18 46 162
2715847077 2967787213 2334940627 940281141
1323872005 3324913453 384285043 4154417301
2400454558 129254542 3670847282 1163290878
2872523769 82910145 1643537247 746191305
2147483648 2147483648 2147483648 2147483648
1005055247 455562631 1641434201 4100063679
4144266762 2938662490 828855014 678158634
2623061555 2132717515 200873621 2014588451
4080165387 2361750115 3649490685 4075881851
1800778202 3322101930 2763192982 4129113594
1 9 23 81
2147483648 2147483648 2147483648 2147483648
1929554169 186118337 1430072927 1675065033
2 18 46 162
1 9 23 81
2206710967 2680529519 3509711985 2649929191
4261975616 3998042176 3536158656 1622641216
3853447512 321289240 2729946856 2891603160
3853447512 321289240 2729946856 2891603160
3865646079 431076343 3010513897 3879687087
191409436 1722684924 107449732 2619262428
2 18 46 162
2863311530 4294967290 1431655750 4294967242
2147483648 2147483648 2147483648 2147483648
2618568086 2092276294 97523834 1650617462
1516685137 765264345 524019783 2592411809
4241552759 3814236463 3066432945 4263357095
1527813679 865421223 779976249 3493823711
2 18 46 162
3681265971 3066622667 3064738709 1829800227
313325724 2819931516 2911524356 3904547164
313325724 2819931516 2911524356 3904547164
3701293440 3246869888 3525370496 3452025216
3701293440 3246869888 3525370496 3452025216
3701293440 3246869888 3525370496 3452025216
2535116363 1341210787 2473101501 3480962491
4010124803 1731384859 2038557253 2697561843
3884586232 601537720 3446137416 1118872184
3884586232 601537720 3446137416 1118872184
3884586232 601537720 3446137416 1118872184
3884586232 601537720 3446137416 1118872184
3884586232 601537720 3446137416 1118872184
4224595381 3661620061 2676413251 2889809477
3718590500 3402543428 3923202876 558119780
3138796511 2479364823 3472843017 839446927
3743903857 3630363641 210442791 2608501697
1837638279 3653842623 3610974753 2819812535
3530464214 1709406854 3891265594 2499759798
0 0 0 0
519899297 384126377 3367749239 3457137393
2598675349 1913241661 3934958179 39305765
4064340113 2219322649 3285509383 2794034657
4064340113 2219322649 3285509383 2794034657
549321780 648928724 4044466348 1545391220
812713061 3019450253 1512531219 1405248501
545759092 616864532 3962524524 1256813492
2506310075 1081954195 1810556877 1147653163
425970990 3833738910 1207398178 143911822
692755915 1939835939 3048484157 278654267
4149628325 2986916557 952170963 1112445237
4023632734 1852956238 2349239666 3791704254
358306610 3224759490 3946084734 3253031634
358306610 3224759490 3946084734 3253031634
358306610 3224759490 3946084734 3253031634
358306610 3224759490 3946084734 3253031634
358306610 3224759490 3946084734 3253031634
3018759146 1399028538 711983622 4001322250
1893116404 4153145748 592004332 3018573364
1 9 23 81
3849781455 288294727 2645627545 2594652543
2826379860 3962582260 582227340 1303501972
4294967295 4294967287 4294967273 4294967215
4294967295 4294967287 4294967273 4294967215
4294967295 4294967287 4294967273 4294967215
4294967295 4294967287 4294967273 4294967215
4294967295 4294967287 4294967273 4294967215
1907050246 4278550326 912482698 4147214566
3351750256 100981232 4075811856 908831088
0 0 0 0
977612017 208573561 1010239911 1877162049
3057237194 1745330970 1596978726 2823076842
196821921 1771397289 231936887 3057673713
0 0 0 0
2234765655 2933021711 4154969809 627391623
1886355019 4092293283 436492477 2470901179
3932930136 1036632856 263079912 739761112
4294967294 4294967278 4294967250 4294967134
1431655765 4294967293 2863311523 4294967269
1 9 23 81
1825235594 3542218458 3325712998 1815195050
2863311530 4294967290 1431655750 4294967242
4165622283 3130862179 1320031997 2407955835
4165622283 3130862179 1320031997 2407955835
2313954992 3645725744 1681357264 2746760624
597105891 1078985723 848533605 1120936915
3865581793 430497769 3009035319 3874479921
2316310512 3666925424 1735534224 2937557744
2316310512 3666925424 1735534224 2937557744
2316310512 3666925424 1735534224 2937557744
2316310512 3666925424 1735534224 2937557744
2 18 46 162
2933443718 631189686 3044696074 1385739878
4294967294 4294967278 4294967250 4294967134
256030004 2304270036 1593722796 3558561140
256030004 2304270036 1593722796 3558561140
256030004 2304270036 1593722796 3558561140
2003197102 848904734 3123860386 3345175310
225774608 2031971472 897848688 1107874064
3188962818 2930861586 331700782 607950498
84355066 759195594 1940166518 2537793050
1763455395 2986196667 1904768421 1105966227
2741489659 3198570451 2924720013 3017330283
3043157532 1618614012 1273146500 1682624220
3043157532 1618614012 1273146500 1682624220
3043157532 1618614012 1273146500 1682624220
0 0 0 0
3487308708 1321007300 2898688956 3299131108
4294967295 4294967287 4294967273 4294967215
0 0 0 0
3383375989 385612829 508236419 3470515461
4294967294 4294967278 4294967250 4294967134
4294967294 4294967278 4294967250 4294967134
3744494103 3635675855 224018449 2656311623
3744494103 3635675855 224018449 2656311623
2126134092 1955337644 1656443860 418169612
2147483648 2147483648 2147483648 2147483648
2863311530 4294967290 1431655750 4294967242
2863311530 4294967290 1431655750 4294967242
2863311530 4294967290 1431655750 4294967242
3925528914 970021858 92851806 140262130
4294967295 4294967287 4294967273 4294967215
2240971332 2988872804 2733084 1130051460
419490486 3775414374 1058346586 3913958294
2863311530 4294967290 1431655750 4294967242
2863311530 4294967290 1431655750 4294967242
2863311530 4294967290 1431655750 4294967242
2863311530 4294967290 1431655750 4294967242
2863311530 4294967290 1431655750 4294967242
2863311530 4294967290 1431655750 4294967242
1138212025 1653973633 409072799 2000860809
3629949223 2604771935 1884453505 1968110935
1178894644 2020117204 1344773036 1001185652
1178894644 2020117204 1344773036 1001185652
1178894644 2020117204 1344773036 1001185652
1178894644 2020117204 1344773036 1001185652
2535092926 1340999854 2472562450 3479064094
1170022201 1940265217 1140706847 282517769
1420703250 4196394658 2611403678 3407813554
4294967295 4294967287 4294967273 4294967215
0 0 0 0
1879729647 4032664935 284108921 1934246047
659924329 1644351665 2293357679 1914263097
1086510493 1188659845 3514904859 2108004013
2147483648 2147483648 2147483648 2147483648
897651355 3783894899 3466111981 3990283019
897651355 3783894899 3466111981 3990283019
897651355 3783894899 3466111981 3990283019
2863311530 4294967290 1431655750 4294967242
3855431240 339142792 2775572600 3052285128
3855431240 339142792 2775572600 3052285128
3855431240 339142792 2775572600 3052285128
3855431240 339142792 2775572600 3052285128
2147483648 2147483648 2147483648 2147483648
3559622756 1971833732 266944764 566634404
0 0 0 0
0 0 0 0
0 0 0 0
4294967294 4294967278 4294967250 4294967134
4294967294 4294967278 4294967250 4294967134
0 0 0 0
4188452503 3336334159 1845127057 4257203655
1431655765 4294967293 2863311523 4294967269
612804060 1220269244 1209591492 2392488604
1124215332 1528003396 87148860 867128676
2 18 46 162
4294967294 4294967278 4294967250 4294967134
968012509 122177989 789451227 1099601901
1431655765 4294967293 2863311523 4294967269
659262565 1638395789 2278137107 1860660213
659262565 1638395789 2278137107 1860660213
1410978392 4108870936 2387731944 2620100056
1863913455 3890319207 4215303801 653134495
2863311530 4294967290 1431655750 4294967242
315138567 2836247103 2953219745 4051387447
315138567 2836247103 2953219745 4051387447
315138567 2836247103 2953219745 4051387447
315138567 2836247103 2953219745 4051387447
3502429488 1457094320 3246466896 228946992
622262836 1305398228 1427143340 3158649460
4294967294 4294967278 4294967250 4294967134
2863311530 4294967290 1431655750 4294967242
1242881021 2595994597 2816459707 1889114893
1431655765 4294967293 2863311523 4294967269
1431593571 4294407547 2861881061 4289929555
1 9 23 81
4294967294 4294967278 4294967250 4294967134
851531255 3368813999 2405349681 254554919
1 9 23 81
2345302530 3927853586 2402350638 990943906
632093092 1393870532 1653239228 3954900196
2591532873 1848959377 3770681231 3755732505
2809694075 3812410195 198454285 4246920683
3382294567 375880031 483363713 3382920279
2518781255 1194194815 2097394017 2157818743
1431655765 4294967293 2863311523 4294967269
3096848079 2101828935 2508029081 1736591231
2560323744 1568077216 3052871264 1227793056
168517231 1516655079 3875896313 764993823
2147483648 2147483648 2147483648 2147483648
3423937385 750665393 1441148527 2461021241
2147483648 2147483648 2147483648 2147483648
3869453185 465340297 3098077335 4188062673
4294967295 4294967287 4294967273 4294967215
1601090794 1524915258 2465349894 839335434
3950044187 1190659315 656703085 2125999243
633255551 1404332663 1679975785 4049059375
700943581 2013524933 3236800475 941855213
4294967294 4294967278 4294967250 4294967134
0 0 0 0
4289086169 4242037153 4159701375 3818596009
1879670807 4032135375 282755601 1929480007
1879670807 4032135375 282755601 1929480007
1879670807 4032135375 282755601 1929480007
1879670807 4032135375 282755601 1929480007
3275311696 3708001488 2317724976 3307242320
3275311696 3708001488 2317724976 3307242320
3275311696 3708001488 2317724976 3307242320
2863311530 4294967290 1431655750 4294967242
1339553923 3466050715 744969157 1129685363
1008790324 489178324 1727340972 107637620
2147483648 2147483648 2147483648 2147483648
4215672397 3581313205 2471184619 2167047773
3985515796 1509903796 1472550092 704232276
3985515796 1509903796 1472550092 704232276
3985515796 1509903796 1472550092 704232276
3985515796 1509903796 1472550092 704232276
3985515796 1509903796 1472550092 704232276
666905617 1707183257 2453927303 2479747425
3290758979 3847027035 2673012485 263504947
2900708318 336571086 2291781874 3029139774
1240213422 2571986206 2755104930 1673039374
3875619671 520838671 3239906513 392580743
1405396512 4058634016 2259348704 2167967776
1487401410 501710802 4145461358 220429922
1487401410 501710802 4145461358 220429922
2147483648 2147483648 2147483648 2147483648
4294967295 4294967287 4294967273 4294967215
3271809541 3676482093 2237175411 3023567765
218781574 1969034166 737008906 541438310
2698552174 2812133086 1937157858 3834361294
3042337163 1611230691 1254278013 1616174331
1886957049 4097711553 450339167 2519665609
2185255249 2487428057 3016230471 912016033
2185255249 2487428057 3016230471 912016033
2185255249 2487428057 3016230471 912016033
2185255249 2487428057 3016230471 912016033
2185255249 2487428057 3016230471 912016033
3355567708 135338300 4163613252 1218044700
3355567708 135338300 4163613252 1218044700
2147483648 2147483648 2147483648 2147483648
1175422313 1988866225 1264909423 719926841
4211539349 3544115773 2376124515 1832270885
4294967295 4294967287 4294967273 4294967215
2007550258 888083138 3223982974 3697780946
3384106316 392185772 525033940 3529671948
3384106316 392185772 525033940 3529671948
3384106316 392185772 525033940 3529671948
3384106316 392185772 525033940 3529671948
2253386335 3100607831 288278153 2135666703
2253386335 3100607831 288278153 2135666703
2253386335 3100607831 288278153 2135666703
701774393 2021002241 3255909151 1009150985
1900017735 4215257727 750734945 3577581175
1431655765 4294967293 2863311523 4294967269
4294967295 4294967287 4294967273 4294967215
0 0 0 0
2095882736 1683075440 960662672 2262777072
2095882736 1683075440 960662672 2262777072
824771405 3127975349 1789873131 2381974365
2752804894 3300407566 3184970418 3933864318
2752804894 3300407566 3184970418 3933864318
2752804894 3300407566 3184970418 3933864318
2752804894 3300407566 3184970418 3933864318
2047443419 1247121587 4141525677 2634159691
3136526621 2458935813 3420635547 655585837
3136526621 2458935813 3420635547 655585837
3136526621 2458935813 3420635547 655585837
3136526621 2458935813 3420635547 655585837
3136526621 2458935813 3420635547 655585837
1431655765 4294967293 2863311523 4294967269
3760446885 3779250893 590932435 3948486965
2570067438 1655770462 3276976226 2017032270
2335049258 3835574138 2166525382 160428874
2863311530 4294967290 1431655750 4294967242
1759736671 2952728151 1819237769 804749583
1759736671 2952728151 1819237769 804749583
3901511146 753861946 3835410438 2489790218
3901511146 753861946 3835410438 2489790218
3901511146 753861946 3835410438 2489790218
3901511146 753861946 3835410438 2489790218
3901511146 753861946 3835410438 2489790218
882042526 3643415438 3107108914 2725967870
3550020567 1885414031 46094417 4083824391
2629135427 2187382363 340572677 2506572083
2177974369 2421900137 2848770231 322264753
2177974369 2421900137 2848770231 322264753
2177974369 2421900137 2848770231 322264753
2177974369 2421900137 2848770231 322264753
3190104042 2941132602 357948934 700389642
3190104042 2941132602 357948934 700389642
1431655765 4294967293 2863311523 4294967269
1431655765 4294967293 2863311523 4294967269
1431655765 4294967293 2863311523 4294967269
1431655765 4294967293 2863311523 4294967269
4294967294 4294967278 4294967250 4294967134
0 0 0 0
698467731 1991242283 3179855925 741311363
657251494 1620296150 2231882474 1697763462
1378171684 3813610564 1633177660 4257724004
1378171684 3813610564 1633177660 4257724004
3734816561 3548577977 1434983 1872430721
3734816561 3548577977 1434983 1872430721
3734816561 3548577977 1434983 1872430721
3734816561 3548577977 1434983 1872430721
3734816561 3548577977 1434983 1872430721
1131385628 1592536060 252065668 1447922652
2147483648 2147483648 2147483648 2147483648
288527030 2596743270 2341154394 1895852950
288527030 2596743270 2341154394 1895852950
288527030 2596743270 2341154394 1895852950
288527030 2596743270 2341154394 1895852950
17705433 159348897 407224959 1434140073
1431655765 4294967293 2863311523 4294967269
1431655765 4294967293 2863311523 4294967269
1431655765 4294967293 2863311523 4294967269
1431655765 4294967293 2863311523 4294967269
1431655765 4294967293 2863311523 4294967269
2816681080 3875293240 359155400 517900792
2015050478 955585118 3396488034 10331470
3041963521 1607867913 1245684247 1585909329
4294967295 4294967287 4294967273 4294967215
4294967295 4294967287 4294967273 4294967215
4294967295 4294967287 4294967273 4294967215
4294967295 4294967287 4294967273 4294967215
1431655765 4294967293 2863311523 4294967269
4294967294 4294967278 4294967250 4294967134
4190646892 3356083660 1895598004 139981868
409892744 3689034696 837598520 3136541192
409892744 3689034696 837598520 3136541192
409892744 3689034696 837598520 3136541192
1431655765 4294967293 2863311523 4294967269
1431655765 4294967293 2863311523 4294967269
1431655765 4294967293 2863311523 4294967269
1431655765 4294967293 2863311523 4294967269
3085699425 2001491049 2251610039 833550257
2863311530 4294967290 1431655750 4294967242
377427725 3396849525 90903083 506874653
1279470188 2925297100 3658010548 557870124
1194571204 2161206244 1705333916 2270987012
4048300661 2074967581 2916601987 1494839045
2093671804 1663177052 909811236 2083691580
693359975 1945272479 3062377537 327583127
2580601941 1750580989 3519269795 2870327013
1728165809 2668590393 1093107943 2542477057
3866532448 439053664 3030900384 3951482976
1477628162 413751570 3920676654 3723764130
2863311530 4294967290 1431655750 4294967242
2863311530 4294967290 1431655750 4294967242
2863311530 4294967290 1431655750 4294967242
2863311530 4294967290 1431655750 4294967242
2863311530 4294967290 1431655750 4294967242
324631363 2921682267 3171554053 525336627
324631363 2921682267 3171554053 525336627
324631363 2921682267 3171554053 525336627
4065719503 2231737159 3317235353 2905765247
2120847813 1907761133 1534859443 4284948309
1465261159 302448543 3636235585 2722036887
2863311530 4294967290 1431655750 4294967242
1792342561 3246181161 2569173239 3445826673
1491325555 537028107 4235716693 538285667
2454954941 619757989 629388795 1282854605
2127391880 1966657736 1685372984 520050440
2863311530 4294967290 1431655750 4294967242
2863311530 4294967290 1431655750 4294967242
2 18 46 162
2047107535 1244098631 4133800345 2606953087
275653622 2480882598 2045066010 853106902
12091847 108826623 278112481 979439607
1918294354 84780002 1171097182 763020018
1446447605 133126557 3203523843 1198139013
1446447605 133126557 3203523843 1198139013
1446447605 133126557 3203523843 1198139013
1446447605 133126557 3203523843 1198139013
4294967295 4294967287 4294967273 4294967215
155943212 1403488908 3586693876 4041465580
155943212 1403488908 3586693876 4041465580
155943212 1403488908 3586693876 4041465580
155943212 1403488908 3586693876 4041465580
107641038 968769342 2475743874 128989486
2760682962 3371310178 3366165982 277020530
1619170955 1687636707 2881193597 2303828475
2863311530 4294967290 1431655750 4294967242
1 9 23 81
446575753 4019181777 1681307727 1812897625
1032282070 700604038 2267651130 2010469046
409749115 3687742035 834295053 3124907243
3783636704 3987959264 1124298272 1531895008
4100792311 2547392431 4123909937 1451695399
1 9 23 81
513570626 327168338 3222189806 2944515042
937366455 4141330799 84591985 2912238823
3282858312 3775921032 2491297144 3918518216
1778844152 3124695480 2258709832 2352455544
3249157077 3472609917 1716168739 1188718181
3737746815 3574950263 68830825 2109781295
4294967294 4294967278 4294967250 4294967134
2452907492 601330948 582297468 1117011236
2472161887 774620503 1025148553 2676617231
3564372788 2014584020 376195500 951386996
3564372788 2014584020 376195500 951386996
3564372788 2014584020 376195500 951386996
4294967294 4294967278 4294967250 4294967134
1041752909 785841589 2485480427 2777607005
3887338778 626310634 3509445974 1341828410
2278876720 3330021296 874557008 4200387888
2278876720 3330021296 874557008 4200387888
2278876720 3330021296 874557008 4200387888
2278876720 3330021296 874557008 4200387888
2278876720 3330021296 874557008 4200387888
1839123320 3667207992 3645130696 2940100856
2959214819 863129595 3637431397 3473199059
1 9 23 81
1405797372 4062241756 2268568484 2200437436
949015513 4246172321 352520319 3855812521
3732379774 3526646894 4240356178 1675050974
1431655765 4294967293 2863311523 4294967269
1 9 23 81
3223459975 3241335999 1125135393 3402220215
1863588437 3887394045 4207828387 626808037
1863588437 3887394045 4207828387 626808037
2147483648 2147483648 2147483648 2147483648
806937210 2967467594 1379686646 937404570
3939411122 1094961730 412142590 1264720978
3939411122 1094961730 412142590 1264720978
968648010 127897498 804067750 1151077482
3399136003 527452955 870716741 452109299
1354428217 3599919361 1087077919 2334503177
1499859468 613833324 137029396 1229532620
4290303193 4252990369 4187692927 3917174953
305719031 2751471279 2736570417 3288405031
2 18 46 162
3371719208 280701800 240130456 2526316200
3077847985 1930828089 2071026919 197583617
2895897094 293270070 2181123722 2639430630
2895897094 293270070 2181123722 2639430630
2895897094 293270070 2181123722 2639430630
2895897094 293270070 2181123722 2639430630
2863311530 4294967290 1431655750 4294967242
1444240982 113266950 3152771514 1019402550
916603402 3954463322 3902009062 1230431530
840264099 3267409595 2146205093 3636882579
840264099 3267409595 2146205093 3636882579
840264099 3267409595 2146205093 3636882579
840264099 3267409595 2146205093 3636882579
840264099 3267409595 2146205093 3636882579
1431655765 4294967293 2863311523 4294967269
377492757 3397434813 92398819 512142245
706334479 2062043015 3360791129 1378517951
3168607760 2747666064 4158501744 3254158096
3808143045 4208516333 1687944115 3516908629
1916705631 70481495 1134556553 634333455
2158965832 2250823304 2411573880 3077540552
2937318079 666058935 3133806377 1699563119
804424000 2944848704 1321882816 733834560
3904930470 784635862 3914054890 2766755462
656241088 1611202496 2208643136 1615920576
656241088 1611202496 2208643136 1615920576
656241088 1611202496 2208643136 1615920576
2147483648 2147483648 2147483648 2147483648
0 0 0 0
2147296048 2145795248 2143168848 2132288048
1852447922 3787129410 3951596542 4019393618
2655860735 2427910135 955254761 376354735
2 18 46 162
2863311530 4294967290 1431655750 4294967242
4294967295 4294967287 4294967273 4294967215
3207479172 3097508772 757576924 2107775172
851000253 3364034981 2393136635 211543757
1017772678 570019510 1933935114 835208294
3611712549 2440641869 1465010003 490940341
1139667844 1667076004 442556636 2118782148
1139667844 1667076004 442556636 2118782148
2147483648 2147483648 2147483648 2147483648
1431655765 4294967293 2863311523 4294967269
1431655765 4294967293 2863311523 4294967269
1992237120 750264896 2871780800 2457416768
3886858415 621987367 3498397625 1302919007
3886858415 621987367 3498397625 1302919007
2637920017 2266443673 542618247 3218123873
3145883465 2543147409 3635842959 1413490201
3145883465 2543147409 3635842959 1413490201
3145883465 2543147409 3635842959 1413490201
3145883465 2543147409 3635842959 1413490201
1491492078 538526814 4239546722 551774030
1 9 23 81
309199312 2782793808 2816616880 3570307792
3187520663 2917882191 298531217 491135943
1757758077 2934920805 1773730107 644483469
1757758077 2934920805 1773730107 644483469
1757758077 2934920805 1773730107 644483469
1790217069 3227051733 2520286923 3273661821
1724670975 2637136887 1012726761 2259395503
1 9 23 81
1 9 23 81
1 9 23 81
1856677305 3825193857 4048872351 67006345
408730110 3678570990 810857938 3042367838
1 9 23 81
942380661 4186458653 199918723 3318389509
942380661 4186458653 199918723 3318389509
942380661 4186458653 199918723 3318389509
942380661 4186458653 199918723 3318389509
2622296631 2125833199 183280369 1952629607
2701213377 2836083913 1998365527 4049918737
1463367333 285404109 3592677587 2568636981
3579406526 2149887662 721971474 2169119774
1481322462 447000270 4005645554 4023002430
2493216273 964109977 1509399431 87055201
1 9 23 81
4294967294 4294967278 4294967250 4294967134
686160205 1880474549 2896782827 4039369053
2863311530 4294967290 1431655750 4294967242
0 0 0 0
3323869521 4145021913 3434554951 2945458849
3722081567 3433963031 4003497417 840896207
3722081567 3433963031 4003497417 840896207
3682016541 3073377797 3082001819 1890596397
1515458492 754224540 495806948 2493053564
2299878122 3519033914 1357589254 1606534154
2776185737 3510835153 3722729807 1532745305
3324173666 4147759218 3441550286 2970094594
918691261 3973254053 3950029819 1399548109
1890478520 4129404792 531333000 2804904760
1890478520 4129404792 531333000 2804904760
1890478520 4129404792 531333000 2804904760
1890478520 4129404792 531333000 2804904760
1890478520 4129404792 531333000 2804904760
3241740037 3405856557 1545576819 587937941
3241740037 3405856557 1545576819 587937941
2 18 46 162
4294967295 4294967287 4294967273 4294967215
2982520617 1072881777 4173464751 1066001401
2982520617 1072881777 4173464751 1066001401
2982520617 1072881777 4173464751 1066001401
2942318146 711059538 3248807918 2104568546
1161869721 1866892897 953199807 3917134185
1161869721 1866892897 953199807 3917134185
1161869721 1866892897 953199807 3917134185
1 9 23 81
4201145021 3450566821 2137054971 990330317
4201145021 3450566821 2137054971 990330317
4201145021 3450566821 2137054971 990330317
4201145021 3450566821 2137054971 990330317
4201145021 3450566821 2137054971 990330317
1 9 23 81
4004112845 1677277237 1900282219 2210593245
4033524722 1941984130 2576755390 297987986
1447342389 141179613 3224103875 1270616517
390150701 3511356309 383531531 1537435709
390150701 3511356309 383531531 1537435709
390150701 3511356309 383531531 1537435709
390150701 3511356309 383531531 1537435709
390150701 3511356309 383531531 1537435709
415150110 3736350990 958517938 3562387838
415150110 3736350990 958517938 3562387838
415150110 3736350990 958517938 3562387838
415150110 3736350990 958517938 3562387838
415150110 3736350990 958517938 3562387838
4092261455 2470614727 3927700249 760696063
2147483648 2147483648 2147483648 2147483648
1233795107 2514221371 2607483685 1153155859
1 9 23 81
1513335540 735117972 446979052 2321094452
2 18 46 162
3181936232 2867622312 170089304 38797032
2330897339 3798206867 2071031245 4119090731
3954230999 1228340623 752999761 2465131015
3364938394 219674474 84171734 1977070266
1947345072 346236464 1839263696 3116128176
1947345072 346236464 1839263696 3116128176
1947345072 346236464 1839263696 3116128176
1947345072 346236464 1839263696 3116128176
1947345072 346236464 1839263696 3116128176
2791073611 3644826019 4065150909 2738663099
634347609 1414161185 1705093119 4137516073
1 9 23 81
725016579 2230181915 3790479429 2891768051
725016579 2230181915 3790479429 2891768051
725016579 2230181915 3790479429 2891768051
725016579 2230181915 3790479429 2891768051
596191179 1070753315 827495229 1046845243
2147483648 2147483648 2147483648 2147483648
4294967295 4294967287 4294967273 4294967215
3888276881 634753561 3531022343 1417814753
3268654257 3648084537 2164603879 2767989761
4294967295 4294967287 4294967273 4294967215
4294967295 4294967287 4294967273 4294967215
4294967295 4294967287 4294967273 4294967215
4294967295 4294967287 4294967273 4294967215
4294967295 4294967287 4294967273 4294967215
1208228586 2284122682 2019453702 3377234954
3599201930 2328046298 1177265766 3772547498
4294967295 4294967287 4294967273 4294967215
375004421 3375039789 35167091 310587029
1431655765 4294967293 2863311523 4294967269
1124976338 1534852450 104651998 928770162
4294967295 4294967287 4294967273 4294967215
2868943768 50690136 1561197224 456211224
3652983155 2812077323 2414233941 3833859427
3652983155 2812077323 2414233941 3833859427
126788795 1141099155 2916142285 1679957803
2811236663 3826293487 233933809 76903015
1983324261 670049165 2666785043 1735475189
2147483648 2147483648 2147483648 2147483648
2147483648 2147483648 2147483648 2147483648
2147483648 2147483648 2147483648 2147483648
2147483648 2147483648 2147483648 2147483648
2147483648 2147483648 2147483648 2147483648
1431655765 4294967293 2863311523 4294967269
4027948177 1891795225 2448494855 4141255137
701044935 2014437119 3239131617 950064887
4294967294 4294967278 4294967250 4294967134
4294967294 4294967278 4294967250 4294967134
3651418932 2797999316 2378256812 3707157364
161435363 1452918267 3713013349 191362515
669182553 1727675681 2506296831 2664179241
4294967294 4294967278 4294967250 4294967134
3343204751 24071687 3879265241 216645183
3343204751 24071687 3879265241 216645183
3343204751 24071687 3879265241 216645183
4294967295 4294967287 4294967273 4294967215
4294967295 4294967287 4294967273 4294967215
4294967295 4294967287 4294967273 4294967215
4294967295 4294967287 4294967273 4294967215
2344270574 3918565982 2378615650 907355470
3686074218 3109896890 3175328390 2219268234
176216225 1585946025 4052973175 1388612337
1744804763 2818340979 1475803885 3890232331
1744804763 2818340979 1475803885 3890232331
1744804763 2818340979 1475803885 3890232331
1744804763 2818340979 1475803885 3890232331
3997740334 1619924638 1753714466 1694419854
215305981 1937753829 657070267 259915277
4294967294 4294967278 4294967250 4294967134
2738859208 3174896392 2864219640 2804263752
2113101970 1838048546 1356705054 3657535026
2420481581 309497749 4131468811 2785479741
2615626412 2065801228 29865332 1412341868
1824651314 3536959938 3312274558 1767868370
2863311530 4294967290 1431655750 4294967242
2 18 46 162
3070654000 1866082224 1905565264 3909838128
2 18 46 162
0 0 0 0
2 18 46 162
1055168698 906583690 2794043574 3864285914
3891843264 666851008 3613049152 1706691776
1431655765 4294967293 2863311523 4294967269
403982674 3635844066 701666910 2657825522
3593655618 2278129490 1049700590 3323296226
0 0 0 0
3990731660 1556846572 1592514964 1126717260
2325644495 3750931271 1950215833 3693610367
2325644495 3750931271 1950215833 3693610367
2325644495 3750931271 1950215833 3693610367
573075751 862714463 295840385 3469462871
2440729356 491727724 302200340 130582220
2440729356 491727724 302200340 130582220
2440729356 491727724 302200340 130582220
2440729356 491727724 302200340 130582220
2440729356 491727724 302200340 130582220
1988728467 718687019 2791081781 2173215875
1055133127 906263551 2793225441 3861404663
0 0 0 0
0 0 0 0
0 0 0 0
2369185777 4142802809 2951665319 2925486913
2863311530 4294967290 1431655750 4294967242
1 9 23 81
1 9 23 81
1 9 23 81
1 9 23 81
1 9 23 81
1 9 23 81
4294967294 4294967278 4294967250 4294967134
4294967294 4294967278 4294967250 4294967134
4294967294 4294967278 4294967250 4294967134
1933308387 219906299 1516419941 1979156691
1933308387 219906299 1516419941 1979156691
1933308387 219906299 1516419941 1979156691
1933308387 219906299 1516419941 1979156691
1933308387 219906299 1516419941 1979156691
30919495 278275455 711148385 2504479095
3194391842 2979722802 456568334 1047701442
2863311530 4294967290 1431655750 4294967242
3483717029 1288682189 2816080339 3008205109
4294967294 4294967278 4294967250 4294967134
673669525 1768058429 2609497187 3027623973
673669525 1768058429 2609497187 3027623973
673669525 1768058429 2609497187 3027623973
673669525 1768058429 2609497187 3027623973
1550382166 1068537606 1299051450 1026903862
2585250073 1792414177 3626176831 3246825705
2147483648 2147483648 2147483648 2147483648
1929961877 189787709 1439450211 1708089381
2759764393 3363043057 3345038895 202616441
1786762629 3195961773 2440834803 2993852181
1568804836 1234341636 1722772860 2519140132
2888493842 226640802 2010848926 2039767218
2281922856 3357436520 944618136 152157608
2707970679 2896899631 2153783473 302292903
4294967294 4294967278 4294967250 4294967134
2293260878 3459478718 1205392642 1070537390
3434665604 847219364 1687897564 3330006980
2147483648 2147483648 2147483648 2147483648
0 0 0 0
4294967294 4294967278 4294967250 4294967134
1925711678 151535918 1341695634 1363823262
1925711678 151535918 1341695634 1363823262
1925711678 151535918 1341695634 1363823262
1925711678 151535918 1341695634 1363823262
1925711678 151535918 1341695634 1363823262
1 9 23 81
1320837576 3297603592 314493176 3908628552
3991521526 1563955366 1610681882 1190696406
3975797739 1422441283 1249034781 4212036955
4294967294 4294967278 4294967250 4294967134
1343704664 3503407384 840436200 1465895384
791865897 2831825777 1033046447 4011595513
4267325673 4046192689 3659209967 2055995833
3934032140 1046550892 288426004 829023436
3934032140 1046550892 288426004 829023436
3934032140 1046550892 288426004 829023436
3934032140 1046550892 288426004 829023436
3934032140 1046550892 288426004 829023436
2713268855 2944583215 2275641521 731445159
2935844116 652793268 3099905228 1580172116
227729251 2049563259 942805477 1266200147
1851616610 3779647602 3932476366 3952057346
1897670318 4194130974 696744354 3387440398
1404924013 4054381525 2248481227 2129695357
1404924013 4054381525 2248481227 2129695357
1404924013 4054381525 2248481227 2129695357
1404924013 4054381525 2248481227 2129695357
493175680 143613824 2753106048 1292524416
2449588632 571461208 505963688 848183576
0 0 0 0
0 0 0 0
0 0 0 0
0 0 0 0
3455655840 1036131488 2170672992 735248800
1390735805 3926687653 1922152443 980450509
373684710 3363162390 4813738 203690438
3195908753 2993375001 491457287 1170571233
4294967295 4294967287 4294967273 4294967215
2457489052 642564988 687673348 1488117596
2016944209 972628697 3440043847 163723681
570595568 840392816 238796176 3268568048
3583652416 2188100672 819626944 2513036864
4294967294 4294967278 4294967250 4294967134
1465295076 302753796 3637015676 2724784164
1465295076 302753796 3637015676 2724784164
1465295076 302753796 3637015676 2724784164
1465295076 302753796 3637015676 2724784164
1465295076 302753796 3637015676 2724784164
0 0 0 0
1120770864 1497003184 7926096 588126768
4294967295 4294967287 4294967273 4294967215
3022497189 1432670925 797958611 9136437
4294967295 4294967287 4294967273 4294967215
924375412 4024411412 4080765292 1859964340
4244010613 3836357149 3122963587 167475973
149332875 1343995875 3434656125 3506028283
2863311530 4294967290 1431655750 4294967242
387663544 3488971896 326326920 1335975992
1468041612 327472620 3700186004 2947253580
2922721380 534688644 2798082300 517230500
2922721380 534688644 2798082300 517230500
2922721380 534688644 2798082300 517230500
2922721380 534688644 2798082300 517230500
0 0 0 0
2639565383 2281251967 580461665 3351398519
3647719873 2764707785 2293178455 3407533585
2147483648 2147483648 2147483648 2147483648
1201530380 2223838828 1865394964 2834680268
1201530380 2223838828 1865394964 2834680268
1201530380 2223838828 1865394964 2834680268
3981894990 1477316542 1389271554 410946990
3981894990 1477316542 1389271554 410946990
3981894990 1477316542 1389271554 410946990
3981894990 1477316542 1389271554 410946990
3981894990 1477316542 1389271554 410946990
3919817362 918617890 4256453406 3972593714
1685222850 2282103762 105419886 3359064674
1685222850 2282103762 105419886 3359064674
1685222850 2282103762 105419886 3359064674
2 18 46 162
2293267891 3459541835 1205553941 1071105443
3040044695 1590598479 1201551249 1430484423
3040044695 1590598479 1201551249 1430484423
3040044695 1590598479 1201551249 1430484423
137238494 1235146446 3156485362 2526383422
0 0 0 0
3044737150 1632830574 1309477714 1810573278
1 9 23 81
2147483648 2147483648 2147483648 2147483648
2147483648 2147483648 2147483648 2147483648
2147483648 2147483648 2147483648 2147483648
4294967295 4294967287 4294967273 4294967215
960733484 56666764 622033652 510000876
2 18 46 162
2056475423 1328409623 54294473 3365752015
3037008400 1563271824 1131716464 1184544528
3037008400 1563271824 1131716464 1184544528
3037008400 1563271824 1131716464 1184544528
3037008400 1563271824 1131716464 1184544528
1057977625 931864033 2858648895 4091809001
1057977625 931864033 2858648895 4091809001
1057977625 931864033 2858648895 4091809001
2838844107 4074760483 868905021 2313105979
3070086696 1860976488 1892517272 3863886504
3019086461 1401974373 719511867 4027834765
3018734148 1398803556 711408668 3999297412
1 9 23 81
3193989294 2976099870 447309730 1015095054
4208131844 3513448228 2297751900 1556262980
1431655765 4294967293 2863311523 4294967269
256210014 2305890126 1597863026 3573141950
334999732 3014997588 3410026540 1365174516
4442561 39983049 102178903 359847441
4294967294 4294967278 4294967250 4294967134
1148937424 1750502224 655756976 2869618128
1947102527 344053559 1833685161 3096482031
1053971254 895806694 2766502362 3767292950
679483150 1820381054 2743210562 3498527598
513161452 323485772 3212778804 2911371948
1431655765 4294967293 2863311523 4294967269
1145663484 1721036764 580456356 2604428988
191113146 1720018314 100635062 2595262938
3962331119 1301241703 939302521 3121240735
2950611891 785703243 3439564053 2776361891
2610191158 2016883942 4199821786 972086294
1431655765 4294967293 2863311523 4294967269
1784300531 3173802891 2384206549 2794422243
4149146242 2982577810 941083054 1073396514
4294967294 4294967278 4294967250 4294967134
4294967294 4294967278 4294967250 4294967134
524902830 429158174 3482830498 3862423566
4294967294 4294967278 4294967250 4294967134
2498962877 1015829413 1641571323 552530125
4294967294 4294967278 4294967250 4294967134
486118457 80098817 2590789919 720889353
2863311530 4294967290 1431655750 4294967242
1403885834 4045037914 2224603110 2045602858
2022154271 1019519255 3559875273 585738703
4294967294 4294967278 4294967250 4294967134
4294967294 4294967278 4294967250 4294967134
3917624849 898885273 4206025607 3795000161
2863311530 4294967290 1431655750 4294967242
1431655765 4294967293 2863311523 4294967269
2838596264 4072529896 863204632 2293030696
3161419758 2682974046 3993177698 2671929934
3727430734 3482105534 4126528258 1274178734
2147483648 2147483648 2147483648 2147483648
3889953935 649847047 3569594585 1553656127
1318649171 3277907947 264159861 3731367747
1318649171 3277907947 264159861 3731367747
1318649171 3277907947 264159861 3731367747
1318649171 3277907947 264159861 3731367747
1720578293 2600302749 918595075 1927888261
3008954348 1310785356 486473268 3207133612
212791956 1915127604 599247692 56279252
4294967294 4294967278 4294967250 4294967134
2998881330 1220128194 254793854 2391219154
3805918979 4188499739 1636790597 3336759283
0 0 0 0
1616554013 1664084229 2821003931 2091856173
1447032273 138388569 3216971207 1245497121
3508571766 1512374822 3387739290 726471510
1431655765 4294967293 2863311523 4294967269
1431655765 4294967293 2863311523 4294967269
1494347332 564224100 10250268 783049604
3347188708 59927300 3970896252 539345700
3347188708 59927300 3970896252 539345700
1395175917 3966648661 2024275019 1340099581
993823569 354477529 1383105607 3190297761
385617784 3470560056 279274440 1170269432
2585013356 1790283724 3620732340 3227651628
2058548854 1347070502 101983386 3533699926
2474037235 791498635 1068281557 2828520419
566332375 802024079 140742737 2923249415
2400180854 126791206 3664552090 1141120854
2147483648 2147483648 2147483648 2147483648
3110156784 2221607280 2814129296 2814596336
3502684211 1459386827 3252325525 249579555
1 9 23 81
2124845103 1943736743 1626797113 313761503
1301429779 3122933419 4163081141 2336596995
1215205559 2346915439 2179924081 3942369767
4294967294 4294967278 4294967250 4294967134
4294967294 4294967278 4294967250 4294967134
4294967294 4294967278 4294967250 4294967134
4294967294 4294967278 4294967250 4294967134
2863311530 4294967290 1431655750 4294967242
2863311530 4294967290 1431655750 4294967242
2863311530 4294967290 1431655750 4294967242
2863311530 4294967290 1431655750 4294967242
1644570041 1916228481 3465372575 66187145
632853504 1400714240 1670728704 4016493568
2914710896 462594288 2613841168 4163348592
1 9 23 81
3795278417 4092734681 1392057671 2474873761
3795278417 4092734681 1392057671 2474873761
3795278417 4092734681 1392057671 2474873761
979215235 223002523 1047113925 2007022707
1794699993 3267398049 2623394175 3636778665
806135707 2960254067 1361252077 872482827
2124635779 1941852827 1621982661 296806259
1183074120 2057732488 1440900984 1339723208
1183074120 2057732488 1440900984 1339723208
1183074120 2057732488 1440900984 1339723208
1431655765 4294967293 2863311523 4294967269
0 0 0 0
1 9 23 81
1 9 23 81
1860945569 3863608233 4147042423 412735729
1591892695 1442132367 2253793617 94289415
3586766016 2216123072 891239744 2765238464
3461640672 1089994976 2308324128 1220020192
861455470 3458131934 2633606626 1058416334
4294967294 4294967278 4294967250 4294967134
1495490770 574515042 36549342 875668082
4158709551 3068647591 1161039161 1848024543
872687015 3559215839 2891932161 1968171479
872687015 3559215839 2891932161 1968171479
872687015 3559215839 2891932161 1968171479
1446749716 135845556 3210472396 1222610004
993337199 350100199 1371919097 3150901791
2321616049 3714675257 1857561575 3367306241
2321616049 3714675257 1857561575 3367306241
2321616049 3714675257 1857561575 3367306241
2346533264 3938930192 2430657520 1090633360
3500001874 1435245794 3190631774 32310258
1598802272 1504318560 2412713888 653965152
3215595522 3170555922 944252974 2765199522
1678765682 2223989250 4251872318 2836034066
1431655765 4294967293 2863311523 4294967269
2863311530 4294967290 1431655750 4294967242
1297837974 3090607174 4080469626 2045660790
4294967294 4294967278 4294967250 4294967134
4294967294 4294967278 4294967250 4294967134
4294967294 4294967278 4294967250 4294967134
4294967294 4294967278 4294967250 4294967134
4294967294 4294967278 4294967250 4294967134
5969047 53721423 137288081 483492807
2357313680 4035953936 2678607088 1963847056
85772231 771950079 1972761313 2652583415
3574762412 2108090636 615156852 1792946540
2147483648 2147483648 2147483648 2147483648
2562719095 1589635375 3107964337 1421816487
2562719095 1589635375 3107964337 1421816487
2562719095 1589635375 3107964337 1421816487
2562719095 1589635375 3107964337 1421816487
2562719095 1589635375 3107964337 1421816487
144717189 1302454701 3328495347 3132157717
2520173941 1206728989 2129425795 2270626309
2520173941 1206728989 2129425795 2270626309
2520173941 1206728989 2129425795 2270626309
2520173941 1206728989 2129425795 2270626309
2520173941 1206728989 2129425795 2270626309
2147483648 2147483648 2147483648 2147483648
0 0 0 0
901612403 3819544331 3557216085 16160611
4294967295 4294967287 4294967273 4294967215
1851448808 3778137384 3928616920 3938465384
4043070331 2027894611 2796304397 1071182315
1 9 23 81
2863311530 4294967290 1431655750 4294967242
0 0 0 0
1051796332 876232396 2716479156 3591124268
1051796332 876232396 2716479156 3591124268
1043045683 797476555 2515214229 2882321699
3537318622 1771096526 4048916978 3054966846
3328330521 4185170913 3537157951 3306799849
2147483648 2147483648 2147483648 2147483648
1501555530 629097882 176038822 1366913642
1372776121 3765050497 1509079711 3820683401
2398583021 112410709 3627801931 1011696381
0 0 0 0
271373267 2442359403 1946617845 506398147
3698770901 3224167037 3467352099 3247699557
1515169718 751625574 489165146 2469662870
3901439416 753216376 3833760648 2483980088
3901439416 753216376 3833760648 2483980088
3901439416 753216376 3833760648 2483980088
1856666984 3825100968 4048634968 66170344
3888112111 633270631 3527232633 1404468383
1253828544 2694522304 3068252736 2775864256
1 9 23 81
3983308083 1490034379 1421772693 525407523
4269174191 4062829351 3701725881 2205725791
1327479349 3357379549 467253955 151644869
1278722692 2918569636 3640818140 497322948
2 18 46 162
3362634354 198938114 31178814 1790443026
234572811 2111155299 1100207357 1820528507
1 9 23 81
2 18 46 162
3694529143 3185991215 3369791665 2904117159
2147483648 2147483648 2147483648 2147483648
1672671484 2169141468 4111705764 2342404028
2147483648 2147483648 2147483648 2147483648
1 9 23 81
4294967294 4294967278 4294967250 4294967134
2863311530 4294967290 1431655750 4294967242
4294967294 4294967278 4294967250 4294967134
1014886104 544040344 1867543912 601395800
2206607526 2679598550 3507332842 2641550470
2206607526 2679598550 3507332842 2641550470
2206607526 2679598550 3507332842 2641550470
2206607526 2679598550 3507332842 2641550470
2783145349 3573471661 3882800883 2096473877
582188484 944729060 505433244 4207594244
582188484 944729060 505433244 4207594244
2863311530 4294967290 1431655750 4294967242
4294967294 4294967278 4294967250 4294967134
339925312 3059327808 3523314880 1764146496
339925312 3059327808 3523314880 1764146496
2950107997 781168197 3427974491 2735546477
442443956 3981995604 1586276396 1478222068
979426012 224899516 1051961796 2024095644
1 9 23 81
1 9 23 81
897866449 3785830745 3471059143 4007705633
3096253327 2096476167 2494349785 1688416319
1029527598 675813790 2204298274 1787356814
2240249267 2982374219 4281092885 1071564195
3335773257 4252155537 3708340879 3909661465
3335773257 4252155537 3708340879 3909661465
3335773257 4252155537 3708340879 3909661465
3335773257 4252155537 3708340879 3909661465
2863311530 4294967290 1431655750 4294967242
689264061 1908409253 2968171515 4290781389
335452651 3019073859 3420443677 1401860955
335452651 3019073859 3420443677 1401860955
335452651 3019073859 3420443677 1401860955
4294967295 4294967287 4294967273 4294967215
767108431 2609008583 463624729 2006240767
4159021535 3071455447 1168214793 1873295247
2321789650 3716237666 1861554398 3381367922
2863311530 4294967290 1431655750 4294967242
2863311530 4294967290 1431655750 4294967242
2863311530 4294967290 1431655750 4294967242
2863311530 4294967290 1431655750 4294967242
2863311530 4294967290 1431655750 4294967242
3060610812 1775693532 1674571940 3096339900
2622097308 2124039292 178695940 1936484444
4294967294 4294967278 4294967250 4294967134
0 0 0 0
4149878230 2989165702 957918778 1132687542
4011908606 1747439086 2079584722 2842049886
2295838102 3482673734 1264668794 1279292534
2147483648 2147483648 2147483648 2147483648
2042589649 1203437657 4029888967 2241004321
4121035616 2729582176 294538656 3091403104
3222301565 3230910309 1098491963 3308389005
1508035942 687421590 325088298 1891827014
0 0 0 0
90690763 816216867 2085887549 3050984507
3021726796 1425737388 780239572 4241701900
3140709724 2496583740 3516846916 994417180
1207470938 2277303850 2002027798 3315865466
1207470938 2277303850 2002027798 3315865466
1207470938 2277303850 2002027798 3315865466
1207470938 2277303850 2002027798 3315865466
1207470938 2277303850 2002027798 3315865466
4294967294 4294967278 4294967250 4294967134
2863311530 4294967290 1431655750 4294967242
2458585868 652436332 712900116 1576959692
4131250810 2821518922 529488118 3918833818
2863311530 4294967290 1431655750 4294967242
2863311530 4294967290 1431655750 4294967242
2863311530 4294967290 1431655750 4294967242
2863311530 4294967290 1431655750 4294967242
2863311530 4294967290 1431655750 4294967242
2045212053 1227039293 4090204259 2453419045
97037055 873333495 2231852265 3565034159
1895522203 4174797939 647337709 3213443083
664834062 1688539262 2406281538 2311951470
3674179803 3002847155 2901756845 1255820619
1 9 23 81
2602134878 1944377422 4014527346 319527614
4294967294 4294967278 4294967250 4294967134
3277887658 3731185146 2376972102 3515895242
3100538507 2135042787 2592908925 2035515899
748717523 2443490411 40633845 516577219
1248611232 2647566496 2948254560 2353261984
3510171362 1526771186 3424529998 856038786
3204748168 3072929736 694763832 1886563848
1521184803 805761339 627512101 2956884755
1293842790 3054650518 3988580394 1722050886
223182627 2008643643 838233125 897923603
46147836 415330524 1061400228 3737974716
1166735224 1910682424 1065106376 16272632
603817334 1139388710 1002896794 1664563798
3947561285 1168313197 599596339 1924884181
608978897 1185842777 1121612743 2082650401
2 18 46 162
240067399 2160606591 1226582881 2265590135
1417051501 4163528917 2527413451 3112021885
3375260612 312574436 321582748 2813169924
0 0 0 0
1402237132 4030199596 2186682964 1912057996
1402237132 4030199596 2186682964 1912057996
1402237132 4030199596 2186682964 1912057996
1402237132 4030199596 2186682964 1912057996
1402237132 4030199596 2186682964 1912057996
4032749406 1935006286 2558923122 235187390
881664114 3640009730 3098405438 2695316498
2 18 46 162
4294967294 4294967278 4294967250 4294967134
1 9 23 81
4294967294 4294967278 4294967250 4294967134
0 0 0 0
1315868004 3252877444 200193020 3506093220
1 9 23 81
3364965906 219922082 84804510 1979298738
3500709597 1441615301 3206909403 89635821
1 9 23 81
1 9 23 81
2863311530 4294967290 1431655750 4294967242
872198215 3554816639 2880689761 1928578679
61784760 556062840 1421049480 709598264
61784760 556062840 1421049480 709598264
61784760 556062840 1421049480 709598264
61784760 556062840 1421049480 709598264
57068935 513620415 1312585505 327616439
2144963323 2124800723 2089516173 1943337323
2144963323 2124800723 2089516173 1943337323
2144963323 2124800723 2089516173 1943337323
2144963323 2124800723 2089516173 1943337323
2144963323 2124800723 2089516173 1943337323
472777597 4254998373 2283950139 3935246989
917138594 3959280050 3914318478 1273782082
917138594 3959280050 3914318478 1273782082
2711162006 2925621574 2227183994 560790390
4294967295 4294967287 4294967273 4294967215
4294967294 4294967278 4294967250 4294967134
3020325978 1413130026 748020758 4128235642
2147483648 2147483648 2147483648 2147483648
1592820643 1450483899 2275136421 169453203
651691615 1570257239 2104005257 1247413263
4294967295 4294967287 4294967273 4294967215
2 18 46 162
1420288579 4192662619 2601866245 3374225203
1971317856 561991520 2390637728 762956384
1 9 23 81
1 9 23 81
1 9 23 81
2786159407 3600598183 3952124217 2340612575
896916954 3777285290 3449220758 3930796538
626163799 1340506895 1516865489 3474627463
0 0 0 0
0 0 0 0
0 0 0 0
2757182032 3339801808 3285644592 4288412496
2391107961 45135169 3455875551 406216521
4294967294 4294967278 4294967250 4294967134
2057585837 1338403349 79833995 3455695549
4294967294 4294967278 4294967250 4294967134
4294967294 4294967278 4294967250 4294967134
2863311530 4294967290 1431655750 4294967242
2830052424 3995635336 666696312 1600979656
1431655765 4294967293 2863311523 4294967269
1431655765 4294967293 2863311523 4294967269
4294967294 4294967278 4294967250 4294967134
2 18 46 162
1022085542 608835286 2033130986 1184550278
238070060 2142630540 1180644084 2103805676
1217897944 2371146904 2241848936 4160452952
3779775746 3953210642 1035496238 1219157410
1119845393 1488673945 4281607559 513163617
3901326768 752202544 3831169744 2474855600
375262012 3377358108 41091684 331451900
316470269 2848232421 2983848891 4159255309
1 9 23 81
2185820327 2492513759 3029227265 957787351
1 9 23 81
1431655765 4294967293 2863311523 4294967269
1101634508 1324775980 3862757204 3333049228
2147483648 2147483648 2147483648 2147483648
3305099349 3976090365 3002840995 1425074917
3305099349 3976090365 3002840995 1425074917
3305099349 3976090365 3002840995 1425074917
742011382 2383135142 4181359898 4268347094
1431655765 4294967293 2863311523 4294967269
2863311530 4294967290 1431655750 4294967242
2863311530 4294967290 1431655750 4294967242
2863311530 4294967290 1431655750 4294967242
2863311530 4294967290 1431655750 4294967242
2863311530 4294967290 1431655750 4294967242
2 18 46 162
2 18 46 162
2 18 46 162
2 18 46 162
2 18 46 162
1543026975 1002340887 1129882057 431133391
2038820138 1169512058 3943190214 1935673930
4294967294 4294967278 4294967250 4294967134
4294967294 4294967278 4294967250 4294967134
4294967294 4294967278 4294967250 4294967134
404187329 3637685961 706373975 2674402577
3146867018 2551999386 3658464678 1493157994
0 0 0 0
1431655765 4294967293 2863311523 4294967269
2780102079 3546082231 3812805673 1849969007
3156630406 2639869878 3883022602 2283992422
122886924 1105982316 2826399252 1363906252
2027691 18249219 46636893 164242971
4016980262 1793083990 2196232810 3252854022
4294967294 4294967278 4294967250 4294967134
3458314745 1060061633 2231827807 950620105
2249847680 3068759936 206889088 1849035648
4294967295 4294967287 4294967273 4294967215
2468434573 741074677 939420331 2374704797
2434167076 432667204 151267900 3894004836
3162645528 2694005976 4021370408 2771217304
0 0 0 0
1 9 23 81
3277843191 3730784943 2375949361 3512293415
87737089 789633801 2017953047 2811736913
3332803520 4225427904 3640036928 3669112768
1324182475 3327707683 391425853 4179565371
3085411681 1998901353 2244991927 810242993
650015935 1555176119 2065464617 1111683183
0 0 0 0
4014228829 1768321093 2132949851 3029987949
2863311530 4294967290 1431655750 4294967242
2863311530 4294967290 1431655750 4294967242
4294967294 4294967278 4294967250 4294967134
4294967294 4294967278 4294967250 4294967134
4294967294 4294967278 4294967250 4294967134
2 18 46 162
4294967295 4294967287 4294967273 4294967215
4294967294 4294967278 4294967250 4294967134
4294967294 4294967278 4294967250 4294967134
4294967294 4294967278 4294967250 4294967134
1 9 23 81
2861709430 4280548390 1394807450 4165197142
2 18 46 162
658343338 1630122746 2256994886 1786202826
878924895 3615356759 3035403401 2473439759
878924895 3615356759 3035403401 2473439759
878924895 3615356759 3035403401 2473439759
878924895 3615356759 3035403401 2473439759
878924895 3615356759 3035403401 2473439759
3182243094 2870384070 177147130 63652854
1918951780 90696836 1186217980 816271524
1600269175 1517520687 2446452657 772784295
4228411670 3695966662 2764187898 3198928886
2313105431 3638079695 1661817361 2677946183
2313105431 3638079695 1661817361 2677946183
2313105431 3638079695 1661817361 2677946183
2313105431 3638079695 1661817361 2677946183
2313105431 3638079695 1661817361 2677946183
0 0 0 0
1789485075 3220463787 2503451061 3214370307
3789502021 4040747117 1259200563 2006985685
1156549454 1819010494 830833666 3486192558
1 9 23 81
0 0 0 0
4280050719 4160718103 3951886025 3086724559
4280050719 4160718103 3951886025 3086724559
4280050719 4160718103 3951886025 3086724559
1328437828 3366005860 489298972 229281668
2147483648 2147483648 2147483648 2147483648
1637518385 1852763577 3303184487 3789970305
218572660 1967153940 732203884 524516276
3280100717 3751102677 2427872459 3695153021
521724585 400553969 3409730863 3604985721
4294967295 4294967287 4294967273 4294967215
2409962624 214827136 3889532800 1933444224
1738449753 2761145889 1329638655 3375476521
2529140371 1287426859 2335653685 2996907139
1635975207 1838874975 3267691393 3664972887
1431655765 4294967293 2863311523 4294967269
1 9 23 81
767586949 2613315245 474630643 2045000725
1048715873 848508265 2645628599 3341607089
1048715873 848508265 2645628599 3341607089
1048715873 848508265 2645628599 3341607089
3955314332 1238090620 777916420 2552880988
3955314332 1238090620 777916420 2552880988
3955314332 1238090620 777916420 2552880988
3955314332 1238090620 777916420 2552880988
4208190553 3513976609 2299102207 1561018409
1431655765 4294967293 2863311523 4294967269
1641766261 1890994461 3400885635 4134048261
1376132537 3795258241 1586277279 4092553097
4294967294 4294967278 4294967250 4294967134
386187686 3475689174 292382186 1216431494
4294967295 4294967287 4294967273 4294967215
1081195945 1140828913 3392670255 1677525625
710056218 2095538666 3446391126 1679978810
3337731764 4269782100 3753386540 4068300532
47723300 429509700 1097635900 3865587300
47723300 429509700 1097635900 3865587300
47723300 429509700 1097635900 3865587300
737842600 2345616104 4085477912 3930675752
2936190478 655910526 3107871554 1608227438
4228904744 3700404328 2775528600 3238867880
4294967295 4294967287 4294967273 4294967215
4294967295 4294967287 4294967273 4294967215
3427638735 783977543 1526279577 2760830591
3427638735 783977543 1526279577 2760830591
2100970809 1728868097 1077688351 2674910985
2863311530 4294967290 1431655750 4294967242
2 18 46 162
3591894940 2262283388 1009204996 3180681308
1431655765 4294967293 2863311523 4294967269
4294967294 4294967278 4294967250 4294967134
3187326576 2916135408 294067216 475414896
2849168784 4167682576 1106372592 3149404816
540243638 567225446 3835669082 810061718
1431655765 4294967293 2863311523 4294967269
2919819200 508569024 2731332160 282153920
2919819200 508569024 2731332160 282153920
2147483648 2147483648 2147483648 2147483648
2147483648 2147483648 2147483648 2147483648
2147483648 2147483648 2147483648 2147483648
1786908447 3197274135 2444188617 3005663439
1786908447 3197274135 2444188617 3005663439
1786908447 3197274135 2444188617 3005663439
1786908447 3197274135 2444188617 3005663439
1786908447 3197274135 2444188617 3005663439
4226232131 3676350811 2714058501 3022386227
186814970 1681334730 1777014 2247110682
44872705 403854345 1032072215 3634689105
1291430657 3032941321 3933101335 1526668113
4294967294 4294967278 4294967250 4294967134
4294967294 4294967278 4294967250 4294967134
653545446 1586941718 2146643370 1397573574
3742170566 3614764022 170577098 2468105126
3999182228 1632901684 1786878028 1811213268
2518172573 1188716677 2083394331 2108515501
4231397957 3722843245 2832872499 3440818133
4231397957 3722843245 2832872499 3440818133
4231397957 3722843245 2832872499 3440818133
4231397957 3722843245 2832872499 3440818133
760157624 2546451320 303756168 1443225400
760157624 2546451320 303756168 1443225400
760157624 2546451320 303756168 1443225400
105093754 945843786 2417156342 4217626778
4016853824 1791946048 2193324736 3242612544
2863311530 4294967290 1431655750 4294967242
2292710963 3454529483 1192744597 1025994275
2863311530 4294967290 1431655750 4294967242
2653420776 2405950504 899135704 178718056
2 18 46 162
2 18 46 162
3946559015 1159292767 576544129 1843700311
3946559015 1159292767 576544129 1843700311
3946559015 1159292767 576544129 1843700311
3946559015 1159292767 576544129 1843700311
2147483648 2147483648 2147483648 2147483648
4173047093 3197685469 1490802627 3009365445
3396831406 506711582 817711010 265436942
4294967294 4294967278 4294967250 4294967134
4294967294 4294967278 4294967250 4294967134
4294967294 4294967278 4294967250 4294967134
4294967294 4294967278 4294967250 4294967134
1377435889 3806988409 1616254375 4198124609
1377435889 3806988409 1616254375 4198124609
1377435889 3806988409 1616254375 4198124609
1377435889 3806988409 1616254375 4198124609
1382620477 3853649701 1735499899 323108941
3552856523 1910937635 111321405 18569531
0 0 0 0
460738657 4146647913 2007054519 2960092849
2863311530 4294967290 1431655750 4294967242
2 18 46 162
4081909881 2377450561 3689614047 4217185865
2856547947 4234095043 1276093341 3747117019
2751772544 3291116416 3161226368 3850243968
4294967295 4294967287 4294967273 4294967215
519406049 379687145 3356404535 3417184305
1 9 23 81
1 9 23 81
612163361 1214502953 1194855415 2340591985
2671266160 2566558960 1309579536 1624194160
1 9 23 81
3404224292 573247556 987747388 864260708
2792492251 3657593779 4097779629 2853572939
1384369738 3869393050 1775732902 464799082
1431655765 4294967293 2863311523 4294967269
1605145556 1561408116 2558609420 1167771156
1798007525 3297165837 2699467411 3904688757
2236234209 2946238697 4188746551 746344497
845538369 3314878025 2267513303 4064098449
1127628473 1558721665 165651103 1143593097
1127628473 1558721665 165651103 1143593097
1684408699 2274776403 86694413 3293118443
1863005918 3882151374 4194430450 579623998
2478841157 834733933 1178771763 3217638101
2498671998 1013211502 1634881106 528968926
4105086416 2586039376 4222674352 1799517904
1922252351 120401975 1262131113 1083617775
2147483648 2147483648 2147483648 2147483648
1431655765 4294967293 2863311523 4294967269
438810166 3949291494 1502699226 1183885078
2147483648 2147483648 2147483648 2147483648
2435609014 445644646 184432474 4010801814
3524089649 1652035769 3744650599 1983420033
551423657 667845617 4092809519 1715643257
3551255651 1896529787 74501349 4183866195
3551255651 1896529787 74501349 4183866195
3551255651 1896529787 74501349 4183866195
3551255651 1896529787 74501349 4183866195
1304593396 3151405972 4235844332 2592849972
2593797668 1869342532 3822771516 3939180900
2147483648 2147483648 2147483648 2147483648
388895817 3500062353 354669199 1435790105
1647643756 1943891916 3536068020 315158060
1647643756 1943891916 3536068020 315158060
1647643756 1943891916 3536068020 315158060
1647643756 1943891916 3536068020 315158060
870442777 3539017697 2840314687 1786388201
1343803583 3504297655 842711337 1473907823
1779183421 3127748901 2266513019 2379936333
3071088415 1869991959 1915556809 3945025743
3071088415 1869991959 1915556809 3945025743
3071088415 1869991959 1915556809 3945025743
3071088415 1869991959 1915556809 3945025743
2260795227 3167287859 458682669 2735786955
1666248929 2111338473 3963986999 1822177073
0 0 0 0
541549024 578973920 3865692960 915797984
2819973777 3904927513 434887431 784609249
2819973777 3904927513 434887431 784609249
2819973777 3904927513 434887431 784609249
2819973777 3904927513 434887431 784609249
514659071 336964343 3247224041 3032679087
3926246282 976478170 109351270 198368938
1104876251 1353951667 3937317293 3595630411
2288613707 3417654179 1098507709 694116539
3823814394 54591178 2048385142 491320602
2234268486 2928547190 4143534922 587120934
134222172 1207999548 3087109956 2282061340
1431655765 4294967293 2863311523 4294967269
0 0 0 0
2988492808 1126631496 15857848 1549748872
1614617460 1646655252 2776463212 1934995380
4294967294 4294967278 4294967250 4294967134
1431655765 4294967293 2863311523 4294967269
4222101206 3639172486 2619047226 2687781302
2671278409 2566669201 1309861263 1625186329
1043122106 798164362 2516971958 2888511962
2102845555 1745740811 1120807509 2826765411
4294967294 4294967278 4294967250 4294967134
1 9 23 81
1 9 23 81
1 9 23 81
1 9 23 81
1 9 23 81
2863311530 4294967290 1431655750 4294967242
2863311530 4294967290 1431655750 4294967242
2253378313 3100535633 288093647 2135016921
3504689560 1477434968 3298448552 412012824
3599081030 2326958198 1174485066 3762754598
3599081030 2326958198 1174485066 3762754598
3599081030 2326958198 1174485066 3762754598
116076009 1044684081 2669748207 812222137
116076009 1044684081 2669748207 812222137
116076009 1044684081 2669748207 812222137
116076009 1044684081 2669748207 812222137
189100656 1701905904 54347792 2432251248
189100656 1701905904 54347792 2432251248
1431655765 4294967293 2863311523 4294967269
1431655765 4294967293 2863311523 4294967269
1431655765 4294967293 2863311523 4294967269
1431655765 4294967293 2863311523 4294967269
1431655765 4294967293 2863311523 4294967269
4294967295 4294967287 4294967273 4294967215
0 0 0 0
4250289542 3892867510 3267378954 676069222
633527581 1406780933 1686232475 4071093805
2997650757 1209053037 226490675 2291542741
2997650757 1209053037 226490675 2291542741
2997650757 1209053037 226490675 2291542741
2997650757 1209053037 226490675 2291542741
2997650757 1209053037 226490675 2291542741
2409919474 214438786 3888540350 1929949074
1287517248 2997720640 3843092928 1209681984
1287517248 2997720640 3843092928 1209681984
3959626752 1276902400 877102080 2902187008
2283572791 3372285935 982566641 285802343
613727480 1228580024 1230830152 2467285624
294512156 2650609404 2478812292 2380648156
2657382523 2441606227 990255885 499619563
164769350 1482924150 3789695050 461415462
2147483648 2147483648 2147483648 2147483648
4294967295 4294967287 4294967273 4294967215
3668472543 2951481815 2770489865 793532559
3373788489 299325329 287723919 2693927961
3373788489 299325329 287723919 2693927961
3373788489 299325329 287723919 2693927961
3373788489 299325329 287723919 2693927961
1 9 23 81
3830947966 118793326 2212457298 1069139934
3830947966 118793326 2212457298 1069139934
3427954268 786817340 1533536836 2786388764
2 18 46 162
2 18 46 162
2 18 46 162
2473975630 790944190 1066864642 2823530414
1773773095 3079055967 2142075521 1941699927
2 18 46 162
1309121687 3192160591 45027729 2959641543
2147483648 2147483648 2147483648 2147483648
228798154 2059183386 967390246 1352781290
1431655765 4294967293 2863311523 4294967269
1145632178 1720755010 579736318 2601893202
3607208100 2400101828 1361407676 126079972
1554867607 1108906575 1402216593 1390224583
2619430400 2100037120 117357056 1720464896
67304861 605743749 1548011803 1156726445
3612649960 2449078568 1486570456 566870632
3160121605 2671290669 3963320179 2566779541
1291263312 3031435216 3929252400 1513113168
1607014460 1578228252 2601594212 1319152380
3101435522 2143115922 2613540270 2108174114
3101435522 2143115922 2613540270 2108174114
3462522452 1097930996 2328605068 1291444372
3462522452 1097930996 2328605068 1291444372
3462522452 1097930996 2328605068 1291444372
3462522452 1097930996 2328605068 1291444372
3462522452 1097930996 2328605068 1291444372
0 0 0 0
3169805365 2758444509 4186046659 3351164101
1 9 23 81
0 0 0 0
1902867921 4240909401 816289223 3808446241
2863311530 4294967290 1431655750 4294967242
1640847557 1882726125 3379755443 4059633237
535493040 524470064 3726405328 425263280
1577823081 1315505841 1930192495 3249617977
1577823081 1315505841 1930192495 3249617977
1577823081 1315505841 1930192495 3249617977
3561510032 1988819216 310352112 719503760
267767042 2409903378 1863674670 214293922
213165012 1918485108 607827980 86496788
2147483648 2147483648 2147483648 2147483648
2552152548 1494536452 2864933756 565926180
2552152548 1494536452 2864933756 565926180
2552152548 1494536452 2864933756 565926180
2552152548 1494536452 2864933756 565926180
2552152548 1494536452 2864933756 565926180
2147483648 2147483648 2147483648 2147483648
2457200897 639971593 681045783 1464777041
3244188 29197692 74616324 262779228
3244188 29197692 74616324 262779228
3244188 29197692 74616324 262779228
3244188 29197692 74616324 262779228
2863311530 4294967290 1431655750 4294967242
4294967294 4294967278 4294967250 4294967134
1314807602 3243333826 175803774 3420200658
1431655765 4294967293 2863311523 4294967269
1431655765 4294967293 2863311523 4294967269
2826601602 3964577938 587327406 1321463074
2 18 46 162
4294967295 4294967287 4294967273 4294967215
755109137 2501014937 187640967 1034297953
2 18 46 162
1431655765 4294967293 2863311523 4294967269
4294967295 4294967287 4294967273 4294967215
397256550 3575308950 546966058 2113009478
4156631977 3049949425 1113254959 1679741049
4156631977 3049949425 1113254959 1679741049
1716495427 2563556955 824689157 1597176115
1722791527 2620221855 969499457 2107160215
2 18 46 162
2331868486 3806947190 2093367626 4197753638
3949337480 1184298952 640448824 2068755976
3949337480 1184298952 640448824 2068755976
3949337480 1184298952 640448824 2068755976
3949337480 1184298952 640448824 2068755976
1871723649 3960610953 99970967 1285760209
3888196311 634028431 3529169233 1411288583
1531169852 895626780 857168228 3765673724
0 0 0 0
1095175394 1266643954 3714197582 2809860994
1095175394 1266643954 3714197582 2809860994
1095175394 1266643954 3714197582 2809860994
1095175394 1266643954 3714197582 2809860994
1095175394 1266643954 3714197582 2809860994
2822537650 3928002370 493856510 992282962
1686820631 2296483791 142168849 3488484935
1027831389 660547909 2165285467 1649963885
655199274 1601826170 2184681414 1531533642
3332544403 4223095851 3634077237 3648124291
2863311530 4294967290 1431655750 4294967242
2147483648 2147483648 2147483648 2147483648
2752472970 3297420250 3177336166 3906978474
4294967295 4294967287 4294967273 4294967215
1207287644 2275654204 1997812036 3301018652
55346162 498115458 1272961726 188071826
3220141811 3211472523 1048817621 3133448931
4294967294 4294967278 4294967250 4294967134
0 0 0 0
1374452047 3780133831 1547626009 3956433407
2892734833 264809721 2108391719 2383287489
2080478031 1544433095 606354457 1014995967
2147483648 2147483648 2147483648 2147483648
1 9 23 81
646772824 1525988120 1990873064 848991192
646772824 1525988120 1990873064 848991192
646772824 1525988120 1990873064 848991192
1431655765 4294967293 2863311523 4294967269
1431655765 4294967293 2863311523 4294967269
1431655765 4294967293 2863311523 4294967269
2147483648 2147483648 2147483648 2147483648
2147483648 2147483648 2147483648 2147483648
613314274 1224861170 1221326414 2433815938
1087846845 1200687013 3545640955 2216248525
1087846845 1200687013 3545640955 2216248525
1087846845 1200687013 3545640955 2216248525
1087846845 1200687013 3545640955 2216248525
1087846845 1200687013 3545640955 2216248525
4294967295 4294967287 4294967273 4294967215
3476951233 1227790025 2660467031 2460175633
1431655765 4294967293 2863311523 4294967269
1431655765 4294967293 2863311523 4294967269
1431655765 4294967293 2863311523 4294967269
1319939369 3289519729 293834415 3835873785
3207140127 3094457367 749778889 2080312527
2863311530 4294967290 1431655750 4294967242
1796748748 3285836844 2670515540 3802727820
1796748748 3285836844 2670515540 3802727820
1796748748 3285836844 2670515540 3802727820
1796748748 3285836844 2670515540 3802727820
1156839574 1821621574 837506426 3509692278
820456227 3089138747 1690624037 2032444947
255240049 2297160441 1575553831 3494574785
2147483648 2147483648 2147483648 2147483648
0 0 0 0
2386304282 1902058 3345390934 17118522
2812588831 3838462999 265033673 186428623
309467321 2785205889 2822781087 3592016521
3716567325 3384334853 3876669851 394242605
3716567325 3384334853 3876669851 394242605
1431655765 4294967293 2863311523 4294967269
2589114705 1827195865 3715063367 3559860897
4294967294 4294967278 4294967250 4294967134
4294967294 4294967278 4294967250 4294967134
3025523101 1459904133 867554587 254235309
2443727283 518709067 371152661 373414307
445217773 4006959957 1650074187 1702901245
4294967295 4294967287 4294967273 4294967215
2172654016 2374016960 2726402112 4186283456
453281869 4079536821 1835548395 2356093021
2125532640 1949924576 1642610464 369452000
1 9 23 81
1 9 23 81
0 0 0 0
0 0 0 0
4294967294 4294967278 4294967250 4294967134
1 9 23 81
1431655765 4294967293 2863311523 4294967269
1431655765 4294967293 2863311523 4294967269
1137650215 1648917343 396151169 1955354199
4161408107 3092934595 1223105949 2066607579
2739116255 3177209815 2870131721 2825084559
3712458153 3347352305 3782158895 61399673
3310639997 4025956197 3130275899 1873867405
2720658430 3011089390 2445601746 1330000734
506270861 261470453 3054295211 2353234077
3689498043 3140711315 3254076365 2496598059
107015241 963137169 2461350543 78299929
1483694876 468351996 4060211076 4215167964
4294967295 4294967287 4294967273 4294967215
3853300246 319963846 2726559738 2879674614
3755008670 3730306958 465853490 3507991550
1387978074 3901868074 1858724630 757074298
2939223978 683212026 3177642054 1853940938
2190342257 2533211129 3133231655 1324063681
934457707 4115152067 17690781 2676630235
934457707 4115152067 17690781 2676630235
934457707 4115152067 17690781 2676630235
934457707 4115152067 17690781 2676630235
2 18 46 162
3276281688 3716731416 2340034792 3385811672
2863311530 4294967290 1431655750 4294967242
2863311530 4294967290 1431655750 4294967242
2863311530 4294967290 1431655750 4294967242
2863311530 4294967290 1431655750 4294967242
2441092945 495000025 310562887 160032929
1 9 23 81
2501555831 1039165999 1701209265 762559399
0 0 0 0
2011963806 927805070 3325494578 4055278334
1268053532 2822547196 3395427460 3928088284
1719887624 2594086728 902709688 1871944072
1750395300 2868655812 1604386236 48098532
1459703938 252433554 3508419502 2271901986
2863311530 4294967290 1431655750 4294967242
634593711 1416376103 1710753465 4157450335
1380523193 3834774145 1687262367 153228937
1380523193 3834774145 1687262367 153228937
886915609 3687273185 3219189823 3120687593
1267462428 2817227260 3381832068 3880208860
3955055123 1235757739 771954613 2531885059
1585800616 1387303656 2113675800 3895798312
3055740299 1731858915 1562550141 2701828347
1946372717 337485269 1816899531 3037367421
0 0 0 0
4125385163 2768728099 394578237 3443716411
316229097 2846061873 2978301935 4139720377
244919997 2204279973 1338192635 2658650573
1431655765 4294967293 2863311523 4294967269
3472933978 1191634730 2568070166 2134777978
2863311530 4294967290 1431655750 4294967242
2147483648 2147483648 2147483648 2147483648
796852681 2876706833 1147742479 120557721
2039775793 1178112953 3965170279 2013081985
1431655765 4294967293 2863311523 4294967269
1431655765 4294967293 2863311523 4294967269
1431655765 4294967293 2863311523 4294967269
1431655765 4294967293 2863311523 4294967269
1431655765 4294967293 2863311523 4294967269
4294967294 4294967278 4294967250 4294967134
1112416411 1421813107 4110740973 4206383371
4022215330 1840199602 2316639374 3676894530
4022215330 1840199602 2316639374 3676894530
2775407566 3503831614 3704831874 1469713454
2775407566 3503831614 3704831874 1469713454
2775407566 3503831614 3704831874 1469713454
1256597276 2719440892 3131933572 3000131548
7858339 70725051 180741797 636525459
2981121540 1060290084 4141285980 952676164
2981121540 1060290084 4141285980 952676164
2981121540 1060290084 4141285980 952676164
2981121540 1060290084 4141285980 952676164
4294967295 4294967287 4294967273 4294967215
2147483648 2147483648 2147483648 2147483648
1 9 23 81
2164094800 2296984016 2529540144 3492986960
1592805385 1450346577 2274785487 168217305
3125839521 2362751913 3174832247 4084898033
2605835582 1977683758 4099643538 619284638
2 18 46 162
2 18 46 162
2 18 46 162
2 18 46 162
2 18 46 162
923345821 4015145093 4057084699 1776567469
1511847410 721724802 412752062 2200555922
4278383337 4145711665 3913536239 2951666617
1559135511 1147317711 1500378385 1735924807
203575491 1832179419 387268997 3604712883
830490731 3179449283 1921417629 2845239771
2863311530 4294967290 1431655750 4294967242
1435178245 31702317 2944328563 285320853
1613948864 1640637888 2761085504 1880839104
2 18 46 162
2920448088 514229016 2745796584 333093848
3077894692 1931248452 2072101180 201366884
2846375763 4142545387 1042133109 2923170115
2846375763 4142545387 1042133109 2923170115
1 9 23 81
2147483648 2147483648 2147483648 2147483648
2147483648 2147483648 2147483648 2147483648
2147483648 2147483648 2147483648 2147483648
2147483648 2147483648 2147483648 2147483648
4135117477 2856318925 618421459 4232033845
1642274830 1895571582 3412582722 4175242350
3323596358 4142563446 3428272202 2923332646
146178644 1315607796 3362108812 3250535572
2753238548 3304310452 3194944460 3968990292
2 18 46 162
864376255 3484418999 2700784681 1294999919
0 0 0 0
1719198995 2587889067 886871221 1816165123
1 9 23 81
196895004 1772055036 233617796 3063593436
3740876346 3603116042 140810038 2363273306
3740876346 3603116042 140810038 2363273306
3740876346 3603116042 140810038 2363273306
3740876346 3603116042 140810038 2363273306
3071436543 1873125111 1923563753 3973224111
1407433109 4076963389 2306190435 2332932133
4294967295 4294967287 4294967273 4294967215
4294967295 4294967287 4294967273 4294967215
4294967295 4294967287 4294967273 4294967215
4294967295 4294967287 4294967273 4294967215
3080839438 1957751166 2139830338 439891310
2147483648 2147483648 2147483648 2147483648
2147483648 2147483648 2147483648 2147483648
2147483648 2147483648 2147483648 2147483648
2147483648 2147483648 2147483648 2147483648
3899844690 738863842 3797081950 2354807282
2197150588 2594486108 3289823268 1875538492
1 9 23 81
3932014090 1028388442 242010854 665561386
421748598 3795737382 1110283162 4096865366
3487735351 1324847087 2908501745 3333689191
3487735351 1324847087 2908501745 3333689191
754265706 2493424058 168242054 965980042
968028297 122320081 789814351 1100880729
4294967294 4294967278 4294967250 4294967134
4294967294 4294967278 4294967250 4294967134
3952636671 1213991671 716330217 2335990447
4294967294 4294967278 4294967250 4294967134
973738338 173710450 921145294 1563394050
973738338 173710450 921145294 1563394050
973738338 173710450 921145294 1563394050
973738338 173710450 921145294 1563394050
973738338 173710450 921145294 1563394050
3436300186 861930602 1725492950 3462408122
3436300186 861930602 1725492950 3462408122
3436300186 861930602 1725492950 3462408122
3436300186 861930602 1725492950 3462408122
3436300186 861930602 1725492950 3462408122
933085503 4102802231 4281097385 2565481711
1189988888 2119965400 1599940648 1899819416
809179577 2987648897 1431261087 1119036297
1867484503 3922458639 2470609 942389383
4294967295 4294967287 4294967273 4294967215
1283547837 2961995941 3751796475 888159693
1456355404 222296748 3431403220 2000670732
1 9 23 81
1289501026 3015574642 3888719822 1370368002
1322715348 3314503540 357681932 4060728084
1083755541 1163865277 3451540963 1884852901
2863311530 4294967290 1431655750 4294967242
1431655765 4294967293 2863311523 4294967269
838552292 3252003332 2106833532 3498226212
0 0 0 0
2111487100 1823514716 1319563044 3526730556
4250289901 3892870741 3267387211 676098301
3665166709 2921729309 2694455683 525760005
0 0 0 0
2957986647 852076047 3609183441 3373717127
4026966094 1882956478 2425906946 4061706414
2183668491 2473147235 2979735037 783488635
223137936 2008241424 837205232 894303632
316287381 2846586429 2979642467 4144441381
2735809864 3147452296 2794084728 2557266888
187608938 1688480442 20038278 2311422090
4294967295 4294967287 4294967273 4294967215
0 0 0 0
2325752634 3751904522 1952703030 3702369626
4294967294 4294967278 4294967250 4294967134
1431655765 4294967293 2863311523 4294967269
2863311530 4294967290 1431655750 4294967242
3048726606 1668735678 1401235202 2133719214
1 9 23 81
4294967294 4294967278 4294967250 4294967134
3790419787 4049007011 1280309181 2081324731
2022214653 1020062693 3561264059 590629645
3423153149 743607269 1423111099 2397498125
3423153149 743607269 1423111099 2397498125
2535191084 1341883276 2474820084 3487014892
2976855795 1021898379 4043173845 607150819
2976855795 1021898379 4043173845 607150819
2976855795 1021898379 4043173845 607150819
2976855795 1021898379 4043173845 607150819
2976855795 1021898379 4043173845 607150819
3034513042 1540813602 1074323230 982420530
2 18 46 162
3366210792 231126056 113436888 2080134504
3366210792 231126056 113436888 2080134504
3366210792 231126056 113436888 2080134504
3366210792 231126056 113436888 2080134504
2863311530 4294967290 1431655750 4294967242
2863311530 4294967290 1431655750 4294967242
3899761297 738113305 3795163911 2348052449
3953123791 1218375751 727533977 2375447167
4036178528 1965868384 2637792928 512946272
2693220451 2764147579 1814528229 3402491731
3891355536 662461456 3601831408 1667185808
2985238279 1097340735 4235970977 1286132023
2863311530 4294967290 1431655750 4294967242
3156671021 2640235413 3883956747 2287282237
3702383642 3256681706 3550445142 3540331578
4294967294 4294967278 4294967250 4294967134
2470036459 755491651 976263709 2504457563
3663316003 2905072955 2651889445 375852819
2560473458 1569424642 3056314686 1239919890
1178350103 2015216335 1332248593 957077831
846669829 3325061165 2293536883 4155746709
846669829 3325061165 2293536883 4155746709
2029716689 1087581017 3733810887 1198294561
2029716689 1087581017 3733810887 1198294561
2029716689 1087581017 3733810887 1198294561
1231828852 2496525076 2562259820 993889204
3662849903 2900878055 2641169145 338098719
3519874462 1614099086 3647701298 1641989886
3608889072 2415230576 1400070032 262238704
3608889072 2415230576 1400070032 262238704
1 9 23 81
2008510897 896728889 3246077671 3775592705
2950342828 783281676 3433375604 2754567788
1780604026 3140534346 2299186934 2495005338
4294967294 4294967278 4294967250 4294967134
1431655765 4294967293 2863311523 4294967269
2978534608 1037007696 4081786544 743134672
2280585182 3345397454 913851634 43806014
1435044048 30494544 2941242032 274450896
1392953365 3946645693 1973156323 1160072869
188655989 1697903901 44120451 2396233221
188655989 1697903901 44120451 2396233221
188655989 1697903901 44120451 2396233221
188655989 1697903901 44120451 2396233221
188655989 1697903901 44120451 2396233221
589568162 1011146162 675165838 510380866
589568162 1011146162 675165838 510380866
589568162 1011146162 675165838 510380866
589568162 1011146162 675165838 510380866
1523934277 830506605 690750003 3179592149
3040096750 1591066974 1202748514 1434700878
687626229 1893668765 2930501379 4158116997
1689967759 2324807943 214552793 3743402303
1280064941 2930649877 3671689867 606045117
2350676004 3976214852 2525940540 1426195300
2847467294 4152369166 1067238322 3011584126
2847467294 4152369166 1067238322 3011584126
2847467294 4152369166 1067238322 3011584126
2847467294 4152369166 1067238322 3011584126
4106240694 2596427878 4249222746 1893014422
3269463306 3655365978 2183212006 2833522730
3239250289 3383448825 1488312615 386268353
3716980099 3388049819 3886163653 427677299
3210440700 3124162524 825692068 2347658940
257090383 2313813447 1618111513 3644451839
358748517 3228736653 3956248595 3288826101
2753827897 3309614593 3208499487 4016727561
3426388478 772725230 1497523666 2659559774
4126298889 2776951633 415593935 3517728217
2 18 46 162
29259483 263335347 672968109 2370018123
0 0 0 0
2468825478 744592822 948411146 2406368102
1972917219 576385787 2427423077 892504787
2232741388 2914803308 4108411668 463425996
2232741388 2914803308 4108411668 463425996
3170471554 2764440210 4201369006 3405125410
3631234225 2616336953 1914008551 2072196097
3631234225 2616336953 1914008551 2072196097
3631234225 2616336953 1914008551 2072196097
3631234225 2616336953 1914008551 2072196097
3631234225 2616336953 1914008551 2072196097
2147483648 2147483648 2147483648 2147483648
390612119 3515509071 394144145 1574810567
4144761542 2943115510 840234954 718235814
1704132440 2452290072 540340456 595774168
1635093410 1830938802 3247410062 3593547330
1149394759 1754618239 666275681 2906662263
1 9 23 81
2991390916 1152714468 82514332 1784495620
1431655765 4294967293 2863311523 4294967269
375738739 3381648651 52056405 370066787
1 9 23 81
2795940901 3688631629 4177098579 3132913589
4294967294 4294967278 4294967250 4294967134
3444011295 931330583 1902848457 4087007951
69924274 629318466 1608258302 1368898898
1859348166 3849231606 4110302154 283346086
2147483648 2147483648 2147483648 2147483648
4105478070 2589564262 4231682394 1831241878
3558053701 1957712237 230856499 439540949
3917152583 894634879 4195163489 3756746615
1246052189 2624535109 2889396571 2145979501
939181050 4157662154 126327670 3059221018
1228103157 2462993821 2476568835 692107909
1228103157 2462993821 2476568835 692107909
1228103157 2462993821 2476568835 692107909
1228103157 2462993821 2476568835 692107909
1228103157 2462993821 2476568835 692107909
1471049359 354542343 3769364185 3190881087
2 18 46 162
2863311530 4294967290 1431655750 4294967242
302782061 2725038549 2669020107 3050510461
842242721 3285217193 2191713399 3797150961
2721458112 3018286528 2463994432 1394774976
2721458112 3018286528 2463994432 1394774976
2721458112 3018286528 2463994432 1394774976
2721458112 3018286528 2463994432 1394774976
515588241 345326873 3268594951 3107941857
2116514330 1868759786 1435189334 3933936186
4294967295 4294967287 4294967273 4294967215
1577109971 1309087851 1913790965 3191856067
929481150 4070363054 4198197266 2273529118
694294278 1953681206 3083866506 403261670
608167508 1178540276 1102950796 2016927892
608167508 1178540276 1102950796 2016927892
608167508 1178540276 1102950796 2016927892
608167508 1178540276 1102950796 2016927892
608167508 1178540276 1102950796 2016927892
3463656050 1108133378 2354677822 1383265810
3195580445 2990420229 483906203 1143978285
0 0 0 0
2 18 46 162
4294967295 4294967287 4294967273 4294967215
4054957608 2134880104 3069711768 2034051752
425283529 3827551761 1191586575 88227481
455322725 4097904525 1882488083 2521402357
4294967295 4294967287 4294967273 4294967215
1381784902 3846129526 1716281674 255427366
1381784902 3846129526 1716281674 255427366
1381784902 3846129526 1716281674 255427366
1381784902 3846129526 1716281674 255427366
1381784902 3846129526 1716281674 255427366
2147483648 2147483648 2147483648 2147483648
509777360 293028944 3134944688 2637260496
1434323101 24006021 2924660251 216054189
1434323101 24006021 2924660251 216054189
1434323101 24006021 2924660251 216054189
1434323101 24006021 2924660251 216054189
523485672 416403752 3450235864 3747633768
523485672 416403752 3450235864 3747633768
523485672 416403752 3450235864 3747633768
523485672 416403752 3450235864 3747633768
3846573842 259426210 2571852446 2334835890
3846573842 259426210 2571852446 2334835890
1084739559 1172721439 3474173377 1964558359
1084739559 1172721439 3474173377 1964558359
1084739559 1172721439 3474173377 1964558359
1084739559 1172721439 3474173377 1964558359
1084739559 1172721439 3474173377 1964558359
4294967295 4294967287 4294967273 4294967215
4294967295 4294967287 4294967273 4294967215
4294967295 4294967287 4294967273 4294967215
4151227660 3001310572 988955668 1241991372
3458256146 1059534242 2230480030 945873586
4294967294 4294967278 4294967250 4294967134
4294967295 4294967287 4294967273 4294967215
4294967295 4294967287 4294967273 4294967215
693157089 1943446505 3057711159 311149361
4294967294 4294967278 4294967250 4294967134
3496826393 1406666465 3117595711 4070063593
3496826393 1406666465 3117595711 4070063593
3496826393 1406666465 3117595711 4070063593
4294967295 4294967287 4294967273 4294967215
1187276969 2095558129 1537566511 1680153977
1187276969 2095558129 1537566511 1680153977
3566054 32094486 82019242 288850374
2724298880 3043853440 2529332096 1624877184
682221930 1845030074 2806202502 3720368778
682221930 1845030074 2806202502 3720368778
3266158038 3625618566 2107190842 2565796022
904906616 3849192248 3632982984 282991864
904906616 3849192248 3632982984 282991864
904906616 3849192248 3632982984 282991864
310052550 2790472950 2836241354 3639420070
427288929 3845600361 1237710775 250664881
209487349 1885386141 523241731 4083573381
2951043152 789584592 3449483056 2811294032
713171211 2123573603 3518035965 1932293243
3196860471 3001940463 513346801 1247660391
1 9 23 81
2082222086 1560129590 646467722 1156264422
4129039234 2801614738 478621870 3739696162
1801319570 3326974242 2775644446 4172964402
103394814 930553326 2378080722 4080012638
1 9 23 81
3753069336 3712852952 421248808 3350905496
3753069336 3712852952 421248808 3350905496
3575060883 2110776875 622021685 1817122691
3575060883 2110776875 622021685 1817122691
3575060883 2110776875 622021685 1817122691
3551574112 1899395936 81825952 4209661536
3774174090 3902795738 906658150 765423274
3296493045 3898633629 2804896003 727964293
1431655765 4294967293 2863311523 4294967269
687957429 1896649565 2938118979 4184944197
1 9 23 81
2 18 46 162
2602648648 1949001352 4026344056 361142984
726933289 2247432305 3834563759 3047021561
3139227520 2483243904 3482756224 874358656
190802602 1717223418 93492550 2570108874
1 9 23 81
2529516181 1290809149 2344297315 3027347749
0 0 0 0
232502595 2092523355 1052592389 1652841011
232502595 2092523355 1052592389 1652841011
232502595 2092523355 1052592389 1652841011
2660151588 2466527812 1053944380 723913828
2660151588 2466527812 1053944380 723913828
2660151588 2466527812 1053944380 723913828
2 18 46 162
2750301176 3277874104 3127384904 3731063160
2 18 46 162
4294967295 4294967287 4294967273 4294967215
1006054031 464551687 1664406233 4180965183
2200576100 2625315716 3368610044 2153004964
2297800255 3500333111 1309798313 1438226927
2297800255 3500333111 1309798313 1438226927
3985257668 1507580644 1466613148 683323908
113371607 1020344463 2607546961 593165575
4294967295 4294967287 4294967273 4294967215
638623356 1452642908 1803435300 188884284
2818938879 3895613431 411084777 700782511
2083110211 1568122715 666894597 1228202547
2046231919 1236218087 4113661177 2536028191
2046231919 1236218087 4113661177 2536028191
2046231919 1236218087 4113661177 2536028191
2046231919 1236218087 4113661177 2536028191
2046231919 1236218087 4113661177 2536028191
2701478924 2838473836 2004473108 4071428044
1 9 23 81
2147483648 2147483648 2147483648 2147483648
3884478866 600571426 3443667998 1110175538
4294967295 4294967287 4294967273 4294967215
4294967295 4294967287 4294967273 4294967215
4294967295 4294967287 4294967273 4294967215
4294967295 4294967287 4294967273 4294967215
4294967295 4294967287 4294967273 4294967215
816098601 3049920113 1590398639 1679477241
816098601 3049920113 1590398639 1679477241
2147483648 2147483648 2147483648 2147483648
2 18 46 162
2046309556 1236916820 4115446828 2542316788
3122718046 2334658638 3103038322 3832058558
113060279 1017542511 2600386417 567948007
0 0 0 0
3393281476 474762212 736062620 4272859908
4294967294 4294967278 4294967250 4294967134
1222009395 2408149963 2336412309 198513187
1896548753 4184036889 670948359 3296593633
1210785124 2307131524 2078254076 3584314532
1825855149 3547794453 3339962763 1865379005
45806119 412255071 1053540737 3710295639
2154091476 2206954100 2299463692 2682717716
1431655765 4294967293 2863311523 4294967269
3196858411 3001921923 513299421 1247493531
2745683413 3236314237 3021176355 3357024357
4048339121 2075313721 2917486567 1497954305
1045232253 817155685 2565505339 3059433869
2147483648 2147483648 2147483648 2147483648
2863311530 4294967290 1431655750 4294967242
4294967295 4294967287 4294967273 4294967215
2094072387 1666782299 919024645 2116138803
2863311530 4294967290 1431655750 4294967242
3891276456 661749736 3600012568 1660780328
3799490705 4130645273 1488940295 2816069089
3799490705 4130645273 1488940295 2816069089
3799490705 4130645273 1488940295 2816069089
3799490705 4130645273 1488940295 2816069089
3799490705 4130645273 1488940295 2816069089
9883714 88953426 227325422 800580834
3048580728 1667422776 1397880008 2121903096
2113192737 1838865449 1358792695 3664887153
2481648801 860002729 1243347575 3445057265
3560730834 1981806434 292430558 656388722
3560730834 1981806434 292430558 656388722
2119920290 1899413426 1513526414 4209818946
1431655765 4294967293 2863311523 4294967269
1431655765 4294967293 2863311523 4294967269
4285975653 4214042509 4088159507 3566644213
2415416959 263916151 4014982505 2375245359
2415416959 263916151 4014982505 2375245359
1288707786 3008435482 3870475302 1306115562
1288707786 3008435482 3870475302 1306115562
1288707786 3008435482 3870475302 1306115562
1669292531 2138730891 4033989845 2068708835
1431655765 4294967293 2863311523 4294967269
0 0 0 0
3101061460 2139749364 2604936844 2077875092
2371229158 4161193238 2998663082 3091000774
3544037824 1831569344 4203458624 3599222208
1506293336 671738136 285008360 1750675928
1506293336 671738136 285008360 1750675928
1927564367 168210119 1384307481 1513891071
1927564367 168210119 1384307481 1513891071
1927564367 168210119 1384307481 1513891071
1927564367 168210119 1384307481 1513891071
1927564367 168210119 1384307481 1513891071
394408964 3549680676 481471580 1882355012
2628165662 2178654478 318268082 2428021118
1274289790 2878673518 3538861394 138257886
1274289790 2878673518 3538861394 138257886
2863311530 4294967290 1431655750 4294967242
4294967295 4294967287 4294967273 4294967215
2898786004 319270260 2247568652 2873432340
1791426175 3237933687 2548096361 3371599407
114234999 1028114991 2627404977 663100327
114234999 1028114991 2627404977 663100327
114234999 1028114991 2627404977 663100327
114234999 1028114991 2627404977 663100327
114234999 1028114991 2627404977 663100327
900169630 3806559374 3524032306 4194263294
3745751441 3646991897 252937223 2758156001
966660870 110013238 758363530 990119142
966660870 110013238 758363530 990119142
966660870 110013238 758363530 990119142
2818254962 3889458178 395354686 645385234
400474530 3604270770 620979598 2373665858
2 18 46 162
2863311530 4294967290 1431655750 4294967242
2006358092 877353644 3196563156 3601215500
2863311530 4294967290 1431655750 4294967242
2048626612 1257770324 4168739116 2729998324
3540801252 1802440196 4129017468 3337059876
133960996 1205648964 3081102908 2260906084
133960996 1205648964 3081102908 2260906084
133960996 1205648964 3081102908 2260906084
133960996 1205648964 3081102908 2260906084
4051209652 2101148500 2983508780 1730467316
1780809758 3142385934 2303918770 2511669630
379783462 3418051158 145085034 697689350
1282403601 2951697817 3725479047 795476577
3001435814 1243118550 313546986 2598132358
4294967294 4294967278 4294967250 4294967134
4294967294 4294967278 4294967250 4294967134
2 18 46 162
2 18 46 162
2 18 46 162
2 18 46 162
1 9 23 81
4231814041 3726588001 2842442431 3474520937
2147483648 2147483648 2147483648 2147483648
1672824970 2170522842 4115235942 2354836394
43257130 389314170 994913990 3503827530
3870942914 478747858 3132341102 13763426
875375033 3583408001 2953756575 2185900937
2413501883 246680467 3970935757 2220124203
51748064 465732576 1190205472 4191593184
3621243964 2526424604 1684232548 1262984956
2515908904 1168343656 2031329944 1925158312
2659925671 2464494559 1048748289 705614551
4294967295 4294967287 4294967273 4294967215
3555767192 1937133656 178266792 254333720
1700853678 2422781214 464928930 330194446
3136641118 2459966286 3423268978 664860094
2863311530 4294967290 1431655750 4294967242
687507735 1892602319 2927776017 4148518983
1 9 23 81
290155228 2611397052 2378602948 2027736988
1164598609 1891452889 1015964231 4138174113
1492572477 548250405 4264395899 639286349
2 18 46 162
2 18 46 162
2 18 46 162
2 18 46 162
83396931 750572379 1918129413 2460184115
4283544374 4192160998 4032240090 3369710614
4283544374 4192160998 4032240090 3369710614
2147483648 2147483648 2147483648 2147483648
4088195245 2434018837 3834177419 431333053
3142923080 2516503944 3567754104 1173699016
3142923080 2516503944 3567754104 1173699016
3142923080 2516503944 3567754104 1173699016
2068432126 1436019950 329298642 39277662
4060320205 2183143477 3193051499 2468422109
236505836 2128552524 1144666932 1977103532
1803523694 3346811358 2826339298 56531150
1803523694 3346811358 2826339298 56531150
1803523694 3346811358 2826339298 56531150
1803523694 3346811358 2826339298 56531150
244453646 2200082814 1327466562 2620876142
1216547103 2358989335 2210779593 4051034831
2 18 46 162
2 18 46 162
2 18 46 162
1431655765 4294967293 2863311523 4294967269
760695777 2551294697 316133687 1486815793
596092698 1069866986 825230166 1038868282
2 18 46 162
2 18 46 162
2 18 46 162
2 18 46 162
2 18 46 162
2865789073 22297881 1488639239 200680929
2141190129 2090841977 2002732711 1637708609
2141190129 2090841977 2002732711 1637708609
2141190129 2090841977 2002732711 1637708609
4294967295 4294967287 4294967273 4294967215
4294967295 4294967287 4294967273 4294967215
4294967295 4294967287 4294967273 4294967215
4294967295 4294967287 4294967273 4294967215
481468885 38252669 2483849763 344274021
0 0 0 0
1410180436 4101689332 2369378956 2555465620
3647969284 2766952484 2298914908 3427735876
2077456190 1517236526 536852114 770226846
3413722732 658733516 1206211508 1633634348
211363463 1902271167 566392353 4235538615
550457349 659148845 4070584435 1637372309
3119626012 2306830332 3031921540 3581603804
3924287074 958845298 64289486 39673090
2385749605 4291877261 3332633363 4267156981
1029176409 672653089 2196220927 1758910505
3595352788 2293404020 1088735500 3460766996
3595352788 2293404020 1088735500 3460766996
4231731542 3725845510 2840544954 3467838518
3498951645 1425793733 3166476507 4242209005
4294967295 4294967287 4294967273 4294967215
2111914417 1827360569 1329391335 3561343233
1190016391 2120212927 1600573217 1902047159
195992709 1763934381 212865011 2990507541
2147483648 2147483648 2147483648 2147483648
1543551585 1007062377 1141948087 473626801
4294967294 4294967278 4294967250 4294967134
4294967294 4294967278 4294967250 4294967134
4294967294 4294967278 4294967250 4294967134
4118192150 2703990982 229138938 2861082358
1580781625 1342132737 1998239007 3489260041
4294967295 4294967287 4294967273 4294967215
1181557305 2044081153 1406014239 1216861193
1181557305 2044081153 1406014239 1216861193
1181557305 2044081153 1406014239 1216861193
1181557305 2044081153 1406014239 1216861193
1181557305 2044081153 1406014239 1216861193
4294967295 4294967287 4294967273 4294967215
4294967295 4294967287 4294967273 4294967215
4294967295 4294967287 4294967273 4294967215
4294967295 4294967287 4294967273 4294967215
3284817538 3793554066 2536359342 4077215522
2147483648 2147483648 2147483648 2147483648
1283019885 2957244373 3739653579 845395581
3866845833 441874129 3038108239 3976867161
0 0 0 0
1810012777 3405213105 2975588207 582146873
0 0 0 0
0 0 0 0
0 0 0 0
0 0 0 0
0 0 0 0
4168518258 3156925954 1386639422 2642529810
885745707 3676744067 3192282077 3025925531
1 9 23 81
2863311530 4294967290 1431655750 4294967242
2328277723 3774630323 2010780077 3906901835
176335113 1587016017 4055707599 1398242265
176335113 1587016017 4055707599 1398242265
176335113 1587016017 4055707599 1398242265
176335113 1587016017 4055707599 1398242265
176335113 1587016017 4055707599 1398242265
1221924928 2407389760 2334469568 191671360
1431655765 4294967293 2863311523 4294967269
2732797487 3120340903 2724800057 2313264351
2732797487 3120340903 2724800057 2313264351
2732797487 3120340903 2724800057 2313264351
2732797487 3120340903 2724800057 2313264351
4294967294 4294967278 4294967250 4294967134
3711379699 3337646219 3757354453 4269012195
4294967294 4294967278 4294967250 4294967134
2863311530 4294967290 1431655750 4294967242
3631170810 2615766218 1912550006 2067059482
2 18 46 162
1530782477 892140405 848258603 3734296349
2024468486 1040347190 3613102218 773190118
2024468486 1040347190 3613102218 773190118
2024468486 1040347190 3613102218 773190118
2024468486 1040347190 3613102218 773190118
3428272600 789682328 1540858472 2812173656
3331472566 4213449318 3609424986 3561305494
2892179282 259809762 2095614046 2338287858
1431655765 4294967293 2863311523 4294967269
1431655765 4294967293 2863311523 4294967269
1431655765 4294967293 2863311523 4294967269
2425009873 350252377 4235619527 3152271393
4176964913 3232945849 1580912487 3326708865
1431655765 4294967293 2863311523 4294967269
1431655765 4294967293 2863311523 4294967269
1431655765 4294967293 2863311523 4294967269
1431655765 4294967293 2863311523 4294967269
1431655765 4294967293 2863311523 4294967269
236831772 2131485948 1152163460 2003504348
3411857035 641942243 1163300477 1482512891
462547890 4162931010 2048666878 3106640722
453201265 4078811385 1833694503 2349564097
347372844 3126355596 3694608116 2367396588
347372844 3126355596 3694608116 2367396588
347372844 3126355596 3694608116 2367396588
347372844 3126355596 3694608116 2367396588
3296978188 3902999916 2816054292 767260876
1431655765 4294967293 2863311523 4294967269
3805192912 4181965136 1620091056 3277947856
2407915652 196404388 3842452444 1767639492
4294967295 4294967287 4294967273 4294967215
4294967295 4294967287 4294967273 4294967215
4294967295 4294967287 4294967273 4294967215
2061919649 1377407657 179511671 3806734321
1431655765 4294967293 2863311523 4294967269
743752551 2398805663 4221406785 114414487
743752551 2398805663 4221406785 114414487
743752551 2398805663 4221406785 114414487
0 0 0 0
257398995 2316590955 1625209589 3669449411
855807598 3407301086 2503705570 600938702
2372894535 4176181631 3036966753 3225896311
2147483648 2147483648 2147483648 2147483648
647804910 1535276894 2014611042 932590158
647804910 1535276894 2014611042 932590158
1168894119 1930112479 1114760961 191143127
346815546 3121339914 3681790262 2322255450
346815546 3121339914 3681790262 2322255450
346815546 3121339914 3681790262 2322255450
346815546 3121339914 3681790262 2322255450
2147483648 2147483648 2147483648 2147483648
2 18 46 162
4294967295 4294967287 4294967273 4294967215
1057466593 927264745 2846895159 4050415409
606292091 1161661523 1059816205 1865019115
2077847551 1520758775 545853417 801927087
4294967295 4294967287 4294967273 4294967215
3564107323 2012194835 370089805 929884331
3914491186 870682306 4133951358 3541173458
3818359449 5496673 1922921407 49470057
1719646084 2591912868 897154268 1852379332
1431655765 4294967293 2863311523 4294967269
1431655765 4294967293 2863311523 4294967269
1431655765 4294967293 2863311523 4294967269
1431655765 4294967293 2863311523 4294967269
1431655765 4294967293 2863311523 4294967269
1431655765 4294967293 2863311523 4294967269
1753411311 2895799911 1673754489 292395423
3301937535 3947634039 2930119273 1168967983
728595792 2262394832 3872801328 3181684304
728595792 2262394832 3872801328 3181684304
728595792 2262394832 3872801328 3181684304
728595792 2262394832 3872801328 3181684304
962424119 71882479 660918257 646942311
1697342808 2391183384 384178920 45813976
290557941 2615021469 2387865347 2060356741
4294967295 4294967287 4294967273 4294967215
4294967295 4294967287 4294967273 4294967215
4294967295 4294967287 4294967273 4294967215
4294967295 4294967287 4294967273 4294967215
2413694388 248413012 3975363372 2235717108
434402745 3909624705 1401328543 826883977
1484717365 477554397 4083728323 3022277
3726228958 3471289550 4098887410 1176834878
3289475699 3835477515 2643497045 159559267
3359510746 170825642 4254303126 1537430778
3041584118 1604453286 1236957978 1555177686
1267197141 2814839677 3375730467 3858720613
1267197141 2814839677 3375730467 3858720613
1267197141 2814839677 3375730467 3858720613
1332958496 3406691872 593274336 595455776
3476378228 1222632980 2647287916 2413762228
3694336786 3184260002 3365367454 2888536242
2863311530 4294967290 1431655750 4294967242
2863311530 4294967290 1431655750 4294967242
2863311530 4294967290 1431655750 4294967242
1 9 23 81
1 9 23 81
4247483948 3867617164 3202850292 448816108
2843473160 4116421960 975373240 2688059272
1258118169 2733128929 3166914111 3123323881
1 9 23 81
4294967295 4294967287 4294967273 4294967215
2 18 46 162
890272100 3717481604 3296389116 3392563364
3463695131 1108485107 2355576685 1386431371
4294967294 4294967278 4294967250 4294967134
3659233888 2868333920 2558000800 45201504
3840841617 207836185 2440011271 1870525665
2344127708 3917280188 2375329732 895783324
4145736288 2951888224 862654112 797190240
4145736288 2951888224 862654112 797190240
4145736288 2951888224 862654112 797190240
3375378196 313632692 324287180 2822694228
3375378196 313632692 324287180 2822694228
2 18 46 162
4294967294 4294967278 4294967250 4294967134
3315254099 4067483115 3236400245 2247609667
2029065068 1081716428 3718823604 1145513260
3428398956 790819532 1543764660 2822408492
2855561179 4225214131 1253397677 3667188811
4294967294 4294967278 4294967250 4294967134
700872743 2012887391 3235171201 936117335
1 9 23 81
1 9 23 81
1 9 23 81
1 9 23 81
2457160484 639607876 680116284 1461503588
4262205185 4000108297 3541438743 1641236305
2636215184 2251100176 503407088 3080032400
2636215184 2251100176 503407088 3080032400
2636215184 2251100176 503407088 3080032400
2636215184 2251100176 503407088 3080032400
322172661 2899553949 3115003907 326181765
1602091444 1533921108 2488364844 920388084
0 0 0 0
4071481483 2283594979 3449760893 3372485627
0 0 0 0
0 0 0 0
0 0 0 0
0 0 0 0
0 0 0 0
0 0 0 0
4294967295 4294967287 4294967273 4294967215
3396788453 506325005 816723091 261957749
132216922 1189952298 3040989206 2119636090
0 0 0 0
1431655765 4294967293 2863311523 4294967269
2140116024 2081175032 1978028296 1550706104
3662661170 2899179458 2636828286 322811346
3155630731 2630872803 3860030077 2203018747
1255139820 2706323788 3098412084 2882077612
3941234628 1111373284 454083228 1412424964
23401326 210611934 538230498 1895507406
1 9 23 81
2863311530 4294967290 1431655750 4294967242
2908190339 403909275 2463868357 3635183475
4294967295 4294967287 4294967273 4294967215
1978972717 630885269 2566699531 1383000125
1978972717 630885269 2566699531 1383000125
1978972717 630885269 2566699531 1383000125
2 18 46 162
2 18 46 162
2 18 46 162
2 18 46 162
2 18 46 162
1622302501 1715820621 2953219155 2557483701
1622302501 1715820621 2953219155 2557483701
1622302501 1715820621 2953219155 2557483701
1622302501 1715820621 2953219155 2557483701
3479498552 1250715896 2719055368 2666508472
3335264999 4247581215 3696650945 3868492567
1612128530 1624254882 2719217822 1733392050
1612128530 1624254882 2719217822 1733392050
1612128530 1624254882 2719217822 1733392050
1612128530 1624254882 2719217822 1733392050
1612128530 1624254882 2719217822 1733392050
4294967294 4294967278 4294967250 4294967134
4294967294 4294967278 4294967250 4294967134
4294967294 4294967278 4294967250 4294967134
30543050 274887450 702490150 2473987050
4027045598 1883672014 2427735538 4068146238
501164576 215513888 2936850656 1939624992
501164576 215513888 2936850656 1939624992
501164576 215513888 2936850656 1939624992
501164576 215513888 2936850656 1939624992
646541229 1523903765 1985546379 830231997
1930330933 193109213 1447938499 1737982917
2593462357 1866324733 3815059363 3912020709
4047809030 2070542902 2905294474 1455016934
2147483648 2147483648 2147483648 2147483648
3580422933 2159035325 745348835 2251448741
1236667366 2540071702 2673545642 1385808838
4294967295 4294967287 4294967273 4294967215
1431655765 4294967293 2863311523 4294967269
1745555893 2825101149 1493079875 3951073861
1079706874 1127427274 3358421622 1556910874
4294967294 4294967278 4294967250 4294967134
1159825306 1848493162 906178262 3751536570
2863311530 4294967290 1431655750 4294967242
281615092 2534535828 2182179820 1335985972
4233432949 3741158173 2879677315 3605652485
3983149816 1488609976 1418132552 512587896
3540242220 1797408908 4116159732 3291778284
456307921 4106771289 1905147591 2601203233
456307921 4106771289 1905147591 2601203233
456307921 4106771289 1905147591 2601203233
456307921 4106771289 1905147591 2601203233
456307921 4106771289 1905147591 2601203233
3136238103 2456339151 3413999633 632215879
3199516904 3025848360 574444760 1462831464
1 9 23 81
1 9 23 81
1 9 23 81
1 9 23 81
893495560 3746492744 3370528696 3653663624
893495560 3746492744 3370528696 3653663624
893495560 3746492744 3370528696 3653663624
893495560 3746492744 3370528696 3653663624
893495560 3746492744 3370528696 3653663624
1 9 23 81
1431655765 4294967293 2863311523 4294967269
2521944758 1222666342 2170154586 2414062486
3413914420 660458708 1210620332 1649161076
1083029517 1157331061 3434842411 1826044957
4294967295 4294967287 4294967273 4294967215
2 18 46 162
3826866304 82058368 2118579072 738525312
0 0 0 0
0 0 0 0
0 0 0 0
2863311530 4294967290 1431655750 4294967242
3229851385 3298858689 1272137823 3919924425
2147483648 2147483648 2147483648 2147483648
2147483648 2147483648 2147483648 2147483648
2147483648 2147483648 2147483648 2147483648
2789540316 3631026364 4029885124 2614466204
3598054535 2317719743 1150875681 3679608503
1332110974 3399064174 573781330 526806494
1 9 23 81
3855615914 340804858 2779820102 3067243722
1903015851 4242240771 819691613 3820428571
0 0 0 0
1772137194 3064332858 2104449798 1809191946
3279817135 3748550439 2421350073 3672182879
140687181 1266184629 3235805163 2805727069
3702716689 3259679129 3558105223 3567308385
194054885 1746493965 168295059 2833543797
2147483648 2147483648 2147483648 2147483648
3901624293 754880269 3838012819 2498955125
3901624293 754880269 3838012819 2498955125
3901624293 754880269 3838012819 2498955125
4160209397 3082146205 1195535619 1969512069
246836841 2221531569 1382280047 2813914937
246836841 2221531569 1382280047 2813914937
246836841 2221531569 1382280047 2813914937
2147483648 2147483648 2147483648 2147483648
2910997998 429178206 2528444514 3862603854
4294967294 4294967278 4294967250 4294967134
4294967294 4294967278 4294967250 4294967134
4294967294 4294967278 4294967250 4294967134
4294967294 4294967278 4294967250 4294967134
0 0 0 0
435419474 3918775266 1424713310 909239026
2701720571 2840648659 2010030989 4091001451
410969287 3698723583 862359009 3223741175
2423922027 340461763 4210599069 3064155867
1206001018 2264074570 1968219638 3196801946
2 18 46 162
4038255104 1984557568 2685554176 681148928
0 0 0 0
542885940 591006164 3896442028 1024088180
2160342108 2263209788 2443228228 3189018908
2160342108 2263209788 2443228228 3189018908
2160342108 2263209788 2443228228 3189018908
2160342108 2263209788 2443228228 3189018908
1183658498 2062991890 1454341678 1387057826
1183658498 2062991890 1454341678 1387057826
1183658498 2062991890 1454341678 1387057826
1183658498 2062991890 1454341678 1387057826
1019175992 582649336 1966211336 948876728
3706172911 3290785127 3637598329 3847262367
1320466025 3294259633 305947503 3878532921
4179773210 3258220522 1645503318 3554180922
4294967294 4294967278 4294967250 4294967134
2773136764 3483394396 3652603428 1285778492
470078765 4230708885 2221877003 3716641597
2147483648 2147483648 2147483648 2147483648
4294967295 4294967287 4294967273 4294967215
1889697968 4122379824 513380304 2741680048
2509708597 1112540893 1888722883 1422933445
2792952600 3661736920 4108367656 2890861208
2853858272 4209887968 1214230816 3529253344
1765598969 3005488833 1954070623 1279595721
2900483465 334547409 2286610255 3010926681
228398471 2055586239 958197537 1320406967
0 0 0 0
1775204253 3091936389 2174992155 2057623725
1775204253 3091936389 2174992155 2057623725
1775204253 3091936389 2174992155 2057623725
1775204253 3091936389 2174992155 2057623725
1775204253 3091936389 2174992155 2057623725
2892494299 262644915 2102859437 2363804235
4294967294 4294967278 4294967250 4294967134
4294967294 4294967278 4294967250 4294967134
4294967294 4294967278 4294967250 4294967134
757927449 2526379745 252462143 1262581225
1431655765 4294967293 2863311523 4294967269
3229354726 3294388758 1260714666 3879695046
1903501952 4246615680 830871936 3859802752
2365851113 4112790833 2874968047 2655379129
4294967294 4294967278 4294967250 4294967134
4294967294 4294967278 4294967250 4294967134
4294967294 4294967278 4294967250 4294967134
347815622 3130340598 3704792010 2403261606
2863311530 4294967290 1431655750 4294967242
2147483648 2147483648 2147483648 2147483648
3578251314 2139490754 695401598 2075547602
1757011238 2928199254 1756552810 583989510
2 18 46 162
236781361 2131032249 1151004007 1999421057
3810210045 4227119333 1735485115 3684335629
3810210045 4227119333 1735485115 3684335629
3810210045 4227119333 1735485115 3684335629
3915225236 877288756 4150834508 3600631508
0 0 0 0
3440847827 902859371 1830088693 3830767043
2863311530 4294967290 1431655750 4294967242
1644494838 1915551654 3463642906 60095702
365978237 3293804133 4122532155 3874433421
365978237 3293804133 4122532155 3874433421
365978237 3293804133 4122532155 3874433421
365978237 3293804133 4122532155 3874433421
0 0 0 0
1149035721 1751386897 658017807 2877580185
4269328815 4064220967 3705282233 2218250335
2863311530 4294967290 1431655750 4294967242
2147483648 2147483648 2147483648 2147483648
1234216017 2518009561 2617164615 1187249569
110333130 992998170 2537661990 347048938
2324225763 3738162683 1917584997 3578693075
2324225763 3738162683 1917584997 3578693075
2324225763 3738162683 1917584997 3578693075
3257903593 3551328561 1917338607 1897185977
3257903593 3551328561 1917338607 1897185977
3257903593 3551328561 1917338607 1897185977
2371675902 4165213934 3008938194 3127187038
7239923 65159307 166518229 586433763
73516642 661649778 1690882766 1659880706
1117954960 1471660048 4238127600 360038544
639060364 1456575980 1813486484 224281932
639060364 1456575980 1813486484 224281932
639060364 1456575980 1813486484 224281932
2188924234 2520448922 3100617126 1209203818
2188924234 2520448922 3100617126 1209203818
2188924234 2520448922 3100617126 1209203818
2380201185 4241941481 3205019703 3817734961
1076386377 1097542801 3282050191 1287950617
0 0 0 0
1363028029 3677317669 1284873595 3031087949
176350200 1587151800 4056054600 1399464312
2502117932 1044224908 1714137588 808089580
2 18 46 162
2 18 46 162
4089975245 2450038837 3875117419 575513053
4294967295 4294967287 4294967273 4294967215
3894806989 693524533 3681214827 1946753501
2 18 46 162
2 18 46 162
880775733 3632014301 3077972675 2623357637
880775733 3632014301 3077972675 2623357637
880775733 3632014301 3077972675 2623357637
880775733 3632014301 3077972675 2623357637
880775733 3632014301 3077972675 2623357637
2284307024 3378894032 999454000 345275216
534760555 517877699 3709558173 365931995
218091882 1962826938 721145990 485573258
2256326915 3127073051 355911493 2373853683
2863311530 4294967290 1431655750 4294967242
1 9 23 81
2665117364 2511219796 1168157228 1126141684
3954279300 1228775332 754110684 2469043396
2042775014 1205105942 4034152362 2256018886
3419684352 712388096 1343328768 2116525568
1557974636 1136869836 1473678260 1641893932
1017406627 566725051 1925515941 805558163
1852747009 3789821193 3958475543 4043619665
1852747009 3789821193 3958475543 4043619665
1852747009 3789821193 3958475543 4043619665
1852747009 3789821193 3958475543 4043619665
4007625341 1708889701 1981069627 2495105421
3775586242 3915505106 939137646 879807586
1 9 23 81
3500479751 1439546687 3201622945 71018295
493776825 149024129 2766932383 1341217161
493776825 149024129 2766932383 1341217161
493776825 149024129 2766932383 1341217161
1969208444 543006812 2342121252 592094012
1376687908 3800256580 1599050812 4137538148
945273942 4212498182 266464186 3552745270
945273942 4212498182 266464186 3552745270
945273942 4212498182 266464186 3552745270
945273942 4212498182 266464186 3552745270
1732734886 2709712086 1198196714 2912572294
3417935663 696649895 1303108921 1974881759
2732090668 3113979532 2708543220 2256012012
356904023 3212136207 3913825233 3139422087
356904023 3212136207 3913825233 3139422087
356904023 3212136207 3913825233 3139422087
356904023 3212136207 3913825233 3139422087
356904023 3212136207 3913825233 3139422087
606245984 1161246560 1058755744 1861284448
1019143939 582360859 1965474117 946280435
3899204098 733098514 3782348334 2302919330
1431655765 4294967293 2863311523 4294967269
2 18 46 162
668183390 1718683214 2483316082 2583247038
2 18 46 162
1431655765 4294967293 2863311523 4294967269
4165135313 3126479449 1308831687 2368511265
4165135313 3126479449 1308831687 2368511265
4165135313 3126479449 1308831687 2368511265
4165135313 3126479449 1308831687 2368511265
4165135313 3126479449 1308831687 2368511265
3423292061 744857477 1426306075 2408749997
593146477 1043350997 757467083 800224381
1280017097 2930219281 3670589455 602169753
3295792758 3892331046 2788789402 671241046
2032685245 1114298021 3802087675 1438747597
1812248413 3425333829 3027007835 763233389
3864727778 422811634 2989392974 3805304706
3864727778 422811634 2989392974 3805304706
3864727778 422811634 2989392974 3805304706
1963830098 494601698 2218419294 156447986
646608156 1524506108 1987085700 835653084
0 0 0 0
938562869 4152098525 112109507 3009148357
3130916354 2408443410 3291599406 201154210
2844001464 4121176696 987524232 2730851896
4195475982 3399545470 2006667074 531138158
4195475982 3399545470 2006667074 531138158
279120943 2512088487 2124814393 1133959903
3114082306 2256936978 2904416302 3132563618
2174115875 2387173691 2760024869 9726739
3057843036 1750783548 1610913092 2872150044
3057843036 1750783548 1610913092 2872150044
3057843036 1750783548 1610913092 2872150044
4294967294 4294967278 4294967250 4294967134
4231678505 3725368177 2839325103 3463542521
2863311530 4294967290 1431655750 4294967242
2863311530 4294967290 1431655750 4294967242
2863311530 4294967290 1431655750 4294967242
3648474407 2771498591 2310532737 3468650839
3393200426 474032762 734198470 4266294858
3578660854 2143176614 704821018 2108720342
1114002009 1436083489 4147209727 39849513
3234744764 3342899100 1384685540 21320828
3234744764 3342899100 1384685540 21320828
3234744764 3342899100 1384685540 21320828
3234744764 3342899100 1384685540 21320828
3234744764 3342899100 1384685540 21320828
4294967295 4294967287 4294967273 4294967215
2006000444 874134812 3188337252 3572246012
161771420 1455942780 3720742660 218583132
2 18 46 162
1 9 23 81
479315923 18876011 2434331637 169884099
3236999192 3363188952 1436537384 203929496
1 9 23 81
139462950 1255166550 3207647850 2706564358
2010141467 911404019 3283580781 3907668875
1865526305 3904834857 4252399351 783775345
1 9 23 81
326347085 2937123765 3211015659 664310109
767845642 2615643482 480580582 2065954858
3704378661 3274636877 3596330579 3701928117
1355000353 3605068585 1100237047 2380846193
580176158 926618126 459149746 4044595838
4034273103 1948719559 2593968153 358606847
4235674731 3761334211 2931238301 3787236827
1415104262 4146003766 2482626954 2954295526
2863311530 4294967290 1431655750 4294967242
1741555748 2789099844 1401076540 3627062116
3182894311 2876245023 192125121 116401431
2578813597 1734485893 3478137883 2725471149
56556605 509009445 1300801915 286117709
3593450098 2276279810 1044973630 3306649106
3633936189 2640654629 1976153723 2291055181
3042863784 1615970280 1266390296 1658830632
3720506733 3419789525 3967276235 713334653
123070152 1107631368 2830613496 1378747720
123070152 1107631368 2830613496 1378747720
123070152 1107631368 2830613496 1378747720
123070152 1107631368 2830613496 1378747720
123070152 1107631368 2830613496 1378747720
4180109473 3261246889 1653237367 3581418225
1 9 23 81
3847155887 264664615 2585239481 2381981535
2817717697 3884622793 382997591 601866769
670502053 1739551181 2536645331 2771058741
0 0 0 0
0 0 0 0
1820344430 3498197982 3213216226 1419010766
1981168326 650645750 2617198538 1560844454
1981168326 650645750 2617198538 1560844454
1981168326 650645750 2617198538 1560844454
0 0 0 0
591109789 1025020805 710623259 635252653
579951678 924597806 453986706 4026412958
3143730649 2523772065 3586328191 1239112105
2 18 46 162
4072006012 2288315740 3461825060 3414972476
567675467 814111907 171633853 3032039867
966773522 111027106 760954526 999243954
173651383 1562862447 3993981809 1180860135
2386488791 3562639 3349634641 32063751
1413600352 4132468576 2448037024 2832478816
3253249291 3509439843 1810289661 1520187515
1324057344 3326581504 388547840 4169429760
2 18 46 162
2147483648 2147483648 2147483648 2147483648
2147483648 2147483648 2147483648 2147483648
2147483648 2147483648 2147483648 2147483648
2147483648 2147483648 2147483648 2147483648
2147483648 2147483648 2147483648 2147483648
2830619893 4000742557 679748099 1646944645
3672426487 2987067311 2861430577 1113802023
2900630967 335874927 2290002801 3022874343
3309335341 4014214293 3100268811 1768190269
1 9 23 81
1 9 23 81
1 9 23 81
1 9 23 81
389951317 3509561853 378945699 1521285605
2461443781 678157549 778632115 1808450645
2863311530 4294967290 1431655750 4294967242
2863311530 4294967290 1431655750 4294967242
3528606143 1692684215 3848529961 2349256047
3362718699 199697219 33118749 1797274971
2666233494 2521264966 1193828218 1216548214
2462197354 684939706 795964294 1869490058
905438417 3853978457 3645214407 326067745
2 18 46 162
2684743326 2687853454 1619554354 2715844606
4193864937 3385046065 1969613039 400643513
621543700 1298926004 1410603212 3100399444
2 18 46 162
2 18 46 162
4294967294 4294967278 4294967250 4294967134
3909550751 826218391 4020321353 3140998223
3631024228 2614446980 1909178620 2055186340
1 9 23 81
1 9 23 81
100826353 907437177 2319006119 3871967297
1459055627 246598755 3493508349 2219388795
2147483648 2147483648 2147483648 2147483648
3791865126 4062015062 1313551978 2198397190
944212774 4202947670 242057322 3466790662
944212774 4202947670 242057322 3466790662
944212774 4202947670 242057322 3466790662
944212774 4202947670 242057322 3466790662
2703682133 2858302717 2055146915 4249887973
1002280220 430587388 1577608580 3875286492
3466688727 1135427471 2424429393 1628912647
530984792 483895832 3622715624 60095192
2374465077 4190316509 3073089219 3353110213
1431655765 4294967293 2863311523 4294967269
2147483648 2147483648 2147483648 2147483648
2128408317 1975805669 1708751035 602381837
0 0 0 0
4294967294 4294967278 4294967250 4294967134
2147483648 2147483648 2147483648 2147483648
1 9 23 81
2 18 46 162
2 18 46 162
2 18 46 162
2 18 46 162
741364962 2377317362 4166492238 4215987074
961287850 61656058 634784070 554904522
2360250384 4062384272 2746151280 2201720080
2184854753 2483823593 3007019063 879575857
2863311530 4294967290 1431655750 4294967242
2970528521 964952913 3897646543 94641625
2970528521 964952913 3897646543 94641625
2970528521 964952913 3897646543 94641625
2970528521 964952913 3897646543 94641625
2243729558 3013696838 66172282 1353467766
4294967294 4294967278 4294967250 4294967134
2690276484 2737651876 1746816988 3164030404
2674692451 2597395579 1388384229 1901723731
2538901475 1375276795 2560159077 3787556563
1431655765 4294967293 2863311523 4294967269
3210292637 3122829957 822286619 2335665837
1708437363 2491034379 639353685 944472931
497582400 183274304 2854460608 1649468736
0 0 0 0
4284586654 4201541518 4056212530 3454135294
3481414923 1267963235 2763131901 2821734523
3827987513 92149249 2144366879 829343241
3231174201 3310764033 1302562591 4027072521
2 18 46 162
0 0 0 0
3838800703 189467959 2393070249 1705211631
3881178217 570865585 3367753071 842822969
2028995759 1081092647 3717229497 1139899231
2 18 46 162
2147483648 2147483648 2147483648 2147483648
2 18 46 162
245754548 2211790932 1357387308 2726249204
2623414023 2135889727 208980385 2043138359
277999734 2501997606 2099026586 1043141974
2946917198 752451006 3354586114 2477091758
4294967294 4294967278 4294967250 4294967134
107575707 968181363 2474241261 123697675
2016605088 969576608 3432244064 136254880
3560607771 1980698867 289600109 646420619
2863311530 4294967290 1431655750 4294967242
1696589183 2384400759 366845545 4279737647
2 18 46 162
4294967294 4294967278 4294967250 4294967134
2354115554 4007170802 2605050190 1704798850
1631193167 1795836615 3157704473 3277627647
2383800112 4274331824 3287795024 4109248048
2383800112 4274331824 3287795024 4109248048
2144876288 2124017408 2087514368 1936287488
1431655765 4294967293 2863311523 4294967269
4061601303 2194673359 3222516753 2572191047
4294967295 4294967287 4294967273 4294967215
2710542577 2920046713 2212937127 510616641
1858524066 3841814706 4091347854 216593986
1 9 23 81
558399867 730631507 4253262349 2280716267
1431655765 4294967293 2863311523 4294967269
1431655765 4294967293 2863311523 4294967269
1431655765 4294967293 2863311523 4294967269
842766194 3289928450 2203753278 3839552274
2147483648 2147483648 2147483648 2147483648
3450262627 987592571 2046629093 298398547
3335347249 4248321465 3698542695 3875154817
3335347249 4248321465 3698542695 3875154817
3335347249 4248321465 3698542695 3875154817
3335347249 4248321465 3698542695 3875154817
821434609 3097944185 1713126823 2111693889
27707886 249370974 637281378 2244338766
1659471617 2050342665 3808108823 1273214801
1651417805 1977858357 3622871147 620856029
851080973 3364761461 2394993195 218082077
4294967295 4294967287 4294967273 4294967215
2147483648 2147483648 2147483648 2147483648
4046796331 2061428611 2882002397 1372988315
1431655765 4294967293 2863311523 4294967269
564117853 782093381 89808731 2743873133
2763092450 3392995570 3421584206 472189058
1149120807 1752152671 659974785 2884472151
2698346267 2810279923 1932421997 3817682827
3480676656 1261318832 2746151760 2761934896
1564313286 1193917686 1619467210 2155324582
1854768563 3808015179 4004971285 4207365539
1048056363 842572675 2630459869 3288186779
1048056363 842572675 2630459869 3288186779
1048056363 842572675 2630459869 3288186779
1048056363 842572675 2630459869 3288186779
1048056363 842572675 2630459869 3288186779
255732301 2301590709 1586875627 3534447197
144760540 1302844860 3329492420 3135669148
125393414 1128540726 2884048522 1566931942
2689480636 2730489244 1728512484 3099566716
3500849651 1442875787 3210130645 100980195
1179318532 2023932196 1354522460 1035520580
2735531668 3144948532 2787686220 2534733012
1132416712 1601815816 275780600 1531440456
1859306795 3848859267 4109350621 279995035
1859306795 3848859267 4109350621 279995035
3195554200 2990184024 483302568 1141852440
4294967295 4294967287 4294967273 4294967215
0 0 0 0
2863311530 4294967290 1431655750 4294967242
2863311530 4294967290 1431655750 4294967242
2863311530 4294967290 1431655750 4294967242
2863311530 4294967290 1431655750 4294967242
2863311530 4294967290 1431655750 4294967242
2090347229 1633255877 833346011 1814401005
2147483648 2147483648 2147483648 2147483648
30284683 272562147 696547709 2453059323
2466876316 727050364 903580420 2248485980
4088258458 2434587754 3835631318 436453306
3888495646 636722446 3536053938 1435534718
2147483648 2147483648 2147483648 2147483648
2147483648 2147483648 2147483648 2147483648
2147483648 2147483648 2147483648 2147483648
2147483648 2147483648 2147483648 2147483648
3479983775 1255082903 2730215497 2705811535
3789811938 4043536370 1266328654 2032088962
0 0 0 0
0 0 0 0
0 0 0 0
2863311530 4294967290 1431655750 4294967242
419005833 3771052497 1047199567 3874701401
419005833 3771052497 1047199567 3874701401
700439351 2008986863 3225203185 901012583
700439351 2008986863 3225203185 901012583
2863311530 4294967290 1431655750 4294967242
2835887765 4048153405 800909155 2073642277
1431655765 4294967293 2863311523 4294967269
1431655765 4294967293 2863311523 4294967269
2147483648 2147483648 2147483648 2147483648
1705045799 2460510303 561347713 669756247
1431655765 4294967293 2863311523 4294967269
2863311530 4294967290 1431655750 4294967242
3395121146 491319242 778375030 126905882
3417163709 689702309 1285353979 1912353485
3138671314 2478238050 3469963486 829305970
3544473076 1835486612 4213469420 3634477620
906692166 3865262198 3674050634 427621414
712687952 2119224272 3506921008 1893149264
3117930439 2291570175 2992923361 3444262391
3117930439 2291570175 2992923361 3444262391
3117930439 2291570175 2992923361 3444262391
2133036824 2017462232 1815206696 977290904
2683204009 2673999601 1584150063 2591159929
3698424640 3221050688 3459388096 3219652416
1174442787 1980050491 1242380325 640585235
4294967294 4294967278 4294967250 4294967134
4294967294 4294967278 4294967250 4294967134
4294967294 4294967278 4294967250 4294967134
4294967294 4294967278 4294967250 4294967134
4294967294 4294967278 4294967250 4294967134
4294967294 4294967278 4294967250 4294967134
4294967294 4294967278 4294967250 4294967134
4294967294 4294967278 4294967250 4294967134
4294967294 4294967278 4294967250 4294967134
3451273802 996693146 2069886118 380303722
4294967295 4294967287 4294967273 4294967215
2130236077 1992255509 1750789515 750430397
1028984663 670927375 2191810769 1743379079
2753346304 3305280256 3197422848 3977718528
687229713 1890100121 2921381511 4125999201
4294967294 4294967278 4294967250 4294967134
1653995386 2001056586 3682155510 829640090
4294967294 4294967278 4294967250 4294967134
3792953403 4071809555 1338582349 2286547627
2863311530 4294967290 1431655750 4294967242
2147483648 2147483648 2147483648 2147483648
2147483648 2147483648 2147483648 2147483648
2147483648 2147483648 2147483648 2147483648
2147483648 2147483648 2147483648 2147483648
2147483648 2147483648 2147483648 2147483648
732593932 2298378092 3964758548 3505533644
732593932 2298378092 3964758548 3505533644
732593932 2298378092 3964758548 3505533644
732593932 2298378092 3964758548 3505533644
3589077776 2236928912 944410224 2952491024
3582898795 2181318083 802293661 2451993563
3582898795 2181318083 802293661 2451993563
792276003 2835516731 1042478885 4044814099
1509408953 699778689 356667551 2003040905
2378855979 4229834627 3174079965 3708773275
2147483648 2147483648 2147483648 2147483648
759448319 2540067575 287442153 1385771695
759448319 2540067575 287442153 1385771695
4004039974 1676621398 1898606186 2204690694
3246638719 3449944695 1658246505 984731183
3190355671 2943397263 363736401 720771591
763914736 2580265328 390169744 1747551472
763914736 2580265328 390169744 1747551472
763914736 2580265328 390169744 1747551472
763914736 2580265328 390169744 1747551472
763914736 2580265328 390169744 1747551472
1589179865 1417716897 2191398527 4169517481
3362623725 198842453 30934347 1789582077
4294967294 4294967278 4294967250 4294967134
4294967294 4294967278 4294967250 4294967134
4294967294 4294967278 4294967250 4294967134
4294967294 4294967278 4294967250 4294967134
4294967294 4294967278 4294967250 4294967134
4294967295 4294967287 4294967273 4294967215
2863311530 4294967290 1431655750 4294967242
2 18 46 162
2361698587 4075418099 2779459949 2319024523
3077893564 1931238300 2072075236 201275516
3077893564 1931238300 2072075236 201275516
1541467482 988305450 1094013718 304814458
2054178820 1307740196 1472604 3179727172
2147483648 2147483648 2147483648 2147483648
1572110397 1264091685 1798800763 2786890573
2977132287 1024386807 4049533161 629546671
122196562 1099769058 2810520926 1307986930
3936621838 1069858174 347989058 1038788974
2657112673 2439177577 984049335 477761713
78977060 710793540 1816472380 2102174564
78977060 710793540 1816472380 2102174564
78977060 710793540 1816472380 2102174564
78977060 710793540 1816472380 2102174564
3733881008 3540158000 4274884560 1796650928
4294967295 4294967287 4294967273 4294967215
3017315070 1386031854 678769874 3884352094
2324082464 3736872992 1914289120 3567085856
2324082464 3736872992 1914289120 3567085856
3555433012 1934126036 170580652 227265140
4181424710 3273084022 1683487818 3687952422
4181424710 3273084022 1683487818 3687952422
4181424710 3273084022 1683487818 3687952422
3212995213 3147153141 884445867 2554574493
2691232588 2746256812 1768807380 3241474828
2691232588 2746256812 1768807380 3241474828
2691232588 2746256812 1768807380 3241474828
2691232588 2746256812 1768807380 3241474828
2691232588 2746256812 1768807380 3241474828
3052270544 1700631120 1482745776 2420778192
2217807619 2780399387 3764934981 3548758003
3592774318 2270197790 1029430690 3251910926
2863311530 4294967290 1431655750 4294967242
2 18 46 162
1 9 23 81
1 9 23 81
1 9 23 81
1 9 23 81
1 9 23 81
2294843918 3473726078 1241802562 1198763630
2294843918 3473726078 1241802562 1198763630
2294843918 3473726078 1241802562 1198763630
2697903703 2806296847 1922243025 3781835143
2020329245 1003094021 3517899675 437911597
1952450634 392186522 1956691622 3529678698
1290791734 3027191014 3918406106 1474915350
0 0 0 0
2058377335 1345526831 98038449 3519806887
1 9 23 81
1767610021 3023588301 2000324819 1442490933
2147483648 2147483648 2147483648 2147483648
4294967294 4294967278 4294967250 4294967134
4294967294 4294967278 4294967250 4294967134
4294967294 4294967278 4294967250 4294967134
4294967294 4294967278 4294967250 4294967134
2869899371 59290563 1583176093 533615067
943644982 4197837542 228998106 3420799510
1468207999 328970103 3704012905 2960730927
0 0 0 0
2863311530 4294967290 1431655750 4294967242
818325111 3069958703 1641608369 1859824551
99802027 898218243 2295446621 3788996891
638147091 1448356523 1792481205 150306819
1 9 23 81
1 9 23 81
1 9 23 81
1 9 23 81
77342844 696085596 1778885412 1969803068
2587988060 1817056060 3689150532 3468602652
4294967294 4294967278 4294967250 4294967134
4294967294 4294967278 4294967250 4294967134
63627856 572650704 1463440688 858889040
4210804236 3537499756 2359216916 1772726732
0 0 0 0
3142435893 2512119261 3556548803 1134236869
2177233489 2415232217 2831729991 262253473
0 0 0 0
1431841428 1670964 2867581772 15038676
2958995669 861157245 3632390947 3455447909
4294967295 4294967287 4294967273 4294967215
4013669807 1763289895 2120092345 2984707167
4013669807 1763289895 2120092345 2984707167
4013669807 1763289895 2120092345 2984707167
4013669807 1763289895 2120092345 2984707167
3586958517 2217855581 895667267 2780831045
669491431 1730455583 2513401025 2689198359
4294967295 4294967287 4294967273 4294967215
2991668513 1155212841 88899063 1806980977
1 9 23 81
407019641 3663176769 771517151 2903819849
527265099 450418595 3537162685 4053767355
1584061314 1371649938 2073671854 3754914850
4207860966 3511010326 2291521706 1534321862
1317154231 3264453487 229776241 3610277607
1317154231 3264453487 229776241 3610277607
1317154231 3264453487 229776241 3610277607
1317154231 3264453487 229776241 3610277607
1317154231 3264453487 229776241 3610277607
1487702442 504420090 4152385094 244813514
3362400412 196832636 25798148 1771493724
2 18 46 162
2 18 46 162
2 18 46 162
2 18 46 162
0 0 0 0
759074363 2536701971 278841165 1355481259
3872091969 489089353 3158769367 106836881
2 18 46 162
1342472229 3492315469 812090195 1366068149
1279239623 2923222015 3652707553 539194359
2409027943 206415007 3868035137 1857735063
1317298162 3265748866 233086654 3621936018
2 18 46 162
4294967295 4294967287 4294967273 4294967215
1254130068 2697236020 3075187788 2800287700
1719651197 2591958885 897271867 1852793485
1 9 23 81
2372931994 4176518762 3037828310 3228930490
1682837301 2260633821 50552259 3165835205
1682837301 2260633821 50552259 3165835205
1682837301 2260633821 50552259 3165835205
988233625 304168033 1254536895 2737512297
406004818 3654043362 748176222 2821619186
0 0 0 0
0 0 0 0
0 0 0 0
0 0 0 0
3835509130 159843802 2317364070 1438594218
3835509130 159843802 2317364070 1438594218
3835509130 159843802 2317364070 1438594218
3835509130 159843802 2317364070 1438594218
2 18 46 162
4294967295 4294967287 4294967273 4294967215
539314104 558859640 3814289800 734769464
3510992536 1534161752 3443417000 922553880
4294967294 4294967278 4294967250 4294967134
4294967294 4294967278 4294967250 4294967134
4294967294 4294967278 4294967250 4294967134
4128362137 2795520865 463048639 3684851305
2863311530 4294967290 1431655750 4294967242
3174558336 2801221248 397696 3736154752
3967957535 1351879447 1068710089 3576980431
1481080305 444820857 4000075943 4003387713
3161465328 2683384176 3994225808 2675621104
2359943612 4059623324 2739095524 2176871548
2 18 46 162
2368112117 4133139869 2926971139 2838520453
2014330694 949107062 3379933002 4246996262
1052826156 885500812 2740165108 3674540012
3883504135 591798847 3421249185 1031222327
3977765450 1440150682 1294292134 76454250
3331758553 4216023201 3616002687 3584470441
2895158292 286620852 2164131276 2579587668
3432570173 828360485 1639702651 3160277069
0 0 0 0
3524131983 1652416775 3745624281 1986849087
2683508603 2676740947 1591155725 2615832043
2683508603 2676740947 1591155725 2615832043
2683508603 2676740947 1591155725 2615832043
2683508603 2676740947 1591155725 2615832043
2683508603 2676740947 1591155725 2615832043
4294967295 4294967287 4294967273 4294967215
93376989 840392901 2147670747 3268568813
421595470 3794359230 1106761218 4084461998
2863311530 4294967290 1431655750 4294967242
3988644672 1538063680 1544514240 957671232
3389293736 438872552 644344600 3949852968
3260929352 3578560392 1986931064 2142272456
3311752581 4035969453 3155865331 1963986709
867757390 3514849214 2778550786 1568871854
3562519857 1997907641 333578087 801299585
3854975139 335037883 2765082277 3015340947
2007646508 888949388 3226196724 3705577196
3869668486 467278006 3103029258 4205502054
4028350110 1895412622 2457739314 4173811710
1441433182 87996750 3088192114 791970750
3402373729 556592489 945184439 714365105
575549459 884977835 352735669 3669833219
2 18 46 162
162099917 1458899253 3728298091 245191389
2 18 46 162
2 18 46 162
2 18 46 162
2 18 46 162
2 18 46 162
3434407910 844900118 1681970602 3309133766
151547538 1363927842 3485593374 3685415986
2590994887 1844117503 3758307553 3712155639
2590994887 1844117503 3758307553 3712155639
2590994887 1844117503 3758307553 3712155639
4294967295 4294967287 4294967273 4294967215
3701960076 3252869612 3540703124 3506022732
2863972516 5948868 1446858428 53539812
3796540229 4104090989 1421079347 2577080533
1662663897 2079073185 3881531263 1531789481
2 18 46 162
2 18 46 162
2 18 46 162
2 18 46 162
4016009230 1784344702 2173899074 3174200430
4016009230 1784344702 2173899074 3174200430
4016009230 1784344702 2173899074 3174200430
0 0 0 0
2863311530 4294967290 1431655750 4294967242
4294967295 4294967287 4294967273 4294967215
3134213332 2438116212 3367429900 468209428
542662210 588992594 3891296238 1005966050
3887824780 630684652 3520624020 1381194572
3908925488 820591024 4005940304 3090351920
2147483648 2147483648 2147483648 2147483648
2147483648 2147483648 2147483648 2147483648
110035981 990323829 2530827563 322979869
2069134293 1442339453 345448483 96153189
2147483648 2147483648 2147483648 2147483648
3393011789 472335029 729859819 4251015261
0 0 0 0
4294967295 4294967287 4294967273 4294967215
1813920531 3440382891 3065466549 898674947
4294967294 4294967278 4294967250 4294967134
1174106276 1977021892 1234640572 613327844
2708948138 2905696762 2176265030 381467082
1431655765 4294967293 2863311523 4294967269
396968682 3572718138 540345094 2089692170
2371446109 4163145797 3003652955 3108573805
1984759602 682967234 2699797886 1851737810
2147483648 2147483648 2147483648 2147483648
865284752 3492595472 2721680112 1368588176
4086483304 2418611368 3794802776 292665832
1047556519 838074079 2618963457 3247699415
1047556519 838074079 2618963457 3247699415
1047556519 838074079 2618963457 3247699415
1047556519 838074079 2618963457 3247699415
1 9 23 81
4013094994 1758116578 2106871646 2938147314
1291434882 3032979346 3933198510 1527010338
1291434882 3032979346 3933198510 1527010338
1194321153 2158955785 1699582743 2250732881
3764247038 3813452270 678335954 4256299358
2505865628 1077954172 1800334596 1111652956
2147483648 2147483648 2147483648 2147483648
2398061469 107716741 3615806235 969450669
2333699636 3823427540 2135484076 51109492
2333699636 3823427540 2135484076 51109492
2333699636 3823427540 2135484076 51109492
2333699636 3823427540 2135484076 51109492
2333699636 3823427540 2135484076 51109492
1516495319 763555983 519653969 2577036551
554300269 693735125 4158971595 1948648829
1717597647 2573476935 850040217 1686455935
3504735601 1477849337 3299507495 415742145
3643719918 2728708190 2201179490 3083537230
97710621 879395589 2247344283 3619593005
634050155 1411484099 1698251677 4113422299
634050155 1411484099 1698251677 4113422299
3755524488 3734949320 477717304 3549772808
2 18 46 162
1980052517 640603469 2591534931 1470463925
2945992489 744128625 3333317807 2402190329
2945992489 744128625 3333317807 2402190329
2863311530 4294967290 1431655750 4294967242
2110932741 1818525485 1306812787 3481827477
1665692479 2106330423 3951188649 1777104623
1 9 23 81
1156436914 1817997634 828245246 3477076818
3320494360 4114645464 3356926248 2672070808
1460763914 261973338 3532798950 2357760042
1460763914 261973338 3532798950 2357760042
3050940591 1688661543 1452156857 2313051999
1601727955 1530649707 2480004597 890945475
3877019929 533440993 3272112447 506001641
2393773552 69125488 3517184144 622129392
827774684 3155004860 1858948548 2625239964
827774684 3155004860 1858948548 2625239964
827774684 3155004860 1858948548 2625239964
827774684 3155004860 1858948548 2625239964
827774684 3155004860 1858948548 2625239964
814481160 3035363144 1553197496 1548464520
813904643 3030174491 1539937605 1501766643
2147483648 2147483648 2147483648 2147483648
3901421217 753052585 3833342071 2482505969
272342691 2451084219 1968914597 584921491
2147483648 2147483648 2147483648 2147483648
1107532752 1377860176 3998416816 3810806992
2147483648 2147483648 2147483648 2147483648
2863311530 4294967290 1431655750 4294967242
1686449869 2293146933 133641323 3458453213
1686449869 2293146933 133641323 3458453213
3675332020 3013217108 2928257836 1349150196
148719213 1338472917 3420541899 3456321661
535800863 527240471 3733485257 450196943
4294967294 4294967278 4294967250 4294967134
4294967294 4294967278 4294967250 4294967134
4294967294 4294967278 4294967250 4294967134
4294967294 4294967278 4294967250 4294967134
1 9 23 81
2 18 46 162
2003091922 847958114 3121441246 3336655730
4191464507 3363442195 1914403149 206208683
1380964979 3838750219 1697423445 189013603
1139337792 1664105536 434965440 2092047936
2331014645 3799262621 2073729283 4128592517
624693289 1327272305 1483043759 3355516153
3988677693 1538360869 1545273723 960345933
770322253 2637932981 537542635 2266560349
3559491650 1970653778 263929326 556014818
2171362728 2362395368 2696702488 4081689128
1493815858 559440834 4292993662 740000210
1236798021 2541247597 2676550707 1396391893
1236798021 2541247597 2676550707 1396391893
1431655765 4294967293 2863311523 4294967269
1 9 23 81
2355319278 4018004318 2632735842 1802300494
1244160992 2607514336 2845899040 1992792544
1244160992 2607514336 2845899040 1992792544
1244160992 2607514336 2845899040 1992792544
1244160992 2607514336 2845899040 1992792544
1244160992 2607514336 2845899040 1992792544
4294967295 4294967287 4294967273 4294967215
0 0 0 0
0 0 0 0
0 0 0 0
0 0 0 0
0 0 0 0
2673069613 2582790037 1351058955 1770273853
0 0 0 0
2919609108 506678196 2726500044 265136468
2863311530 4294967290 1431655750 4294967242
217803035 1960227315 714502509 462176651
2275389941 3298640285 794361091 3917958789
1167580416 1918289152 1084545792 84733184
3551764959 1901113559 86215433 4225120143
3191723507 2955707787 395196629 831566307
2077436278 1517057318 536394138 768613974
2743213840 3214088080 2964376176 3156988944
839634357 3261741917 2131721027 3585873477
839634357 3261741917 2131721027 3585873477
839634357 3261741917 2131721027 3585873477
839634357 3261741917 2131721027 3585873477
839634357 3261741917 2131721027 3585873477
2520157233 1206578617 2129041511 2269272961
2463786025 699237745 832503727 1998172409
4086668748 2420280364 3799067988 307686796
4086668748 2420280364 3799067988 307686796
3696946835 3207750443 3425398581 3099950211
3772934453 3891639005 878146499 665012677
1301276386 3121552882 4159553102 2324172162
1301276386 3121552882 4159553102 2324172162
1825023184 3540306768 3320827568 1797989840
1931144887 200434799 1466659441 1803913191
1433628859 17757843 2908692685 159820587
2099819383 1718505263 1051205553 2581645479
2863311530 4294967290 1431655750 4294967242
1955677549 421228757 2030910667 3791058813
1423054958 4217560030 2665492962 3598301902
0 0 0 0
2563302710 1594887910 3121387482 1469089302
2563302710 1594887910 3121387482 1469089302
3050788616 1687293768 1448661432 2300742024
2045884554 1233091802 4105671782 2507891626
2045884554 1233091802 4105671782 2507891626
3386562418 414290690 581524286 3728616210
2487033506 908465074 1367195790 3881218370
1431655765 4294967293 2863311523 4294967269
3859060118 371802694 2859036794 3346224246
4294967294 4294967278 4294967250 4294967134
2 18 46 162
4294967295 4294967287 4294967273 4294967215
4294967294 4294967278 4294967250 4294967134
4231224864 3721285408 2828891360 3426797600
4231224864 3721285408 2828891360 3426797600
4231224864 3721285408 2828891360 3426797600
3813601843 4257645515 1813496469 3959071267
3813601843 4257645515 1813496469 3959071267
3813601843 4257645515 1813496469 3959071267
3813601843 4257645515 1813496469 3959071267
620427684 1288881860 1384934844 3010002148
390522249 3514700241 392077135 1567531097
643786110 1499107694 1922178642 607067358
3370546133 270144125 213149731 2431297125
2 18 46 162
2443051595 512627875 355611837 318683579
504146016 242346848 3005423776 2181121632
2026522642 1058834594 3660347806 939576754
4251421230 3903052702 3293407778 767735950
2641602944 2299590016 627325568 3516440960
1702641572 2438872260 506050492 475013860
3405271122 582669026 1011824478 949053938
3405271122 582669026 1011824478 949053938
3405271122 582669026 1011824478 949053938
3013055265 1347693609 580794359 3539307889
4258406369 3965918953 3454065975 1333532209
841795223 3281189711 2181420945 3760903623
2147483648 2147483648 2147483648 2147483648
2147483648 2147483648 2147483648 2147483648
2608089528 1997969272 4151484296 801854264
3185300101 2897897133 247458291 311270421
2515783571 1167215659 2028447285 1915006339
1 9 23 81
1 9 23 81
5685611 51170499 130769053 460534491
1246226201 2626101217 2893398847 2160074473
1246226201 2626101217 2893398847 2160074473
0 0 0 0
3484405813 1294881245 2831922371 3063996613
2147483648 2147483648 2147483648 2147483648
2147483648 2147483648 2147483648 2147483648
2147483648 2147483648 2147483648 2147483648
2147483648 2147483648 2147483648 2147483648
2147483648 2147483648 2147483648 2147483648
1 9 23 81
3805370081 4183559657 1624165943 3292298545
1712473777 2527362105 732191207 1271422465
1258733151 2738663767 3181058697 3173137423
2 18 46 162
4294967294 4294967278 4294967250 4294967134
4294967294 4294967278 4294967250 4294967134
4294967294 4294967278 4294967250 4294967134
4294967294 4294967278 4294967250 4294967134
4294967294 4294967278 4294967250 4294967134
3341751760 10994768 3845846448 98952912
3000213360 1232116464 285430544 2499113584
2147483648 2147483648 2147483648 2147483648
1173792552 1974198376 1227424920 587916200
1 9 23 81
1153914473 1795295665 770229103 3272759097
3596941024 2307698144 1125264928 3589414112
3344467199 35433719 3908301545 318903471
2863311530 4294967290 1431655750 4294967242
4294967295 4294967287 4294967273 4294967215
2318624752 3687753584 1788761744 3125011184
337136473 3034228257 3459171583 1538250537
4284890736 4204278256 4063206416 3478765936
1605750400 1566851712 2572520832 1216763520
1605750400 1566851712 2572520832 1216763520
1605750400 1566851712 2572520832 1216763520
913787669 3929121725 3837247203 1002357157
1228536518 2466894070 2486536138 727210150
2740796320 3192330400 2908773216 2961169824
390125563 3511130067 382953357 1535399531
2147483648 2147483648 2147483648 2147483648
3248090356 3463009428 1691634156 1102313780
2737454511 3162254119 2831911609 2690483295
3153434316 2611105068 3809512532 2025109132
3153434316 2611105068 3809512532 2025109132
3153434316 2611105068 3809512532 2025109132
1431655765 4294967293 2863311523 4294967269
3897541759 718137463 3744114537 2168269871
2776739896 3515822584 3735475464 1577632184
2675165953 2601657097 1399274775 1940077393
20734656 186611904 476897088 1679507136
258508443 2326575987 1650726893 3759314699
2863311530 4294967290 1431655750 4294967242
522671055 409072199 3431499673 3681649791
2147483648 2147483648 2147483648 2147483648
4294967294 4294967278 4294967250 4294967134
2448439470 561118750 479532962 755101454
1176641660 1999840348 1292954404 818693948
1 9 23 81
37293937 335645433 857760551 3020808897
1431655765 4294967293 2863311523 4294967269
1431655765 4294967293 2863311523 4294967269
1431655765 4294967293 2863311523 4294967269
3669593856 2961573632 2796280064 884358912
2283634987 3372845699 983997149 290840219
1431655765 4294967293 2863311523 4294967269
4294967294 4294967278 4294967250 4294967134
4294967294 4294967278 4294967250 4294967134
180865573 1627790157 4159908179 1765209525
3577167090 2129732738 670464446 1987725458
1916884507 72091379 1138670701 648822411
3571860176 2081970512 548405424 1557865424
3242387822 3411686622 1560475874 640408526
1523099907 822997275 671559493 3112008179
2215501664 2759645792 3711898016 3361975648
204443483 1839991347 407232813 3675020235
2528646112 1282978528 2324285728 2956872160
1 9 23 81
859852582 3443705942 2596740202 928582406
3653361596 2815483292 2422938084 3864513148
1418207908 4173936580 2554010812 3205690852
757269875 2520461579 237337941 1209317731
1764857244 2998813308 1937010948 1219515996
2531279139 1306675771 2384845349 3170147347
859882281 3443973233 2597423279 930988025
1400114261 4011093757 2137856931 1740105445
0 0 0 0
2511164423 1125643327 1922206881 1540855351
892887697 3741021977 3356547847 3604426721
1304890349 3154078549 4242674251 2616903165
2246070323 3034763723 120009877 1543069731
1631190046 1795808526 3157632690 3277374846
2147483648 2147483648 2147483648 2147483648
3290330090 3843167034 2663148038 228764938
357387176 3216484584 3924937752 3178557480
2863311530 4294967290 1431655750 4294967242
2653042320 2402544400 890431216 148063120
2653042320 2402544400 890431216 148063120
3402102578 554152130 938947966 692401874
1005637647 460804231 1654829401 4147238079
3037719654 1569673110 1148075306 1242156102
1296301627 3076780051 4045133645 1921216683
3765469033 3824450225 706441839 60313657
1836498699 3643586403 3584764413 2727506555
1836498699 3643586403 3584764413 2727506555
1836498699 3643586403 3584764413 2727506555
1836498699 3643586403 3584764413 2727506555
1945487304 329516552 1796535032 2965648968
1842016489 3693246513 3711673583 3174447545
1065103974 996001174 3022554922 374075974
2301179264 3530744192 1387515520 1711926656
4022557578 1843279834 2324511078 3704616618
0 0 0 0
3174266714 2798596650 4288657686 3712533370
3687430856 3122106632 3206531064 2329155912
2147483648 2147483648 2147483648 2147483648
2 18 46 162
0 0 0 0
1469976718 344888574 3744693442 3103997166
1469976718 344888574 3744693442 3103997166
1469976718 344888574 3744693442 3103997166
1469976718 344888574 3744693442 3103997166
3412766731 650129507 1184223485 1556198267
260546058 2344914522 1697592038 3924361514
260546058 2344914522 1697592038 3924361514
260546058 2344914522 1697592038 3924361514
3233798598 3334383606 1362923722 4239648678
1 9 23 81
4236653385 3770142097 2953747343 3866507801
3939862154 1099021018 422516326 1301254570
741801686 2381247878 4176536890 4251361718
3282182261 3769836573 2475747971 3863758085
4294967294 4294967278 4294967250 4294967134
2948982105 771035169 3402078975 2644349225
3117282083 2285734971 2978011173 3391745555
3272218696 3680164488 2246585976 3056709320
1368930968 3730444120 1420641192 3509226008
3099477090 2125490034 2568496334 1949541122
4294967295 4294967287 4294967273 4294967215
1 9 23 81
1 9 23 81
1 9 23 81
1 9 23 81
3102663183 2154164871 2641776473 2207614655
139539369 1255854321 3209405487 2712754297
4294967295 4294967287 4294967273 4294967215
4072993732 2297205220 3484542620 3494977796
2530767597 1302071893 2373079883 3128712445
2908394045 405742629 2468553595 3651683661
2863311530 4294967290 1431655750 4294967242
2863311530 4294967290 1431655750 4294967242
3308550762 4007153082 3082223494 1704639370
3308550762 4007153082 3082223494 1704639370
1 9 23 81
3533289040 1734830288 3956236592 2728570704
2863311530 4294967290 1431655750 4294967242
3463588673 1107526985 2353128151 1377808273
3383256011 384533027 505476925 3460797243
1 9 23 81
1 9 23 81
1 9 23 81
1 9 23 81
2175151968 2396498528 2783855008 93650272
2403255737 154465153 3735274399 1390186377
1491323287 537007695 4235664529 538101959
1491323287 537007695 4235664529 538101959
1491323287 537007695 4235664529 538101959
1491323287 537007695 4235664529 538101959
1491323287 537007695 4235664529 538101959
752711345 2479434809 132491751 840076801
3453615096 1017764792 2123735880 569948536
620176014 1286616830 1379146434 2989616878
114397131 1029574179 2631134013 676233019
0 0 0 0
1 9 23 81
1 9 23 81
0 0 0 0
2147483648 2147483648 2147483648 2147483648
239580321 2156222889 1215380087 2226136817
2863311530 4294967290 1431655750 4294967242
1431655765 4294967293 2863311523 4294967269
1431655765 4294967293 2863311523 4294967269
1431655765 4294967293 2863311523 4294967269
3466678614 1135336454 2424196794 1628093494
1 9 23 81
1 9 23 81
2147483648 2147483648 2147483648 2147483648
2 18 46 162
2863311530 4294967290 1431655750 4294967242
3886131576 615445816 3481680328 1244045048
473792458 4264132122 2307291942 4017450730
954170074 4292563370 471075222 4273331962
4168634104 3157968568 1389303880 2651913336
4233626306 3742898386 2884124526 3621314402
2863311530 4294967290 1431655750 4294967242
4294967294 4294967278 4294967250 4294967134
4294967294 4294967278 4294967250 4294967134
767302571 2610755843 468089949 2021966107
769781022 2633061902 525094322 2222720638
2955730413 831769941 3557290059 3190962173
2281362108 3352389788 931720932 106737020
2633782113 2229202537 447446455 2882953649
2704787318 2868249382 2080566170 44440662
4262100056 3999162136 3539020776 1632720856
1 9 23 81
441472988 3973256892 1563944132 1399573660
1870850426 3952751946 79886838 1215029146
2046440478 1238095118 4118458034 2552921470
2046440478 1238095118 4118458034 2552921470
2046440478 1238095118 4118458034 2552921470
2046440478 1238095118 4118458034 2552921470
1336027343 3434311495 663857817 844032383
2694109846 2772152134 1834984314 3474532726
0 0 0 0
0 0 0 0
0 0 0 0
0 0 0 0
4294967294 4294967278 4294967250 4294967134
971768359 155980639 875835777 1403825751
292563470 2633071230 2433992514 2222804590
1840236838 3677229654 3670741610 3030295814
2891259270 251529654 2074453770 2263766886
3477776905 1235221073 2679457487 2527055065
1431655765 4294967293 2863311523 4294967269
1431655765 4294967293 2863311523 4294967269
1431655765 4294967293 2863311523 4294967269
1431655765 4294967293 2863311523 4294967269
1431655765 4294967293 2863311523 4294967269
211628701 1904658309 572492827 4257022893
211628701 1904658309 572492827 4257022893
211628701 1904658309 572492827 4257022893
1544480710 1015424502 1163317962 548885926
1544480710 1015424502 1163317962 548885926
1544480710 1015424502 1163317962 548885926
1544480710 1015424502 1163317962 548885926
1620255461 1697397261 2906137235 2391673461
0 0 0 0
0 0 0 0
0 0 0 0
3281574127 3764363367 2461760889 3814499231
1431655765 4294967293 2863311523 4294967269
67416266 606746394 1550574118 1165750250
1603478202 1546401930 2520260278 1032715482
1674817986 2188459986 4161075310 2516270690
2880090119 151007295 1817563297 1359065655
4294967294 4294967278 4294967250 4294967134
2583906759 1780324351 3595280609 3138017271
624701657 1327347617 1483236223 3356193961
4294967295 4294967287 4294967273 4294967215
4294967295 4294967287 4294967273 4294967215
4294967295 4294967287 4294967273 4294967215
4294967295 4294967287 4294967273 4294967215
4294967295 4294967287 4294967273 4294967215
4135956488 2863870024 637718712 5026440
3034988985 1545097089 1085269919 1020971913
1111263995 1411441363 4084235405 4113037675
544192852 602768372 3926501004 1129948052
1925470339 149363867 1336144837 1344274803
1949421341 364922885 1887017883 3284305965
861679493 3460148141 2638759155 1076562197
2863311530 4294967290 1431655750 4294967242
4294967294 4294967278 4294967250 4294967134
4294967294 4294967278 4294967250 4294967134
4294967294 4294967278 4294967250 4294967134
4294967294 4294967278 4294967250 4294967134
4294967294 4294967278 4294967250 4294967134
4294967294 4294967278 4294967250 4294967134
4294967294 4294967278 4294967250 4294967134
4284557194 4201276378 4055534950 3451749034
598504216 1091570648 880695080 1234201240
3766334050 3832235378 726337230 130380034
3064992607 1815129687 1775353225 3451265295
3387123145 419337233 594421007 3774035097
3690416161 3148974377 3275193079 2570965617
2863311530 4294967290 1431655750 4294967242
1 9 23 81
3268711235 3648597339 2165914373 2772604979
153258620 1379327580 3524948260 3824013628
0 0 0 0
106254102 956286918 2443844346 16647670
4294967294 4294967278 4294967250 4294967134
4294967294 4294967278 4294967250 4294967134
4294967294 4294967278 4294967250 4294967134
3702333242 3256228106 3549285942 3536249178
3702333242 3256228106 3549285942 3536249178
3702333242 3256228106 3549285942 3536249178
3702333242 3256228106 3549285942 3536249178
3702333242 3256228106 3549285942 3536249178
3884658007 602183695 3447788241 1124685959
1773634655 3077810007 2138891401 1930486287
2864991706 15121578 1470299798 136094202
2147483648 2147483648 2147483648 2147483648
1516605714 764549538 522193054 2585978546
1516605714 764549538 522193054 2585978546
1516605714 764549538 522193054 2585978546
1431655765 4294967293 2863311523 4294967269
2011332659 922124747 3310978197 4004155427
2368406791 4135791935 2933748641 2862389047
1431655765 4294967293 2863311523 4294967269
1431655765 4294967293 2863311523 4294967269
1431655765 4294967293 2863311523 4294967269
1431655765 4294967293 2863311523 4294967269
1431655765 4294967293 2863311523 4294967269
3988216812 1534212940 1534673460 923014572
2147483648 2147483648 2147483648 2147483648
2 18 46 162
2210306535 2712889631 3592410049 2941170199
1431655765 4294967293 2863311523 4294967269
3373975905 301012073 292034487 2709108657
2147483648 2147483648 2147483648 2147483648
1431655765 4294967293 2863311523 4294967269
727328392 2250988232 3843651128 3079024904
3166963757 2732870037 4120689675 3120993853
1636729828 1845666564 3285047676 3726097188
2773087587 3482951803 3651472357 1281795155
3616865334 2487016934 1583524058 908315926
314647474 2831827266 2941924606 4011608914
2147483648 2147483648 2147483648 2147483648
1 9 23 81
4294967294 4294967278 4294967250 4294967134
4294967294 4294967278 4294967250 4294967134
335032406 3015291654 3410778042 1367821110
2863311530 4294967290 1431655750 4294967242
2863311530 4294967290 1431655750 4294967242
557711874 724439570 4237438510 2224988834
2147483648 2147483648 2147483648 2147483648
1 9 23 81
4187754301 3330050341 1829068411 4200649293
1 9 23 81
0 0 0 0
2147483648 2147483648 2147483648 2147483648
1836413703 3642821439 3582809505 2720621879
0 0 0 0
2147483648 2147483648 2147483648 2147483648
2 18 46 162
1431655765 4294967293 2863311523 4294967269
1431655765 4294967293 2863311523 4294967269
2090369953 1633460393 833868663 1816241649
3597982932 2317075316 1149228812 3673808660
2585659887 1796102503 3635602553 3280020639
3598212039 2319137279 1154498273 3692366327
2771005637 3464214253 3603587507 1113157205
4294967294 4294967278 4294967250 4294967134
1364271794 3688511554 1313480190 3131832914
2734646987 3136986403 2767338557 2463073851
907585192 3873299432 3694590232 499956520
907585192 3873299432 3694590232 499956520
1769332267 3039088515 2039936477 1581992859
2163147311 2288456615 2507747897 3416240351
0 0 0 0
2016247232 966355904 3424013376 107268544
4271053581 4079743861 3744951851 2357956381
1818297852 3479778780 3166144932 1253237948
1662397994 2076680058 3875415494 1510251338
3762249858 3795477650 632400814 4094527778
4294967294 4294967278 4294967250 4294967134
1473381815 375534447 3823010673 3379810023
1473381815 375534447 3823010673 3379810023
1473381815 375534447 3823010673 3379810023
1473381815 375534447 3823010673 3379810023
3336605061 4259641773 3727472371 3977037589
3871784890 486325642 3151706550 81963482
3518930164 1605600404 3625982444 1565501748
3518930164 1605600404 3625982444 1565501748
3518930164 1605600404 3625982444 1565501748
3518930164 1605600404 3625982444 1565501748
3518930164 1605600404 3625982444 1565501748
2051016319 1279277687 4223702377 2923564591
2026768519 1061047487 3666002977 959492791
546585632 624303392 3981534944 1323763232
2242812002 3005438834 45068494 1279145730
2242812002 3005438834 45068494 1279145730
2242812002 3005438834 45068494 1279145730
2242812002 3005438834 45068494 1279145730
3118548699 2297134515 3007143341 3494341451
1263715279 2783502919 3295647641 3576689791
3579126119 2147363999 715522113 2146406807
1637023429 1848308973 3291800499 3749878869
4294967295 4294967287 4294967273 4294967215
604305928 1143786056 1014134456 1704139912
604305928 1143786056 1014134456 1704139912
604305928 1143786056 1014134456 1704139912
604305928 1143786056 1014134456 1704139912
3735065457 3550818041 7159591 1892591297
1 9 23 81
2930229020 602257404 2970758020 1125349340
1057869315 930889243 2856157765 4083035891
3171829882 2776665162 4232610550 3515149978
3171829882 2776665162 4232610550 3515149978
2330687404 3796317452 2066202740 4102085996
4294967295 4294967287 4294967273 4294967215
2147483648 2147483648 2147483648 2147483648
2147483648 2147483648 2147483648 2147483648
2147483648 2147483648 2147483648 2147483648
2147483648 2147483648 2147483648 2147483648
1405983712 4063918816 2272854304 2215530976
1429404311 4274704207 2811528081 4112599495
1431655765 4294967293 2863311523 4294967269
1688447932 2311129500 179596772 3620296316
576251127 891292847 368874033 3726668327
97970783 881737047 2253328009 3640666127
4294967295 4294967287 4294967273 4294967215
2147483648 2147483648 2147483648 2147483648
4294967294 4294967278 4294967250 4294967134
4294967294 4294967278 4294967250 4294967134
4294967294 4294967278 4294967250 4294967134
4294967294 4294967278 4294967250 4294967134
1054448308 900100180 2777474604 3805934324
4294967295 4294967287 4294967273 4294967215
4294967295 4294967287 4294967273 4294967215
4294967295 4294967287 4294967273 4294967215
4294967295 4294967287 4294967273 4294967215
4294967295 4294967287 4294967273 4294967215
1257776406 2730053062 3159053562 3095641078
2147483648 2147483648 2147483648 2147483648
4291070330 4259894602 4205337078 3979313050
3902731053 764841109 3863468299 2588602685
4294967295 4294967287 4294967273 4294967215
4294967295 4294967287 4294967273 4294967215
4172395350 3191819782 1475812538 2956574262
1359006325 3641122333 1192374403 2705329925
0 0 0 0
988541401 306938017 1261615743 2762442153
2610786461 2022241669 4213513755 1020305837
2147483648 2147483648 2147483648 2147483648
1654383881 2004553041 3691090895 861108185
2248184873 3053794673 168644527 1714348281
723659353 2217966881 3759263231 2781832745
1926765407 161019479 1365931401 1449175311
161580443 1454223987 3716350189 203113995
0 0 0 0
4163382269 3110702053 1268511675 2226514701
0 0 0 0
250197051 2251773459 1459564877 3086091947
387145681 3484311129 314416071 1294029089
387145681 3484311129 314416071 1294029089
798364718 2890315166 1182519330 243032718
798364718 2890315166 1182519330 243032718
798364718 2890315166 1182519330 243032718
798364718 2890315166 1182519330 243032718
798364718 2890315166 1182519330 243032718
1833298372 3614783460 3511156892 2468280068
4266565465 4039350817 3641725183 1994418985
4266565465 4039350817 3641725183 1994418985
3446600643 954634715 1962403461 1777843
300981980 2708837820 2627618244 2904703900
2501257117 1036477573 1694338843 738363565
3781872612 3972082436 1083724156 1389003556
3734624030 3546845198 4291974066 1856835710
1628591989 1772426013 3097877379 3066932229
4230606415 3715719367 2814667033 3376703231
2434973583 439925767 169817561 3959331903
1431655765 4294967293 2863311523 4294967269
1466609050 314579562 3667237078 2831216058
3081300827 1961903667 2150442285 477263819
3808019551 4207404887 1685103753 3506905615
2513611057 1147663033 1978479463 1739032705
2513611057 1147663033 1978479463 1739032705
2513611057 1147663033 1978479463 1739032705
2513611057 1147663033 1978479463 1739032705
2752046289 3293580121 3167522503 3872417313
2752046289 3293580121 3167522503 3872417313
2752046289 3293580121 3167522503 3872417313
3633705707 2638580291 1970852637 2272386139
2863311530 4294967290 1431655750 4294967242
4036043578 1964653834 2634689078 502015322
4036043578 1964653834 2634689078 502015322
4294967295 4294967287 4294967273 4294967215
1228136684 2463295564 2477339956 694823596
2 18 46 162
4294967295 4294967287 4294967273 4294967215
1431655765 4294967293 2863311523 4294967269
1431655765 4294967293 2863311523 4294967269
1318006768 3272126320 249384592 3679333104
4294967294 4294967278 4294967250 4294967134
2278538601 3326978225 866780271 4173000249
1431655765 4294967293 2863311523 4294967269
0 0 0 0
1431655765 4294967293 2863311523 4294967269
1206589059 2269366939 1981744581 3244433267
1206589059 2269366939 1981744581 3244433267
1206589059 2269366939 1981744581 3244433267
1206589059 2269366939 1981744581 3244433267
1206589059 2269366939 1981744581 3244433267
1815211428 3452000964 3095157180 1003237604
1389438400 3915011008 1892312128 875360704
1884807745 4078367817 400905175 2345571985
2484677931 887264899 1313017565 3690416795
0 0 0 0
0 0 0 0
0 0 0 0
0 0 0 0
0 0 0 0
0 0 0 0
0 0 0 0
4106307998 2597033614 4250770738 1898466046
3966853413 1341942349 1043315283 3487546549
71571197 644140773 1646137531 1502299661
1062837036 975598732 2970415348 190453996
842509473 3287617961 2197848695 3818757873
0 0 0 0
3588804622 2234470526 938127682 2930365550
3588804622 2234470526 938127682 2930365550
3588804622 2234470526 938127682 2930365550
3588804622 2234470526 938127682 2930365550
2663277730 2494663090 1125845646 977131330
907314903 3870866831 3688373585 478063111
1049667275 857070883 2667510845 3418670651
2188405481 2515780145 3088685807 1167184825
2892673150 264254574 2106973010 2378291166
2 18 46 162
4294967295 4294967287 4294967273 4294967215
2501230110 1036234510 1693717682 736175998
2863311530 4294967290 1431655750 4294967242
4294967294 4294967278 4294967250 4294967134
911303829 3906767165 3780118883 801166117
658449960 1631082344 2259447192 1794839208
658449960 1631082344 2259447192 1794839208
4294967294 4294967278 4294967250 4294967134
4294967294 4294967278 4294967250 4294967134
4294967294 4294967278 4294967250 4294967134
4294967294 4294967278 4294967250 4294967134
4294967294 4294967278 4294967250 4294967134
4091730819 2465839003 3915495621 717714547
1418222110 4174064398 2554337458 3206841214
579310069 918823325 439229699 3974442629
579310069 918823325 439229699 3974442629
579310069 918823325 439229699 3974442629
1431655765 4294967293 2863311523 4294967269
2427743460 374854660 3524732 3373691940
1500642456 620880216 155038120 1292954648
52869935 475829415 1216008505 4282464735
52869935 475829415 1216008505 4282464735
52869935 475829415 1216008505 4282464735
52869935 475829415 1216008505 4282464735
2 18 46 162
3347751221 64989917 3983834051 584909253
1886605310 4094545902 442249170 2491174750
2122158761 1919559665 1565011247 96167801
2147483648 2147483648 2147483648 2147483648
4218407985 3605933497 2534103143 2388630401
1903639136 4247850336 834027168 3870914656
1903639136 4247850336 834027168 3870914656
1903639136 4247850336 834027168 3870914656
1903639136 4247850336 834027168 3870914656
2724052374 3041634886 2523662458 1604910198
2 18 46 162
433800314 3904202826 1387472630 778087066
858919393 3435307241 2575276855 852994097
1816949166 3467640606 3135125154 1143994382
935453906 4124117858 40603358 2757322354
2441704897 500507593 324637783 209601041
2 18 46 162
659586207 1641308567 2285580873 1886875215
2613995393 2051122057 4287319191 1280229329
2837139367 4059417823 829696001 2175022039
98400060 885600540 2263201380 3675437564
576760584 895877960 380591544 3767934344
2863311530 4294967290 1431655750 4294967242
2863311530 4294967290 1431655750 4294967242
4068310710 2255058022 3376833114 3115653014
587133190 989231414 619161482 313148134
2528617755 1282723315 2323633517 2954575243
2195876300 2583017516 3260514644 1772321164
2441827119 501607591 327448889 219501023
952098370 4273918034 423426030 4105523938
2 18 46 162
3077473970 1927461954 2062424574 167288402
715724846 2146556318 3576769570 2139137678
3150711184 2586596880 3746880496 1804535440
178760042 1608840378 4111480966 1594661514
178760042 1608840378 4111480966 1594661514
1431655765 4294967293 2863311523 4294967269
1991707405 745497461 2859597355 2414509853
4294967294 4294967278 4294967250 4294967134
55823229 502409061 1283934267 226714253
2863311530 4294967290 1431655750 4294967242
2863311530 4294967290 1431655750 4294967242
2899177316 322792068 2256568828 2905128612
2899177316 322792068 2256568828 2905128612
2899177316 322792068 2256568828 2905128612
207406057 1866654513 475372015 3914988729
1143033959 1697371039 519977281 2391437463
3599757879 2333049839 1190052593 3817579367
2082076351 1558817975 643115817 1144459887
1579661888 1332055104 1972485056 3398561344
1766445162 3013104570 1973533062 1348137354
2949695929 777459585 3418496927 2702168969
0 0 0 0
0 0 0 0
1310849686 3207712582 84771706 3099609462
2863311530 4294967290 1431655750 4294967242
4180347038 3263384974 1658701362 3600660990
4294967294 4294967278 4294967250 4294967134
2863311530 4294967290 1431655750 4294967242
2863311530 4294967290 1431655750 4294967242
1183018352 2057230576 1439618320 1335206000
3107792084 2200324980 2759741196 2623055636
1625652399 1745969703 3030266809 2828825439
2419744731 302866099 4114521261 2725794891
0 0 0 0
4294967295 4294967287 4294967273 4294967215
3862430875 402139507 2936564205 3619255563
4294967295 4294967287 4294967273 4294967215
1061536402 963893026 2940500766 85102642
1635409843 1833786699 3254688021 3619178403
0 0 0 0
3817273247 4290688151 1897938761 4256454991
2493466682 966363658 1515158838 107338330
2228533486 2876932190 4011629922 122585934
2863311530 4294967290 1431655750 4294967242
2863311530 4294967290 1431655750 4294967242
2863311530 4294967290 1431655750 4294967242
2863311530 4294967290 1431655750 4294967242
2863311530 4294967290 1431655750 4294967242
3832323971 131177371 2244105413 1180596339
4024144900 1857565732 2361019484 3833189700
1431655765 4294967293 2863311523 4294967269
2640619759 2290741351 604712313 3436802975
2863311530 4294967290 1431655750 4294967242
1431655765 4294967293 2863311523 4294967269
0 0 0 0
2395119376 81237904 3548138096 731141136
2511000335 1124166535 1918432857 1527564223
2511000335 1124166535 1918432857 1527564223
2 18 46 162
2992682676 1164340308 112224812 1889128180
3405386523 583707635 1014478701 958401419
2 18 46 162
2789792953 3633300097 4035695775 2634929801
1354790223 3603177415 1095404057 2363825663
796190222 2870744702 1132505922 66898542
796190222 2870744702 1132505922 66898542
796190222 2870744702 1132505922 66898542
796190222 2870744702 1132505922 66898542
3503090895 1463046983 3261679257 282520959
1320908473 3298241665 316123807 3914371209
1320908473 3298241665 316123807 3914371209
1320908473 3298241665 316123807 3914371209
1910682901 16276925 996033763 146492325
3561302161 1986948377 305571079 702666209
3561302161 1986948377 305571079 702666209
3561302161 1986948377 305571079 702666209
3561302161 1986948377 305571079 702666209
2051507972 1283702564 4235010396 2963388484
2051507972 1283702564 4235010396 2963388484
2051507972 1283702564 4235010396 2963388484
2051507972 1283702564 4235010396 2963388484
4249130696 3882437896 3240725496 582202696
4252666882 3914263570 3322057774 868633762
2 18 46 162
2130583450 1995381866 1758779094 778567610
3374017271 301384367 292985905 2712459303
758635487 2532752087 268747017 1319932303
414863218 3733768962 951919422 3539149586
3581122667 2165332931 761442717 2308127195
3581122667 2165332931 761442717 2308127195
3581122667 2165332931 761442717 2308127195
3581122667 2165332931 761442717 2308127195
2703737671 2858802559 2056424289 4254386551
3284702353 3792517401 2533710087 4067885537
3284702353 3792517401 2533710087 4067885537
3284702353 3792517401 2533710087 4067885537
3284702353 3792517401 2533710087 4067885537
4294967294 4294967278 4294967250 4294967134
2640849720 2292811000 610001416 3455429816
2640849720 2292811000 610001416 3455429816
1186107776 2085035392 1510675072 1585449344
351865795 3166792155 3797945989 2731325619
3254647784 3522026280 1842455000 1633465448
4294967294 4294967278 4294967250 4294967134
1431655765 4294967293 2863311523 4294967269
867142594 3509316050 2764410478 1519073378
1465688017 306290265 3646053319 2756612385
1465688017 306290265 3646053319 2756612385
4294967295 4294967287 4294967273 4294967215
3896017810 704421922 3709063710 2044830002
3896017810 704421922 3709063710 2044830002
3896017810 704421922 3709063710 2044830002
3896017810 704421922 3709063710 2044830002
1 9 23 81
551125163 665159171 4085944157 1691465243
551125163 665159171 4085944157 1691465243
2608607388 2002630012 4163395076 843800924
1539900198 974199894 1057966186 177864454
4294967295 4294967287 4294967273 4294967215
101068151 909613359 2324567473 3891552935
2295422453 3478932893 1255108867 1245624965
280852986 2527676874 2164651382 1274255386
3436808241 866503097 1737178215 3503560577
2 18 46 162
2431886472 412141768 98814008 3709275912
1406673728 4070128960 2288724672 2271422272
4007133647 1704464455 1969760665 2455278207
1334612924 3421581724 631326180 729464444
2863311530 4294967290 1431655750 4294967242
4294967294 4294967278 4294967250 4294967134
1985786527 692209559 2723417161 1934918735
2147483648 2147483648 2147483648 2147483648
1142362113 1691324425 504524823 2337017937
1177316885 2005917373 1308484579 873387173
1547564118 1043175174 1234236346 798641974
619495072 1280488352 1363484768 2934460576
2 18 46 162
1003785075 444131083 1612220245 3997179747
1239075165 2561741893 2728925019 1580840557
2253527582 3101879054 291526834 2147107710
2953381350 810628374 3503261610 3000688070
1431655765 4294967293 2863311523 4294967269
1 9 23 81
2653632286 2407854094 904000434 195850366
2653632286 2407854094 904000434 195850366
2653632286 2407854094 904000434 195850366
2653632286 2407854094 904000434 195850366
2653632286 2407854094 904000434 195850366
2422495551 327623479 4177790121 2948611311
2422495551 327623479 4177790121 2948611311
2464615055 706699015 851571417 2065323839
3165586263 2720472591 4089007313 3009416839
2147483648 2147483648 2147483648 2147483648
314713688 2832423192 2943447528 4016972248
4294967294 4294967278 4294967250 4294967134
4294967294 4294967278 4294967250 4294967134
1460963134 263766318 3537381010 2373896862
4294967295 4294967287 4294967273 4294967215
2177953101 2421708725 2848281067 320542045
2863311530 4294967290 1431655750 4294967242
4294967295 4294967287 4294967273 4294967215
1 9 23 81
1 9 23 81
4196347997 3407393605 2026723419 601771373
461621209 4154590881 2027353215 3031579561
3754281900 3723766028 449137780 3449123180
1495748225 576832137 42470807 896521937
2147483648 2147483648 2147483648 2147483648
3760559224 3780261944 593516232 3957586424
2422797454 330340606 4184733890 2973065454
2422797454 330340606 4184733890 2973065454
2422797454 330340606 4184733890 2973065454
2422797454 330340606 4184733890 2973065454
1412708303 4124440135 2427519897 2760222847
1 9 23 81
4294967295 4294967287 4294967273 4294967215
1270674808 2846138680 3455716808 4140411640
1 9 23 81
1438410580 60793332 3018672268 547139988
2509341348 1109235652 1880276156 1393186276
414371810 3729346290 940617038 3499345538
4147287467 2965848835 898331229 922835739
2863311530 4294967290 1431655750 4294967242
404049485 3636445365 703203563 2663237213
3003783770 1264250154 367549974 2788316794
186698147 1680283323 4294057381 2237648019
186698147 1680283323 4294057381 2237648019
186698147 1680283323 4294057381 2237648019
186698147 1680283323 4294057381 2237648019
186698147 1680283323 4294057381 2237648019
4294967294 4294967278 4294967250 4294967134
4294967294 4294967278 4294967250 4294967134
4294967294 4294967278 4294967250 4294967134
2 18 46 162
2147483648 2147483648 2147483648 2147483648
2147483648 2147483648 2147483648 2147483648
2147483648 2147483648 2147483648 2147483648
4294967295 4294967287 4294967273 4294967215
2147483648 2147483648 2147483648 2147483648
3723000896 3442236992 4024641984 915361856
1431655765 4294967293 2863311523 4294967269
1431655765 4294967293 2863311523 4294967269
389873480 3508861320 377155448 1514980808
205775200 1851976800 437862304 3782889312
205775200 1851976800 437862304 3782889312
205775200 1851976800 437862304 3782889312
205775200 1851976800 437862304 3782889312
3587158827 2219658371 900274397 2797056155
1195426396 2168902972 1725003332 2340257564
4195604206 3400699486 2009616226 541524302
781063406 2734603358 784589154 3136593742
781063406 2734603358 784589154 3136593742
781063406 2734603358 784589154 3136593742
781063406 2734603358 784589154 3136593742
2933074489 627866625 3036203807 1355832329
4294967295 4294967287 4294967273 4294967215
4294967294 4294967278 4294967250 4294967134
3273723955 3693711819 2281206933 3178635299
3273723955 3693711819 2281206933 3178635299
3219226867 3203238027 1027773909 3059338467
3975186704 1416941968 1234980976 4162543120
2244126200 3017266616 75295048 1385595768
4294967295 4294967287 4294967273 4294967215
2492178381 954768949 1485527915 2985949
2492178381 954768949 1485527915 2985949
703195398 2033791286 3288592266 1124252390
703195398 2033791286 3288592266 1124252390
703195398 2033791286 3288592266 1124252390
703195398 2033791286 3288592266 1124252390
703195398 2033791286 3288592266 1124252390
0 0 0 0
0 0 0 0
4294967295 4294967287 4294967273 4294967215
4294967295 4294967287 4294967273 4294967215
2497881472 1006096768 1616699008 464936320
2497881472 1006096768 1616699008 464936320
2497881472 1006096768 1616699008 464936320
1 9 23 81
1 9 23 81
4165009495 3125347087 1305937873 2358320007
2 18 46 162
3491944419 1362728699 3005310309 3674623699
2710261414 2917516246 2206470378 487842438
3718022629 3397432589 3910141843 512122229
4210532936 3535058056 2352977016 1750751432
4210532936 3535058056 2352977016 1750751432
3221808321 3226471113 1087147351 3268436241
1036847598 741693790 2372658274 2380276814
4081864448 2377041664 3688569088 4213505792
1590608331 1430573091 2224253245 4285223227
405280592 3647525328 731519024 2762956880
3759579380 3771443348 570979820 3878219060
4017307412 1796028340 2203757260 3279353172
4294967295 4294967287 4294967273 4294967215
1579752628 1332871764 1974572076 3405911284
3198078831 3012905703 541369081 1346347551
2109608620 1806608396 1276358004 3374573676
72843578 655592202 1675402294 1605362522
72843578 655592202 1675402294 1605362522
502670382 229066142 2971484194 2061595278
1431655765 4294967293 2863311523 4294967269
2483466694 876363766 1285159114 3592306598
3147782875 2560242099 3679529389 1567342411
4294967294 4294967278 4294967250 4294967134
1431655765 4294967293 2863311523 4294967269
853170087 3383563487 2443042817 387300311
2 18 46 162
4294967294 4294967278 4294967250 4294967134
1252914051 2686291867 3047219397 2701790323
1254648433 2701901305 3087110183 2842275265
340659074 3065931666 3540191406 1823581218
1053947581 895593637 2765957883 3765375437
4294967295 4294967287 4294967273 4294967215
4294967295 4294967287 4294967273 4294967215
3950939361 1198715881 677292087 2198508337
4294967294 4294967278 4294967250 4294967134
1169099554 1931961394 1119485966 207783362
3022534758 1433009046 798822698 12179526
3022534758 1433009046 798822698 12179526
1442114389 94127613 3103859875 847148517
2220802007 2807348879 3833805905 3791303431
373133881 3358204929 4287111967 159073289
3831063711 119835031 2215119433 1078515279
3048968876 1670916108 1406807412 2153343084
3329037713 4191535641 3553423367 3364082401
3329037713 4191535641 3553423367 3364082401
3184020132 2886377412 218019004 207592932
95767446 861907014 2202651258 3462195830
3197658736 3009124848 531706896 1312319856
3531797666 1721407922 3921934990 2607769410
2880034294 150504870 1816279322 1354543830
413735401 3723618609 925979631 3447796409
2099811601 1718435225 1051026567 2581015137
1446981256 137929416 3215797816 1241364744
4051876122 2107146730 2998837590 1784451386
1431655765 4294967293 2863311523 4294967269
1431655765 4294967293 2863311523 4294967269
1431655765 4294967293 2863311523 4294967269
2855541127 4225033663 1252936481 3665564599
2670397215 2558738455 1289593801 1553809615
2147483648 2147483648 2147483648 2147483648
1096764001 1280941417 3750735543 2938538161
690251927 1917300047 2990892433 75831239
783445305 2756040449 839372831 3329527561
1431655765 4294967293 2863311523 4294967269
3768548715 3852167363 777274525 309767899
800492430 2909464574 1231456706 415377390
2 18 46 162
2 18 46 162
2 18 46 162
1562749406 1179842766 1583497970 2028650302
3185865743 2902987911 260468057 357087423
1842179957 3694717725 3715433347 3187688453
3343914455 30459023 3895588433 274131207
1862845819 3880710483 4190748173 566655979
3689005641 3136279697 3242751119 2456713497
2147483648 2147483648 2147483648 2147483648
2147483648 2147483648 2147483648 2147483648
2147483648 2147483648 2147483648 2147483648
2 18 46 162
2919537442 506033202 2724851726 259331522
1431655765 4294967293 2863311523 4294967269
1431655765 4294967293 2863311523 4294967269
1 9 23 81
4294967295 4294967287 4294967273 4294967215
3368724091 253745747 171242765 2283711723
441530352 3973773168 1565263504 1404220144
3821371377 32604025 1992195751 293436225
2314717275 3652586291 1698889773 2808505547
2314717275 3652586291 1698889773 2808505547
2314717275 3652586291 1698889773 2808505547
1318714873 3278499265 265671007 3736689609
2863311530 4294967290 1431655750 4294967242
1431655765 4294967293 2863311523 4294967269
1431655765 4294967293 2863311523 4294967269
4152618066 3013824226 1020935006 1354614258
4294967295 4294967287 4294967273 4294967215
1 9 23 81
1 9 23 81
1 9 23 81
1431655765 4294967293 2863311523 4294967269
3006665176 1290182808 433822312 3021710680
3139516218 2485842186 3489396278 897743194
435446586 3919019274 1425336886 911435098
4291044996 4259666596 4204754396 3977260996
3910208109 832134613 4035440587 3194244221
1876551821 4004064501 211018923 1676842141
3889797646 648440446 3565999938 1540996718
2 18 46 162
179227363 1613046267 4122229349 1632514515
2569351431 1649326399 3260508065 1959035703
2569351431 1649326399 3260508065 1959035703
2569351431 1649326399 3260508065 1959035703
2569351431 1649326399 3260508065 1959035703
2569351431 1649326399 3260508065 1959035703
320103340 2880930060 3067409524 158566764
78705794 708352146 1810233262 2080202018
2 18 46 162
3620643622 2521021526 1670424682 1214357254
2147483648 2147483648 2147483648 2147483648
51063913 459575217 1174469999 4136176953
1328335764 3365087284 486951500 221014484
0 0 0 0
2830924871 4003487359 686762593 1671647863
2147483648 2147483648 2147483648 2147483648
3478625858 1242861650 2698983406 2595820258
2505727759 1076713351 1797163609 1100485567
2505727759 1076713351 1797163609 1100485567
2505727759 1076713351 1797163609 1100485567
2505727759 1076713351 1797163609 1100485567
2851270202 4186595338 1154705206 3319619674
3712639343 3348983015 3786326265 76076063
1883312195 4064907867 366507525 2224432435
2904388536 369693048 2376426888 3327237432
761966405 2562730349 345358131 1589736661
451634177 4064707593 1797651479 2222629969
1036307448 736832440 2360234824 2336524664
2798218406 3709129174 4229481194 3317391494
3648094422 2768078726 2301793082 3437872054
1347312564 3535878484 923417900 1758135284
3869670538 467296474 3103076454 4205668266
3544032298 1831519610 4203331526 3598774602
1184424436 2069885332 1471958252 1449098804
2481736988 860796412 1245375876 3452200412
2010668613 916148333 3295705139 3950367701
4294967294 4294967278 4294967250 4294967134
1217046112 2363480416 2222256800 4091454560
1 9 23 81
342790137 3085111233 3589205855 1996197321
2940742233 696876321 3212561919 1976919593
1368829161 3729527857 1418299631 3500979641
3897448963 717302299 3741980229 2160753395
211014047 1899126423 558355785 4207235919
2314245225 3648337841 1688032623 2770269497
319106063 2871954567 3044472153 77787327
1659446070 2050112742 3807521242 1271145494
1569021946 1236295626 1727766390 2536726042
2066357343 1417346903 281578633 4166187535
1 9 23 81
2270783483 3257182163 688412557 3544835691
2147483648 2147483648 2147483648 2147483648
2673091268 2582984932 1351557020 1772027908
1611230522 1616172810 2698563638 1660653402
4294967294 4294967278 4294967250 4294967134
428918323 3860264907 1275186837 382645795
2946859221 751929213 3353252643 2472395621
1878961286 4025749686 266436618 1872008806
1468222599 329101503 3704348705 2961913527
4294967295 4294967287 4294967273 4294967215
2162665102 2284116734 2496657090 3377181422
1205422927 2258871751 1954923545 3149976575
3334325813 4239128541 3675049667 3792418501
4294967295 4294967287 4294967273 4294967215
3418142424 698510744 1307864424 1991629400
4294967295 4294967287 4294967273 4294967215
1178656942 2017977886 1339305890 981931790
1178656942 2017977886 1339305890 981931790
1178656942 2017977886 1339305890 981931790
4294967295 4294967287 4294967273 4294967215
2759415826 3359905954 3337021854 174382514
3837860755 181008427 2371451445 1629075843
1681725912 2250631320 24990312 3075812696
2164554285 2301119381 2540108299 3530205245
2863311530 4294967290 1431655750 4294967242
1 9 23 81
22628515 203656635 520455845 1832909715
1 9 23 81
1 9 23 81
1 9 23 81
903762719 3838897175 3606673353 190336207
20696656 186269904 476023088 1676429136
2845738127 4136806663 1027467481 2871521599
4098925039 2530586983 4080962681 1300446367
2115898106 1863213770 1421016182 3884022042
2115898106 1863213770 1421016182 3884022042
2115898106 1863213770 1421016182 3884022042
2115898106 1863213770 1421016182 3884022042
3035122420 1546298004 1088338924 1031780148
3845291827 247888075 2542366101 2230992675
44311946 398807514 1019174758 3589267626
4294967294 4294967278 4294967250 4294967134
4294967294 4294967278 4294967250 4294967134
1 9 23 81
1798995229 3306055173 2722184603 3984692781
1798995229 3306055173 2722184603 3984692781
1798995229 3306055173 2722184603 3984692781
1798995229 3306055173 2722184603 3984692781
1798995229 3306055173 2722184603 3984692781
1797910545 3296293017 2697236871 3896833377
3473799584 1199425184 2587979104 2204892064
1566097700 1209977412 1660508732 2299862116
2863311530 4294967290 1431655750 4294967242
2206075615 2674811351 3495098889 2598465679
4133941273 2845733089 591368767 4136761321
4294967295 4294967287 4294967273 4294967215
2653285772 2404735468 896030612 167782732
2 18 46 162
2 18 46 162
2 18 46 162
4272626537 4093900465 3781129839 2485365817
316059381 2844534429 2974398467 4125973381
316059381 2844534429 2974398467 4125973381
966147656 105394312 746559608 948548808
966147656 105394312 746559608 948548808
966147656 105394312 746559608 948548808
966147656 105394312 746559608 948548808
966147656 105394312 746559608 948548808
1 9 23 81
2 18 46 162
2726371165 3062504005 2576994651 1792732269
2720275661 3007644469 2436798059 1298996445
2147483648 2147483648 2147483648 2147483648
4253388699 3920759923 3338659565 927100939
4253388699 3920759923 3338659565 927100939
4253388699 3920759923 3338659565 927100939
4253388699 3920759923 3338659565 927100939
4253388699 3920759923 3338659565 927100939
3516348105 1582361873 3566595087 1356354969
3516348105 1582361873 3566595087 1356354969
2863311530 4294967290 1431655750 4294967242
2626535213 2163980437 280767755 2295954749
2147483648 2147483648 2147483648 2147483648
1073518940 1071735868 3216099140 1055688220
4294967294 4294967278 4294967250 4294967134
2863311530 4294967290 1431655750 4294967242
3649614950 2781763478 2336765226 3561034822
1458968554 245815098 3491505670 2212335882
3058376702 1755586542 1623187410 2915376990
2147483648 2147483648 2147483648 2147483648
54697028 492273252 1258031644 135491972
2147483648 2147483648 2147483648 2147483648
3540225607 1797259391 4115777633 3290432631
1 9 23 81
1 9 23 81
3350246433 87446825 4041223927 787021425
3350246433 87446825 4041223927 787021425
3350246433 87446825 4041223927 787021425
2246317726 3036990350 125700146 1563109374
2246317726 3036990350 125700146 1563109374
2246317726 3036990350 125700146 1563109374
2246317726 3036990350 125700146 1563109374
2246317726 3036990350 125700146 1563109374
3608531123 2412009035 1391837205 233244835
3608531123 2412009035 1391837205 233244835
3608531123 2412009035 1391837205 233244835
796227632 2871081392 1133366352 69928752
1431655765 4294967293 2863311523 4294967269
171208349 1540875141 3937792027 982974381
2844280193 4123685257 993934999 2753428945
1625766361 1746995361 3032887935 2838056361
2019391101 994650725 3496322363 361921933
3175888591 2813193543 30993561 3843905407
2832686711 4019343919 727284913 1814356903
2293680131 3463251995 1215035461 1104496883
2474768138 798076762 1085092326 2887723562
2863311530 4294967290 1431655750 4294967242
1 9 23 81
3936686297 1070438305 349471615 1044010153
2742180788 3204790612 2940615980 3073311732
1940935019 288545987 1691832477 2596913883
1637162672 1849562160 3295003088 3761157552
3286263986 3806572098 2569627646 4194377810
4107572537 2608414465 4279855135 2000893705
1920907047 108294239 1231189121 974648151
0 0 0 0
29924920 269324280 688273160 2423918520
1 9 23 81
1 9 23 81
1 9 23 81
1 9 23 81
1 9 23 81
4097935797 2521683805 4058210115 1220317765
3616151733 2480594525 1567111235 850514245
1978476468 626419028 2555285804 1342803956
3989719726 1547739166 1569240482 1044750606
20299106 182691954 466879438 1644227586
20299106 182691954 466879438 1644227586
20299106 182691954 466879438 1644227586
20299106 182691954 466879438 1644227586
1393266223 3949461415 1980352057 1185414367
234228049 2108052441 1092277831 1792602785
234228049 2108052441 1092277831 1792602785
234228049 2108052441 1092277831 1792602785
234228049 2108052441 1092277831 1792602785
234228049 2108052441 1092277831 1792602785
3852063179 308830243 2698107197 2779472187
3084922335 1994497239 2233736969 770605967
4294967294 4294967278 4294967250 4294967134
1 9 23 81
4294967294 4294967278 4294967250 4294967134
1552759207 1089930975 1353723393 1219444183
1552759207 1089930975 1353723393 1219444183
267266007 2405394063 1852150865 173710087
4294967294 4294967278 4294967250 4294967134
3782158536 3974655752 1090300408 1412163400
1071470572 1053300556 3168986676 889770412
1 9 23 81
2863311530 4294967290 1431655750 4294967242
1026617108 649619380 2137357004 1551607124
2147483648 2147483648 2147483648 2147483648
2686003956 2699199124 1648548844 2817955636
2686003956 2699199124 1648548844 2817955636
2686003956 2699199124 1648548844 2817955636
4121419259 2733034963 303362445 3122478187
3987441712 1527237040 1516846160 860231472
3987441712 1527237040 1516846160 860231472
3987441712 1527237040 1516846160 860231472
3987441712 1527237040 1516846160 860231472
1160862824 1857830824 930041176 3835575528
3362502137 197748161 28137823 1779733449
2147483648 2147483648 2147483648 2147483648
2147483648 2147483648 2147483648 2147483648
2147483648 2147483648 2147483648 2147483648
2147483648 2147483648 2147483648 2147483648
2147483648 2147483648 2147483648 2147483648
1 9 23 81
761208321 2555907593 327922199 1528331857
761208321 2555907593 327922199 1528331857
761208321 2555907593 327922199 1528331857
761208321 2555907593 327922199 1528331857
3367833278 245728430 150754066 2211555870
3367833278 245728430 150754066 2211555870
674917542 1779290582 2638201578 3128713350
0 0 0 0
280406229 2523656061 2154375971 1238068069
3158880218 2660118186 3934768278 2466227194
3415549261 675172277 1248221675 1781583197
686965774 1887724670 2915310914 4104620142
2850896121 4183228609 1146101343 3289319113
2850896121 4183228609 1146101343 3289319113
2850896121 4183228609 1146101343 3289319113
2850896121 4183228609 1146101343 3289319113
820592143 3090361991 1693750105 2043454143
3540041461 1795602077 4111542275 3275516805
1935236822 237262214 1560773946 2135359926
1935236822 237262214 1560773946 2135359926
2413864635 249945235 3979279053 2249507115
24293468 218641212 558749764 1967770908
4294967294 4294967278 4294967250 4294967134
3943863556 1135033636 514548572 1625368132
4167950979 3151820443 1373592005 2596580211
4167950979 3151820443 1373592005 2596580211
4167950979 3151820443 1373592005 2596580211
4167950979 3151820443 1373592005 2596580211
2544886393 1429141057 2697812191 4272334921
3036471343 1558438311 1119364153 1141042911
4294967295 4294967287 4294967273 4294967215
3205085660 3075967164 702526148 1913900700
3205085660 3075967164 702526148 1913900700
3205085660 3075967164 702526148 1913900700
3205085660 3075967164 702526148 1913900700
2863311530 4294967290 1431655750 4294967242
1431655765 4294967293 2863311523 4294967269
1801350308 3327250884 2776351420 4175454180
1801350308 3327250884 2776351420 4175454180
1801350308 3327250884 2776351420 4175454180
1801350308 3327250884 2776351420 4175454180
4294967294 4294967278 4294967250 4294967134
1848089133 3747900309 3851344395 3666331709
226784955 2041064595 921086669 1189712171
150769655 1356926895 3467702065 3622407463
1431655765 4294967293 2863311523 4294967269
1431655765 4294967293 2863311523 4294967269
1431655765 4294967293 2863311523 4294967269
1580400352 1338701280 1989469728 3458376928
1102350945 1331223913 3879235255 3391080625
1061224234 961083514 2933320902 59817034
3746293528 3651870680 265405224 2802065048
2299963591 3519803135 1359555041 1613457143
4014642084 1772040388 2142454716 3063461604
3981596974 1474634398 1382417186 386807694
2940660216 696138168 3210675528 1970276216
3328439861 4186154973 3539672771 3315656389
1984205484 677980172 2687053172 1806854252
3854028130 326514802 2743301070 2938633218
1431655765 4294967293 2863311523 4294967269
2 18 46 162
1044541992 810943336 2549629336 3003522728
0 0 0 0
134942619 1214483571 3103680237 2340417547
1248784543 2649126295 2952240713 2367300175
4294967295 4294967287 4294967273 4294967215
1333038546 3407412322 595115486 601939826
1333038546 3407412322 595115486 601939826
1333038546 3407412322 595115486 601939826
1333038546 3407412322 595115486 601939826
0 0 0 0
0 0 0 0
0 0 0 0
2863311530 4294967290 1431655750 4294967242
4294967295 4294967287 4294967273 4294967215
4290942607 4258745095 4202399449 3968967487
3307778421 4000202013 3064459651 1642079749
2590282702 1837707838 3741927298 3654468654
1780528776 3139857096 2297456184 2488910088
1780528776 3139857096 2297456184 2488910088
1780528776 3139857096 2297456184 2488910088
1780528776 3139857096 2297456184 2488910088
1780528776 3139857096 2297456184 2488910088
1431655765 4294967293 2863311523 4294967269
261447794 2353030146 1718331966 3997402130
53090724 477816516 1221086652 5381348
653973816 1590797048 2156495880 1432271544
4127121197 2784352405 434507019 3584335165
3852661434 314214538 2711867062 2827930842
3462882588 1101172220 2336888196 1320615388
298241061 2684169549 2564577107 2682689461
1380322240 3832965568 1682640448 136951744
3634507518 2645796590 1989294290 2337332830
466572627 4199153643 2141235829 3432644419
2 18 46 162
3119269679 2303623335 3023725881 3552740831
1431655765 4294967293 2863311523 4294967269
200946609 1808519481 326804711 3391773441
0 0 0 0
1850956050 3773702562 3917283486 3898551986
2571252158 1666432942 3304224786 2112994590
2072918271 1476395255 432479977 402655407
3015721218 1371687186 642111278 3755250082
3770928451 3873584987 832008453 502526515
1265562266 2800125802 3338128342 3726295738
1265562266 2800125802 3338128342 3726295738
1265562266 2800125802 3338128342 3726295738
1265562266 2800125802 3338128342 3726295738
1265562266 2800125802 3338128342 3726295738
4294967294 4294967278 4294967250 4294967134
1431655765 4294967293 2863311523 4294967269
2253104416 3098070560 281794016 2112831264
2253104416 3098070560 281794016 2112831264
3079303490 1943927634 2104503534 315479522
3347594274 63577394 3980224270 572196546
968967200 130770208 811409120 1176931872
3074744502 1902896742 1999646810 4241168790
2996356983 1197409071 196733873 2186747047
2147483648 2147483648 2147483648 2147483648
2138452933 2066207213 1939777203 1415995733
455617152 4100554368 1889259904 2545250944
2626543784 2164057576 280964888 2296649000
3491297416 1356905672 2990429240 3622216456
2997282664 1205740200 218024536 2261727208
2135620816 2040718160 1874638512 1186594256
2312164762 3629613674 1640181974 2601751994
2 18 46 162
1911650177 24982409 1018281111 224841681
1431655765 4294967293 2863311523 4294967269
2 18 46 162
3235593589 3350538525 1404208515 90075653
2950504966 784740918 3437104778 2767700966
2016579466 969346010 3431654758 134179498
960191337 51787441 609564271 466086969
0 0 0 0
2885197392 196972752 1935030576 1772754768
661011340 1654134764 2318358932 2002310988
1611021329 1614290073 2693752199 1643708769
1611021329 1614290073 2693752199 1643708769
1611021329 1614290073 2693752199 1643708769
1611021329 1614290073 2693752199 1643708769
1893528789 4156857213 601489187 3051976549
2478927717 835512973 1180762643 3224649461
2147483648 2147483648 2147483648 2147483648
2147483648 2147483648 2147483648 2147483648
2147483648 2147483648 2147483648 2147483648
2147483648 2147483648 2147483648 2147483648
2880083244 150945420 1817405172 1358508780
3909892883 829297579 4028190389 3168710915
0 0 0 0
0 0 0 0
0 0 0 0
0 0 0 0
0 0 0 0
3540483279 1799578439 4121704089 3311304063
107801193 970210737 2479427439 141962041
2351205483 3980980163 2538118557 1469083099
2 18 46 162
1605781236 1567129236 2573230060 1219261236
1605781236 1567129236 2573230060 1219261236
3463872759 1110083759 2359662129 1400819239
3817594750 4293581678 1905333330 4282496734
3817594750 4293581678 1905333330 4282496734
3817594750 4293581678 1905333330 4282496734
3817594750 4293581678 1905333330 4282496734
3367521372 242921276 143580228 2186291484
3367521372 242921276 143580228 2186291484
3367521372 242921276 143580228 2186291484
1747100903 2839006239 1528615105 4076219671
4294967294 4294967278 4294967250 4294967134
473517589 4261658301 2300969955 3995186341
2764730824 3407740936 3459266808 604897352
1 9 23 81
1 9 23 81
1 9 23 81
1 9 23 81
77669644 699026796 1786401812 1996273868
2 18 46 162
4294967295 4294967287 4294967273 4294967215
4294967295 4294967287 4294967273 4294967215
2173817745 2384490521 2753167879 4280545505
2173817745 2384490521 2753167879 4280545505
2173817745 2384490521 2753167879 4280545505
2062554911 1383125015 194122697 3858190543
1221713130 2405483578 2329598214 174515722
329330440 2963973960 3279632824 905961864
1 9 23 81
2545083721 1430917009 2702350735 4288318489
1615706690 1656458322 2801515502 2023223010
1228621831 2467661887 2488498337 734120503
1228621831 2467661887 2488498337 734120503
1259543895 2745960463 3199705809 3238807687
1259543895 2745960463 3199705809 3238807687
1259543895 2745960463 3199705809 3238807687
1259543895 2745960463 3199705809 3238807687
2147483648 2147483648 2147483648 2147483648
2863311530 4294967290 1431655750 4294967242
132751985 1194767865 3053295655 2162976193
3807227272 4200274376 1666881336 3442731016
121302975 1091726775 2789968425 1235606383
3511203405 1536059573 3448266987 939634269
1005399157 458657821 1649344131 4127920389
4294967295 4294967287 4294967273 4294967215
2147483648 2147483648 2147483648 2147483648
2133519421 2021805605 1826306427 1016381261
2 18 46 162
2 18 46 162
2 18 46 162
2597433465 1902064705 3906394847 4233680457
2508927698 1105512802 1870762206 1359680626
3114665854 2262188910 2917837906 3179831006
3114665854 2262188910 2917837906 3179831006
2492085863 953936287 1483400001 4290459287
1431655765 4294967293 2863311523 4294967269
2795802911 3687389719 4173924809 3121736399
3215485224 3169563240 941716120 2756265384
0 0 0 0
1716839160 2566650552 832595016 1625018488
2346948300 3942665516 2440203348 1124251276
3571276811 2076720227 534988029 1510612859
678287757 1809622517 2715716523 3401700765
2863311530 4294967290 1431655750 4294967242
1431655765 4294967293 2863311523 4294967269
1431655765 4294967293 2863311523 4294967269
1431655765 4294967293 2863311523 4294967269
1431655765 4294967293 2863311523 4294967269
1431655765 4294967293 2863311523 4294967269
2863311530 4294967290 1431655750 4294967242
2863311530 4294967290 1431655750 4294967242
2147483648 2147483648 2147483648 2147483648
283078006 2547702054 2215826842 1454482006
3949036156 1181587036 633518372 2044348732
5900758 53106822 135717434 477961398
715676479 2146121015 3575657129 2135219951
715676479 2146121015 3575657129 2135219951
715676479 2146121015 3575657129 2135219951
3798725635 4123759643 1471343685 2754098419
1470090007 345908175 3747299089 3113173575
1 9 23 81
1409104113 4092002425 2344623527 2468283457
2 18 46 162
1 9 23 81
429656569 3866909121 1292166495 442443721
2147483648 2147483648 2147483648 2147483648
4253998115 3926244667 3352676133 976463635
3659783882 2873283866 2570650662 89751018
2 18 46 162
856774655 3416004599 2525947881 679270319
1823649659 3527945043 3289236493 1686734315
113672678 1023054102 2614471594 617552326
4072828826 2295721066 3480749782 3481620410
4072828826 2295721066 3480749782 3481620410
4072828826 2295721066 3480749782 3481620410
4072828826 2295721066 3480749782 3481620410
4072828826 2295721066 3480749782 3481620410
895137736 3761272328 3408298744 3786679880
1737026262 2748334470 1296898362 3260173750
1737026262 2748334470 1296898362 3260173750
1737026262 2748334470 1296898362 3260173750
1737026262 2748334470 1296898362 3260173750
1737026262 2748334470 1296898362 3260173750
4109938627 2629709275 39307909 2192546995
241610160 2174491440 1262066384 2390553776
395241914 3557177226 500629430 1949823962
2147483648 2147483648 2147483648 2147483648
2 18 46 162
3784324005 3994144973 1140106195 1587566389
520688099 391225595 3385891685 3521030355
1 9 23 81
3192861482 2965949562 421370054 923742282
3066197232 1825971312 1803059600 3548839920
3066197232 1825971312 1803059600 3548839920
3066197232 1825971312 1803059600 3548839920
4227945460 3691770772 2753465068 3161165876
305285798 2747572182 2726606058 3253313158
1544933998 1019504094 1173743586 585602254
20132038 181188342 463036874 1630695078
1043515264 801702784 2526014592 2920357760
2 18 46 162
2147483648 2147483648 2147483648 2147483648
2645822086 2337562294 724365834 3858191462
3578281982 2139766766 696106962 2078031710
1959964009 459806897 2129499247 4138262073
1959964009 459806897 2129499247 4138262073
1624056586 1731607386 2993563110 2699564586
2 18 46 162
1431655765 4294967293 2863311523 4294967269
2863311530 4294967290 1431655750 4294967242
2903066735 357796839 2346025465 3220171551
3992776187 1575247315 1639539085 1292323947
1431655765 4294967293 2863311523 4294967269
1431655765 4294967293 2863311523 4294967269
2620960107 2113804483 152540317 1844371163
1507685998 684272094 317039586 1863481550
1507685998 684272094 317039586 1863481550
1507685998 684272094 317039586 1863481550
1891344576 4137199296 551252288 2875055296
1797716686 3294548286 2692778114 3881130798
1797716686 3294548286 2692778114 3881130798
1797716686 3294548286 2692778114 3881130798
1797716686 3294548286 2692778114 3881130798
1797716686 3294548286 2692778114 3881130798
4166673719 3140325103 1344215025 2493122151
2911193814 430940550 2532948282 3878464950
1634867696 1828907376 3242218640 3575264496
2640861218 2292914482 610265870 3456361154
4089954326 2449850566 3874636282 573818614
4089954326 2449850566 3874636282 573818614
4089954326 2449850566 3874636282 573818614
1068498918 1026555670 3100638634 649066438
1068498918 1026555670 3100638634 649066438
1068498918 1026555670 3100638634 649066438
1068498918 1026555670 3100638634 649066438
2893787345 274282329 2132599495 2468540961
2893787345 274282329 2132599495 2468540961
2893787345 274282329 2132599495 2468540961
797845384 2885641160 1170574648 200966664
4294967294 4294967278 4294967250 4294967134
4294967294 4294967278 4294967250 4294967134
3777745760 3934940768 988806560 1054728544
1480305770 437850042 3982261638 3940650378
2863311530 4294967290 1431655750 4294967242
3137856380 2470903644 3451220004 763296316
888574078 3702199406 3257334610 3255023582
2 18 46 162
2894455823 280298631 2147974489 2522687679
2183620200 2472712616 2978624344 779577064
330105069 2970945621 3297449291 968706813
1911435524 23050532 1013344092 207454788
4120231636 2722346356 276047116 3026280724
4294967295 4294967287 4294967273 4294967215
2863311530 4294967290 1431655750 4294967242
3799426952 4130071496 1487473976 2810905096
585841632 977607392 589455648 208531936
585841632 977607392 589455648 208531936
585841632 977607392 589455648 208531936
585841632 977607392 589455648 208531936
0 0 0 0
440227133 3962044197 1535289467 1298659405
4294967295 4294967287 4294967273 4294967215
1867760331 3924941091 8814653 964731451
2695678310 2786268310 1871058986 3601578310
1431655765 4294967293 2863311523 4294967269
2 18 46 162
2504346457 1064281633 1765393663 988600105
2147483648 2147483648 2147483648 2147483648
1385654103 3880952335 1805273297 568832647
1308458125 3186188533 29765803 2905893021
2641776538 2301152362 631318230 3530502074
2170627095 2355774671 2679782929 4022102855
276290288 2486612592 2059709328 904676848
4110441117 2634231685 50865179 2233248685
4110441117 2634231685 50865179 2233248685
1 9 23 81
1 9 23 81
1 9 23 81
0 0 0 0
3370558860 270258668 213442452 2432328012
0 0 0 0
2612720030 2039643790 4257985842 1176924926
2298163359 3503601047 1318149705 1467638351
161710894 1455398046 3719350562 213680526
3436876583 867118175 1738750081 3509096279
4294967294 4294967278 4294967250 4294967134
2 18 46 162
0 0 0 0
3515612115 1575737963 3549667317 1296739779
4294967295 4294967287 4294967273 4294967215
2475859128 807895672 1110185096 2976093752
1431655765 4294967293 2863311523 4294967269
3616351467 2482392131 1571705117 866692699
3616351467 2482392131 1571705117 866692699
746995658 2427993626 1030950 377106154
2813880574 3850088686 294743762 291059806
594227889 1053083705 782339559 887818753
3913142157 858541045 4102923691 3431902109
3377930710 336605318 382995002 3029447862
0 0 0 0
0 0 0 0
0 0 0 0
4131225542 2821291510 528906954 3916787110
0 0 0 0
3153062302 2607756942 3800956210 1994975998
3213189707 3148903587 888919229 2570328507
408030050 3672270450 794756558 2985662978
2147483648 2147483648 2147483648 2147483648
3773296256 3894895232 886467968 694318720
3765948853 3828768605 717477699 99179077
3252993991 3507142143 1804417761 1499508215
2 18 46 162
4294967295 4294967287 4294967273 4294967215
491855203 131729531 2722735077 1185565779
1 9 23 81
3758919130 3765501098 555794070 3824738810
2935317723 648055731 3087798189 1537534283
2935317723 648055731 3087798189 1537534283
2872069678 78823326 1633093154 709409934
2370459322 4154264714 2980956854 3028644058
879951421 3624595493 3059013499 2556588365
3219806495 3208454679 1041105353 3106288335
3756466587 3743428211 499385581 3626082827
1 9 23 81
1 9 23 81
1 9 23 81
1 9 23 81
172022408 1548201672 3956515384 1048913160
819458130 3080155874 1667667806 1951599090
819458130 3080155874 1667667806 1951599090
819458130 3080155874 1667667806 1951599090
893465280 3746220224 3369832256 3651210944
4294967294 4294967278 4294967250 4294967134
901828233 3821486801 3562180175 33642841
1158134413 1833275125 867287723 3614574237
4056936553 2152690609 3115227503 2194346297
2 18 46 162
2 18 46 162
662565994 1668126650 2354115974 2128237962
3129279588 2393712516 3253953788 68576164
2086538368 1598976128 745742208 1505883264
1115649361 1450909657 4185098823 173285025
152712440 1374411960 3512386120 3779773048
104577645 941198805 2405285835 4175821949
3578754844 2144022524 706982788 2116333532
2739630132 3181834708 2881950892 2866708596
1431655765 4294967293 2863311523 4294967269
704549046 2045974118 3319726170 1233897878
3459106263 1067185295 2250032721 1014733063
4294967294 4294967278 4294967250 4294967134
4294967294 4294967278 4294967250 4294967134
4294967294 4294967278 4294967250 4294967134
4294967294 4294967278 4294967250 4294967134
2 18 46 162
2943958445 725822229 3286534795 2237432765
2765786341 3417240589 3483543699 690394229
2308722478 3598633118 1561009442 2322926990
4278945963 4150775299 3926476637 2997239323
1431655765 4294967293 2863311523 4294967269
706198913 2060822921 3357673111 1367537105
706198913 2060822921 3357673111 1367537105
706198913 2060822921 3357673111 1367537105
706198913 2060822921 3357673111 1367537105
1423818679 4224433519 2683058545 3660163303
4199564366 3436340926 2100699906 862297262
2 18 46 162
1583512701 1366712421 2061053755 3710477197
0 0 0 0
0 0 0 0
2063577267 1392326219 217636885 3941001379
1431655765 4294967293 2863311523 4294967269
3566941874 2037705794 435284478 1159482962
4294967294 4294967278 4294967250 4294967134
4294967294 4294967278 4294967250 4294967134
4294967294 4294967278 4294967250 4294967134
4294967294 4294967278 4294967250 4294967134
4294967295 4294967287 4294967273 4294967215
3837516429 177909493 2363531947 1601185437
3694259457 3183564041 3363588887 2882272593
3694259457 3183564041 3363588887 2882272593
99710417 897393753 2293339591 3781576481
3573968831 2100948407 596904489 1728666479
3573968831 2100948407 596904489 1728666479
2240718802 2986600034 4291892190 1109596530
2015809985 962420681 3413956695 71851537
2249677123 3067224923 202966277 1835220531
2249677123 3067224923 202966277 1835220531
2249677123 3067224923 202966277 1835220531
2 18 46 162
4002468500 1662478132 1862462284 2077401300
3450777695 992228183 2058475657 340119055
3450777695 992228183 2058475657 340119055
3450777695 992228183 2058475657 340119055
3450777695 992228183 2058475657 340119055
3450777695 992228183 2058475657 340119055
1403897630 4045144078 2224874418 2046558334
1676767910 2206009302 4205923562 2674214534
1676767910 2206009302 4205923562 2674214534
1676767910 2206009302 4205923562 2674214534
1676767910 2206009302 4205923562 2674214534
4109258762 2623590490 23671014 2137477930
4109258762 2623590490 23671014 2137477930
2970964172 968873772 3907666516 129929356
2588654648 1823055352 3704482056 3522596280
836013801 3229156913 2048448239 3292608441
2687848390 2715799030 1690970826 2967354790
2 18 46 162
2158541665 2247005801 2401818039 3043183025
1944121698 317226098 1765126094 2855034882
3307182151 3994835583 3050745441 1593781879
2821929956 3922533124 479879548 943059748
2816396899 3872735611 352619237 494882131
2816396899 3872735611 352619237 494882131
2816396899 3872735611 352619237 494882131
2816396899 3872735611 352619237 494882131
2030183897 1091785889 3744556671 1236138409
3694474425 3185498753 3368533151 2899685001
2942732440 714788184 3258336680 2138126360
3143329195 2520158979 3577094749 1206594331
3143329195 2520158979 3577094749 1206594331
3434843033 848816225 1691978431 3344378729
243978560 2195807040 1316539584 2582394176
831417395 3187789259 1942730901 2920299555
1246407201 2627730217 2897561847 2174735473
428041749 3852375741 1255025635 311643301
4294967294 4294967278 4294967250 4294967134
4294967294 4294967278 4294967250 4294967134
4294967294 4294967278 4294967250 4294967134
4294967294 4294967278 4294967250 4294967134
1127100648 1553971240 153511128 1100839272
359689584 3237206256 3977893136 3365052528
4294967294 4294967278 4294967250 4294967134
1920853914 107816042 1229967062 970344378
4294967294 4294967278 4294967250 4294967134
1663572131 2087247291 3902420645 1605356435
4249292584 3883894888 3244448920 595315624
3167428644 2737054020 4131382076 3158649700
4006463330 1698431602 1954343374 2400982530
855198326 3401817638 2489692314 551587670
4294967295 4294967287 4294967273 4294967215
3913314949 860096173 4106897907 3445898261
1074976505 1084853953 3249623135 1173750985
1728592592 2672431440 1102923952 2577046480
1728592592 2672431440 1102923952 2577046480
1728592592 2672431440 1102923952 2577046480
1450730835 171675627 3302038133 1545080643
1540488201 979491921 1071490255 225492697
1431655765 4294967293 2863311523 4294967269
99154217 892387953 2280546991 3736524281
3551233614 1896331454 73994498 4182081198
4294967294 4294967278 4294967250 4294967134
2147483648 2147483648 2147483648 2147483648
240094728 2160852552 1227211448 2267803784
3085020972 1995384972 2236005620 778595564
2147483648 2147483648 2147483648 2147483648
3068935776 1850618208 1866046112 3770661984
4004713876 1682686516 1914105932 2259276756
1288913178 3010284010 3875199318 1322752314
1227116117 2454110461 2453866915 612157669
1227116117 2454110461 2453866915 612157669
1227116117 2454110461 2453866915 612157669
1227116117 2454110461 2453866915 612157669
1227116117 2454110461 2453866915 612157669
3142079411 2508910923 3548349717 1105361827
1550773095 1072055967 1308042817 1058569111
1550773095 1072055967 1308042817 1058569111
1431655765 4294967293 2863311523 4294967269
1606579293 1574311749 2591585371 1283903853
1839748728 3672836664 3659515080 2990758904
3379768773 353147885 425270451 3178330965
2805615983 3775707367 104658169 3916595231
1198429332 2195929396 1794070860 2583495380
3703085066 3262994522 3566577894 3597146922
3282441615 3772170759 2481713113 3884765759
3941133977 1110467425 451768255 1404272233
3453048864 1012668704 2110712544 524083744
0 0 0 0
2147483648 2147483648 2147483648 2147483648
4294967294 4294967278 4294967250 4294967134
4294967294 4294967278 4294967250 4294967134
4294967294 4294967278 4294967250 4294967134
4294967294 4294967278 4294967250 4294967134
1 9 23 81
4294967295 4294967287 4294967273 4294967215
1000200832 411872896 1529782656 3706856064
4294967295 4294967287 4294967273 4294967215
4294967295 4294967287 4294967273 4294967215
2 18 46 162
3533938126 1740672062 3971165570 2781146670
4076354900 2327455732 3561849484 3767232404
4076354900 2327455732 3561849484 3767232404
1431655765 4294967293 2863311523 4294967269
2005485426 869499650 3176491838 3530529554
1 9 23 81
4294967294 4294967278 4294967250 4294967134
1759970715 2954834547 1824620781 823707147
270106843 2430961587 1917490093 403817803
937867559 4145840735 96117377 2952828247
792490363 2837445971 1047409165 4062177259
3426118620 770296508 1491316932 2637701276
2587047164 1808587996 3667509924 3392390076
3326403932 4167831612 3492846404 3150746140
3988226664 1534301608 1534900056 923812584
1654225225 2003125137 3687441807 848257049
2 18 46 162
825684878 3136196606 1810883010 2455965678
0 0 0 0
2212201864 2729947592 3636002616 3094691848
1431655765 4294967293 2863311523 4294967269
1 9 23 81
411111082 3699999738 865620294 3235226570
3180587447 2855483247 139067249 4224512743
4099271421 2533704421 4088929467 1328503309
2 18 46 162
3954176884 1227853588 751755116 2460747700
702271399 2025475295 3267340289 1049408471
3876162830 525727102 3252399170 436576622
3873442313 501242449 3189827279 216214745
2376867936 4211942240 3128354976 3547741792
3984858600 1503989032 1457434584 650999400
884819531 3668408483 3170980029 2950905275
884819531 3668408483 3170980029 2950905275
884819531 3668408483 3170980029 2950905275
884819531 3668408483 3170980029 2950905275
1425595380 4240423828 2723922668 3804076084
1581997183 1353072759 2026196841 3587720239
968249703 124312735 794906689 1118814615
4294967295 4294967287 4294967273 4294967215
3173415204 2790933060 4269072956 3643561060
2750425504 3278993056 3130244448 3741133728
0 0 0 0
2147483648 2147483648 2147483648 2147483648
1511000429 714101973 393271499 2131950461
1511000429 714101973 393271499 2131950461
1511000429 714101973 393271499 2131950461
4294967294 4294967278 4294967250 4294967134
3305540620 3980061804 3012990228 1460817868
3717219480 3390204248 3891669416 447067160
1633211825 1814004537 3204133607 3441138945
2651581851 2389400179 856840429 29765131
2863311530 4294967290 1431655750 4294967242
2863311530 4294967290 1431655750 4294967242
1950878818 378040178 1920539854 3402361602
64565966 581093694 1485017218 934875950
64565966 581093694 1485017218 934875950
64565966 581093694 1485017218 934875950
64565966 581093694 1485017218 934875950
64565966 581093694 1485017218 934875950
2147483648 2147483648 2147483648 2147483648
2147483648 2147483648 2147483648 2147483648
2147483648 2147483648 2147483648 2147483648
3387670580 424264148 607012012 3818377332
3215320081 3168076953 937917831 2742888801
105100109 945900981 2417302507 4218141533
3933172858 1038817354 268662518 759421594
4294967295 4294967287 4294967273 4294967215
2162396007 2281694879 2490467905 3355384727
3732337821 3526269317 4239391259 1671652781
4165838889 3132811633 1325013935 2425500921
4035373115 1958619667 2619268429 447707819
161229738 1451067642 3708283974 174706890
33400356 300603204 768208188 2705428836
2 18 46 162
3964806699 1323521923 996240861 3321762715
4294967294 4294967278 4294967250 4294967134
4294967294 4294967278 4294967250 4294967134
2360547889 4065061817 2752993895 2225817985
2156239092 2226282644 2348858860 2856674612
3273369868 3690525036 2273062932 3149954252
4294967294 4294967278 4294967250 4294967134
4294967294 4294967278 4294967250 4294967134
4294967294 4294967278 4294967250 4294967134
4294967294 4294967278 4294967250 4294967134
1431655765 4294967293 2863311523 4294967269
4294967295 4294967287 4294967273 4294967215
3875960873 523909489 3247754159 420218105
3875960873 523909489 3247754159 420218105
3875960873 523909489 3247754159 420218105
1851946405 3782615757 3940061651 3978770741
771263548 2646404636 559192420 2342805244
2626277188 2161658212 274833180 2275054724
1665173475 2101659387 3939251557 1735065299
1665173475 2101659387 3939251557 1735065299
1665173475 2101659387 3939251557 1735065299
801759365 2920866989 1260596211 517999125
2742319227 3206036563 2943800077 3084525291
1169972551 1939818367 1139564897 278496119
1169972551 1939818367 1139564897 278496119
1169972551 1939818367 1139564897 278496119
1169972551 1939818367 1139564897 278496119
1169972551 1939818367 1139564897 278496119
1428044466 4262465602 2780251646 4002452050
2313729882 3643699754 1676179734 2728526714
2831509978 4008753322 700220054 1719041530
2831509978 4008753322 700220054 1719041530
2831509978 4008753322 700220054 1719041530
2831509978 4008753322 700220054 1719041530
2831509978 4008753322 700220054 1719041530
2195473972 2579396564 3251261100 1739732596
2702551564 2848127596 2029143828 4158311884
957611299 28567099 550223397 257103891
3610573629 2430391589 1438814843 398687821
3607044741 2398631597 1357650419 112847893
3883946259 595777963 3431418037 1067034371
901015402 3814171322 3543485062 4262770826
4294967295 4294967287 4294967273 4294967215
2143651557 2112994829 2059345555 1837084277
110722507 996502563 2546617661 378588475
3091374355 2052565419 2382133429 1293219587
2147483648 2147483648 2147483648 2147483648
695435768 1963954616 3110120776 495722360
2911572130 434345394 2541649550 3909108546
2891545070 254101854 2081027170 2286916686
2891545070 254101854 2081027170 2286916686
2891545070 254101854 2081027170 2286916686
3236601212 3359607132 1427383844 171693116
1 9 23 81
1 9 23 81
4294967295 4294967287 4294967273 4294967215
2817370104 3881494456 375002952 573711736
968237862 124206166 794634346 1117855494
147897605 1331078445 3401644915 3389771413
0 0 0 0
0 0 0 0
1698809595 2404384467 417915021 164623723
205626266 1850636394 434436822 3770825658
1357697545 3629343313 1162272463 2599318745
2147483648 2147483648 2147483648 2147483648
553582539 687275555 4142463805 1890512699
1435387747 33587835 2949147109 302290515
3403960023 570869135 981669201 842854919
3143231295 2519277879 3574843049 1198664431
1 9 23 81
3624479078 2555540630 1758640170 1525029190
1765776711 3007088511 1958158689 1293992823
1457673031 234155391 3461708641 2107398519
419706844 3777361596 1063322820 3931483292
419706844 3777361596 1063322820 3931483292
3293266937 3869598657 2730695519 466649545
3293266937 3869598657 2730695519 466649545
3293266937 3869598657 2730695519 466649545
3293266937 3869598657 2730695519 466649545
3615744556 2476929932 1557746164 817532908
2 18 46 162
2595114618 1881195082 3853061366 4045853850
2595114618 1881195082 3853061366 4045853850
2595114618 1881195082 3853061366 4045853850
3426077303 769924655 1490366641 2634354599
4294967295 4294967287 4294967273 4294967215
0 0 0 0
2455701520 626477200 646560112 1343327504
1382005582 3848115646 1721357314 273302446
0 0 0 0
1508848555 694735107 343778397 1957648667
2752094767 3294016423 3168637497 3876344031
3094879400 2084110824 2462749464 1577128232
3303663618 3963168786 2969819182 1308780706
4294967295 4294967287 4294967273 4294967215
4294967295 4294967287 4294967273 4294967215
2383540258 4271993138 3281818382 4088199874
499357168 199247216 2895280272 1793224944
3378935706 345650282 406109910 3110852538
2086643283 1599920363 748155253 1514381379
2086643283 1599920363 748155253 1514381379
2086643283 1599920363 748155253 1514381379
2086643283 1599920363 748155253 1514381379
540256458 567340826 3835963942 811100138
1881892777 4052133105 333860911 2109459577
3974644794 1412064778 1222517046 4118648410
4046008015 2054333767 2863871129 1309134719
160747087 1446723783 3697183001 135612159
3611665908 2440222100 1463937260 487162420
3947437772 1167201580 596755540 1914879628
1384583639 3871318159 1780652625 482125063
2898014375 312325599 2229821185 2810930391
3039111820 1582202604 1180095124 1354921548
1327674943 3359139895 471752617 167487983
1994286127 768705959 2918907961 2623386335
2 18 46 162
0 0 0 0
2 18 46 162
4225078058 3665964154 2687514822 2928906314
2604617507 1966721083 4071627813 520620563
4146830262 2961733990 887815514 885802134
1431655765 4294967293 2863311523 4294967269
2732362690 3116427730 2714799726 2278045794
3633515471 2636868167 1966477209 2256977023
1431655765 4294967293 2863311523 4294967269
3597798890 2315418938 1144995846 3658901258
3485451095 1304288783 2855963857 3148664455
0 0 0 0
1251489469 2673470629 3014454011 2586399181
2863311530 4294967290 1431655750 4294967242
2491802972 951390268 1476893508 4267545116
3519379481 1609644257 3636316735 1601896425
4067643136 2249049856 3361478912 3061579520
0 0 0 0
2863311530 4294967290 1431655750 4294967242
1431655765 4294967293 2863311523 4294967269
874949061 3579574253 2943959219 2151397205
3595889073 2298230585 1101070055 3504206081
3595889073 2298230585 1101070055 3504206081
3595889073 2298230585 1101070055 3504206081
2863311530 4294967290 1431655750 4294967242
1810737896 3411739176 2992265944 640881512
2147483648 2147483648 2147483648 2147483648
4294967295 4294967287 4294967273 4294967215
795161816 2861489048 1108852584 4278564952
795161816 2861489048 1108852584 4278564952
795161816 2861489048 1108852584 4278564952
795161816 2861489048 1108852584 4278564952
795161816 2861489048 1108852584 4278564952
707759947 2074872227 3393576893 1493980859
1504518262 655762470 244181658 1606894934
4294967295 4294967287 4294967273 4294967215
2784667903 3587174647 3917819625 2219800751
2784667903 3587174647 3917819625 2219800751
2784667903 3587174647 3917819625 2219800751
2784667903 3587174647 3917819625 2219800751
3034497688 1540675416 1073970088 981176856
1916351297 67292489 1126406871 605632401
1916351297 67292489 1126406871 605632401
1916351297 67292489 1126406871 605632401
1916351297 67292489 1126406871 605632401
1916351297 67292489 1126406871 605632401
0 0 0 0
0 0 0 0
1837955019 3656693283 3618259773 2845468475
2388235194 19280266 3389801910 173522394
841028776 3274291688 2163792664 3698821416
841028776 3274291688 2163792664 3698821416
841028776 3274291688 2163792664 3698821416
2559390125 1559674645 3031398027 1152169917
1 9 23 81
1 9 23 81
3296756982 3901009062 2810966554 749343190
2147483648 2147483648 2147483648 2147483648
2431246954 406386106 84105094 3657474954
564716584 787481960 103579544 2792370344
564716584 787481960 103579544 2792370344
564716584 787481960 103579544 2792370344
456078142 4104703278 1899862674 2582591134
340091406 3060822654 3527135042 1777600110
2810700102 3821464438 221592906 33441574
3082907211 1976361123 2187389117 607380923
2 18 46 162
3968005449 1352310673 1069812111 3580861465
1184305825 2068817833 1469230199 1439491313
1184305825 2068817833 1469230199 1439491313
1184305825 2068817833 1469230199 1439491313
1184305825 2068817833 1469230199 1439491313
1184305825 2068817833 1469230199 1439491313
4294967294 4294967278 4294967250 4294967134
140603755 1265433795 3233886365 2798969563
1 9 23 81
1 9 23 81
3734824799 3548652119 1624457 1873097999
2 18 46 162
2863311530 4294967290 1431655750 4294967242
4290108822 4251241030 4183222394 3901430902
1374679314 3782179234 1552853150 3974842034
1555510030 1114688382 1416992322 1442260846
3573462948 2096395460 585269180 1687689956
3821723512 35773240 2000294856 321959160
3821723512 35773240 2000294856 321959160
2027751683 1069895963 3688615749 1039129075
113836621 1024529589 2618242283 630831709
3886323388 617172124 3486092004 1259581820
2396266623 91563127 3574524777 824068143
2811127541 3825311389 231424003 68064133
467900026 4211100234 2171766006 3540163738
4294967294 4294967278 4294967250 4294967134
3279017644 3741355020 2402961780 3607424108
3845679496 251377096 2551282488 2262393864
2415108103 261136447 4007878817 2350228023
2415108103 261136447 4007878817 2350228023
2415108103 261136447 4007878817 2350228023
2415108103 261136447 4007878817 2350228023
2415108103 261136447 4007878817 2350228023
3435675519 856308599 1711125609 3411810095
907137082 3869266442 3684283702 463659610
4293010620 4277357212 4249963748 4136476540
3778033306 3937528682 995420118 1078019770
2147483648 2147483648 2147483648 2147483648
203517592 1831658328 385937320 3600023064
1881924833 4052421609 334598199 2112056113
1881924833 4052421609 334598199 2112056113
1881924833 4052421609 334598199 2112056113
1881924833 4052421609 334598199 2112056113
1881924833 4052421609 334598199 2112056113
2285892603 3393164243 1035922317 473707115
600653618 1110915266 930131326 1408302802
2147483648 2147483648 2147483648 2147483648
1994494868 770584628 2923709004 2640294356
1875932502 3998490630 196774586 1626677302
2 18 46 162
3539312869 1789044749 4094784659 3216500853
395502470 3559522230 506622218 1970928998
4294967294 4294967278 4294967250 4294967134
3966957091 1342875451 1045699877 3495944467
2624418403 2144929147 232081125 2124493139
1 9 23 81
2760116356 3366210724 3353134044 231125444
3581208099 2166101819 763407653 2315047187
2863311530 4294967290 1431655750 4294967242
2 18 46 162
3128514111 2386823223 3236347817 6572527
3754839728 3728786480 461967824 3494307248
2948435853 766118901 3389515179 2600102813
1163233512 1879167016 984567000 4027601256
4294967294 4294967278 4294967250 4294967134
86690024 780210216 1993870552 2726924648
858092354 3427863890 2556254958 786003938
4132848561 2835898681 566236391 4048251649
237972877 2141755893 1178408875 2095933853
1961076566 469819910 2155088058 4228379190
4294967294 4294967278 4294967250 4294967134
3884092237 597091765 3434775531 1078858589
926946779 4047553715 4139906733 2068245067
926946779 4047553715 4139906733 2068245067
926946779 4047553715 4139906733 2068245067
3816154472 4280619176 1872206936 4165834216
1702729284 2439661668 508067868 482118532
1702729284 2439661668 508067868 482118532
1702729284 2439661668 508067868 482118532
1702729284 2439661668 508067868 482118532
1702729284 2439661668 508067868 482118532
3647548649 2763166769 2289240303 3393664441
3647548649 2763166769 2289240303 3393664441
471195278 4240757502 2247556802 3807079150
2702751017 2849922673 2033731247 4174467577
1541925135 992424327 1104539737 341884351
2863311530 4294967290 1431655750 4294967242
2147483648 2147483648 2147483648 2147483648
1308095187 3182922091 21418229 2876495043
4251907722 3907431130 3304597094 807141802
2863311530 4294967290 1431655750 4294967242
4020706411 1826619331 2281934237 3554672091
3259990936 3570114648 1965347496 2066260760
3567833289 2045728529 455787023 1231687577
4294967294 4294967278 4294967250 4294967134
1 9 23 81
1347421779 3536861419 925929845 1766981699
1431655765 4294967293 2863311523 4294967269
4210498867 3534751435 2352193429 1747991843
322022705 2898204345 3111554919 314035329
4294967295 4294967287 4294967273 4294967215
3038963678 1580869326 1176687858 1342922046
2247652100 3048999716 156390748 1671193668
2147483648 2147483648 2147483648 2147483648
3104479697 2170513497 2683556295 2354752289
1779135920 3127321392 2265420496 2376088752
64096080 576864720 1474209840 896815184
1327105018 3354010570 458644342 121324058
2158087412 2242917524 2391370220 3006388532
366032771 3294294939 4123786437 3878850675
1747429066 2841959706 1536162854 4102800874
4270431611 4074146131 3730646541 2307576811
4270431611 4074146131 3730646541 2307576811
4270431611 4074146131 3730646541 2307576811
0 0 0 0
2493968628 970881172 1526703596 147995956
1746076115 2829783147 1505044981 3993211843
2743552204 3217133356 2972158548 3184396428
1056988537 922962241 2835899871 4011692873
2618653002 2093040538 99476902 1657495658
1431655765 4294967293 2863311523 4294967269
4294967294 4294967278 4294967250 4294967134
357661110 3218949990 3931238234 3200746134
0 0 0 0
884820 7963380 20350860 71670420
1629945421 1784606901 3129006315 3176560221
0 0 0 0
1875348125 3993231237 183333915 1579342765
1003758315 443890243 1611604765 3995012187
3402465622 557419526 947297978 721808438
4294967294 4294967278 4294967250 4294967134
1037920263 751347775 2397329569 2467162679
1036479001 738376417 2364180543 2350420457
1330368114 3383378434 533695550 385634834
1330368114 3383378434 533695550 385634834
1330368114 3383378434 533695550 385634834
1330368114 3383378434 533695550 385634834
1330368114 3383378434 533695550 385634834
425819911 3832379199 1203923361 131674423
3015597397 1370572797 639263395 3745220581
3040434013 1594102341 1210505563 1462019181
4294967295 4294967287 4294967273 4294967215
3715583061 3375476477 3854031779 314517221
2 18 46 162
1035945195 733572163 2351903005 2307182171
1889500738 4120604754 508844014 2725704418
569940479 834497015 223729129 3215505839
569940479 834497015 223729129 3215505839
569940479 834497015 223729129 3215505839
569940479 834497015 223729129 3215505839
2 18 46 162
2 18 46 162
2 18 46 162
2 18 46 162
2 18 46 162
3902299897 760960705 3853551711 2553679049
3793985102 4081094846 1362311426 2370115246
4138651442 2888124610 699702654 223317714
2147483648 2147483648 2147483648 2147483648
931103372 4084963052 4235508372 2404929100
2062631026 1383810050 195873342 3864355858
1650272208 1967547984 3596522416 528062672
3820044029 20657893 1961666747 185921037
3280770290 3757128834 2443272638 3749388434
1329128970 3372226138 505195238 285264170
2 18 46 162
1431655765 4294967293 2863311523 4294967269
1058010600 932160808 2859407320 4094479976
1102321606 1330959862 3878560458 3388704166
2428736318 383790382 26360466 3454113438
2 18 46 162
4052566577 2113360825 3014718055 1840378241
4052566577 2113360825 3014718055 1840378241
4052566577 2113360825 3014718055 1840378241
1 9 23 81
1 9 23 81
1 9 23 81
1 9 23 81
792536674 2837862770 1048474318 4065928450
1754505021 2905643301 1698909819 380985933
1754505021 2905643301 1698909819 380985933
1754505021 2905643301 1698909819 380985933
1754505021 2905643301 1698909819 380985933
1420248690 4192303618 2600948798 3370994194
1 9 23 81
0 0 0 0
831692718 3190267166 1949063330 2942600718
55387376 498486384 1273909648 191410160
4294967294 4294967278 4294967250 4294967134
2176910371 2412324155 2824298277 236080915
1431655765 4294967293 2863311523 4294967269
3688176764 3128819804 3223686948 2389574460
4294967294 4294967278 4294967250 4294967134
834649115 3216874739 2017060461 3182068875
4216030663 3584537599 2479424737 2196067319
4216030663 3584537599 2479424737 2196067319
2147483648 2147483648 2147483648 2147483648
2147483648 2147483648 2147483648 2147483648
2147483648 2147483648 2147483648 2147483648
2147483648 2147483648 2147483648 2147483648
2884296444 188864220 1914308772 1699777980
4294967295 4294967287 4294967273 4294967215
2147483648 2147483648 2147483648 2147483648
2147483648 2147483648 2147483648 2147483648
2147483648 2147483648 2147483648 2147483648
2147483648 2147483648 2147483648 2147483648
1 9 23 81
5476851 49291659 125967573 443624931
1441313786 86922186 3085446006 782299674
2515075240 1160840680 2012155672 1857631528
2184415558 2479870838 2996917578 844001062
3136492080 2458624944 3419841104 652788016
2863311530 4294967290 1431655750 4294967242
2 18 46 162
4294967295 4294967287 4294967273 4294967215
4294967294 4294967278 4294967250 4294967134
2147483648 2147483648 2147483648 2147483648
2400794994 132318466 3678677310 1190866194
1431655765 4294967293 2863311523 4294967269
3965199556 1327057636 1005276572 3353584132
2227885541 2871100685 3996727187 70102389
1704406065 2454752697 546633831 617937793
0 0 0 0
2603213979 1954089331 4039346669 406934795
2863311530 4294967290 1431655750 4294967242
1770553999 3050084103 2068036313 1680953151
1315504889 3249609409 191841375 3476680905
1315504889 3249609409 191841375 3476680905
2863311530 4294967290 1431655750 4294967242
2863311530 4294967290 1431655750 4294967242
2863311530 4294967290 1431655750 4294967242
1185106323 2076022315 1487641653 1504331651
0 0 0 0
830125531 3176162483 1913018029 2815658571
1478931341 425480181 3950649771 3829321629
4253289839 3919870183 3336385785 919093279
3534657502 1747146446 3987711218 2839416126
3534657502 1747146446 3987711218 2839416126
3534657502 1747146446 3987711218 2839416126
3534657502 1747146446 3987711218 2839416126
4294967295 4294967287 4294967273 4294967215
325752290 2931770610 3197335374 616131714
4294967294 4294967278 4294967250 4294967134
0 0 0 0
2863311530 4294967290 1431655750 4294967242
2147483648 2147483648 2147483648 2147483648
3013324278 1350114726 586981658 3561097942
3396379511 502644527 807317425 228833447
1476066665 399698097 3884762223 3597282873
385229018 3467061162 270332822 1138779386
1 9 23 81
188613503 1697521527 43143273 2392791855
791235487 2826152087 1018547017 3960532303
2683954725 2680756045 1601416531 2651967925
2 18 46 162
1431655765 4294967293 2863311523 4294967269
1431655765 4294967293 2863311523 4294967269
1431655765 4294967293 2863311523 4294967269
0 0 0 0
2147483648 2147483648 2147483648 2147483648
2562721650 1589658370 3108023102 1422023442
965466337 99262441 730889271 893361969
965466337 99262441 730889271 893361969
3619149613 2507575445 1636062475 1093342525
1431655765 4294967293 2863311523 4294967269
1646623101 1934706021 3512592955 232485005
2528348005 1280295565 2317429267 2932725493
4294967294 4294967278 4294967250 4294967134
1447866248 145894344 3236152632 1313049096
3682247500 3075456428 3087313876 1909304076
1264303216 2788794352 3309170192 3624312688
1431655765 4294967293 2863311523 4294967269
4294967295 4294967287 4294967273 4294967215
3176882861 2822141973 53861771 3924441277
1308188558 3183762430 23565762 2884058094
1944895644 324191612 1782926852 2917724508
658733337 1633632737 2265964863 1817792745
1603901951 1550215671 2530006505 1067039151
2180135490 2441350226 2898476014 497315554
3503812332 1469539916 3278272308 340957356
2361241791 4071306935 2768953641 2282024047
3939475044 1095537028 413612796 1269898660
3939475044 1095537028 413612796 1269898660
2970879736 968113848 3905724488 123090040
3169533473 2755997481 4179793143 3329140849
521275933 396516101 3399411867 3568644909
3410728428 631784780 1137342516 1391095724
3410728428 631784780 1137342516 1391095724
3410728428 631784780 1137342516 1391095724
972844863 165669175 900595369 1491022575
972844863 165669175 900595369 1491022575
972844863 165669175 900595369 1491022575
972844863 165669175 900595369 1491022575
972844863 165669175 900595369 1491022575
2960757091 877010043 3672903653 3598123091
1542506791 997659231 1117917825 388998487
698032657 1987326617 3169849223 706070369
1 9 23 81
2147483648 2147483648 2147483648 2147483648
1 9 23 81
1 9 23 81
2863311530 4294967290 1431655750 4294967242
2862592274 4288493986 1415112862 4236707506
2863311530 4294967290 1431655750 4294967242
3218050793 3192653361 1000724207 2964076473
1 9 23 81
3588245999 2229442919 925279353 2885117087
3588245999 2229442919 925279353 2885117087
3975230607 1417337095 1235990745 4166099263
2863311530 4294967290 1431655750 4294967242
1853719321 3798572001 3980838719 4122376937
673797937 1769214137 2612450663 3038025345
80511862 724606758 1851772826 2226493526
3846626024 259895848 2573052632 2339062632
4294967294 4294967278 4294967250 4294967134
543177998 593634686 3903159362 1047744878
1437423875 51912987 2995978053 467216883
2441325444 497092516 315910364 178865348
448097666 4032878994 1716311726 1936172578
2382346742 4261251494 3254367514 3991525078
4292255853 4270564309 4232604107 4075340413
4292255853 4270564309 4232604107 4075340413
4292255853 4270564309 4232604107 4075340413
2857520027 4242843763 1298451181 3825855499
2076888702 1512129134 523799890 724260318
2 18 46 162
1431655765 4294967293 2863311523 4294967269
3345888376 48224312 3940988616 434018808
193001165 1737010485 144059499 2748192477
1414862058 4143823930 2477056262 2934677002
1264962549 2794728349 3324334851 3677718661
1803110745 3343094817 2816841471 23082281
1623357765 1725317997 2977490227 2642960085
4294967294 4294967278 4294967250 4294967134
1 9 23 81
2863311530 4294967290 1431655750 4294967242
2 18 46 162
2 18 46 162
4019370493 1814596069 2251208123 3446462733
0 0 0 0
2778876939 3535055971 3784627453 1750732667
3229801113 3298406241 1270981567 3915852393
2033160937 1118579249 3813028591 1477278649
2033160937 1118579249 3813028591 1477278649
2033160937 1118579249 3813028591 1477278649
2033160937 1118579249 3813028591 1477278649
2033160937 1118579249 3813028591 1477278649
1713218104 2534061048 749310728 1331712952
4294967295 4294967287 4294967273 4294967215
4294967295 4294967287 4294967273 4294967215
4294967295 4294967287 4294967273 4294967215
4294967295 4294967287 4294967273 4294967215
2287728461 3409686965 1078147051 622411613
1505172325 661649037 259225107 1659874037
107367924 966311316 2469462252 106867252
1 9 23 81
0 0 0 0
1103699970 1343365138 3910262830 3500351650
0 0 0 0
823373355 3115392899 1757717981 2268732315
823373355 3115392899 1757717981 2268732315
823373355 3115392899 1757717981 2268732315
2901062959 339762855 2299938617 3057865695
1277440615 2907030943 3611330369 393474711
3251666721 3495196713 1773890551 1391999345
1723292094 2624726958 981012498 2147706142
1 9 23 81
1 9 23 81
1 9 23 81
1 9 23 81
1 9 23 81
3265264032 3617572512 2086628704 2493381536
1688388083 2310590859 178220245 3615448547
1688388083 2310590859 178220245 3615448547
1688388083 2310590859 178220245 3615448547
474880795 4273927155 2332323693 4105606027
4294967294 4294967278 4294967250 4294967134
0 0 0 0
1572365909 1266391293 1804677539 2807587045
1217018904 2363235544 2221631016 4089250712
4294967294 4294967278 4294967250 4294967134
1303498941 3141555877 4210671867 2504199117
0 0 0 0
2551137831 1485403999 2841595265 483734103
2863311530 4294967290 1431655750 4294967242
3612230667 2445304931 1476926717 532907899
2863311530 4294967290 1431655750 4294967242
998870811 399902707 1499192173 3599124363
998870811 399902707 1499192173 3599124363
1 9 23 81
2 18 46 162
2863311530 4294967290 1431655750 4294967242
2882082810 168941514 1863395190 1520473626
4278777982 4149263470 3922613074 2983632862
1433042044 12476508 2895195940 112288572
4294967294 4294967278 4294967250 4294967134
0 0 0 0
2147483648 2147483648 2147483648 2147483648
3454602583 1026652175 2146448081 649934983
4294967295 4294967287 4294967273 4294967215
1706313582 2471920350 590506722 772446670
4294967294 4294967278 4294967250 4294967134
983852960 264742048 1153781600 2382678432
983852960 264742048 1153781600 2382678432
983852960 264742048 1153781600 2382678432
983852960 264742048 1153781600 2382678432
2008854059 899817347 3253970397 3803388827
1385674700 3881137708 1805747028 570501004
2147483648 2147483648 2147483648 2147483648
4000868615 1648079167 1825664929 1947810615
613271899 1224479795 1220351789 2430383563
3630041558 2605602950 1886577210 1975590070
1363692544 3683298304 1300157440 3084913664
4294967295 4294967287 4294967273 4294967215
2047516808 1247782088 4143213624 2640104200
0 0 0 0
322520975 2902688775 3123015129 354395199
1449546632 161017800 3274801464 1449160200
4294967294 4294967278 4294967250 4294967134
1 9 23 81
1 9 23 81
1021662745 605030113 2023406655 1150303721
2079532305 1535921561 584602759 938392161
752977792 2481832832 138620032 861659008
3316595852 4079558892 3267260564 2356291660
4006384438 1697721574 1952528858 2394592278
3794202124 4083048044 1367302932 2387694028
3847657109 269175613 2596767587 2422580517
3847657109 269175613 2596767587 2422580517
3847657109 269175613 2596767587 2422580517
3847657109 269175613 2596767587 2422580517
3169412000 2754904224 4176999264 3319301536
627879690 1355949914 1556330982 3613614634
3509725113 1522754945 3414266271 819892617
1 9 23 81
1690451635 2329162827 225681941 3782596259
22364700 201282300 514388100 1811540700
1431655765 4294967293 2863311523 4294967269
1431655765 4294967293 2863311523 4294967269
497098071 178915343 2843321041 1610238087
886545492 3683942132 3210677132 3090708116
886545492 3683942132 3210677132 3090708116
886545492 3683942132 3210677132 3090708116
886545492 3683942132 3210677132 3090708116
4294967295 4294967287 4294967273 4294967215
2681749147 2660905843 1550688237 2473316107
4294967294 4294967278 4294967250 4294967134
1458868748 244916844 3489210132 2204251596
1458868748 244916844 3489210132 2204251596
1458868748 244916844 3489210132 2204251596
1 9 23 81
4191548207 3364195495 1916328249 212988383
2365193394 4106871362 2859840510 2602103890
2365193394 4106871362 2859840510 2602103890
2365193394 4106871362 2859840510 2602103890
2365193394 4106871362 2859840510 2602103890
1271420989 2852854309 3472878971 4200852301
3371461219 278379899 234196709 2505419091
4294967295 4294967287 4294967273 4294967215
2567205541 1630013389 3211152595 1785218613
2863311530 4294967290 1431655750 4294967242
814671992 3037080632 1557586632 1563921912
4054101376 2127174016 3050018432 1964696960
4294967295 4294967287 4294967273 4294967215
3295805915 3892449459 2789092013 672306763
964915149 94301749 718211947 848715741
827671990 3154080614 1856586586 2616921750
4294967294 4294967278 4294967250 4294967134
2748394250 3260711770 3083525606 3576602154
2796308824 3691942936 4185560808 3162715352
2796308824 3691942936 4185560808 3162715352
2796308824 3691942936 4185560808 3162715352
2796308824 3691942936 4185560808 3162715352
1336859464 3441800584 682996600 911434184
1431655765 4294967293 2863311523 4294967269
4294967295 4294967287 4294967273 4294967215
4294967295 4294967287 4294967273 4294967215
1076737857 1100706121 3290134231 1316420497
3287898032 3821278512 2607210704 31768240
338956143 3050605287 3501023993 1685643807
1431655765 4294967293 2863311523 4294967269
3110360757 2223443037 2818820675 2831118149
2 18 46 162
2 18 46 162
2 18 46 162
4294967295 4294967287 4294967273 4294967215
4294967295 4294967287 4294967273 4294967215
129482240 1165340160 2978091520 1898126848
1431655765 4294967293 2863311523 4294967269
1703566766 2447199006 527329954 549954574
190932388 1718391492 96477628 2580621540
2863311530 4294967290 1431655750 4294967242
2863311530 4294967290 1431655750 4294967242
2863311530 4294967290 1431655750 4294967242
2863311530 4294967290 1431655750 4294967242
3858402474 365883898 2843910982 3292955082
1 9 23 81
4294967294 4294967278 4294967250 4294967134
1431655765 4294967293 2863311523 4294967269
1 9 23 81
4026019995 1874441587 2404146669 3985072395
2359850624 4058786432 2736956800 2169339520
3247485906 3457569378 1677731806 1053353330
1868187358 3928784334 18636274 999320638
4294967294 4294967278 4294967250 4294967134
2863311530 4294967290 1431655750 4294967242
2863311530 4294967290 1431655750 4294967242
2863311530 4294967290 1431655750 4294967242
2 18 46 162
900844767 3812635607 3539560457 4248949391
4294967294 4294967278 4294967250 4294967134
1162773246 1875024622 973980882 3990319710
1162773246 1875024622 973980882 3990319710
684318718 1863901166 2854428626 3890208606
4294967294 4294967278 4294967250 4294967134
4294967294 4294967278 4294967250 4294967134
4294967294 4294967278 4294967250 4294967134
4294967294 4294967278 4294967250 4294967134
4294967294 4294967278 4294967250 4294967134
0 0 0 0
3451291072 996848576 2070283328 381702592
3451291072 996848576 2070283328 381702592
3451291072 996848576 2070283328 381702592
3451291072 996848576 2070283328 381702592
3451291072 996848576 2070283328 381702592
110243351 992190159 2535597073 339776839
4294967294 4294967278 4294967250 4294967134
505079318 250746566 3026889722 2256719094
505079318 250746566 3026889722 2256719094
505079318 250746566 3026889722 2256719094
1141045314 1679473234 474238446 2230357218
1 9 23 81
1962657001 484043825 2191438063 61427129
1962657001 484043825 2191438063 61427129
1962657001 484043825 2191438063 61427129
1962657001 484043825 2191438063 61427129
2817369531 3881489299 374989773 573665323
1142061188 1688616100 497603548 2312643012
288405701 2595651309 2338363827 1886025301
1277852291 2910736027 3620798917 426820467
2708373101 2900521429 2163039179 334889085
1191004993 2129110345 1623311063 1982123921
2140950636 2088686540 1997224372 1618309676
1112178380 1419670828 4105266260 4187102860
1112178380 1419670828 4105266260 4187102860
1112178380 1419670828 4105266260 4187102860
1112178380 1419670828 4105266260 4187102860
1 9 23 81
1 9 23 81
1 9 23 81
2147483648 2147483648 2147483648 2147483648
2863311530 4294967290 1431655750 4294967242
2863311530 4294967290 1431655750 4294967242
2863311530 4294967290 1431655750 4294967242
2147483648 2147483648 2147483648 2147483648
2147483648 2147483648 2147483648 2147483648
2147483648 2147483648 2147483648 2147483648
2147483648 2147483648 2147483648 2147483648
2147483648 2147483648 2147483648 2147483648
3155417843 2628956811 3855133653 2185774819
1424904783 4234208455 2708038937 3748137727
1424904783 4234208455 2708038937 3748137727
1424904783 4234208455 2708038937 3748137727
1431655765 4294967293 2863311523 4294967269
3748570693 3672365165 317780019 2986515413
2863311530 4294967290 1431655750 4294967242
2014022805 946336061 3372851555 4222057253
2 18 46 162
2 18 46 162
4294967294 4294967278 4294967250 4294967134
1602106429 1534055973 2488709499 921601869
2031257411 1101447515 3769247493 1323093043
2359930993 4059509753 2738805287 2175849409
2863311530 4294967290 1431655750 4294967242
4099868208 2539075504 4102655568 1376843056
896255826 3771335138 3434014814 3877245170
3850430749 294138373 2660561307 2647245357
3850430749 294138373 2660561307 2647245357
3850430749 294138373 2660561307 2647245357
3850430749 294138373 2660561307 2647245357
3850430749 294138373 2660561307 2647245357
3893862222 685021630 3659485186 1870227374
68981414 620832726 1586572522 1292527238
68981414 620832726 1586572522 1292527238
186441958 1677977622 4288165034 2216896710
186441958 1677977622 4288165034 2216896710
186441958 1677977622 4288165034 2216896710
186441958 1677977622 4288165034 2216896710
186441958 1677977622 4288165034 2216896710
2520332183 1208153167 2133065361 2283443911
914831350 3938514854 3861251866 1086895318
1880644023 4040894319 305139569 2008310503
2217460137 2777272049 3756942895 3520611961
4294967294 4294967278 4294967250 4294967134
4294967294 4294967278 4294967250 4294967134
874707331 3577398683 2938399429 2131817075
382359651 3441236859 204337381 906360659
382359651 3441236859 204337381 906360659
1229287027 2473648651 2503797845 788001379
2965882726 923140758 3790793258 4013299526
1431655765 4294967293 2863311523 4294967269
1431655765 4294967293 2863311523 4294967269
1431655765 4294967293 2863311523 4294967269
1431655765 4294967293 2863311523 4294967269
1086146487 1185383791 3506532721 2078519527
947773242 4234991882 323948086 3755188570
2666317670 2522022550 1195764266 1223366470
2321164390 3710610326 1847173418 3330721862
0 0 0 0
3591892553 2262261905 1009150095 3180487961
634438326 1414977638 1707179610 4144864150
2258059649 3142667657 395764375 2514205137
0 0 0 0
78295425 704658825 1800794775 2046962129
2863311530 4294967290 1431655750 4294967242
3827249840 85510192 2127400400 769591728
4294967294 4294967278 4294967250 4294967134
1 9 23 81
4151828583 3006718879 1002776897 1290666135
2128281796 1974666980 1705841052 592133636
2607839644 1995720316 4145736964 781613660
2421537618 319002082 4155757662 2871018738
1963785684 494201972 2217397772 152850452
2551737412 1490800228 2855385628 532300164
2863311530 4294967290 1431655750 4294967242
2863311530 4294967290 1431655750 4294967242
2863311530 4294967290 1431655750 4294967242
2863311530 4294967290 1431655750 4294967242
2863311530 4294967290 1431655750 4294967242
3933296118 1039926694 271497498 769405654
4294967295 4294967287 4294967273 4294967215
3172211332 2780098212 4241383900 3546047428
1577704653 1314439989 1927468651 3240025309
2097976771 1701921755 1008825477 2432393907
3813886621 4260208517 1820046363 3982138285
