# a b y
15360 16384 16384
49152 16384 50176
15872 15872 16512
16896 14336 15872
0 15360 0
32768 16384 32768
31744 16896 31744
64512 49152 31744
31744 0 32256
32256 16384 32256
31743 16384 31744
1024 14336 512
48128 15360 48128
17408 14336 16384
1024 14336 512
1024 13312 256
1024 12288 128
1024 11264 64
1 16384 2
1 16896 3
1023 15360 1023
1 15360 1
1023 14336 512
1 1 0
1 14336 0
3 14336 2
5 14336 2
7 14336 4
1021 14336 510
1023 14336 512
1022 14336 511
2 14336 1
4 14336 2
5849 50721 41279
42897 28762 56350
28378 56269 64512
5632 45702 36068
13203 6172 4040
34503 63938 17633
48218 49882 17268
47020 51515 17668
33634 8396 32776
55033 29516 64512
32791 24300 37114
11963 60736 57451
51220 42196 12524
26372 53920 64512
35745 29059 49474
29521 14892 29093
6038 36345 32779
58188 4182 47081
56248 54239 29592
18137 41396 44258
10828 49682 45255
45909 23234 53810
4451 63615 52750
29208 58531 64512
44428 51012 14602
49800 12755 47297
23848 30587 31744
32623 2870 32256
35819 10111 32887
48717 44764 12647
60458 48808 28398
24028 63406 64512
26925 21353 31744
59345 24278 64512
5003 30772 20461
52145 12417 49237
30339 8514 23624
44989 31175 60823
21639 14870 21219
36995 43896 539
61623 28649 64512
10530 54570 49824
41272 45892 6333
6371 20471 11486
50321 54542 24005
28522 52741 64512
55161 25393 64512
58857 18895 62539
15699 44728 45177
41730 9158 35535
54574 13101 52389
52749 482 37298
52221 51571 22897
51141 43571 13829
30904 46213 61781
18161 51165 53971
36414 30075 51271
33135 37273 0
2442 9161 43
16087 7505 8332
28810 43804 57353
42888 30873 58452
56038 37043 12301
5190 50134 39984
37657 41596 184
37052 36279 3
5935 36648 32781
52095 19919 56689
39507 2019 32774
22773 28620 31744
64404 14063 63121
18123 26773 29640
65055 55928 32256
2273 15331 2255
53849 3820 42366
56077 18440 59163
60139 19240 64048
28463 43379 56549
8275 36505 32825
33096 51373 2558
65280 43536 32256
26816 26632 31744
27391 53347 64512
21051 10942 16704
21908 1488 8206
6956 5901 101
50564 47340 17097
45663 30269 60664
46993 10569 42240
59023 32836 7928
61476 9981 56124
32593 45634 32256
32481 29239 32256
10893 24970 20617
15647 19759 20131
44807 41306 5299
39793 23711 48204
62894 5744 53394
22452 7733 14842
22213 63038 64512
24003 59544 64512
32444 45856 32256
29977 17424 31744
50084 63515 31744
17270 51036 52957
17114 46982 48754
51708 29449 64512
48294 17841 50845
5193 6317 40
29296 59152 64512
8360 29869 22897
46139 13262 44065
47291 20051 52091
52996 37959 10113
35842 11584 33105
30356 56139 64512
1279 49710 35768
32293 47150 32256
43469 28317 56524
20228 41111 46086
9189 38279 33117
6205 42588 33630
41205 5534 32991
49642 27250 61636
51569 2727 39046
11760 32374 32256
12335 21617 18597
43293 9471 37475
44413 6776 35952
11480 38511 34762
52001 11179 47829
19660 60628 64512
64859 38080 32256
29297 22732 31744
40137 38726 139
19316 1494 5488
9928 62820 57490
27404 31608 31744
30612 51297 64512
4256 5421 12
18077 31893 32256
43982 32158 32256
28912 61461 64512
10552 37468 33299
35536 31030 51312
52926 17496 55122
62506 21729 64512
35717 34122 0
55691 28764 64512
18648 1416 4787
23834 54151 62669
649 58730 43741
35574 9191 32823
19803 36309 40911
20689 7115 12465
43646 44055 6819
7790 18430 10860
15982 43215 43963
47860 47644 14671
61522 50374 31016
21016 7060 12742
40281 60031 19544
63907 15087 63715
15496 2451 2641
9257 36362 32868
35835 24308 44784
20313 54381 59409
30148 52969 64512
63125 20784 64512
13286 62449 60375
41604 19065 45382
40754 33754 7
59344 16774 60773
64971 61344 32256
11842 10787 7373
34940 2943 32769
19582 28514 31744
63528 65036 32256
9931 58436 53054
5959 49060 39667
55420 58378 31744
14641 58552 57888
7600 34003 32775
30772 20704 31744
1449 50594 36856
21992 43362 50163
26884 24488 31744
58084 6190 48947
48274 48941 16409
24903 17200 26814
347 61394 45389
62110 15792 62644
2091 8045 15
4433 54467 43604
58452 10045 53205
48938 11748 45382
24065 39281 48149
47181 57315 23613
2935 12873 751
18383 20337 23363
65406 50948 32256
20998 63689 64512
32722 32816 32256
28422 9430 22591
61235 913 46699
11421 15050 11220
18304 8639 11619
1177 44411 32869
63524 7984 56177
19433 33182 36453
60784 45499 25546
50212 38084 7407
27330 13092 25096
56643 52699 28596
1645 46884 33502
5530 48430 38721
54129 8589 47402
28431 8110 21191
37177 60788 17183
5299 26055 16074
63774 19722 64512
8664 32019 32256
33316 43441 24
20561 62627 64512
34145 18772 37674
62933 60608 31744
32713 1629 32256
39120 36385 15
9712 41548 36012
55102 6940 46704
47403 9197 41247
49075 27467 61189
426 63322 47646
10877 39062 34672
11892 61146 57735
48386 52714 20327
28316 30630 31744
41569 51430 12240
55507 1168 41345
43487 7152 35283
18869 54357 57902
16417 52220 53279
30343 15246 30250
21905 34784 41339
50144 39715 8966
61159 56868 31744
49371 39525 8131
18995 27038 30810
7791 24522 16964
60717 27910 64512
7453 42724 34919
63085 56851 31744
17961 29746 31744
34800 16242 35683
17608 15509 17786
65180 48890 32256
55106 53514 27794
62858 6899 54480
57778 4362 46893
31157 38956 54772
23452 9579 17703
12602 54045 51366
20887 20338 25908
60513 9428 54601
59982 60356 31744
39227 10848 34859
10214 18659 13523
37841 10067 33226
29861 7568 22133
35408 1385 32768
46467 3630 34882
12767 11445 8937
54460 3498 42676
28131 38741 51557
33816 44611 103
52632 25796 63146
54278 20839 59759
64515 33064 32256
48235 57344 24683
51947 55779 26903
35160 2849 32769
32314 11894 32256
58269 15515 58466
14946 16343 15937
42111 37436 224
62183 27280 64512
18499 3227 6376
463 24485 8938
60674 34324 14236
58559 6663 49959
6115 54621 45386
6995 3405 19
26482 60610 64512
45179 6495 36356
54862 55284 29253
52474 59156 30823
15720 64197 64512
21017 52561 58381
37969 51083 8210
41144 42105 2375
40388 51052 10585
48433 8818 42031
54136 35131 8418
21173 33700 39451
63372 56201 31744
54637 30330 64512
51389 25237 61388
44968 41914 5989
16370 17462 18479
4006 9159 119
28417 31318 31744
10821 27321 22853
39595 15241 39496
22166 24085 30978
33099 24011 40829
48296 21462 54416
28435 24868 31744
11987 44940 41584
15430 19456 19526
51953 62184 31744
43964 60053 23133
55980 31516 64512
50481 21519 56644
30179 35090 50038
62946 55611 31744
32063 42767 32256
13261 52716 50630
36243 34912 1
50219 41478 10823
4749 18884 8377
11581 48161 44392
2303 13264 625
39154 45534 3905
32984 56408 6996
60223 8657 53573
62423 40263 21804
41695 6232 33246
40754 47560 7475
38062 5537 32794
34290 61337 14757
47409 9005 41128
62910 62841 31744
11101 52486 48288
26654 38907 50203
29175 51290 64512
65317 52108 32256
61038 61998 31744
5905 16605 7244
47307 38671 5179
3286 6229 10
34114 40381 8
10991 11225 6861
8476 37024 32863
514 37514 32768
31190 30538 31744
44517 34251 137
47693 50064 16885
60300 52379 31744
33928 32253 32256
15447 39294 39413
9118 61029 54807
55380 7846 47922
51508 7674 43974
47266 5748 37753
31994 43113 32256
47763 27433 59874
60399 50745 30252
13648 43989 42291
47876 21865 54463
48380 58875 26484
53550 49973 22699
41582 17729 44089
52115 23867 60660
34878 20607 40133
20513 10329 15485
62999 9685 57457
5653 61350 51665
36373 28698 49725
48332 25121 58202
8383 47820 40968
11534 36240 33218
62197 61350 31744
23644 51137 59450
40152 31415 56337
9170 24665 18496
42724 64659 32256
320 47039 32923
55465 62337 31744
27774 7764 20251
17758 55740 58290
57536 41751 18486
8043 7990 856
31337 38552 54601
2121 44964 33030
35685 806 32768
6270 29774 20694
47355 54093 20620
28265 19356 31744
63459 30051 64512
20669 28987 31744
792 19787 5144
33787 60191 13078
48380 51202 18686
35710 7247 32784
25619 65341 32256
2894 57619 45218
44859 18606 48187
50986 54846 24983
2832 6974 13
43630 65477 32256
1570 43626 32847
8947 42606 36246
40849 5927 32984
44612 58787 22634
56586 1900 43181
16116 15782 16617
29706 9373 23721
55990 50906 26047
52976 12989 50648
955 59679 45255
18933 43009 46582
59600 2369 46674
358 355 0
10244 3385 168
53738 39709 12610
64228 52525 31744
63123 15633 63530
18861 55666 59322
16048 3750 4495
43852 52491 15514
63451 60804 31744
7879 50600 43211
55451 45752 20412
53726 54917 27848
29265 2631 16629
29897 13223 27796
7453 8186 653
45703 33064 60
35378 48836 3389
35931 41288 46
5637 55779 46190
29411 10172 24232
53302 48144 20551
3475 12651 966
1032 17744 3419
6552 46524 37890
34246 64238 17664
49114 40078 8312
33378 3571 32768
4600 40390 32837
286 2775 0
14361 57943 56959
30076 46502 61375
26972 11346 22986
24324 6011 14991
50479 12028 47239
24666 64227 64512
38794 30052 53524
35586 51385 6179
16677 41707 43123
57192 37513 13837
29264 9511 23569
16271 61998 62935
35472 19748 39992
27418 37880 49939
35228 45860 641
16875 42548 44183
29011 61642 64512
10349 9728 4772
30255 33315 47771
45277 26478 56452
59881 31075 64512
8476 7813 1066
63793 8788 57371
62118 18223 64512
6121 19969 10736
40284 28043 53101
51483 40041 10657
26265 41591 52565
63665 26988 64512
10056 26790 21563
55057 14262 53968
62203 38555 19907
39424 20777 44990
60323 2363 47358
19573 27420 31724
31278 31072 31744
9694 14784 9272
6241 37516 32797
22994 37078 44809
38647 46006 3767
35850 42463 95
38479 42757 709
40412 20723 45888
16140 51605 52459
22459 35988 43117
12908 28273 25900
34712 41026 16
34496 23636 42830
63030 33602 15631
52972 48280 20467
36589 58091 13821
8406 60362 53429
55720 33006 6466
48063 34096 1286
17613 52420 54712
16116 20607 21457
34032 54878 8156
25160 32384 32256
2730 7592 19
3666 4722 5
56919 55180 31227
53863 3641 42235
5088 18390 8119
37047 21897 43654
31952 11337 32256
47892 20571 53173
4360 48673 37814
59165 962 44719
28617 54209 64512
46279 56134 21592
27211 24396 31744
46476 10067 41236
15690 39376 39856
43807 7842 36327
33312 23915 41410
32882 62811 12485
5020 65238 32256
29463 50600 64512
27818 20379 31744
50502 45066 14675
9440 46229 40342
49353 25417 59484
60663 42001 21772
21864 703 7020
44234 13700 42651
49579 34412 3213
30587 10731 25993
46629 10872 42232
27377 54808 64512
60317 64823 32256
62784 36436 18471
13138 54989 52793
52535 64901 32256
42660 9279 36621
32958 29376 45314
55243 25727 64512
21534 5246 11424
54752 49501 23521
2701 28428 15813
31438 30757 31744
60223 9874 54771
20076 11857 16658
15996 59447 60117
61651 2926 49275
41424 15260 41351
12619 19140 16506
12739 32125 32256
65248 38433 32256
47398 32328 32256
911 5512 1
17620 15968 18354
55088 55285 29478
55975 41785 16898
36449 42542 158
26660 43922 55254
52064 49997 21179
40227 3808 32803
47510 24026 56342
48736 35358 3296
57749 22181 64512
61039 55343 31744
21699 31625 31744
34822 50372 4299
45164 55837 20162
24239 33082 40985
28237 59608 64512
19987 38477 43209
7875 55723 48330
25180 22320 31744
38202 32690 32256
55572 34826 9505
33881 6879 32772
1437 26119 12347
65418 60118 32256
41220 41342 1763
25657 11633 21951
560 22207 7009
20740 12556 18004
16984 1626 3337
39843 60782 19759
45272 29373 59412
27542 20154 31744
9332 39221 33510
37127 479 32768
27231 18220 30134
11159 46074 41873
34460 41534 21
46758 64343 30234
52609 40655 12463
57607 31293 64512
64537 49901 32256
42656 59200 20993
33756 47231 555
18660 63125 64512
40853 51249 11250
30194 56806 64512
4861 7477 73
33234 47999 437
53032 28841 64512
42576 36248 141
63014 42867 25018
27318 63557 64512
7028 64525 32256
10093 18889 13663
53835 48087 21035
63593 49150 31744
41746 22707 49191
308 8117 2
19515 2683 6875
33304 50943 2899
63127 32092 32256
57344 64588 32256
56349 30472 64512
21316 64088 64512
15853 26973 27634
4851 52014 41533
42587 5558 33349
14544 36402 35700
35416 52563 7225
17438 60601 62684
29129 53908 64512
15622 2422 2780
3607 24425 12708
62465 3191 50296
24181 7161 15983
61051 44256 24550
49983 46744 15865
43058 50706 12894
532 56718 41414
48487 48459 16166
25784 52485 62956
25022 3208 12929
59494 15370 59505
6678 40756 33119
15312 56238 56192
29081 294 12910
62371 33726 15141
17234 44386 46317
34774 1940 32768
49784 26303 60788
45863 58696 23737
40017 44014 3143
16688 15575 16967
27197 55887 64512
34353 22808 41954
51092 55924 26141
59148 19591 63482
46506 38687 4363
29423 26013 31744
7507 18010 10298
36022 58101 13337
56776 12294 53713
44520 5558 34871
44237 22408 51333
29481 47031 61160
27845 52915 64512
34968 65453 32256
41827 19422 45892
50809 26734 62251
35007 8966 32801
7821 37674 32862
12234 65377 32256
56077 45932 21131
48149 39007 6262
3951 25714 14369
32492 59985 32256
14384 32565 32256
22548 8805 16005
6751 23945 15464
5401 4401 13
22994 13236 20891
36359 1157 32768
19779 29706 31744
63120 41585 23881
57718 22498 64512
29472 27550 31744
58156 62862 31744
63067 49280 31526
32971 35445 0
64258 18647 64512
22721 58785 64512
25318 15407 25399
36730 21321 42703
58384 59576 31744
20054 34704 39421
64486 48648 31744
14131 38715 37506
40625 42823 2582
1639 19620 5997
56007 15818 56552
19640 21134 25532
11625 10187 6469
22742 57299 64512
100 18562 902
3973 36797 32772
16423 51902 52992
38339 51368 8885
41609 28730 55016
56424 31211 64512
62254 65188 32256
38602 44210 2040
16755 53388 54834
44013 59149 22268
17498 51615 53789
30819 12135 27663
11219 36842 33263
20935 6677 12388
27993 42789 55495
20902 62609 64512
51088 33602 3625
61253 28375 64512
9153 2348 40
61474 62899 31744
48447 6750 39981
19244 2692 6615
3358 16126 4217
37495 4294 32776
64526 29826 32256
17291 33822 35780
51783 20484 56909
3113 3339 1
55835 7313 47864
41652 25198 51555
50955 3966 39577
58837 45756 23785
29443 13567 27745
64037 19796 64512
32146 25829 32256
15109 27302 27093
9927 108 3
19004 7344 11086
27182 56542 64512
10654 80 4
7280 33303 32770
18011 32080 32256
1916 21829 8430
26878 28267 31744
36120 51156 6396
30620 55129 64512
34716 17062 36435
15008 21134 20846
39155 15891 39812
59911 31448 64512
56575 44778 20561
21846 14958 21578
48755 21675 55175
16178 60973 61838
31629 3183 19503
32425 30196 32256
56621 46632 22519
12540 9860 7183
39557 3104 32781
20907 9057 14650
1347 60215 46271
5886 606 1
61138 12341 58156
53513 2050 40204
10063 7250 2021
46285 40642 6158
31162 15836 31744
5823 37303 32787
15120 38679 38466
45053 55668 19826
32373 310 32256
18393 55926 58967
34947 40574 15
30003 10665 25435
58766 50655 28692
65220 56065 32256
19079 16663 20519
16284 60214 61148
36499 29783 50978
63455 39546 22111
59600 64529 32256
5206 23693 13551
48112 53291 20515
9731 20866 15396
35925 52377 7419
7403 39369 32996
19427 14179 18248
33777 27133 45543
41661 20816 47226
53954 5118 43712
56484 1955 43118
48227 22706 55590
25122 1247 11128
46012 10845 41511
43198 47525 9905
55393 46405 20933
19759 48403 52883
54129 20784 59603
8138 58328 51107
9695 38917 33523
15484 8259 8391
50883 9418 45068
43923 45422 8484
3947 11334 507
52059 33245 3802
7952 64996 32256
17366 262 1027
60566 1086 46301
36264 65082 32256
37867 38314 22
25439 8317 18467
37531 58805 15542
5970 57696 48363
27200 35140 47133
10839 40749 36272
11950 17903 14580
47291 3310 35284
29306 38965 52944
8652 19317 12647
22511 43491 50646
64009 54804 31744
12436 1190 170
3402 39040 32780
10240 15157 10037
55534 57271 31744
54986 16624 56369
40611 40027 462
12140 36276 33445
34423 25963 45153
49260 44408 12812
34908 47564 1617
50011 37154 6328
17542 49703 51957
47029 64449 30584
9816 27477 21968
60570 33723 13387
61775 817 47164
2304 52168 39133
23490 34093 42245
28050 26736 31744
61569 6165 52377
50608 58304 28034
43084 25887 53632
10486 44733 39982
30723 9789 25154
23570 63016 64512
17392 11694 13731
44693 13077 42452
60287 56294 31744
64456 59807 31744
15975 13903 14604
22455 30788 31744
57671 48070 24865
42233 57564 18954
42328 24841 51898
27066 33883 45628
5817 48609 39153
42780 47915 9823
34992 51312 5427
62242 37351 18755
29123 6856 20706
51031 59242 29389
45841 56726 21743
56439 52304 27856
32956 6544 32769
212 13395 57
28247 48732 61706
29871 1516 16111
13785 64174 62690
64751 24716 32256
52755 47140 19018
61031 58167 31744
41205 25862 51770
41068 20914 46668
22812 39894 47361
37447 38075 15
25210 26813 31744
667 39437 32770
37734 61301 18149
33048 30647 47160
4435 12893 2108
22153 24720 31604
23768 25828 31744
50391 8592 43707
21774 10673 17201
20171 44863 49703
3064 22248 9953
1552 62580 48832
47661 15964 48361
12989 6483 4220
30990 49381 64512
38286 57739 15283
22532 18226 25401
31329 13244 29227
63939 12174 60785
31383 34210 50340
3738 30698 19080
29799 17002 31503
8386 2960 36
562 31555 16377
5887 62870 53475
16039 42763 43483
44137 32473 32256
57908 7254 49849
15337 16543 16530
8874 19318 12855
20492 50122 55265
19767 57456 61897
50637 59090 28914
6896 64524 32256
40236 64380 23767
23254 62455 64512
38574 4706 32789
26877 9030 20617
61687 19953 64512
14572 36234 35537
27863 6355 18902
53509 55430 28077
48690 40419 8335
26382 35544 46601
34144 10833 32836
5361 16597 6648
29775 10506 24942
6990 55832 47504
24575 38287 47502
34342 48177 1649
48484 19400 52542
55568 24330 64512
54736 26532 64512
7274 49808 41790
1976 50616 37253
2828 13553 1114
39542 61704 20496
26769 7907 19421
15263 58728 58662
47627 6579 38990
25224 17336 27213
11654 55474 51836
40482 11763 37008
42643 27103 54483
4028 29481 18156
12139 16073 12875
57606 46546 23375
8787 55793 49330
37637 57316 14060
48960 22237 55864
35053 34789 0
47182 16279 48150
21829 16042 22628
19408 10567 14631
2395 61605 48696
4870 58195 47726
201 50944 34175
21522 33925 40089
18495 32152 32256
29593 34717 48955
25774 35164 45637
54097 28479 64512
23683 8634 17014
23574 8235 16450
11960 62406 59015
5859 31590 22110
54676 62469 31744
9615 10720 5141
24418 36334 45433
62901 13612 61281
10773 16592 12113
57299 1969 43910
24912 7795 17480
10293 60086 55055
108 21071 3411
59993 39854 18968
4702 30475 19867
63631 26243 64512
34644 34857 0
43283 12270 40200
55029 64789 32256
9342 53628 47657
53536 48602 21375
24305 30720 31744
54998 10018 49688
54312 60336 31744
44686 22373 51727
36644 3283 32770
61066 22439 64512
3741 52065 40474
43093 40809 3075
3545 49206 37416
41767 52011 12905
54219 13890 52761
13804 60541 59045
34801 28704 48152
18822 41878 45373
49411 151 33146
36217 65101 32256
18392 18408 21440
57549 4067 46268
26051 30032 31744
52289 8456 45402
28446 9982 23096
51618 41437 12321
32554 25750 32256
10038 60414 55092
42445 20916 48163
27127 47590 59494
47157 30218 62042
19850 43250 47833
43137 39301 1591
4774 30984 20526
40233 62263 21671
34443 22460 41555
36424 11615 33308
5943 44439 35083
64630 55443 32256
38250 2638 32772
64747 29467 32256
18983 58490 62179
48916 49127 17150
18202 64999 32256
29679 34826 49153
49214 43253 11586
11291 19823 15764
23670 62097 64512
46825 24008 55550
48150 48399 15659
25835 26420 31744
58608 36819 14548
9798 47171 41647
38637 33353 1
47520 59446 26092
21655 27479 31744
12418 42406 39518
26392 22437 31744
45647 26748 57107
30432 28839 31744
16943 8244 9855
54213 6011 44868
21291 43744 49705
8604 42960 36218
48042 43444 10615
19990 1295 6066
58153 21400 64204
52756 12963 50443
10643 50996 46341
61586 56402 31744
49233 16166 50103
59848 43768 22793
11282 8477 4404
57092 18032 59813
50193 9086 43934
18385 18580 21625
18422 44219 47285
59925 59659 31744
48598 13272 46521
62952 35525 17663
35780 45966 939
50403 62450 31744
38166 39980 85
48858 16718 50315
20166 40991 45818
4202 21003 9899
47054 63971 30142
34045 26193 45025
28860 44920 58476
35682 1522 32768
35339 26218 46296
45927 57351 22388
63075 39991 22203
23760 29094 31744
11564 61337 57577
55529 55966 30736
21503 21116 27259
56139 35687 10944
46180 32101 32256
29017 41432 55248
53279 21896 59827
53028 16004 53713
26399 59812 64512
62551 60547 31744
20712 55268 60631
61347 64107 31744
1369 48823 34941
65322 50113 32256
15281 49977 49906
6897 31497 23067
41040 29914 55611
45864 15743 46315
39729 42258 1167
41536 18960 45244
20013 16895 21665
30263 38401 53418
23759 26868 31744
18770 14342 17754
43085 53481 15688
19051 56398 60136
37419 10990 33452
23986 491 8566
2567 22028 9358
29783 52265 64512
8801 54996 48498
15369 9065 9082
45868 50746 15765
39643 7582 33076
7559 25563 17773
29530 65444 32256
18774 12621 16146
61990 10090 56755
1730 27708 14119
26285 40610 51593
57523 61138 31744
18981 64279 64512
41462 4563 32907
61502 9043 55237
38574 51821 9566
16347 17736 18736
31206 57989 64512
14654 43480 42921
29661 7329 21645
46588 54560 20395
37724 11557 33980
10205 27754 22615
33188 36187 0
15968 32818 32848
19338 44968 48951
52197 42774 14078
81 65014 32256
1557 65498 32256
2082 33846 32768
6944 6238 124
44787 47699 11646
7748 64006 56504
21001 20861 26660
19462 30225 31744
11654 27838 24204
13761 3369 1900
24165 44057 52877
50009 23156 57837
21217 51607 57550
44642 54533 18433
59382 53820 31744
61373 27306 64512
25865 21072 31730
15415 49074 49166
46822 52519 18545
10970 32195 32256
14546 58525 57743
17525 9431 11621
37346 57610 14185
60013 6297 51043
21357 10061 16071
20176 34985 39920
18387 4424 7466
33425 3460 32768
14856 33 25
5689 28594 18940
55752 50765 25742
6476 2283 7
22156 42746 49590
48937 53944 22019
22426 11010 18089
1726 9624 38
4270 56413 45339
17590 53944 56298
36251 35320 1
29805 53687 64512
2847 6078 7
27747 25852 31744
35756 48352 3245
38505 16872 40124
21449 49304 55416
13203 33041 32833
35310 49169 3591
46815 30453 61946
20261 24110 29061
26973 14364 25987
40986 13656 39291
42511 49249 10914
63035 7792 55555
49789 5634 40159
22101 11553 18447
10635 11491 6854
2879 53943 41493
4006 26116 14784
45820 64906 32256
55948 8992 49621
64732 42830 32256
11768 29407 25888
60154 25750 64512
12034 57349 54027
62454 63936 31744
62633 57203 31744
29785 12602 27054
40445 14470 39622
31008 42996 58648
62035 18945 64512
16509 48150 49302
423 37120 32768
48884 36104 4191
25162 54299 64116
24316 46565 55589
30417 1741 16843
34767 3241 32769
61011 39423 19645
24381 31863 32256
40578 17051 42336
18900 27437 31034
16945 49670 51369
6803 54172 45633
22841 36780 44290
10338 25255 20298
49453 17740 51931
8668 34204 32784
10649 20627 15975
29521 36968 51208
41902 44345 5379
55331 4330 44309
23745 69 5408
618 13911 245
39199 58622 16996
50694 42355 12314
50997 11269 46910
55039 58344 31744
6229 30799 21675
54397 31201 64512
55081 61311 31744
31107 3898 19707
22285 14101 21054
31071 38389 54272
30402 12811 27931
19737 44533 49047
1768 14030 752
58480 6498 49657
27180 13564 25521
6858 27704 19241
34173 11543 32880
5098 8827 205
42699 56379 18223
11815 20997 17569
22532 23642 30814
16010 3622 4359
34416 23420 42502
22430 17354 24427
60905 40008 20051
27439 13460 25628
52502 58219 29879
2118 60926 47719
45837 6542 37093
49358 7038 41088
3333 7558 28
30135 40604 55481
26694 7993 19383
13052 55861 53611
63086 49431 31744
6777 53726 45247
45350 34475 275
9387 65318 32256
29006 2895 16601
13760 26297 24789
4084 21229 9955
30697 62170 64512
5660 37805 32791
60015 52834 31744
60616 11163 56460
52516 64135 31744
21366 32678 32256
34789 32353 32256
18991 63627 64512
62684 24951 64512
52775 26052 63599
52088 38322 9553
30813 8392 23863
42899 21042 48606
14212 12662 11553
64348 6768 55788
52332 56763 28246
2035 38622 32771
37840 23505 45986
43693 26782 55221
28815 28280 31744
52472 41494 13199
24841 60736 64512
52563 61130 31744
47874 25656 58212
50655 21578 56908
17755 29559 31744
63524 37220 19861
25145 30265 31744
19085 43172 47002
22965 36333 44090
24236 21018 29975
63585 22657 64512
4621 24811 14192
34874 6202 32772
20033 10883 15639
32810 47389 27
63470 25499 64512
56574 14060 55378
51150 36875 7139
49687 49515 18464
34893 16870 36440
34484 54184 7786
63613 60784 31744
11892 39150 35828
6854 43840 35363
65033 3445 32256
43029 61965 24109
55521 25721 64512
6810 60548 52084
60379 37943 17444
64152 302 48071
40410 2525 32785
61321 44591 25043
59862 36875 15846
5456 1738 2
21992 48723 55467
9898 55846 50463
15694 32533 32256
13309 30523 28472
29633 358 13676
37212 51553 7989
61359 21673 64512
57710 57590 31744
64774 24448 32256
55764 37032 11977
3818 17717 6272
44043 10524 39210
28490 50784 63951
9814 32544 32256
14080 35159 33964
15775 63269 63749
5026 63149 52831
51896 56075 27114
55804 12295 52742
61020 38946 19090
63055 57550 31744
37985 24540 47181
7686 6626 283
25540 53147 63330
33118 31572 48386
16020 36988 37728
41816 64365 25297
47803 39794 6724
59642 27851 64512
61272 24247 64512
8374 27369 20498
8438 7759 1001
57750 52084 28980
14497 54900 54136
4515 18638 7877
46275 19909 50910
47874 57300 24283
4329 1570 1
61603 34108 14865
33192 30387 47500
28417 45228 58391
37994 10708 33591
41067 43799 4053
7444 24689 16803
51806 40548 11542
8937 2627 43
38090 30259 53100
62983 34226 16458
61046 14046 59788
29316 9150 23118
37632 12351 34670
32260 22553 32256
12171 6344 3202
33557 62083 14596
13025 26541 24218
14719 53016 52448
27191 63859 64512
16067 5291 6116
38176 42707 560
64929 57108 32256
57944 41565 18700
23580 28116 31744
8765 28251 21749
23883 2352 10973
13399 35035 33442
24205 65112 32256
31360 62829 64512
43300 2647 32898
13332 46255 44230
35724 19776 40180
34215 59178 12560
25474 2956 13077
20379 61333 64512
49923 54884 23962
59743 7700 52245
18525 3920 7162
310 54703 38626
61403 10207 56251
47328 35055 1539
4536 60014 49305
57097 37188 13473
46392 26033 57197
51959 29164 64512
64826 4136 32256
11281 63488 59409
18925 20359 23955
51857 12410 48985
33655 18746 36999
12971 63201 60860
13100 6179 3947
44167 56839 20178
8355 46389 39433
35441 54396 9017
8320 63956 56974
40574 55191 14889
23721 61825 64512
41049 8318 34018
60483 52152 31744
19673 35761 40105
25431 35618 45707
63266 58911 31744
14125 63688 62538
28701 46192 59536
50084 31649 64512
29927 29910 31744
56528 25319 64512
18345 23697 26719
12771 25657 23095
7476 5882 145
47438 5074 37167
37237 51109 7479
47479 29233 61499
12689 60993 58458
54733 40122 14043
5686 2305 4
20658 10323 15635
56384 13488 54523
18523 63945 64512
53625 14333 52599
25135 33800 43579
43533 61353 24011
57090 64041 31744
2663 15490 2871
36896 3218 32770
23287 10066 18016
61139 4150 49967
9725 12787 7284
9738 37261 33036
23877 59798 64512
17092 35207 37037
43259 41024 3403
52191 13229 50061
33256 52467 4280
56558 40487 16277
42722 56632 18557
40951 62183 22239
8361 22800 15846
7351 5936 136
30929 14806 30471
26683 28694 31744
40692 61976 21836
55665 24792 64512
21337 50513 56546
8103 35420 32792
27722 11980 24394
40399 21019 46191
12163 42807 39622
11416 44096 40162
10622 28492 23810
52952 14984 52630
50307 47310 16747
59156 11067 54886
46865 61385 27360
50005 12314 46981
53881 7032 45579
38590 32613 32256
34804 34049 0
2062 33304 32768
61390 28617 64512
18147 65196 32256
6487 31868 32256
33593 31322 49438
60406 27640 64512
63786 4379 52887
48099 38860 6064
15764 14940 15471
47164 41786 8102
40053 3331 32790
39182 64316 22674
1135 30736 16513
32399 58769 32256
18536 31166 31744
47001 3953 35601
52500 53884 25630
47162 42479 8773
48995 51233 19360
59204 28060 64512
29888 41807 56407
12654 56113 53474
50496 41357 11081
19769 22785 27273
28506 43419 56615
50989 44030 14123
60944 62953 31744
46196 24308 55230
39260 27858 51829
41228 53223 13564
24204 33145 41170
2990 48272 35937
32102 30127 32256
34893 14122 33754
39188 48837 7244
22916 8595 16304
25351 13014 23041
24506 41079 50256
7431 48973 41111
14720 58634 58094
48001 17864 50540
36911 7256 32804
6536 62655 53904
52588 10120 47387
18526 12954 16181
25897 19092 29758
21499 34694 40833
12389 57856 54936
47687 49843 16706
11106 46409 42209
54804 11480 51036
49235 23441 57367
51614 31352 64512
52573 9661 47026
25498 17919 28083
16276 20206 21136
25063 8341 18115
46339 36060 1559
54347 46204 19664
9767 4583 291
27709 31530 31744
15745 51262 51670
38114 49020 6289
7144 53416 45210
13506 29375 27651
28794 53776 64512
18143 15777 18646
22257 23646 30612
11906 11557 8239
15161 30637 30446
22502 25694 31744
47124 15789 47561
59630 49268 28029
11448 20568 16672
12029 17878 14617
23953 8578 17322
945 28758 14336
45940 19855 50478
56390 24200 64512
59034 15466 59209
35345 50014 4502
3869 60948 49512
23917 32632 32256
41185 42139 2462
1551 56831 43146
40868 65459 32256
30901 40207 55796
28905 58312 64512
54551 59546 31744
33048 51868 2875
23513 30207 31744
49821 5318 39908
46562 1035 33149
38053 31273 54055
30715 32395 32256
32239 26696 32256
29579 37235 51491
50034 36186 5371
42108 54828 16107
64848 7120 32256
46722 14757 46231
12896 51970 49558
4501 55563 44810
50498 65196 32256
43774 57207 20102
7768 58320 50738
10507 20601 15780
8401 26323 19484
49086 17569 51323
53883 39734 12759
41217 61525 21867
28301 22586 31744
65179 36503 32256
40278 19418 44349
14118 11128 9900
14651 12791 12237
48937 3797 37405
41247 62212 22654
50171 26403 61215
3893 54664 43260
206 44651 32789
43971 12577 41210
48488 11499 44710
14788 53214 52651
64168 17348 64512
60380 59853 31744
50423 9178 44255
19622 44414 48738
65484 53377 32256
27542 15417 27649
62936 18101 64512
22427 63210 64512
36809 17340 38791
350 28177 12326
64618 28345 32256
45844 16582 47161
50830 50842 20841
39865 50583 9573
37933 24793 47376
48357 54730 22293
55119 13964 53755
44341 282 32791
37486 37432 10
23822 65147 32256
57865 2532 45170
13686 13631 12074
58822 34007 12028
47767 53080 19981
50306 5835 40872
9196 25902 19745
22175 48960 55808
10239 24349 19228
15504 12375 12531
11324 12812 8807
36986 26872 48528
28527 31419 31744
48566 56479 24217
34500 42090 30
48402 45246 12803
8799 64421 57879
10801 26990 22580
42768 26434 53864
15933 60512 61139
4687 16113 5497
65077 47829 32256
5700 49451 39948
63537 6408 54598
27135 30686 31744
8586 13144 6422
11387 12148 8237
26445 30397 31744
15596 18968 19328
12598 52170 49427
13877 59480 58046
35314 52607 7190
41706 17434 43799
39410 17965 42135
7769 16693 9250
18064 8849 11619
1547 61852 48189
33647 26348 44529
60945 14725 60463
26402 55487 64512
41420 26161 52349
16765 2301 3800
5574 10613 1008
51551 41893 12578
28407 51308 64435
10536 13823 9147
25737 60122 64512
40254 55770 15275
16263 55599 56545
4750 14920 4389
34276 3311 32768
56247 56847 31744
35485 20040 40241
6485 40561 33043
35236 49805 4254
39487 8407 33252
7979 51173 43795
10421 61506 56579
6943 47734 39360
63912 28915 64512
3716 57453 45878
12275 34567 32991
64522 48809 32256
3035 53772 41456
10567 49109 44331
40694 18864 44275
27761 7723 20185
64669 15619 32256
20229 32956 36136
44065 33113 22
33104 38184 0
56209 25893 64512
54534 51569 25301
62980 59844 31744
52309 16169 53185
50744 48268 18194
18972 44431 48191
16578 34281 35592
52215 12355 49214
22082 52116 58862
29739 62955 64512
521 47306 33080
53359 60152 31744
10273 64499 59418
25708 23071 31744
23300 41826 49785
43207 31059 58972
4655 64659 32256
14555 6147 5343
39150 27025 50908
40341 57379 16838
6378 18615 9675
33854 51628 4612
39363 25086 49233
39980 64223 23339
31460 57903 64512
51115 19747 55532
16351 50475 51478
13597 22076 20472
15426 39738 39857
19276 43154 47147
61265 54368 31744
62125 1602 48441
29848 14428 28930
60153 46656 25971
20986 36931 42590
39677 32479 32256
31087 3618 19498
29652 22824 31744
53624 56695 29561
49179 2024 35855
55130 25980 64512
27287 61941 64512
56839 3334 44946
23582 49132 57364
35313 16882 36970
34391 56794 10403
14633 48894 48259
48153 58045 25319
19525 14150 18371
35891 34818 1
26839 51070 62600
52366 16102 53211
52135 15122 51907
26714 1781 13202
22308 62817 64512
29003 46531 60320
7073 41652 33586
24351 48758 57792
60818 34839 14770
6738 31203 22695
8068 29460 22182
4007 41971 32890
20345 13207 18199
1134 58199 44048
54866 53199 27179
3810 22909 11449
63658 37919 20686
8421 9242 2309
17243 63723 64512
11115 59171 54942
44434 60417 23955
54133 21768 60593
54256 11084 49981
19068 13878 17673
8727 5898 343
12281 7871 4793
24931 4673 14390
4015 64869 32256
5747 4853 22
1973 8686 23
34597 54214 7921
48161 38026 5295
5572 50752 41089
2441 41347 32799
26825 57814 64512
20154 41842 46659
28835 34217 47760
61525 46710 27391
27168 29320 31744
46174 22679 53507
11000 30648 26297
4471 11122 651
27571 52204 64416
51210 17085 52942
27651 10061 22354
49495 16144 50359
52397 55185 26732
45159 21640 51453
62449 44960 26514
42325 56125 17619
57767 5095 47509
57773 50136 27025
13534 20163 18461
49326 14196 48220
29649 45147 59457
42630 59624 21504
7309 19334 11336
64545 37279 32256
16299 18994 19952
22230 36325 43273
18647 40754 44122
29181 39998 53850
10166 40864 35673
60603 8852 54216
21459 45451 51564
40462 44220 3883
36671 44734 782
39936 4854 32824
49236 29284 63210
3371 26806 14870
28519 5682 18876
65279 14573 32256
21669 28898 31744
54559 48687 22507
50525 15536 50761
55406 54378 28899
30399 35769 50819
2434 49834 37015
62975 30969 64512
35422 32715 32256
5416 40613 32905
47280 60815 27268
60934 32231 32256
62847 34646 16650
42077 39452 853
65449 48333 32256
7864 4708 86
26861 33796 45298
43818 31561 60038
33727 60403 13170
21946 32342 32256
36528 30691 51864
63446 63058 31744
33627 29528 47657
38598 11854 35159
27917 14215 26817
9440 6238 681
38474 37 32768
42347 28307 55412
24017 50413 59178
35307 48068 2495
46496 2106 33529
14122 37354 36172
63933 10111 58720
6917 61674 53328
63360 10968 58986
26326 41067 52109
12794 21380 18845
25905 42045 52608
20189 27017 31744
18978 49783 53493
10029 15117 9811
16383 59361 60384
61897 32781 8371
10249 49551 44444
32249 55687 32256
23592 65459 32256
52887 14676 52324
47549 18801 51150
22923 16412 23986
44709 17227 46607
41864 38171 308
49204 65111 32256
578 64898 32256
7166 34522 32775
22340 41879 48869
47299 56359 22769
26344 61140 64512
21131 13360 19162
24846 34638 44190
43788 54580 17557
14736 19870 19408
61517 28823 64512
15831 64593 32256
29423 64556 32256
60248 59382 31744
38131 52327 9586
62950 17637 64512
2473 21027 8280
41739 35866 58
5281 36751 32777
11429 33128 32794
37729 41724 206
27037 26759 31744
44470 49097 12687
52936 21859 59537
27792 21671 31744
34573 8337 32784
28186 12367 25235
34891 55739 9766
64578 29247 32256
3691 14933 3348
6869 49764 41333
64531 36305 32256
11589 1386 114
63969 20733 64512
7340 11599 3635
16728 42983 44359
58443 18024 61152
45039 4256 33942
662 3600 0
60498 38124 17745
52767 1423 38977
1457 55626 41863
6724 10184 1560
34009 39751 4
15000 29143 28880
44228 29022 57957
25077 4705 14528
29614 52609 64512
41075 58527 18724
8268 721 6
35924 11705 33164
38927 59238 17282
22094 36011 42844
44675 9832 39223
58810 13290 56746
52971 43252 15432
9238 47501 41388
12876 39284 36939
62893 62465 31744
57097 32378 32256
36669 19678 41063
60355 31275 64512
50569 23571 58787
48524 14707 48014
48090 3012 35743
6869 23082 14660
31590 46622 62888
23530 1208 9387
21325 28782 31744
35633 42205 70
16230 40003 40930
41391 50898 11480
34213 53118 6473
14523 46642 45908
3004 6736 12
56670 31131 64512
40687 39544 359
45538 16093 46348
11682 2788 311
56673 14653 56075
37694 29811 52231
10640 27127 22566
5452 11578 1772
9154 54028 47829
37186 60665 17033
28572 13195 26413
39884 60920 19921
34904 1170 32768
19898 60618 64512
33970 62385 15492
33375 789 32768
57216 50005 26336
46874 63583 29635
12857 59369 56871
15245 63616 63551
12545 36066 33550
51730 5122 41493
4371 55691 44808
3960 40227 32806
61487 40287 20894
31522 27345 31744
41822 37476 188
32883 10065 32771
43428 48481 11158
46455 4916 36076
46064 47826 12996
# directed subnormal vectors (fpmul_run)
3 26625 3586
32771 25721 35510
29985 3 7090
32923 31141 46806
33777 10648 32812
33120 55246 6494
392 58123 42340
33278 45336 81
33280 47104 256
33266 20496 37863
33717 27863 46204
289 30655 14431
33180 49885 1414
448 14850 336
33580 52108 4604
33541 28424 46415
32993 41895 3
33782 35044 0
33604 56764 9390
33750 51452 4296
33364 37520 0
33120 38237 0
33701 22064 40355
393 24139 8405
776 1953 0
33527 13838 33055
33137 11273 32791
33149 25973 43024
166 64386 47326
32915 12977 32799
33041 58678 9615
33041 10820 32781
33127 54539 5906
711 39813 32771
33254 62553 14368
33092 10746 32783
602 6630 2
132 36419 32768
424 62831 47232
1013 11091 58
915 18927 4429
33 35959 32768
33317 9140 32776
33228 8532 32773
635 23919 8893
387 53064 37249
965 35730 32768
111 56082 38434
999 47935 33673
230 13590 73
453 4912 0
891 61301 46717
32 14644 21
410 18809 3170
557 50719 35497
33097 28064 44859
569 16804 1605
33360 27507 45134
33288 5477 32769
33527 12082 32853
33209 64039 15693
33376 57186 9314
345 8145 3
33213 22161 39349
32800 13768 32780
33399 10582 32794
658 3664 0
33754 16950 35323
33387 60449 12542
32871 11460 32776
206 17475 878
759 38188 32769
33011 16963 33529
33702 25368 43640
33160 10000 32779
400 39494 32769
342 30508 14538
312 64028 47986
104 3360 0
1012 25267 10911
203 23771 7091
179 36332 32768
243 6874 1
33284 42585 13
33593 5855 32769
32857 27141 42031
32990 37711 0
304 23665 7494
33146 56713 8214
684 23770 8827
32928 11762 32783
117 46456 32808
33573 19520 37551
248 27451 11009
644 8965 9
73 14686 49
362 5956 1
182 15328 179
931 47027 33216
256 42589 32774
551 25837 10573
412 28961 13345
33534 49160 1544
581 30325 15188
33288 21572 38997
33193 8632 32773
33313 8369 32773
73 6888 0
351 27953 12062
155 34446 32768
1010 61902 47546
33508 49890 2297
360 46165 32865
33624 53814 6449
790 42440 32786
272 1892 0
33589 17369 35403
33054 61174 12231
33703 55866 8623
955 60609 46191
667 23557 8509
33741 23182 41530
33002 48247 261
33101 24831 41600
33786 46350 322
790 56392 41627
792 19337 4564
697 14955 559
32915 15072 32894
169 2325 0
79 18385 617
33155 3760 32768
32812 12151 32773
17 38080 32768
63 8139 0
425 44718 32812
33463 2604 32768
32799 10370 32769
33599 35426 0
334 46163 32858
33495 34102 0
33112 34990 0
33773 4142 32769
445 25595 9968
33264 4467 32768
860 42088 32783
529 30882 15561
118 25114 7584
33725 6986 32771
953 62198 47738
967 30689 16241
396 39060 32769
73 28441 10252
33473 10702 32800
286 47133 32915
576 41404 32774
33489 15190 33429
33049 53886 4896
142 38696 32768
537 7986 4
760 41567 32777
33252 1178 32768
119 12069 13
766 3193 0
33641 44773 94
456 30730 15154
495 50469 35065
33008 47905 214
401 61826 46160
33788 57631 10522
398 33907 32768
33503 8493 32775
32834 17693 33105
868 46300 33032
33018 38684 0
33757 36843 0
32888 56273 5972
629 42435 32782
529 30127 14815
168 33969 32768
627 2416 0
33210 45591 84
33529 16291 34221
396 47639 33069
33113 31061 47920
33271 63520 15373
33772 34396 0
33590 12163 32864
33513 37634 1
33538 46696 308
34 29792 10406
160 37883 32768
1023 19448 5110
208 17369 816
89 19846 1966
795 4954 1
939 39314 32771
126 64281 46845
32995 63342 13975
33388 31500 49220
33141 11467 32796
331 19447 3366
996 48859 34475
974 60551 46158
480 10439 18
819 26798 12156
249 30946 14528
923 23783 9323
33515 16333 34225
33049 22644 39139
32849 23420 38076
642 49542 34541
93 2456 0
33062 14600 32953
479 36758 32768
33706 27963 46283
33761 53645 6498
33529 53950 6403
33071 61535 12588
844 12659 144
32899 4464 32768
22 31672 11598
33186 42937 13
309 19085 3048
33083 14771 32992
32947 52336 2613
33623 11217 32820
969 28937 14532
32823 4452 32768
33100 18107 34909
33539 39144 2
33151 12953 32847
33504 50456 2898
33063 16365 33353
32982 59797 10411
33643 55756 8436
468 52942 37432
409 25125 9449
33533 37401 1
566 55342 40095
713 62942 48150
33615 41007 7
537 28383 13109
356 16987 1131
710 3396 0
542 14840 404
770 52653 37957
348 20761 4846
33764 30694 49071
33580 49289 1841
32790 41152 0
518 26163 10822
33451 6063 32769
32838 25009 39482
32918 17976 33701
968 49647 35228
32771 24898 34787
126 37574 32768
899 62618 48138
557 54238 38984
853 57360 42693
33749 40599 6
33217 26383 43569
32800 49637 94
32775 29434 40475
33300 21597 39049
339 43769 32786
33379 54676 6824
209 38375 32768
33134 12389 32818
32894 57335 7127
33628 42484 20
33287 47786 432
32965 23079 39100
450 27234 11676
545 29661 14383
66 45120 32777
276 38648 32768
33187 2777 32768
33456 10754 32800
820 14725 566
33621 25145 43311
623 60004 44999
33500 42553 18
33605 62742 15400
538 17507 2204
33467 18938 36884
651 41511 32776
32950 45005 22
33528 38159 1
32951 10262 32774
185 44520 32785
108 18815 1187
33137 54073 5429
33649 18962 37177
523 26363 11041
33454 45909 157
33189 2560 32768
32957 62180 12566
150 48571 32983
32887 33810 0
33006 15338 33003
32920 36764 0
32770 19899 32814
580 29563 14397
33109 20632 37406
512 16516 1156
725 35328 32768
843 21682 7099
930 49804 35314
791 17867 3194
32798 30240 43454
840 37442 32769
830 42865 32792
736 59197 44340
33112 15984 33322
740 5674 1
32894 2837 32768
33262 2147 32768
32815 61032 9396
33197 16084 33500
33756 61905 14749
319 39629 32769
33390 54278 6371
33224 17425 34622
33667 59242 11906
33782 45767 215
712 15010 590
33788 15806 34232
936 30343 15863
33516 31239 49255
439 56983 41382
33717 20855 39185
342 4461 0
33123 46337 111
33570 45943 187
32802 60313 8201
711 28355 13490
103 3659 0
33295 41246 5
657 45587 32893
587 42171 32779
260 62040 45681
33772 64285 17145
33084 51364 2490
33439 55335 7537
904 21944 7436
195 6093 0
32876 48690 167
33748 24042 42409
28 16285 53
33293 26108 43555
33321 13915 32988
529 43132 32787
553 34633 32768
33335 22533 40052
32975 39406 1
117 20868 3339
951 49878 35417
33082 25925 42615
32984 61274 11828
32827 12379 32776
33349 17844 35449
948 10063 27
663 5494 1
32784 30428 42716
608 40286 32771
32975 30671 46672
32983 17887 34030
33064 1599 32768
300 49807 33752
32883 55854 5517
33124 42750 10
33421 3363 32768
185 61493 44565
33379 24266 41997
32926 56751 6916
32986 36517 0
33503 28829 46751
33690 43116 32
32868 53720 3217
33077 24806 41450
33565 7814 32773
942 3006 0
33601 51238 3776
33453 24783 42607
299 63559 47359
33693 41447 11
584 44674 32827
623 3220 0
612 48534 33623
33035 34406 0
33261 24186 41532
33230 20775 38054
32932 61337 11486
33145 3108 32768
805 22174 7476
900 27265 12727
29 42126 32769
575 61466 46235
32932 5655 32768
1020 29878 15537
33216 16447 33719
536 5404 1
33589 25483 43532
452 29412 13845
891 4396 1
530 42700 32782
33426 36495 0
32870 41740 1
33557 59960 12491
33086 5832 32769
465 1438 0
33417 54309 6465
280 28646 12370
33118 57998 9339
33305 51871 3826
33474 16588 34461
656 55958 41016
32902 13897 32821
558 10954 30
33606 10954 32812
595 8473 6
1017 1297 0
272 9403 5
33033 57867 8769
428 26090 10482
33482 3531 32768
47 20752 1904
429 29396 13753
507 60769 45396
254 50572 34177
32963 3361 32768
661 20040 5134
193 22821 6082
299 59552 43367
33031 46982 124
1000 59780 45411
33171 30077 47186
346 7915 2
84 21764 3733
513 7245 2
33213 38675 1
188 17001 603
33765 24266 42652
74 38453 32768
200 37404 32768
33629 15621 33848
33046 62687 13642
33573 57431 9939
33089 1212 32768
33164 55872 7382
561 49662 34449
373 45473 32834
33238 42273 9
32788 41037 0
33093 60490 11634
794 15726 1078
32840 50588 404
32888 55656 5394
222 56261 39613
33095 38425 0
33544 35080 0
556 12626 92
729 34521 32768
1006 39367 32771
33167 50902 2388
418 36071 32768
333 43169 32780
33085 20810 37517
397 23449 7652
33175 50919 2429
918 49819 35308
33444 31434 49275
33019 23011 39366
33514 57798 10293
413 10769 20
33332 38280 1
33786 61145 14031
33726 30469 48785
699 16620 1720
599 47656 33229
33584 10465 32799
33180 48041 394
33583 27816 45929
32954 45398 31
516 10674 23
24 23588 3638
33461 15611 33631
32913 42098 3
32872 47477 71
33456 54296 6528
832 3385 0
33539 59208 11643
501 29214 13820
176 9911 5
33109 29925 46725
768 16725 2048
33591 5543 32769
692 50463 35564
328 50007 33972
33779 3701 32768
33654 55783 8475
522 46967 33012
837 43364 32803
278 62595 46310
473 36614 32768
32998 1544 32768
757 5154 1
104 51986 34239
329 55575 39563
445 52409 36891
33047 12359 32805
1022 5867 2
33688 45458 160
521 44266 32808
399 53818 38106
33364 59842 11956
33454 60546 12810
32863 49335 224
33151 51650 3151
33626 60175 12778
32989 8584 32770
45 26048 7179
33572 22549 40553
998 47787 33600
33598 12853 32929
33698 13147 32982
938 4962 1
211 4512 0
33060 64198 15290
33267 59915 11748
613 17565 2438
431 29710 14036
19 13718 7
215 42089 32772
364 36343 32768
32946 51889 2215
32809 19677 33566
445 30332 14755
32999 47650 177
33286 3165 32768
308 28962 12845
33459 24752 42580
409 41513 32773
739 12528 114
277 38145 32768
33281 22363 39775
33082 30972 47645
284 54172 37945
33683 9701 32789
395 41416 32772
33690 30502 48752
699 22694 7769
435 29576 13926
32818 61572 9998
530 6545 1
618 40675 32772
357 57004 41127
384 28163 12418
207 25108 8426
32800 52276 538
979 15836 1434
399 15462 439
33013 29780 46116
32796 52118 425
452 63847 48325
33197 49156 861
50 2987 0
374 53237 37328
505 19688 4311
33576 3449 32768
33420 22108 39949
207 56498 39832
853 20526 5879
32897 18832 34203
299 3876 0
122 3831 0
33316 4918 32768
32849 52365 1474
423 28005 12405
33143 8310 32771
389 56572 40851
794 12335 104
68 44558 32774
789 43352 32801
498 63810 48413
32835 9191 32769
33551 61617 14125
33035 30663 47118
32790 4458 32768
931 37012 32769
32864 12416 32782
194 62051 45271
33466 21120 39022
850 38926 32770
966 8170 7
71 3787 0
407 35207 32768
33210 25754 42994
741 58527 43696
33505 40146 3
33607 43906 49
988 51843 37448
738 56235 41351
32861 50282 411
33201 20874 38063
772 13962 316
467 6277 1
33641 51207 3806
578 63436 48231
32842 57823 6858
32933 49056 315
204 58725 42060
100 53866 36099
946 49595 35147
33007 35029 0
33040 55326 6240
33277 54879 6741
33580 13428 32994
22 56259 36182
33500 2417 32768
33223 29009 46265
33103 17755 34562
33454 43888 40
33295 50082 2011
73 3515 0
33120 41612 5
840 53410 38810
742 18217 3376
157 10791 8
612 31039 15941
33728 21116 39444
849 19558 4939
202 34178 32768
873 35078 32768
448 59944 44387
33016 22782 39126
32862 12070 32778
33393 62639 14776
33215 31742 48890
651 46550 33005
33405 50602 2828
383 61749 46026
33159 48203 420
32908 50786 894
154 10641 7
33596 9879 32789
174 41009 32769
32789 47388 13
33061 41543 4
33155 16879 33916
33388 5043 32769
32990 41375 2
809 1587 0
538 6120 1
935 62805 48350
33581 27631 45645
112 39948 32768
33298 14070 32999
72 19507 1209
4 2108 0
507 1846 0
428 1438 0
33313 30281 47793
894 61298 46720
33381 33950 0
390 55394 39597
955 11714 86
33408 53694 5934
33637 18029 36212
33303 34508 0
33694 47769 764
33230 13554 32911
33665 8473 32777
33759 47535 704
32776 24846 36110
257 41056 32770
32998 43013 7
601 10109 18
33447 35530 0
33177 57492 9040
33417 51950 4196
996 45341 32927
32798 62143 9811
33406 46901 287
33394 22438 40109
32885 4016 32768
33179 55388 6912
67 57850 39490
635 6065 1
169 44315 32781
787 16791 2124
801 61940 47272
33155 4273 32768
33717 23546 41828
138 41621 32770
629 22075 7079
452 26102 10563
32930 12655 32796
33743 29141 47502
923 47424 33374
343 43428 32783
33248 22874 40196
33127 62914 14346
33440 40249 3
961 40367 32773
689 42243 32781
33115 27922 44767
808 50078 35331
33498 2259 32768
33031 61101 11996
615 25385 10317
470 40299 32770
32960 38141 0
238 46268 32838
33098 61866 13133
742 33885 32768
570 13666 192
733 46901 33098
32938 58383 8548
33473 15891 33839
32857 6133 32768
525 8584 6
33688 42402 20
33445 61601 13855
33540 46634 297
719 48976 34082
33436 48826 1123
33274 19116 36504
709 51911 37041
33059 35603 0
783 23242 8497
895 18562 4065
463 39463 32769
33110 34181 0
201 62273 45490
322 44675 32801
33080 22166 38915
33698 20226 38493
748 15682 983
33239 28519 45775
32 62953 43497
1002 25322 10948
32931 56866 7119
33652 46585 330
32947 21518 37292
920 10421 34
627 61291 46219
724 50348 35483
33438 16519 34285
33351 22685 40257
33748 43471 44
780 60330 45526
33208 10400 32784
576 37416 32768
326 46072 32849
252 54780 38372
32884 7139 32768
33415 34706 0
33143 26896 43882
33171 39690 1
33786 43917 60
154 38418 32768
33557 15963 34022
402 13978 166
33578 11581 32834
808 26370 11656
456 57793 42272
476 26376 10889
33253 21514 38823
33620 36819 0
883 11772 83
794 55570 40925
411 26873 11260
33772 48648 1514
33305 44663 54
46 17197 165
32966 4615 32768
33757 18236 36605
32996 63303 13947
699 18239 3314
627 11453 46
33229 23282 40513
506 18463 3091
144 12099 16
1004 31561 17189
33129 11918 32805
32816 40330 0
33369 29529 47184
32770 53464 78
33549 2020 32768
403 52228 36434
33203 14702 33063
33199 3264 32768
786 52307 37539
33602 55412 8001
322 13588 102
752 61859 47140
33202 16310 33605
33442 55563 7843
32929 21899 37625
199 5043 0
563 61304 46107
884 4547 1
33481 59750 12165
32824 14687 32806
266 13769 96
67 57273 38923
33692 27058 45348
835 15403 870
645 62997 48041
776 11730 71
33185 13285 32871
756 29138 14412
33251 5393 32769
673 29673 14643
32806 46268 11
33232 47602 345
33584 16891 35012
32886 2078 32768
33770 19550 37958
33363 1619 32768
253 61561 45164
261 40564 32770
33568 22294 40329
36 17761 194
33692 30350 48618
33287 26900 44326
732 40582 32773
33230 2524 32768
187 16242 348
32800 51219 261
32965 53845 4319
32867 3355 32768
33527 29892 47889
607 25250 10205
196 18319 1481
33607 29666 47733
33639 52231 4826
233 7650 1
222 39422 32769
33403 45699 129
417 58283 42559
33783 4154 32769
32896 64289 14113
930 40592 32774
33180 20982 38092
33652 11224 32822
33394 17602 35281
758 27856 13088
82 59010 41003
33628 39522 3
218 7413 1
309 55883 39833
464 38507 32769
33070 52925 4083
649 59029 44076
33313 39930 2
682 41292 32775
105 5836 0
33739 24692 43065
710 16734 1905
32929 45142 22
559 13903 220
33361 61261 13370
582 7923 4
215 41962 32771
46 10927 2
975 34821 32768
561 34275 32768
369 55232 39318
573 34875 32768
210 55721 39077
32918 40747 1
436 10824 21
433 7856 3
15 55175 34575
33605 40312 4
758 57471 42664
489 24613 9195
32769 54021 56
32937 54882 5175
32866 29714 44604
33749 38179 1
33684 51161 3845
33122 20099 36993
505 56100 40715
201 17241 738
15 48033 32782
32814 61644 9957
22 4199 0
32812 52108 664
865 26350 11739
117 13398 32
33476 6504 32770
347 26269 10363
418 53393 37749
33449 31495 49324
33371 19000 36691
315 11724 29
609 61336 46212
66 42543 32770
33790 49367 2261
33032 21600 38019
33791 50618 3513
33078 45029 38
33562 28502 46512
22 26326 6323
883 48957 34366
33565 13255 32962
33557 18197 36213
539 7417 3
928 3343 0
493 16766 1354
33041 26196 42688
32961 18887 34907
33554 25017 43109
33318 7731 32771
614 54407 39278
33416 52998 5234
33205 16604 33830
33508 26613 44480
226 37638 32768
33197 53807 5422
32980 58327 8830
33647 47064 431
315 7084 1
275 64115 47854
959 49924 35474
784 14319 389
655 35868 32768
33287 25985 43412
727 60014 45201
145 11488 11
925 21398 6874
33510 10985 32808
782 1404 0
32884 24891 40125
32913 36751 0
267 17838 1516
938 7220 4
470 36389 32768
33753 56804 9643
33035 61123 12045
33314 31442 48966
453 50352 34854
33355 28012 45623
172 28488 11492
32784 48167 17
229 47231 32897
33786 25342 43764
33628 41153 8
675 34678 32768
32949 38363 0
33239 46244 137
580 51190 35970
946 10442 35
32791 20148 33385
65 8950 1
33192 58910 10513
33386 53057 5217
32982 51026 1567
33193 46442 144
33202 48466 577
33332 6293 32769
33757 3857 32768
33636 44362 72
33110 12570 32823
33414 46077 161
667 31482 16523
33485 58814 11269
33121 11612 32798
172 56121 39130
646 46527 33000
1019 13093 228
33295 12212 32831
519 8331 5
32785 9298 32768
32853 55187 4360
33710 25202 43502
732 25202 10395
925 51209 36682
33660 29216 47446
397 15911 611
933 29333 14847
25 52300 33198
409 3488 0
694 30071 15208
33127 20498 37301
33579 44347 66
33082 44250 24
33584 19175 37248
910 21169 6642
81 1176 0
32970 24959 41046
473 28620 13108
33015 22227 38550
33248 48057 463
713 23443 8518
393 28028 12342
315 1680 0
33748 38089 1
114 58042 40446
794 6292 2
33155 40962 3
33550 59037 11533
130 49253 33054
33570 5601 32769
722 23665 8771
308 1564 0
32 36326 32768
255 16216 468
745 1574 0
33357 13668 32966
33551 54661 7224
32922 28862 44469
33101 37944 0
844 18576 3973
33144 13870 32913
32956 50265 817
656 22669 7637
97 29977 12218
285 61399 45149
124 7066 0
422 3598 0
33605 37804 1
33618 9493 32785
518 36081 32768
33306 42986 17
311 15723 421
33297 30073 47528
33704 7777 32774
513 37610 32768
305 25285 9224
33610 18992 37142
33304 25823 43289
33041 13453 32846
428 41017 32772
582 10487 23
33672 52721 5439
778 45107 32870
375 40520 32770
33430 12136 32845
579 3710 0
655 25868 10869
32805 35126 0
823 58050 43374
32899 14597 32850
32780 9947 32768
33632 56266 8850
599 43531 32796
33691 29714 47958
33751 12301 32892
998 39084 32770
33481 1130 32768
895 34729 32768
985 50253 35875
32796 34762 0
1001 6856 3
869 63085 48500
677 19346 4353
33389 15402 33414
32821 35297 0
148 46508 32820
33207 14300 32984
245 46938 32881
661 48743 33826
555 41247 32774
32954 27392 43286
33000 19070 35298
32964 23035 39060
33285 40337 3
33425 21158 38980
456 25792 10299
589 57761 42618
537 5228 1
33220 59541 11276
33215 6826 32769
33644 59085 11729
149 13634 49
33545 7974 32773
32850 9111 32769
348 36590 32768
33497 41995 12
33649 24835 43088
812 35798 32768
32903 2569 32768
865 60721 46179
33502 52345 4713
33039 46525 97
375 49002 33463
33491 28003 45979
32799 34601 0
516 52678 37330
33624 9524 32785
33435 6556 32770
604 15739 828
33610 48168 875
32895 61335 11144
907 56647 42157
809 50425 35803
744 55352 40481
133 13572 42
552 31238 15998
33427 11421 32816
32845 35229 0
556 42971 32785
116 62562 45042
386 41481 32773
921 8512 9
893 43742 32816
33374 36314 0
33759 25722 44117
33564 21359 39367
33168 61859 13415
33181 38516 1
33429 62584 14789
649 34833 32768
525 18298 2987
32974 11246 32781
401 47050 32963
321 39870 32769
33139 30874 47787
33418 10602 32795
662 28547 13531
903 62576 48084
33601 24262 42371
999 29413 15034
33112 6032 32769
924 35187 32768
32927 4141 32768
909 7692 5
355 59941 44099
33273 45776 108
917 20523 6007
751 59583 44790
33517 37115 0
33735 11197 32826
33457 28058 45962
195 59820 43090
276 50745 34485
246 27888 11455
33648 46409 291
33176 18057 35125
33360 64440 16502
787 24766 10058
33336 36096 0
33585 49926 2459
33740 47448 649
32832 47165 34
33322 58799 10790
447 14921 351
946 33969 32768
490 39925 32770
33466 26300 44183
33271 16761 34144
33299 59951 11882
33014 11080 32782
368 44530 32802
33735 38174 1
32870 55581 5139
33041 2450 32768
52 5828 0
32877 20605 35749
33449 56199 8450
33022 23417 39786
33566 40172 4
33102 51072 2276
32989 37950 0
33009 56127 6866
33551 27468 45460
33273 36294 0
33056 24428 41005
32827 46391 19
883 49834 35263
372 29921 14103
33700 35024 0
309 5591 0
599 6680 2
221 56196 39549
672 24606 9575
154 42317 32771
32789 41129 0
141 63846 46578
1014 3581 0
33425 48726 1041
299 42354 32774
471 40793 32771
33076 30430 47138
33532 3594 32768
317 44967 32806
303 11375 21
494 52983 37560
33221 41159 4
412 22009 6350
438 36109 32768
32841 42297 1
33364 35220 0
32981 5755 32768
33130 45782 77
958 9177 15
32876 15019 32858
526 39360 32769
33544 59612 12125
176 18086 1170
33046 7672 32770
33677 56518 9277
864 7440 4
33079 44829 35
33165 19967 37030
204 16812 579
33212 46698 178
33320 40557 3
375 20196 4364
1021 60674 46334
33093 2274 32768
33474 58042 10403
33391 28664 46297
32936 61491 11651
193 9240 3
33337 8382 32773
33149 18265 35192
33642 14097 33154
677 39953 32771
32806 29647 43171
336 51553 35599
656 60594 45572
33270 56050 7887
960 22737 8324
33233 41678 6
32955 14004 32846
709 37694 32769
252 41254 32771
33404 58513 10668
607 45245 32858
33458 14685 33231
30 37834 32768
631 35087 32768
33109 35076 0
33187 55930 7501
131 6735 0
33598 37863 1
32903 54144 4073
33526 23340 41295
301 24335 8230
230 3000 0
33561 14206 33139
33317 11107 32800
583 60200 45075
32870 45344 16
112 55776 38180
33203 42119 8
33734 29514 47840
33721 25374 43680
33610 51196 3729
766 43517 32804
118 59773 42255
628 10495 25
512 10744 24
497 45919 32882
33058 40207 1
364 58040 42183
352 57946 42078
33323 7377 32771
568 17798 2593
33190 42452 10
33713 12174 32880
33043 55608 6555
785 13524 237
307 34147 32768
215 26843 10260
33729 54928 7721
32997 23842 40087
33706 50837 3591
33526 35697 0
33360 62425 14473
393 2574 0
119 48256 32902
33105 35924 0
783 45760 32933
33547 55238 7658
541 57354 42053
33463 5851 32769
504 2264 0
299 53268 37059
33599 62181 14744
313 30586 14482
280 9810 7
32861 58110 7445
33428 62316 14537
33190 62396 13920
33015 36461 0
392 16142 691
33691 42176 17
77 9699 2
297 27225 11101
926 39673 32771
490 64059 48630
33296 58956 10878
33304 56852 8797
567 29583 14383
33066 17409 33961
473 17420 1914
33043 19677 36153
32977 28094 44208
601 42186 32779
33635 42102 15
33143 62182 13581
178 35992 32768
111 11967 12
32784 38341 0
33248 10741 32790
33287 9968 32782
585 1607 0
106 42651 32771
317 3715 0
264 28849 12503
33725 16473 34832
33108 41118 3
33240 60629 12404
33475 26422 44283
33218 17940 35160
32944 61358 11592
33648 48997 1627
32997 5868 32768
64 7945 0
33183 35222 0
33252 51841 3622
544 3319 0
956 37943 32769
461 17103 1569
505 25726 10350
701 2751 0
32887 11766 32779
588 34173 32768
32894 51857 1655
33112 40484 2
33391 23828 41518
33536 56108 8545
33689 53534 6298
33124 33918 0
32952 47646 141
831 4278 0
74 41357 32769
818 61147 46458
33150 18509 35435
33529 14284 33139
33115 62834 14178
88 38754 32768
523 33956 32768
33031 50639 1528
32948 61214 11521
33337 62489 14478
140 58895 41632
33456 52525 4852
248 3216 0
33652 63419 16044
33377 52201 4276
791 9311 14
985 37903 32769
938 55836 41369
32814 1599 32768
231 4799 0
33538 36226 0
32830 37685 0
33184 22114 39216
32808 11066 32770
601 47052 33061
916 60016 45506
798 18254 3505
32905 3855 32768
33095 25398 42139
33599 26412 44498
33780 22461 40870
734 50653 35892
607 23533 8371
219 37669 32768
33670 35446 0
33711 5353 32769
73 1941 0
191 10435 7
32994 38112 0
211 43278 32776
978 37738 32769
139 58245 40981
33573 28838 46927
33452 54219 6453
33776 64316 17183
32817 5005 32768
33586 31620 49665
33401 15290 33379
789 26469 11699
33507 28697 46570
32876 54740 4331
33738 61975 14789
781 20213 5454
477 48212 33284
33232 64469 16153
33272 34695 0
33461 44443 61
33130 63138 14513
33295 58653 10563
785 18776 4121
302 18747 2604
872 39903 32771
144 61927 44708
32919 34128 0
618 28654 13513
32974 59503 10019
536 17255 1984
33656 53563 6281
74 11507 6
33347 5648 32769
32801 3781 32768
32947 51587 1973
33777 10709 32814
808 18650 4008
33433 1831 32768
415 53654 38023
84 40732 32769
33053 11724 32794
33302 61589 13511
33217 23543 40700
33699 26622 44868
32981 22388 38452
33511 16230 34142
33199 49375 1050
223 48924 33164
33639 55285 7877
33185 12089 32815
560 61828 46600
266 27030 10702
3 61473 38450
33194 29425 46535
33557 13859 33071
939 52615 38162
33705 4955 32769
892 18282 3701
867 12797 162
143 28978 11726
32782 37482 0
163 1988 0
33470 26505 44330
58 49702 32946
802 6844 3
33336 34497 0
988 35217 32768
33123 46210 100
33049 62309 13327
589 56341 41138
955 58323 43852
222 35275 32768
339 45252 32818
33298 40680 4
762 64493 49638
1009 26058 11700
33314 34023 0
33175 52697 4262
396 50231 34437
33279 41690 7
33035 49694 817
512 17449 2089
430 26470 10807
579 39207 32769
33766 58395 11264
32998 5363 32768
33460 60517 12785
669 3130 0
462 4544 0
600 49048 33907
33017 56335 7141
720 21779 6947
11 6847 0
33470 63296 15608
33589 50823 3388
32778 63994 10104
33486 47248 409
951 22983 8542
32820 33885 0
33030 48036 250
269 1235 0
355 8010 3
607 13519 182
33432 58967 11292
502 3004 0
111 8874 1
809 20571 5858
33402 15345 33397
33144 20227 37158
33769 23247 41640
33663 11726 32849
825 6519 2
657 10645 29
33074 28424 45108
33258 46231 141
972 51464 37063
272 62640 46331
32920 61794 11876
33333 22945 40502
33176 47691 321
367 54566 38753
33027 15804 33139
57212 33467 9500
53492 139 36193
17114 32973 33470
8397 457 4
6043 33349 32769
12034 33726 32873
19962 454 4429
44570 873 32851
60365 33719 13119
38347 33553 1
63122 33128 14495
23581 33582 41610
1969 269 0
22389 141 5147
1497 33114 32768
51110 33726 3880
40011 32803 0
7646 33298 32771
35696 19 32768
9508 33343 32780
46996 33691 437
28823 32974 44899
21823 727 7027
63927 32779 10204
1314 32918 32768
52960 347 37033
61136 33749 13959
49735 205 33411
42400 33631 19
26305 695 11413
4814 33186 32768
43670 119 32774
51180 368 35250
57741 292 41557
36732 33711 0
59169 33388 11345
60442 32841 9390
22938 648 7959
49923 33722 2696
63079 351 47204
54019 489 38578
52270 863 37644
3176 772 0
44869 33399 72
21792 830 7207
43952 828 32818
38363 33156 1
51911 33786 4797
54492 902 40008
31105 377 15373
33862 464 32768
54512 844 39954
45246 257 32806
40636 32868 1
25061 33099 41887
37561 702 32769
61232 32915 11297
45652 33542 153
25625 33098 42312
51567 385 35862
38348 1013 32769
44149 33305 37
5924 616 1
21468 70 3148
25529 32785 37914
27186 524 11863
31676 33590 49717
3888 33628 32768
63940 184 47141
54148 339 38138
37972 33784 1
39712 365 32769
39316 907 32770
11427 33490 32820
57589 325 41547
51928 744 37113
59102 939 44620
4680 560 0
23395 32837 37879
2656 882 0
19108 650 4151
58009 33201 9620
30849 33411 48552
23214 33496 41152
48383 33144 470
23513 349 7513
29764 32950 45585
8921 32776 32768
39294 33736 3
27501 735 12628
30482 33444 48299
33913 175 32768
50193 659 35132
52196 33348 4216
2730 32989 32768
3708 33407 32768
61425 612 46271
41861 691 32778
39436 522 32770
39971 485 32770
63879 450 48348
29709 33141 46567
10372 33726 32802
10895 33716 32817
29635 33152 46546
51777 33063 2869
56761 32813 5126
34012 420 32768
19641 33172 36724
20044 1023 5706
13066 33550 32940
39394 33061 1
1793 443 0
23228 217 6581
25880 32997 42126
7352 32779 32768
3546 10 0
41842 33063 4
63054 33140 14485
39649 995 32771
35315 33066 0
55773 33078 6938
31501 33747 49854
19192 33047 35736
46464 33244 164
13088 831 185
62137 193 45329
2702 33021 32768
40323 233 32769
51563 33314 3527
54408 191 37571
63510 834 48808
13494 267 79
63479 277 47183
53180 33079 4275
50143 708 35185
7793 32881 32769
48564 33205 623
37532 274 32768
29867 631 14785
11933 33726 32867
61915 33482 14357
24319 854 9686
57504 565 42267
44856 33503 83
60882 33254 12678
58921 305 42839
46557 32808 15
48464 33296 701
11260 33362 32805
18945 32787 32996
16753 199 541
57569 32978 8193
57880 752 43130
61932 32949 12336
30777 970 16384
48284 456 33293
59411 1013 45064
38586 33415 1
3497 33534 32768
5631 33361 32769
28533 117 10961
58894 627 43882
21820 33743 40188
54869 264 38536
46220 33117 99
28324 764 13556
53488 33117 4795
11776 33404 32828
29075 316 13025
25877 33231 43160
15213 33592 33533
22320 949 7849
28191 57 9588
48389 32893 157
21384 698 6434
2514 33363 32768
53304 33740 6145
47381 33490 459
8947 32847 32769
1224 33290 32768
51255 32928 1349
11370 33528 32820
49034 23 32811
60152 32835 9036
3077 32779 32768
60658 994 46285
49839 965 35404
17766 626 2714
11477 199 15
63333 846 48668
40261 33108 2
6213 33302 32769
30998 33516 49006
25412 943 10929
1808 899 0
64214 213 47536
43461 749 32802
14499 456 264
16721 589 1566
8303 184 2
36495 33172 0
14533 331 197
38761 798 32769
12437 33141 32821
43834 32950 10
50352 324 34287
21934 927 7460
25977 707 11151
6822 32827 32768
23565 148 6319
15128 32841 32833
46492 32785 6
8901 33028 32771
4920 480 0
1311 33016 32768
45922 33097 76
15338 32941 32939
21706 33167 38775
22732 17 2329
60712 33135 12132
60301 33516 12676
53372 33254 5186
30600 52 11806
7522 543 3
42960 32964 6
40299 785 32772
36105 556 32768
61107 643 46133
1747 33403 32768
53577 558 38339
7703 102 1
27332 869 12734
12477 530 78
27797 482 12368
37679 801 32769
37046 33692 1
27868 33350 45446
5265 32822 32768
14487 490 281
52704 33040 3646
23091 33735 41435
7608 501 3
25501 80 7362
58028 444 42441
44821 32959 21
2173 33737 32768
10440 33068 32779
18800 32795 33062
8423 33754 32777
25617 676 10590
4194 655 0
18330 33775 36730
50815 746 36028
30659 33175 47660
11163 32934 32778
64389 930 49876
39790 849 32771
50896 33696 3628
13212 33684 32986
1504 617 0
34327 278 32768
47556 32772 3
57679 475 42221
60280 33742 13083
43137 950 32801
48437 628 33586
42573 33328 14
36942 33694 0
57044 33443 9344
28813 33404 46503
33991 976 32768
54893 926 40400
52259 33160 3670
25127 33710 43433
8314 33210 32772
59481 703 44536
24611 579 9390
45691 179 32804
58012 33260 9818
29934 33741 48303
5700 244 0
43693 333 32785
45419 712 32889
47800 940 33557
41096 806 32775
38746 631 32769
27576 33297 45050
44157 32774 0
4193 213 0
49165 33732 1952
44807 673 32842
30882 33196 48063
23101 33207 40281
10379 33029 32777
12551 32792 32772
60162 886 45584
19953 33619 38128
64389 32771 8612
62146 32773 7225
7297 33604 32772
20284 834 5604
53720 144 36499
52648 978 38247
15153 45 40
7599 544 3
11301 68 4
1335 61 0
5755 115 0
40138 262 32769
62946 619 47901
51346 32796 256
3012 661 0
41963 50 32769
1566 33442 32768
26238 33544 44267
44646 715 32839
5666 33208 32769
55302 702 40324
15181 926 845
53043 32895 2853
20296 33263 37642
10837 33341 32796
45084 32820 7
40493 336 32770
23702 768 8929
46813 990 33193
30005 33124 46910
12308 33751 32893
39020 33475 2
26717 33058 43249
40473 737 32772
20510 480 5048
16471 32794 32824
51978 795 37239
17629 716 2765
44573 33550 75
4985 442 0
46567 258 32863
3352 33488 32768
6170 360 1
21874 33514 39919
16336 33678 34545
38224 540 32769
8880 153 2
49379 32785 42
4311 33196 32768
38461 803 32769
38121 594 32769
53861 33176 5400
16196 409 743
62273 33276 14130
11487 33264 32806
56836 598 41735
16050 33136 33384
22107 506 6728
51490 687 36579
64325 664 49335
19000 33353 36635
5554 33690 32769
51945 33102 3202
22639 922 8188
48034 32838 67
23254 32810 36988
38176 33604 1
5474 33042 32768
35731 33543 0
17649 33730 36004
51294 115 33772
50482 313 34394
31512 139 14260
16955 499 1555
15638 497 632
34349 33290 0
43316 116 32773
36739 33283 0
46575 33632 320
34273 33426 0
43382 930 32808
26192 33743 44547
24935 32938 40749
50767 488 35331
11061 577 32
54357 336 38320
49873 32814 157
48565 470 33439
42587 33350 14
29771 546 14484
22827 556 7581
43600 33162 19
62869 945 48423
47742 258 32977
34609 435 32768
14087 914 401
55086 33396 7271
26780 216 10183
23378 33048 39937
58626 33104 9875
62464 33684 15144
19833 897 5323
42064 33475 12
34115 164 32768
35499 391 32768
49600 616 34539
19750 89 1833
58313 33554 10746
30156 33635 48360
12892 519 103
27670 32933 43332
44605 870 32853
25708 603 10549
52752 33363 4876
31473 33419 49258
26135 87 8228
17412 33473 35208
40400 32981 1
5074 305 0
4337 387 0
45199 33158 56
61937 525 46616
18404 33519 36297
39583 259 32769
22927 431 7342
29960 32985 46148
4687 690 1
24969 168 8004
30680 33617 48769
51670 277 35409
16751 33567 34877
20130 33079 36871
25964 608 10864
10847 162 8
15996 28 45
16487 896 1972
15702 944 1259
33847 781 32768
23892 33191 41063
58384 816 43642
57166 33649 9801
41737 33110 5
28793 33637 46999
12055 32838 32776
61993 359 46162
40384 279 32770
45835 33012 54
17081 821 2404
50350 33032 1235
25922 32852 40679
58696 32983 9327
21014 294 4861
28731 32839 43185
15195 338 311
46935 33464 319
18696 552 3437
33985 33130 0
55786 772 41077
11309 32909 32777
36277 366 32768
44591 33182 40
25400 165 8359
58542 556 43285
53859 302 37769
3925 33613 32768
53564 674 38628
46995 33704 443
38960 999 32770
28022 165 11018
38098 33571 1
62868 916 48381
46348 874 33044
43658 33125 18
59096 33079 10280
13620 37 12
27109 33638 45314
42815 740 32789
7672 314 2
13661 762 255
36382 2 32768
33874 32822 0
50788 32778 64
4252 848 0
20130 33188 37233
53131 450 37537
11930 33548 32848
27924 252 11520
19376 33377 37010
11078 263 15
24891 55 6271
64195 33394 16418
57496 398 41764
26417 464 10884
1432 824 0
9893 180 5
5733 873 1
29890 33611 48085
35601 32809 0
57883 33234 9615
4251 907 1
19660 32924 35289
10319 32968 32775
13265 32772 32769
53385 160 36267
38758 505 32769
35906 880 32768
25245 33544 43267
60653 882 46142
36630 32953 0
17168 972 2740
2214 33179 32768
24716 343 8728
52779 33310 4744
39834 33380 2
55840 10 34728
13378 33769 33034
22491 32992 38624
45712 33389 127
48983 350 33410
10183 32907 32772
7767 33645 32773
34245 33547 0
7361 33634 32772
24650 33557 42652
2830 33280 32768
28128 974 13719
59032 32891 8790
54880 33521 7344
60423 32863 9722
34127 325 32768
53715 425 38102
39039 33626 2
54653 493 39241
17744 33694 36046
51973 32840 1011
40940 581 32772
48213 33675 982
40893 33769 8
36924 33531 0
63969 335 48049
21204 33197 38329
53374 33642 6059
4077 257 0
17741 33234 35027
64079 33548 16590
18614 240 2155
58284 399 42491
57464 979 43078
51421 33647 4141
42691 336 32777
27657 747 12771
33921 32877 0
59127 32908 9118
52858 33674 5563
48175 433 33221
36078 728 32768
3242 517 0
55324 108 37615
19729 32953 35667
1862 33505 32768
20264 32960 36190
23884 32916 39456
1813 361 0
56647 33218 8355
55516 33392 7660
1647 412 0
63187 234 46653
15249 415 393
24943 33230 42215
49488 33006 632
57005 305 40948
35710 679 32768
49272 32786 40
46799 33392 266
41059 33006 2
9485 33327 32779
18178 33397 35918
6354 33443 32770
2486 33012 32768
35331 197 32768
14852 33592 33388
37611 33291 0
46169 33730 261
36012 536 32768
3946 33736 32768
8991 33433 32777
45752 33258 103
46204 33276 142
2544 33585 32768
4789 33280 32768
41093 33789 9
62614 32989 13291
53000 446 37408
24261 605 9216
16131 33048 33259
5771 139 0
60440 33456 12672
35376 33038 0
35320 357 32768
7770 32769 32768
61435 730 46512
17511 711 2589
40414 966 32774
48274 222 33022
10412 33551 32797
60563 203 43841
55629 161 38571
41840 949 32782
38239 687 32769
19995 34 830
55291 306 39109
17549 467 2087
44144 33027 18
14940 33180 33096
11166 33234 32796
46321 375 32884
35001 496 32768
5580 33701 32769
52940 33372 5122
21493 564 6242
40588 33664 6
17920 33034 34364
16088 178 305
48975 33756 1805
52850 881 38284
21563 33348 39115
41932 869 32781
26696 325 10607
44116 33497 49
43032 33595 26
52087 33409 4268
38353 616 32769
4746 574 0
13740 560 199
25013 550 9761
45638 333 32833
29443 252 13031
41675 547 32775
48607 907 34099
26663 33387 44293
52717 33029 3595
53493 33401 5665
5182 33315 32769
22823 33095 39573
45730 789 32932
58568 243 42122
23467 18 3152
50229 33200 1817
37842 672 32769
55774 33262 7593
28836 338 12833
23369 33144 40282
36363 32804 0
48470 32773 7
28939 33426 46715
25842 33336 43388
39971 33178 2
20441 32869 35377
35989 32901 0
2765 363 0
25524 353 9552
34379 32941 0
55974 937 41493
36051 32996 0
6756 997 3
24536 32836 38955
19000 55 684
11293 439 28
26094 364 10295
41544 33513 9
43792 33758 55
34218 32975 0
39305 33561 2
44490 33305 49
2413 33042 32768
7497 269 1
62520 810 47789
4169 33134 32768
20537 33262 37907
45875 232 32820
21925 157 4844
54822 32781 1279
42202 578 32779
50354 33370 2437
35521 1018 32768
37832 608 32769
36480 33727 0
27981 33660 46238
21875 33070 38510
61549 485 46129
8373 33199 32772
22963 94 5167
18831 815 4205
13081 33391 32906
22998 33004 39265
12030 946 103
41705 144 32770
12186 33111 32809
58825 60 40300
34543 33539 0
17554 761 2763
62135 33672 14830
55689 983 41296
9738 926 22
3526 588 0
55324 32904 5214
12066 672 75
21887 33322 39410
8294 33467 32774
20961 842 6358
6171 887 2
55464 97 37647
11061 33693 32820
42389 33424 14
35677 33693 0
6051 930 2
19836 33626 38040
5064 304 0
9322 33278 32777
41161 987 32777
21930 33458 39842
26405 33754 44769
25205 833 10561
62135 33230 13839
1952 574 0
3188 165 0
38278 33771 1
62304 1020 47961
4928 33162 32768
7657 33445 32772
50810 32862 609
7216 12 0
10016 33323 32783
55616 260 39253
42738 967 32794
36493 33491 0
37633 260 32768
10211 770 24
53348 33587 5894
55384 963 40982
13768 738 267
52808 355 36955
50266 802 35537
43461 119 32773
48775 33120 574
5680 176 0
37027 560 32768
43835 33784 57
45922 976 32993
23612 627 8495
57602 33731 10422
4312 33445 32768
11057 32823 32771
48565 806 33918
15168 33442 33379
55674 33007 6429
13378 773 206
27064 33691 45352
39769 573 32770
50414 33008 1183
6943 33492 32771
26275 33445 44131
11411 33569 32825
53550 364 37725
47171 33013 131
59803 56 41192
38443 13 32768
25308 33490 43222
42305 33278 10
3313 306 0
33913 33116 0
41042 33729 8
22001 33104 38860
41852 719 32779
6408 33042 32769
13672 32886 32808
51837 33219 3511
56489 378 40674
8940 33434 32777
20567 329 4500
28692 32809 42298
34022 395 32768
40101 269 32769
39313 33568 2
36821 733 32768
39250 1019 32771
60239 435 44598
61965 216 45339
14481 33312 33079
63576 33513 15954
35962 1000 32768
38981 330 32769
11619 32946 32783
53369 33616 5992
14048 33213 32959
17355 33188 34405
2517 935 0
30938 132 13569
10976 33171 32790
4000 33003 32768
17631 33645 35884
28896 16 8416
16629 33178 33784
30165 33298 47625
30034 550 14775
58193 375 42332
48868 33469 1208
4093 32781 32768
59852 803 45196
55090 33226 6768
29222 257 12844
58243 32922 8325
16084 235 401
59848 33734 12660
38354 344 32768
18285 33465 36110
7423 529 3
38648 33490 1
42127 33506 13
43763 33279 28
48974 30 32823
41918 33332 9
64068 33627 16706
38549 267 32768
37541 33341 0
21157 435 5541
1608 33723 32768
19872 33690 38161
51289 445 35727
30035 617 14955
18797 226 2250
59974 33686 12704
23646 970 9251
47667 33254 377
4447 315 0
21887 33556 39995
15506 9 10
48051 33483 688
28991 877 14462
62134 320 46130
44640 230 32791
19419 713 4472
64502 33735 17285
18572 33096 35283
29532 33009 45806
23620 33093 40298
26993 33116 43878
53447 458 37958
28038 32813 41924
37711 33518 1
38159 33420 1
29819 821 15151
17185 733 2330
3780 33107 32768
30150 66 11764
4135 550 0
42786 33166 11
23321 350 7386
15056 33432 33333
54442 280 38170
39349 33558 2
24308 597 9230
13915 32801 32781
60329 33257 12113
2217 33421 32768
63675 33785 16563
54004 33002 4699
8149 444 3
24614 421 8914
6543 33299 32769
1689 167 0
45578 33671 170
26504 572 11317
53673 32883 3350
60408 33595 12912
2728 43 0
10675 548 24
59587 942 45153
52382 117 34872
18096 32778 32835
56963 33778 9836
5043 981 1
58496 366 42607
57383 33028 8248
37565 991 32769
17175 33646 35348
7561 563 3
12738 801 144
58725 459 43222
9394 33656 32784
37842 609 32769
43195 485 32786
2640 33442 32768
61056 33411 13333
60016 32926 10226
45820 33493 158
27927 33372 45569
7162 384 1
19241 58 831
53284 52 34490
21883 782 7215
59257 78 41102
57952 694 43090
20956 886 6418
48250 63 32839
39123 33584 2
25419 540 10161
26711 33331 44230
42307 33213 9
26874 869 12345
20389 691 5417
11138 33027 32783
28201 264 11866
23473 33685 41699
14066 725 315
1701 1 0
10897 32831 32771
20044 353 4183
2513 33284 32768
40617 191 32769
10809 470 23
16815 29 82
13153 99 23
51165 33744 3967
50056 364 34139
15397 33110 33122
27809 731 12956
1327 32908 32768
41302 32918 2
35068 33701 0
6741 33198 32769
57719 33009 8485
37046 33741 1
34428 33340 0
45332 226 32804
63049 98 45264
38877 33699 2
44041 33083 20
26451 457 10890
30504 177 13555
49597 33627 2256
6288 37 0
59579 193 42786
48751 33070 486
14686 421 282
56048 33022 6882
2733 33659 32768
22007 32911 37546
37063 33027 0
63816 278 47548
58994 32806 7079
60448 33373 12512
41228 819 32776
58263 833 43565
11875 33326 32824
23081 32862 38022
29019 33411 46778
19052 584 3923
44875 33401 72
60177 497 44764
12098 33288 32827
38671 93 32768
57228 33079 8342
47072 33333 278
38749 33552 1
38667 32889 0
29431 33539 47422
59898 33542 12420
3696 605 0
59124 109 41452
20504 260 4136
16285 32868 32958
40212 696 32771
35190 33731 0
34679 33538 0
16423 33773 34835
27109 45 8229
14110 424 189
43828 33230 26
46587 33332 211
20805 452 5287
62804 33369 14913
62507 32936 12664
60908 32983 11513
12172 33241 32824
38424 33262 1
13474 33625 33016
60065 956 45616
58453 676 43448
44787 856 32861
34904 749 32768
1188 32975 32768
64431 33506 16778
5533 43 0
63864 823 49253
9846 33177 32778
4496 32902 32768
13280 611 150
22983 167 6026
48205 33788 1097
54818 32813 3152
46268 33433 197
46229 70 32788
13017 33316 32885
50033 33096 1220
35163 33203 0
7286 1014 4
61808 294 45631
56595 32960 7068
60053 32796 7618
12751 33318 32868
5819 33153 32769
53536 129 36138
51257 1019 36916
5934 33323 32769
44350 972 32848
47413 33666 584
56846 464 41341
12063 32836 32776
55355 32955 5678
9246 32868 32770
2495 326 0
49990 546 34754
19612 32876 34759
54516 882 40004
39777 33382 2
9187 33104 32773
19846 33428 37663
28138 32951 44090
48448 921 33977
37758 1017 32769
49966 196 33472
14073 33653 33154
7361 146 1
61424 981 47003
31115 88 13215
17559 33758 35952
2039 163 0
6356 744 2
41746 280 32772
58199 785 43424
39366 175 32768
52392 45 33606
38482 375 32769
37438 671 32769
60788 33007 11543
62676 952 48253
24590 33706 42862
59086 33555 11579
5891 33612 32769
49597 124 33124
60877 33723 13673
25063 560 9845
53703 33260 5517
17167 678 2220
35300 33214 0
30411 33087 47163
59274 32862 8585
34469 32852 0
12449 33018 32804
11518 732 57
20038 924 5545
45872 33454 154
18997 33736 37342
62065 33579 14618
44876 168 32787
11827 343 33
10542 32780 32768
3164 916 0
46012 582 32909
9809 33350 32782
18059 33510 36030
60295 33446 12540
23415 33764 41795
9104 33710 32782
55782 676 40906
56612 57 38036
4875 33542 32769
52494 32987 3155
62568 33015 13376
23831 908 9347
38844 824 32770
44976 625 32843
14369 33095 32937
1509 454 0
52950 33134 4323
4919 101 0
51544 32842 791
40514 503 32771
26343 33695 44608
15842 33103 33261
13653 33311 32949
15703 243 324
11103 959 55
46123 448 32885
22238 874 7644
38679 33005 0
44909 32924 18
14260 7 3
43611 251 32780
50268 33007 1042
29457 591 14356
63099 976 48685
13710 646 224
40321 426 32770
58250 774 43443
17216 967 2777
27824 33236 45129
47335 33435 409
57520 474 42071
6138 719 1
30575 32995 46743
12315 85 11
43064 33769 33
23817 32803 37250
40327 33562 4
13855 33011 32861
10887 33446 32803
1325 33726 32768
49908 33673 2597
42081 32918 3
64093 480 48631
61724 33696 14497
6585 33548 32770
6488 522 1
44003 33500 45
60017 985 45618
22056 126 4623
45947 498 32884
5817 33287 32769
44149 33549 54
9484 33393 32780
37839 348 32768
27482 975 13056
10238 33654 32796
50944 33714 3704
59525 795 44805
35779 33081 0
56984 74 38816
2071 33520 32768
17234 386 1413
24001 462 8497
35313 294 32768
60527 33262 12359
2565 501 0
63902 901 49393
58977 33241 10725
41516 199 32770
43569 33274 24
31195 32781 43202
29139 1020 14797
21732 967 7326
21366 180 4415
62260 329 46241
43100 33104 11
44630 32864 10
61029 84 43058
3408 790 0
30693 812 15939
60614 1021 46274
58441 667 43413
58925 620 43898
12042 31 3
34166 482 32768
51157 256 34773
28715 33751 47104
49708 33646 2379
20719 660 5724
19059 650 4120
34065 573 32768
16985 33078 33752
16236 33747 34585
1436 33400 32768
7177 33678 32772
23231 198 6456
3380 720 0
18175 33533 36154
10821 32980 32778
64444 33011 15191
27094 33614 45266
48809 32857 148
21653 658 6627
57612 32837 6513
13001 33393 32901
17363 33435 35097
61985 33643 14653
22633 33396 40297
36540 936 32768
28720 698 13749
18274 884 3680
44190 33427 48
46056 33725 236
36395 32999 0
37999 33713 1
19728 283 3481
52667 33164 4207
19383 33311 36887
40264 789 32772
18235 278 2010
39964 947 32772
55073 1001 40696
28907 816 14295
6122 990 2
26639 207 9872
18853 33525 36908
48006 340 33088
13154 33598 32959
38381 33348 1
30658 33027 47065
59298 810 44554
38610 33661 1
42820 33568 23
47572 546 33166
48375 558 33461
36252 33628 0
34551 33715 0
58107 1000 43729
23267 988 8869
29099 989 14713
36198 33666 0
10933 687 36
1371 510 0
15475 228 254
4008 33729 32768
14501 782 454
23664 33534 41636
25231 557 10019
26715 33618 44859
5257 274 0
31228 863 16651
25925 525 10599
37081 943 32769
27874 33552 45946
38586 33588 1
21093 165 4127
25435 702 10507
37922 32945 0
21824 360 5986
26592 33424 44300
50436 161 33576
37559 436 32768
40389 777 32772
58064 849 43430
31551 420 15858
58084 583 42969
38211 5 32768
42494 33059 7
19501 32871 34488
52678 32795 624
50911 32950 1251
54952 525 39635
44449 33068 26
4874 146 0
15496 33131 33179
51783 33444 4133
50882 32968 1352
8871 33339 32775
2502 329 0
13206 32848 32787
51478 444 35945
45578 33092 61
29986 33767 48386
11852 971 96
47571 39 32796
10769 32897 32774
26237 82 8232
35634 202 32768
35468 32961 0
6254 33339 32769
30179 33536 48234
31298 676 16418
43914 751 32812
22743 793 8063
36971 33315 0
23196 33550 41228
1214 32824 32768
58922 33151 10396
46120 810 32978
7789 753 5
11580 892 73
36285 133 32768
47544 964 33457
46085 637 32928
42877 33457 20
63839 32961 14349
63240 654 48254
61896 33593 14504
19158 987 4759
37622 324 32768
54200 33618 6760
36914 796 32768
17611 78 374
48618 33075 454
25658 33218 42862
35199 285 32768
17420 846 2736
50981 995 36593
35789 33316 0
38022 59 32768
42157 33674 17
37494 33226 0
3022 33198 32768
28405 33121 45260
28812 728 13943
36659 33451 0
36256 551 32768
22227 33663 40439
5011 33767 32769
6163 147 0
23027 416 7381
52430 420 36834
4643 677 1
20801 229 4275
20588 108 2934
58125 33483 10476
44333 1011 32850
51630 33772 4498
51044 479 35562
36342 528 32768
56006 738 41186
15900 33734 34243
16892 881 2342
63960 334 48032
24898 33679 43181
12946 32790 32773
46408 396 32899
42046 33359 10
16739 857 2178
44793 33767 109
40096 537 32770
15374 33408 33417
20944 865 6377
8364 241 2
8586 594 6
42562 194 32773
11177 265 16
35161 757 32768
50488 32992 1169
43100 771 32794
24196 968 9769
47618 33469 526
37994 849 32769
9179 190 3
18560 383 2748
16773 404 1115
27145 45 8254
13405 33280 32908
15766 200 279
39060 342 32769
58659 33420 10891
10122 33592 32792
44592 51 32773
4479 707 0
39991 271 32769
27821 534 12512
19311 33191 36388
61879 419 46253
6372 18 0
52459 628 37384
45175 116 32784
43833 32828 3
27477 898 12910
24823 213 8226
4936 300 0
29156 1003 14789
41512 33014 3
61202 906 46657
58115 164 41086
8701 33155 32773
8878 32791 32768
43401 32836 3
49428 306 33545
23272 32970 39283
24717 713 9814
52080 631 37013
42133 43 32769
24763 33464 42606
2577 315 0
14982 33638 33477
3666 166 0
59759 32997 10460
27958 1009 13602
22001 257 5623
50548 33024 1396
37884 32839 0
16352 33453 34117
18977 32878 34116
14992 34 28
34818 921 32768
36781 33015 0
17013 33660 35232
40844 33605 6
37520 33729 1
60176 33276 12034
55582 502 40196
51341 33002 2089
55630 502 40243
24462 376 8588
51385 765 36622
45319 32860 14
22385 33733 40707
37367 33420 0
57855 33142 9313
21866 33726 40209
24104 33560 42179
11042 33501 32809
38879 33664 2
43369 33746 41
58941 33572 11494
46604 32784 6
4925 1006 1
9599 911 20
55973 852 41351
12945 243 50
64297 408 48565
4620 32948 32768
39093 531 32769
16439 33130 33531
21832 852 7269
46102 32994 58
47187 32898 70
37589 288 32768
13542 125 38
35310 404 32768
25305 33412 43086
43517 33069 14
22247 33466 40116
58915 33401 11158
5147 233 0
29947 728 15125
10620 999 43
22353 33613 40458
31333 717 16506
10231 259 8
49232 32962 418
53312 21 33482
46487 302 32874
63350 33505 15711
42141 33206 8
48368 32883 142
26592 623 11467
54157 32849 3271
26551 1 1975
62896 635 47886
15326 934 918
15393 678 700
25739 33628 43937
37026 361 32768
37103 33349 0
11564 488 39
9040 33541 32779
13172 256 60
35355 562 32768
12296 33137 32814
45876 33126 81
31731 99 13862
11462 33675 32836
6251 347 1
5800 173 0
37174 33392 0
39458 33530 2
40832 928 32775
37288 375 32768
22400 33419 40133
60439 33079 11512
14528 144 86
36249 379 32768
30502 967 16064
17518 115 509
61141 496 45726
29481 33300 46961
30681 32939 46398
8423 33128 32771
12962 32847 32784
18757 33415 36521
64379 140 47127
48524 466 33414
37573 33501 1
24479 627 9387
60840 340 44931
26880 32914 42420
42012 217 32771
64487 406 48708
50408 194 33720
31220 32823 45342
19465 276 3162
49889 391 34113
57611 33091 8797
39046 304 32769
39650 680 32770
48168 145 32919
8364 33608 32776
20060 42 1068
9440 33441 32781
40559 920 32774
23286 33706 41568
20622 563 5378
50474 33790 3367
13508 766 228
23636 33254 40988
38634 33522 1
43061 762 32793
512 32927 32768
33176 33506 0
711 33040 32768
33681 954 32768
33203 33564 0
777 33298 32768
849 276 0
32841 33105 0
415 801 0
33069 33788 0
189 435 0
942 26 0
354 82 0
659 352 0
699 33164 32768
32888 33723 0
552 383 0
840 33056 32768
32888 265 32768
33156 529 32768
780 232 0
124 363 0
361 33334 32768
33458 1003 32768
949 91 0
33017 487 32768
230 33629 32768
33669 33566 0
33167 33044 0
445 33295 32768
33000 33177 0
380 886 0
33109 232 32768
33400 33083 0
32899 186 32768
881 900 0
983 985 0
32815 33634 0
32954 374 32768
33762 33237 0
869 387 0
33583 239 32768
177 32782 32768
406 33161 32768
33684 33301 0
670 33654 32768
319 32799 32768
33277 33758 0
33628 1020 32768
596 32930 32768
33277 33278 0
33662 32815 0
32917 33073 0
32889 57 32768
377 33532 32768
33059 32782 0
33071 301 32768
32827 33352 0
32999 33468 0
453 33450 32768
33304 33591 0
768 828 0
32817 227 32768
33021 33657 0
33150 840 32768
551 611 0
33347 376 32768
33266 33745 0
527 33524 32768
32904 844 32768
454 896 0
33155 395 32768
760 670 0
553 767 0
33557 775 32768
32819 32861 0
315 33459 32768
32868 154 32768
799 33210 32768
13 33470 32768
316 493 0
117 460 0
33707 33495 0
894 760 0
786 187 0
33640 106 32768
478 33032 32768
523 33217 32768
56 12 0
350 554 0
33526 33320 0
215 217 0
54 33437 32768
33621 33439 0
33275 33496 0
33147 769 32768
33419 494 32768
33025 33208 0
1001 382 0
33248 33648 0
33004 32784 0
394 32921 32768
753 32874 32768
183 33607 32768
22 33112 32768
32782 33106 0
489 33247 32768
897 57 0
407 641 0
23 279 0
513 898 0
33235 719 32768
33102 32912 0
33146 856 32768
904 33255 32768
32891 85 32768
33484 867 32768
568 33261 32768
32879 33758 0
530 499 0
33371 334 32768
737 627 0
32859 242 32768
33669 33708 0
33439 215 32768
772 33163 32768
308 32893 32768
1002 585 0
33508 33133 0
861 33274 32768
32895 32845 0
32897 146 32768
33608 155 32768
700 33061 32768
32776 118 32768
33072 33117 0
32889 984 32768
33555 544 32768
65 803 0
33555 905 32768
33586 529 32768
33409 469 32768
226 618 0
32803 33401 0
580 807 0
80 33133 32768
663 33055 32768
64 33659 32768
565 33271 32768
1009 831 0
33217 694 32768
32811 779 32768
33648 794 32768
33100 607 32768
786 33744 32768
33162 174 32768
33239 771 32768
33311 853 32768
270 894 0
33701 33152 0
33778 201 32768
33152 92 32768
33637 18 32768
889 100 0
33149 155 32768
32973 852 32768
33573 113 32768
33206 33296 0
168 309 0
33667 928 32768
33565 293 32768
122 1006 0
99 33369 32768
437 33444 32768
79 983 0
33407 33487 0
33041 575 32768
33220 474 32768
32862 999 32768
28 33 0
583 51 0
32770 122 32768
33427 32953 0
33183 779 32768
37 138 0
61 33123 32768
737 433 0
214 32945 32768
607 801 0
33624 33403 0
607 33786 32768
942 33312 32768
32877 540 32768
216 33694 32768
804 33538 32768
33223 276 32768
970 777 0
33619 542 32768
911 33546 32768
32876 883 32768
364 656 0
33030 33614 0
33522 584 32768
33702 33341 0
33184 899 32768
33057 33343 0
32928 126 32768
963 33538 32768
33547 33236 0
20 33178 32768
14 33528 32768
33407 33354 0
882 33206 32768
685 573 0
33241 568 32768
32966 33030 0
873 33475 32768
32998 697 32768
940 944 0
33073 33191 0
33559 846 32768
19 33382 32768
289 726 0
33131 432 32768
146 32960 32768
32965 880 32768
33576 924 32768
648 33529 32768
258 312 0
33124 186 32768
32789 334 32768
998 33180 32768
843 807 0
33032 33245 0
628 33759 32768
737 33055 32768
175 483 0
33029 611 32768
569 536 0
163 242 0
530 33001 32768
33441 327 32768
33325 33078 0
33747 32831 0
430 32772 32768
455 32892 32768
291 954 0
33713 33329 0
608 873 0
33582 32868 0
32816 980 32768
958 702 0
33401 999 32768
33495 33178 0
33087 33362 0
32996 681 32768
327 767 0
29 684 0
33733 33395 0
32769 33129 0
997 32 0
330 501 0
674 33281 32768
537 67 0
32957 636 32768
513 33766 32768
822 622 0
33324 32972 0
33374 984 32768
32785 109 32768
818 987 0
936 935 0
595 669 0
745 33335 32768
32813 33512 0
32869 32808 0
157 298 0
33095 33466 0
33029 33023 0
32815 538 32768
33248 33542 0
33627 33223 0
33584 751 32768
32945 128 32768
33549 250 32768
33040 33013 0
726 960 0
33476 33739 0
393 32961 32768
373 1018 0
351 29 0
32865 33722 0
125 757 0
32835 33512 0
310 33170 32768
33150 33385 0
33395 832 32768
32973 382 32768
487 153 0
33106 32845 0
33160 33024 0
235 33728 32768
1005 54 0
552 79 0
743 33633 32768
33661 379 32768
155 479 0
33080 192 32768
434 123 0
131 33378 32768
272 750 0
31 33413 32768
703 33086 32768
559 545 0
947 33511 32768
578 33032 32768
33559 87 32768
547 33688 32768
636 488 0
239 551 0
943 736 0
421 33357 32768
571 33737 32768
903 544 0
867 33351 32768
32862 551 32768
970 865 0
32883 541 32768
380 5 0
33229 33271 0
33394 33767 0
33420 403 32768
669 33003 32768
33344 32960 0
551 195 0
948 595 0
33098 33452 0
33489 907 32768
149 32908 32768
33779 971 32768
33686 33353 0
33119 568 32768
1010 33041 32768
33525 33307 0
675 33093 32768
32815 533 32768
413 32940 32768
33527 33261 0
33528 32846 0
33424 33361 0
151 32861 32768
32964 98 32768
33553 33750 0
133 33271 32768
846 32982 32768
33751 962 32768
585 139 0
399 33202 32768
33034 32883 0
142 33163 32768
251 548 0
33511 333 32768
33547 609 32768
534 33517 32768
33760 481 32768
33158 32850 0
33099 33146 0
33245 33353 0
33540 941 32768
33198 33527 0
708 596 0
33465 33195 0
483 33650 32768
62 72 0
33634 205 32768
33665 33288 0
33064 33722 0
209 294 0
33414 930 32768
834 575 0
33372 73 32768
33513 622 32768
727 32929 32768
33176 218 32768
33370 33510 0
33307 33568 0
33260 33244 0
33034 184 32768
33732 536 32768
747 379 0
62 552 0
33137 32797 0
508 33502 32768
33316 33538 0
33769 805 32768
62 983 0
596 33768 32768
32852 32829 0
777 33244 32768
33056 33359 0
33560 202 32768
271 33043 32768
265 294 0
33787 986 32768
33473 341 32768
918 33731 32768
175 32847 32768
997 33050 32768
33713 335 32768
634 500 0
464 33290 32768
33335 559 32768
33187 33641 0
1019 33405 32768
33603 978 32768
347 908 0
33531 618 32768
33003 16 32768
996 33351 32768
834 33670 32768
33393 794 32768
175 511 0
33386 1019 32768
849 950 0
33317 1011 32768
513 458 0
865 156 0
433 32885 32768
120 247 0
33645 33781 0
999 33564 32768
308 24 0
33138 1007 32768
1010 266 0
33484 32787 0
573 33498 32768
726 203 0
28 32822 32768
33195 146 32768
32976 649 32768
625 920 0
757 33552 32768
109 33178 32768
489 434 0
384 33088 32768
33178 32826 0
33218 33196 0
33234 33255 0
343 637 0
33280 33470 0
33733 769 32768
33686 1009 32768
741 783 0
33739 347 32768
2 33635 32768
329 32894 32768
33455 33061 0
486 33411 32768
33641 33643 0
33218 956 32768
33031 327 32768
750 33755 32768
33324 33527 0
33618 33091 0
33010 627 32768
33110 33673 0
919 68 0
32795 7 32768
552 869 0
978 1016 0
33425 33160 0
33277 730 32768
92 486 0
460 33505 32768
452 96 0
32978 288 32768
181 33046 32768
887 33480 32768
571 165 0
33214 145 32768
314 32855 32768
610 32912 32768
950 33153 32768
586 33727 32768
216 770 0
876 302 0
660 33692 32768
33401 564 32768
33749 19 32768
560 93 0
33124 552 32768
517 33577 32768
642 33082 32768
33530 33369 0
407 33034 32768
33573 33054 0
33297 32996 0
895 33152 32768
32824 669 32768
33759 964 32768
663 19214 4241
857 49259 34661
33767 50699 3557
33287 51948 3844
33219 19579 36837
33345 16790 34380
32952 50563 1014
33551 50765 3281
49 52634 33866
33300 18350 35835
628 49365 34285
33547 47977 722
33718 47759 779
153 19801 2660
897 48065 33637
554 15295 536
33030 48960 475
499 49069 33726
157 52398 35261
295 51973 35851
44 54183 35139
740 49691 34922
33510 50467 2930
33148 18762 35802
33428 14714 33220
61 23359 4840
719 16388 1444
526 51767 36451
179 50797 33918
606 49705 34635
815 15826 1186
651 15586 795
375 51989 36144
800 17366 2591
33266 17478 34856
33458 15767 33732
655 19080 4141
706 50907 36026
33524 17496 35434
568 16234 1053
272 16356 537
1009 48403 34048
106 54827 37148
33453 49655 2043
921 47576 33441
32975 17060 33455
585 15123 517
291 15839 427
427 19698 4128
33004 18267 34504
538 17505 2202
33056 48130 289
33127 51869 3235
1008 49963 35598
32882 22516 37653
917 14501 532
33374 50316 2402
33446 51361 3617
33115 48906 611
771 49422 34717
32892 18325 33708
32979 50588 1184
808 15356 806
33046 50924 1924
33472 14457 33162
33781 48151 1036
445 16223 820
175 51512 34595
32804 23106 36618
70 50918 33251
301 20082 3988
811 16850 2204
32990 53732 4380
33711 19294 37577
32771 59745 4105
665 50429 35451
32885 51816 1499
32846 54091 3186
33651 47225 494
297 19084 2968
33407 51867 4127
945 51978 37503
856 18698 4150
33319 15673 33487
875 18873 4324
238 52820 36322
490 51390 35978
487 16754 1326
33270 20040 37417
33249 19158 36460
33786 47717 814
12 54325 33576
69 53310 34963
33395 15853 33697
295 17909 1757
187 51251 34339
162 49227 33116
738 18509 3635
344 51987 36033
32955 49415 470
33597 15633 33818
32802 55928 3808
33677 16255 34471
501 48556 33478
33356 19209 36874
33220 18193 35389
33431 18667 36446
409 20290 4556
638 48117 33403
33585 51037 3552
643 19019 4071
32942 20716 36529
33690 18562 36879
33467 17921 35865
23 55260 35238
392 51247 35432
33429 19442 37153
646 17040 2084
847 17370 2687
635 17276 2212
672 15943 1055
33528 51068 3470
334 20205 4229
32813 55763 4120
356 16094 611
745 48986 34137
405 49164 33587
842 17004 2376
280 15457 307
479 49018 33663
926 51622 37148
33364 16741 34376
50 51876 33432
32783 53434 567
33055 49648 852
753 50970 36153
1001 17241 2863
788 15616 985
846 17177 2525
367 18425 2487
957 50296 35885
33328 48148 571
32873 22253 37294
287 16028 474
222 19203 2581
312 16908 943
33298 51990 3926
257 48948 33231
32974 18013 34079
33505 49438 1886
295 49600 33616
759 16879 2150
33180 15480 33228
138 16458 296
32867 20558 35497
672 14860 508
33124 51316 2609
33220 49895 1560
32894 55137 4931
908 18452 3899
33053 52199 3174
581 15217 540
837 16717 2133
527 51385 36060
33374 18579 36202
745 18809 4087
33081 16418 33415
615 17702 2607
33680 47895 808
703 51866 37000
814 15347 809
33479 51631 4069
32820 19756 33844
33274 52305 4164
33420 50753 3063
33774 52006 4870
33632 15512 33760
908 17553 3085
33782 16152 34566
222 19863 3289
313 16084 534
33396 51891 4124
536 47777 33212
33715 17502 35850
32839 52673 1634
33108 53051 4301
324 50000 33953
557 15497 632
33430 50220 2405
395 48299 33229
32940 53672 3994
622 51888 36880
769 49166 34327
175 52203 35178
33102 16956 33809
430 15595 529
591 50802 35697
789 18510 3746
733 17422 2510
574 17083 1932
33615 16893 35060
928 18056 3563
759 49143 34279
33235 16279 33654
424 52912 37258
32900 51343 1203
178 50219 33510
345 50361 34397
920 50374 35914
342 19808 3886
32866 50914 675
880 18194 3603
575 15798 821
33486 51720 4155
384 51715 35970
28 22455 2752
863 15419 913
188 52642 35875
695 16470 1507
33067 50584 1673
33758 15112 33638
729 48503 33764
553 51714 36477
33756 50920 3754
93 53335 35406
177 53671 36817
33477 15645 33674
32830 52901 1648
734 14411 394
66 51152 33284
33721 14397 33273
33633 51217 3807
191 49703 33356
392 48305 33228
33356 49198 1229
22 22630 2572
33008 20184 36458
963 17780 3361
441 52906 37309
33526 51161 3535
793 16614 1942
33034 15940 33185
32950 20310 36151
33471 18924 36881
80 22229 4165
33055 49645 850
33663 47703 709
33278 50845 2710
33745 50591 3421
33013 53417 4214
33693 16328 34567
7 56990 35274
33573 51751 4310
33622 50377 3067
562 48574 33575
33354 16351 33921
33370 47132 309
33598 15863 34006
639 50449 35411
33617 50072 2636
778 51908 37156
33508 49901 2305
33319 51378 3342
158 49826 33292
33757 18972 37351
336 49429 33622
33743 48434 1266
33702 14490 33305
32988 17301 33602
33585 16690 34853
33301 17522 34977
681 51283 36288
241 16669 616
395 18618 2891
33508 19156 37103
33239 51429 3201
33596 19379 37434
33508 16358 34229
182 16433 381
33626 47890 758
32923 17879 33673
764 48169 33563
33696 19170 37437
33327 47195 304
33222 16921 34152
32920 16525 33114
905 16901 2386
33640 51469 4173
33419 16982 34823
785 49516 34856
32792 53502 958
357 50550 34718
33122 51614 3012
33047 17851 34367
280 51818 35588
194 51198 34318
33190 50176 1688
32881 50363 535
33542 50469 3015
593 18515 3330
33672 51848 4548
98 18263 719
33167 50834 2335
33129 19386 36211
33426 49879 2149
33772 50846 3709
32990 17735 33940
33535 15046 33417
32990 53020 3626
33568 47177 429
33398 51301 3432
33136 49779 1187
33463 47170 370
33214 50626 2308
178 52246 35247
32909 20928 36438
821 15725 1114
32955 20717 36658
877 49422 34900
32962 53217 3577
400 50441 34782
33253 18392 35694
33781 47235 571
33235 50510 2263
33648 16456 34652
45 56233 37219
977 47532 33461
33661 51103 3749
996 18097 3714
731 48123 33497
973 48959 34531
33354 16778 34391
447 52420 36905
653 15674 853
420 51655 36029
32843 51864 989
33257 17803 35147
33629 50172 2743
581 18803 3631
826 50981 36291
455 48672 33465
33452 16253 34048
33520 50460 2945
269 49788 33640
33767 50627 3487
844 15488 950
661 49932 34956
33091 16724 33628
33439 15984 33848
405 52525 36888
897 49439 34940
32862 21178 36081
33594 15896 34026
33099 52896 4168
32987 51562 2210
515 14616 328
481 17488 2061
842 16781 2192
33185 19485 36531
740 17343 2457
33303 18327 35822
940 17362 2862
309 50950 34877
382 15791 543
640 16215 1174
261 52166 35821
120 18459 985
695 50122 35145
33003 17849 34113
32779 53648 490
577 49378 34177
535 14793 387
32811 20313 34032
24 54399 34494
33142 49175 765
245 17489 1058
33365 47315 360
33166 48826 669
33128 18493 35318
33194 53018 4585
249 17042 818
32922 50569 852
887 48919 34340
33574 18448 36453
33500 18360 36229
739 17712 2941
909 16149 1609
33636 17714 35943
32898 19213 34601
200 20621 3868
33231 52245 3938
712 17768 2949
53 54245 35466
32828 54336 3064
533 49203 33887
33210 16408 33673
33409 15565 33537
32877 52994 2552
33259 17132 34467
32775 23959 35044
146 17726 765
212 18986 2331
679 48744 33855
32971 17643 33766
376 15383 384
32961 49892 665
33096 15632 33183
553 51221 35945
332 20399 4347
333 16434 699
157 16450 334
572 18571 3347
141 17885 827
327 50999 34972
494 51473 36067
37 53777 34564
195 51649 34914
106 17965 655
9 22783 1439
895 50633 36110
33121 49710 1091
923 47911 33593
32988 17943 34108
120 22450 4919
33409 49500 1718
203 19233 2471
551 18363 3113
964 49207 34800
995 19068 4685
353 53112 37158
967 16251 1808
33300 18068 35542
32976 50884 1407
82 22416 4312
32843 19688 34240
87 51982 33996
32851 18756 33642
33728 16440 34793
670 49649 34758
923 17292 2765
144 52157 34906
32855 21882 36722
345 19243 3284
940 15745 1293
32976 50983 1488
696 52053 37116
433 16555 1011
266 18776 2445
919 48607 34117
141 51366 34079
617 51767 36733
321 52146 36051
973 17608 3211
33131 50783 2180
33180 49673 1243
33067 53178 4227
798 48447 33815
241 49930 33616
33029 17174 33693
676 50926 35987
361 16857 1056
33639 15714 33940
32963 20605 36566
943 49369 34935
33117 49160 703
33702 17133 35409
420 51568 35958
720 15716 970
389 49731 33986
33497 19438 37285
33703 16992 35282
88 20126 2189
911 18124 3596
33284 16155 33685
33137 17858 34854
858 51467 36922
33072 17705 34337
502 19835 4448
719 18218 3336
33043 50849 1823
33100 17112 33904
33642 50233 2869
33107 51433 2689
33686 49594 2338
1023 50792 36454
33191 19682 36873
826 47502 33342
33626 47251 491
162 20559 3444
330 49757 33818
452 50286 34770
33217 52176 3802
33758 47233 557
33554 47441 522
352 19882 4042
684 47924 33384
889 49359 34861
295 50488 34308
633 50468 35419
33385 15623 33543
33779 17101 35511
32782 25361 37423
976 51889 37473
638 48265 33491
33287 16580 34005
111 21237 3592
645 49135 34047
33602 51211 3734
32961 50041 721
32987 16506 33258
33367 14554 33131
32985 50132 849
256 50084 33746
515 19015 3664
33148 18869 35900
548 18800 3538
33731 47794 806
33403 47889 561
33665 48252 1006
784 16992 2274
33634 48394 1091
33654 51038 3680
32796 20029 33467
33337 51853 3912
1013 51853 37499
43 23331 4300
220 19704 3141
751 18726 3981
32800 54291 2067
950 49106 34625
32866 17455 33178
32999 20187 36400
33563 17837 35944
197 19765 3074
33527 14746 33299
33644 14968 33476
33436 15359 33436
400 20152 4416
155 51801 34736
943 51368 36938
32861 51490 955
693 48321 33592
33655 49644 2337
537 47266 33079
433 16926 1324
186 49305 33196
33257 20453 37770
32853 21278 36026
33189 15958 33435
99 50386 33245
342 19124 3194
821 48753 34090
583 18383 3186
33615 51300 3907
33584 50723 3300
578 48269 33426
33499 51824 4248
309 49819 33789
33493 17833 35842
418 50768 35111
33014 17350 33724
33281 19429 36841
33634 50803 3444
443 48503 33373
183 50596 33800
33272 18984 36367
33074 49445 787
33398 50179 2288
3 57012 34055
416 51778 36118
32808 51551 430
69 53765 35453
33128 49959 1287
618 19411 4281
33558 18617 36681
33391 18929 36667
991 16250 1852
33176 49027 766
239 52110 35598
33310 16556 34034
642 48998 33955
33659 16178 34371
32989 53005 3606
33118 15579 33193
56 23382 4715
33412 51748 4025
224 20720 4178
33370 18454 36046
33281 17827 35238
33502 50997 3370
32842 21279 35870
228 51743 35188
409 15545 483
303 51968 35876
692 19116 4226
33284 50707 2591
33068 49606 866
33715 50999 3756
33611 51036 3599
33103 49757 1066
33427 17021 34861
461 53198 37639
740 18110 3295
32898 21458 36849
760 17042 2272
635 48675 33742
33293 16641 34082
33122 50700 2094
33576 14602 33277
32971 51120 1561
526 50320 34992
787 15494 890
812 15132 722
33652 49530 2234
32827 22049 36262
371 15620 465
135 17982 843
33296 51821 3744
33179 20089 37170
396 15768 554
439 51622 36056
435 19643 4101
33 53479 34062
629 17660 2592
33495 49514 1968
33563 47683 622
615 47384 33160
840 18391 3694
1017 16314 1964
327 18688 2659
32785 24297 36696
559 51304 36048
699 18356 3394
33605 18070 36194
32909 16488 33079
33044 16304 33298
475 19927 4459
621 51203 36062
33117 48839 591
33676 50823 3530
32923 50044 580
124 21683 4237
867 48321 33798
963 49718 35287
32992 20148 36318
33772 18913 37316
795 16300 1525
356 20203 4303
33677 16137 34367
930 48038 33657
33231 51302 3060
33701 48055 900
33184 19444 36470
966 47146 33271
378 50969 35133
33111 51724 3085
884 15762 1231
12 58186 37240
228 19914 3368
33211 52498 4195
129 19642 2243
33209 17299 34438
33628 15320 33611
176 19483 2469
967 47156 33276
33393 49194 1301
191 49259 33190
33127 52693 4119
488 16114 847
32884 53244 2876
33482 14888 33317
501 52611 37221
148 51885 34744
417 18619 2997
33255 51411 3223
509 51742 36373
357 18406 2434
873 15642 1113
621 19292 4215
442 53234 37596
32851 20763 35487
815 17446 2714
32889 19666 34959
546 16977 1724
964 18384 3931
32986 53670 4303
33220 19829 37073
153 18264 1124
33330 16665 34200
32816 54599 3050
38 54192 34960
756 49418 34673
32975 53765 4318
33269 17856 35232
33566 19057 37125
33759 48280 1138
33119 49636 1034
932 48957 34455
117 54494 36979
33764 14689 33438
32808 55295 3327
186 20857 4084
351 48652 33299
659 14975 535
33194 52322 3915
812 19037 4364
42 52652 33721
366 49965 34081
33684 15127 33580
33128 19158 36046
33472 19260 37113
287 51655 35450
33349 47357 362
710 48702 33876
18 22438 2125
32814 20465 34229
33625 52209 4773
33050 52073 3093
920 14904 715
33109 17828 34691
33275 49867 1722
728 18579 3713
32807 51274 335
831 17179 2500
168 17304 638
32895 55096 4906
86 19801 1840
33778 18782 37195
190 19125 2298
33549 15273 33516
738 49067 34183
33228 51457 3199
33220 48807 752
32822 20480 34496
490 19511 4105
846 15652 1087
228 50538 34002
32962 50399 945
1021 18532 4193
888 49339 34842
33419 18887 36697
775 52008 37227
33272 17890 35274
32912 52010 2056
33645 47988 817
33638 15922 34115
33715 16067 34369
33270 49279 1129
362 19895 4106
32924 49430 397
33622 15777 33970
905 17726 3234
33118 20178 37034
693 51536 36657
32815 19585 33615
54 19545 939
736 16910 2138
33066 52402 3447
33777 17343 35746
33516 16865 34891
33401 17161 34905
349 50562 34690
100 18568 906
916 16870 2375
33115 17937 34845
32920 17735 33570
33738 18530 36903
532 15078 459
412 17001 1320
33652 51065 3699
33078 48914 548
179 19529 2558
590 17956 2835
270 20383 4101
909 16667 2184
548 51378 36103
33231 18531 35823
593 51019 35897
40 20032 1000
33486 15832 33817
772 52087 37281
33088 17237 33941
33311 50800 2772
444 51412 35888
33074 52409 3493
494 48685 33531
32991 52241 2838
77 52590 34440
95 17883 556
33255 17616 34964
277 19396 3124
33688 47267 533
33085 49028 596
33588 47845 707
827 17197 2508
33008 51905 2645
33013 18870 35191
32835 20278 34701
32811 19590 33546
33633 16903 35095
491 19788 4372
919 51306 36844
235 18511 2025
562 51169 35923
33157 19405 36333
262 16799 736
908 48930 34387
830 51820 37173
32875 21798 36942
630 49748 34761
678 18798 3889
223 49768 33482
840 14761 594
905 50752 36230
659 48337 33562
32935 19022 34845
433 51308 35707
429 19010 3390
33678 17716 36000
33288 48965 945
33635 18827 37041
33255 48535 681
473 18302 2796
33520 15248 33479
33086 16585 33529
33608 51589 4231
33075 19714 36353
245 18911 2462
33113 51379 2645
841 16705 2129
711 15931 1107
32958 18915 34910
129 19440 2048
91 53602 35751
33 20353 991
260 16396 526
32827 19886 34108
33085 19974 36725
389 16456 833
565 14462 317
33226 50915 2601
33558 14648 33283
33386 48358 757
620 16741 1672
725 17818 3055
33282 14436 33050
33646 52184 4794
33118 19199 36040
33548 15940 33990
221 50484 33918
788 14721 542
355 16631 881
546 15961 866
183 16717 485
33109 49099 664
33273 17861 35249
33162 19854 36934
943 14913 737
33725 16634 34983
32960 17936 33932
734 49208 34316
444 17138 1542
33436 15124 33359
664 49412 34433
938 50346 35910
32882 19099 34274
33036 50611 1527
402 18655 2982
33539 51983 4433
692 51470 36565
33554 15983 34032
131 52967 35600
543 51219 35922
598 48756 33733
626 15055 533
33610 17176 35285
274 48910 33251
113 18072 745
33764 49162 2011
423 16986 1343
33751 51760 4593
32787 53714 885
620 16521 1406
33123 15709 33244
33539 14407 33180
872 14348 441
33602 14737 33348
32953 51808 2203
33736 47394 621
382 15662 495
33539 49091 1496
33630 18871 37072
850 48894 34254
360 19656 3769
60 52449 33939
794 15860 1182
672 52002 37038
503 20159 4769
644 47676 33270
754 47152 33163
33734 15780 34130
33575 48320 958
33220 18693 35950
523 47427 33112
32849 17670 33175
306 16586 733
33410 18007 35827
548 15864 818
463 48229 33277
32850 22005 36770
33092 49613 940
33613 17937 36098
821 18444 3709
32952 19605 35478
659 51633 36691
197 18008 1250
33222 49924 1593
341 16094 585
154 21078 3999
138 20906 3611
1021 18397 4055
33062 18166 34815
1 24284 439
407 17497 1769
338 15546 399
7 56217 34470
226 52171 35553
830 15181 757
34 21218 1872
587 48900 33798
33179 53089 4588
955 15622 1199
33008 21349 37615
33240 16096 33579
32938 18418 34119
33600 51315 3899
33584 50798 3360
732 49954 35097
336 20038 4126
33566 14466 33218
55 21943 3305
925 51002 36487
33251 48574 693
32 22649 3193
33262 49920 1729
862 18545 3962
177 18308 1330
225 18043 1458
33407 52205 4338
33362 18623 36226
228 51991 35408
50 53770 35000
32931 52693 2925
771 50389 35655
712 48432 33691
366 51351 35472
627 48470 33604
728 18949 4168
33354 14392 33077
33778 50649 3525
270 48632 33171
357 50618 34812
32887 51049 882
853 47309 33280
411 16854 1199
33609 52076 4632
33341 50117 2137
33393 16418 34060
946 17328 2842
33576 49858 2389
137 21266 3985
551 19160 3933
33588 49054 1562
33015 18118 34441
33723 17569 35921
33031 49340 623
33690 50635 3383
651 17734 2741
791 48061 33533
495 15969 789
936 18238 3743
33165 51954 3427
33080 51642 2811
135 17905 802
189 21395 4504
33684 15892 34160
317 18526 2408
418 16702 1096
108 21007 3357
33369 49581 1706
33580 14496 33237
336 49888 33923
30 55112 35540
33219 19600 36869
33147 50115 1471
33323 47768 457
790 18245 3484
33254 48930 867
706 48273 33574
782 47502 33311
781 49841 35098
33347 19022 36641
33156 20045 37062
33769 50680 3542
33695 19119 37389
794 14845 594
884 15124 782
33527 18530 36479
130 51836 34454
124 22209 4747
521 48731 33596
33102 16719 33655
32968 21176 37184
615 17260 2165
33212 17977 35173
991 50264 35892
526 47799 33210
33280 17522 34930
33402 51993 4197
478 52758 37295
642 51563 36555
33518 49615 2113
506 50148 34764
408 16926 1248
32901 51935 1828
473 16985 1501
239 20743 4274
892 50184 35590
970 47762 33565
33386 15240 33350
32891 21358 36644
379 50612 34873
32831 22503 36807
33118 16120 33378
33628 19441 37547
33688 17414 35643
725 17292 2392
53 51621 33366
33513 51155 3505
992 50581 36200
33329 50906 2946
404 20232 4492
75 52023 33850
32873 20828 35941
786 18636 3933
818 15831 1194
129 49743 33175
534 51539 36238
460 18537 3053
33057 16654 33498
624 18644 3554
933 16641 2191
794 48805 34087
33338 16289 33855
230 19368 2785
33427 50280 2476
33265 18207 35562
521 16583 1244
33046 50732 1716
33750 48088 963
728 16619 1790
781 17425 2612
64 20689 2257
927 17962 3477
33436 16111 33926
449 50150 34541
33176 17952 35042
273 18984 2705
563 15592 691
208 52907 36203
716 15742 983
33774 47425 661
32785 22761 35128
773 14596 485
282 51483 35232
331 52226 36143
917 15221 855
33731 17160 35485
566 14458 317
647 48481 33638
961 18033 3596
33123 15748 33258
816 47312 33259
32889 51934 1662
33755 15150 33654
110 50333 33275
33413 49479 1702
33317 47706 436
33078 17754 34427
248 51126 34680
154 50229 33416
33133 16689 33715
33448 50827 3160
33279 16547 33953
916 48434 33958
476 49966 34477
1011 49905 35546
33422 16146 33924
879 50223 35631
169 19784 2809
333 16548 773
33771 17948 36348
33235 15637 33361
33187 19420 36463
67 21556 3174
33390 15800 33657
33210 50565 2244
465 16259 873
33465 19230 37080
33665 47622 675
33450 14723 33238
802 48155 33591
423 50186 34477
694 48724 33866
818 51185 36440
104 22507 4719
33053 18314 34866
647 15548 766
33784 19417 37833
1 24562 508
33778 49946 2817
33246 17387 34660
33607 14639 33312
33359 14376 33075
626 50968 35926
823 16630 2041
32865 18728 33768
33295 19358 36823
248 52660 36230
875 50802 36226
33762 16478 34877
719 14978 585
164 54231 37126
186 17545 844
915 15379 932
32996 51226 1870
33195 50890 2473
699 50775 35924
33455 47894 609
774 47364 33253
1010 18293 3931
114 20690 3147
643 15433 689
855 51272 36646
33490 51919 4301
906 51187 36616
471 49178 33734
134 16971 422
544 50845 35591
674 48468 33666
42 52658 33725
32934 17467 33470
33084 17662 34346
32967 50649 1164
33766 14843 33514
962 15993 1557
33574 49733 2287
234 17960 1441
33788 14377 33298
33376 47747 495
32832 50811 415
812 15956 1285
474 48607 33464
33194 17358 34430
32784 56004 2756
666 15302 647
921 49416 34950
33728 15898 34232
33433 16789 34624
32880 21455 36565
33613 17260 35360
743 47852 33411
33406 16750 34500
986 17914 3521
33609 15969 34109
33735 14588 33370
33176 50766 2310
42 53340 34233
741 49161 34263
33513 51860 4297
186 49915 33417
526 49157 33825
72 52547 34283
33226 49943 1624
33777 49613 2487
33565 51167 3616
785 14721 540
712 18212 3319
33461 16382 34153
645 48241 33484
33124 20044 36961
393 52948 37182
259 52671 36304
346 52616 36730
33659 49555 2266
235 20882 4381
806 17718 3098
448 50716 35160
838 18450 3753
33456 14625 33209
33636 50417 3120
33610 49622 2252
1002 18140 3766
167 53663 36693
416 17669 2068
33062 51814 2905
33698 48350 1132
859 18091 3480
441 17171 1560
945 51265 36826
509 17167 1796
33636 51660 4330
1015 17709 3361
152 18475 1267
33561 18319 36314
32963 53059 3464
266 52637 36309
32952 52668 3103
33382 50039 2170
33517 15194 33456
33247 49773 1539
33675 16949 35199
33138 18447 35294
411 52488 36874
600 18465 3287
33522 15602 33700
33078 16946 33728
865 14856 652
615 48761 33763
429 20250 4595
32807 53737 1844
33776 14860 33530
33209 18762 35982
669 18804 3872
33782 51072 3949
1009 51674 37316
235 18376 1829
704 14930 556
297 18449 2232
579 50570 35396
33322 18149 35702
33225 19481 36689
7 24397 2659
768 18740 4046
1023 50786 36448
851 47544 33376
33191 18485 35572
551 15005 455
395 48634 33358
673 16964 2078
514 18300 2947
690 18283 3328
810 17927 3269
141 20605 3314
101 22105 4354
33552 47306 469
33341 48730 910
785 15742 1078
33267 16387 33769
33623 50021 2605
33629 51678 4335
87 21265 3278
33258 53184 4971
637 50284 35200
548 49801 34559
224 52535 35984
33353 19149 36805
33033 18664 35092
32890 51940 1681
26 20439 815
111 54669 37072
33575 48416 1034
32913 50450 735
180 17274 673
687 50998 36054
33744 50374 3213
39 20345 1166
112 21768 4199
32788 21054 33767
33442 50669 3021
33280 15695 33448
33732 51289 4120
950 47758 33546
804 15377 817
32851 20160 34912
71 53599 35317
33403 49414 1595
32850 54468 3611
927 49632 35154
579 49339 34137
168 50844 33878
86 54823 36898
33731 47779 799
33548 15293 33522
741 49860 35045
33350 47738 471
611 16121 1065
230 20708 4197
33186 48712 656
326 18583 2520
592 50433 35273
33690 51463 4231
401 52606 36941
663 16924 2025
607 49856 34816
33316 15907 33609
33672 15290 33641
878 50801 36230
33584 16132 34199
32988 19892 36071
234 16389 470
33295 48108 522
891 14448 494
843 51493 36924
687 52013 37072
33357 51096 3166
32817 22756 36733
97 55017 37181
33526 18672 36687
33366 19169 36868
484 19299 3836
30 21478 1896
252 19172 2760
159 52177 35035
441 52377 36844
33114 50766 2115
33165 18359 35323
658 48649 33761
858 47319 33287
32956 52429 2829
32773 58759 3817
33558 47283 464
574 19280 4121
32982 49251 469
211 21490 4748
546 16885 1626
188 19807 3044
32938 19375 35098
1004 14458 562
404 16308 778
33329 15246 33298
33759 17464 35861
32900 20758 36159
33023 50732 1574
33209 16159 33553
305 16567 719
711 14394 376
534 49988 34708
917 18730 4256
33296 18240 35706
344 20271 4308
33760 18639 37033
33026 50019 953
33741 49218 2060
33666 18137 36353
33474 49671 2088
33298 18996 36460
634 16957 1978
21 56078 36001
226 50737 34167
300 16653 758
33756 48247 1103
33605 17082 35200
296 49685 33668
576 50886 35743
33776 52054 4921
1013 51977 37622
32853 54360 3525
297 15496 336
842 18997 4379
201 50678 33966
557 50612 35380
460 20415 4854
152 18412 1204
33719 50104 2859
829 49682 35050
33697 19390 37638
783 16250 1464
32842 50572 410
244 53693 37240
458 51608 36097
273 52710 36426
32839 52848 1828
89 50250 33150
33653 14888 33449
618 18299 3204
33583 14400 33201
33427 50629 2925
938 47333 33342
32776 53649 356
383 52271 36418
675 17241 2264
328 16770 903
780 51283 36502
32786 22452 34901
33087 49747 1009
33185 16623 33797
617 49318 34202
947 16682 2247
32839 21733 36206
56 20024 1393
33463 15092 33372
730 15360 730
33249 17816 35137
717 47451 33248
32841 54503 3479
187 18115 1264
303 50104 33937
330 51406 35378
592 18369 3196
32903 51480 1375
698 18005 3153
33105 50772 2090
277 51562 35292
33370 48909 1061
33757 19035 37411
33351 50035 2110
1016 16194 1843
33693 49123 1824
33701 48930 1664
73 19233 1041
279 16082 476
33246 49081 923
32995 17843 34062
212 17081 713
813 18229 3513
449 20239 4657
120 52288 34808
753 15389 774
586 50646 35502
33549 52222 4632
240 52925 36433
33558 51012 3483
33185 51048 2568
33261 51431 3256
482 18923 3474
33439 48828 1130
33186 51948 3495
636 19279 4234
32922 51299 1351
32888 50978 856
140 19515 2209
756 15156 681
704 16083 1201
32873 52456 2054
843 15576 1021
343 18845 2949
33325 18956 36500
33430 18637 36405
33044 15813 33166
632 16227 1167
33251 51653 3441
902 50963 36411
32996 53615 4311
385 49476 33782
919 16339 1798
358 50185 34213
33058 18241 34844
310 49731 33739
188 20744 3940
434 16623 1071
944 16782 2335
33312 51991 3976
33242 19054 36340
33303 17830 35303
494 18859 3448
33299 17576 35028
74 52146 33907
33721 17226 35529
674 18964 4096
32818 53301 1683
710 14767 504
33304 15566 33412
32957 53623 4105
888 15335 877
342 15550 405
33750 18147 36507
33725 50255 3079
322 17493 1395
32814 55096 3376
32963 18587 34564
33281 17085 34496
32859 20665 35511
45 23442 4435
33651 51807 4478
33705 51363 4158
488 15584 595
33293 19009 36458
770 19158 4388
33084 17728 34427
33424 17210 34977
33107 20323 37092
9 23664 2302
33163 52918 4397
383 51996 36177
251 17890 1477
33539 16777 34859
33249 15375 33256
567 51554 36342
33760 17886 36271
33299 52183 4113
32811 52890 1135
141 20041 2796
881 50703 36150
33122 20469 37248
33447 17680 35511
798 17371 2591
281 49749 33658
98 18094 655
785 51021 36249
641 50174 35073
32975 19756 35887
32906 17939 33606
33263 19541 36912
818 51357 36703
33572 49085 1555
324 49693 33758
182 19995 3159
33490 17972 35936
32875 21020 36123
33054 51820 2861
32945 51827 2166
33745 17123 35474
33485 17510 35369
32896 52658 2482
33300 16947 34417
49 18554 439
910 14811 666
33266 50186 2011
33678 52160 4835
32926 49482 418
32996 50091 874
33034 49204 559
721 19223 4350
33023 18387 34763
1009 50746 36387
400 52281 36505
33702 51757 4514
657 47544 33238
33027 53140 4011
33280 15468 33334
882 48963 34369
33037 15617 33105
33045 15855 33179
33701 16589 34912
480 19861 4412
33181 49899 1429
32829 51339 554
33542 50808 3300
121 55090 37581
719 51344 36456
33510 14455 33182
33110 51330 2566
33533 18136 36125
450 51297 35763
33134 51980 3338
426 49769 34133
316 16070 535
33442 14797 33257
33399 49510 1703
966 47820 33589
32866 20247 35182
33689 50772 3505
367 52529 36721
38 51352 33117
32887 19497 34748
673 14687 452
32821 54010 2503
33412 15577 33548
33311 16449 33923
673 16995 2099
33555 52005 4478
274 20331 4081
89 51493 33684
33740 47629 735
594 17284 2140
32775 21867 33375
524 47261 33070
352 51700 35864
33212 15819 33411
32794 21242 34219
33518 50991 3395
33438 15940 33817
1004 51926 37556
803 48336 33734
973 50156 35719
33558 14621 33273
32885 18851 34087
503 16763 1378
33202 52335 3972
32831 21744 36060
380 52629 36901
924 48362 33903
33530 17220 35176
33732 16316 34632
801 14801 582
33393 52063 4224
1006 47383 33408
33493 14843 33310
993 51509 37133
560 47816 33243
33790 17050 35479
827 47872 33492
33677 15947 34198
515 17230 1881
184 52952 36075
33307 16431 33895
187 51749 34941
792 48063 33535
418 49649 34010
944 48788 34320
370 50705 34914
33360 16055 33762
33463 50899 3234
33599 48410 1060
32897 19640 35009
153 17499 666
33471 47138 363
32958 18791 34818
755 14861 571
33645 47327 534
105 50520 33329
33065 16728 33562
33302 17981 35458
33239 18410 35656
293 52209 35979
33302 14384 33048
472 18451 2947
339 19150 3201
197 21364 4540
33613 50649 3283
798 51162 36382
403 17177 1430
33397 49594 1801
32853 18535 33516
33221 19553 36800
631 50408 35340
32787 22981 35546
632 14615 402
33605 17562 35718
32897 19327 34702
998 47410 33416
464 49667 34163
33696 19395 37641
33002 18775 35042
424 48666 33415
33575 16472 34521
33767 14925 33555
33435 48882 1158
947 48500 34059
183 54028 37130
33381 47985 570
779 16838 2148
33416 49978 2195
96 54596 36838
32956 52854 3263
547 48190 33348
32803 20690 34118
194 50708 33947
32769 60235 2891
33695 15722 34023
456 15613 569
33632 49000 1600
33477 15357 33476
32802 54046 1936
33271 49746 1590
33256 51068 2850
33567 14470 33220
32833 52789 1614
32833 18994 33573
609 50471 35361
779 14988 638
997 50449 36079
482 18861 3416
24 19538 415
230 52426 35917
33351 49033 1098
351 17630 1708
33630 47714 688
347 19145 3225
33316 14462 33076
993 48196 33827
32818 52793 1245
32819 23040 37064
931 16969 2487
33217 51873 3536
100 21893 4176
818 51920 37233
33191 50241 1799
33242 48498 645
33492 48570 1037
438 50434 34889
910 51592 37098
33255 51332 3148
14 22620 1953
598 48787 33751
33263 16081 33612
1 26730 2154
33235 48155 479
33040 48175 284
475 49492 34033
33355 15166 33299
33641 17416 35552
140 20505 3195
939 49439 34994
451 51405 35899
641 15372 649
242 21296 4811
33127 48256 404
383 20328 4490
33362 49587 1693
47 20165 1273
687 48771 33886
1000 18940 4568
117 21890 4361
235 49247 33282
173 51041 34045
752 47763 33386
33018 19042 35388
33634 50528 3212
674 17323 2316
33289 49963 1867
359 52064 36140
33045 18920 35428
33478 49672 2095
907 15777 1276
827 51979 37296
33499 15273 33468
33576 16009 34088
33262 52161 3963
33755 51292 4148
33267 18552 35931
335 19296 3283
631 18476 3364
32898 19017 34402
421 53029 37344
33028 52191 3070
32843 52491 1513
330 15710 443
33091 52309 3447
478 51059 35572
33081 18006 34751
33788 50628 3518
235 51481 34990
32859 21271 36106
128 52955 35547
648 49182 34102
33051 20140 36704
33215 16674 33915
33333 15624 33479
33709 16204 34485
33403 52121 4278
33758 17887 36269
149 17422 604
33319 16637 34142
703 47186 33148
33204 16268 33591
32822 22384 36422
32806 55799 3861
429 50153 34465
824 17950 3308
495 19980 4569
963 16366 1909
976 15686 1287
32838 53760 2704
218 17731 1147
33104 17388 34099
256 49421 33414
709 18829 4016
994 18638 4266
791 16101 1363
621 17213 2148
32 54360 34904
965 15412 1014
1005 16859 2495
545 17151 1906
33459 17039 34925
33182 19654 36792
33096 50883 2133
33179 48384 514
433 49891 34259
33569 51597 4184
32931 50248 698
33282 49910 1789
33763 51106 3947
70 20456 2131
677 15298 657
32973 51917 2418
32769 56387 273
33355 49933 2059
795 48486 33841
33430 51401 3632
33026 49672 778
994 14923 782
57 55890 37281
975 47525 33456
727 47990 33446
32867 52430 1903
32954 50672 1104
942 17010 2542
33613 16504 34656
131 49597 33144
881 52028 37433
32941 19669 35464
1002 49739 35368
33057 15873 33202
945 50261 35839
425 50745 35114
858 14824 633
33392 18296 35981
32787 23764 36284
33741 50671 3491
33307 51087 3061
1 25542 995
33018 54177 4979
122 52743 35263
33029 16116 33222
356 49322 33598
33110 49784 1106
32865 19662 34632
850 51950 37313
45 52558 33723
33536 15938 33970
33724 51663 4460
32971 53651 4204
658 16929 2016
33126 49742 1129
33229 49602 1327
33279 17572 34978
1010 50931 36571
33370 16981 34674
254 16940 784
32891 18664 33975
991 51699 37314
645 16951 2004
33001 51452 2185
380 17656 1888
125 20610 3175
914 47178 33258
33560 16163 34181
619 16916 1881
374 48194 33166
571 48881 33759
769 51554 36875
33563 17221 35237
575 15673 751
586 51366 36178
192 16574 455
33494 15039 33380
497 50564 35163
943 15549 1117
524 49091 33785
33609 17091 35214
919 50908 36392
497 49889 34477
33350 50701 2785
33059 50386 1403
570 47497 33162
32946 18782 34679
385 18732 3015
32970 53366 3850
33525 17776 35845
834 47763 33453
32855 50739 539
33385 18276 35956
33216 51755 3430
287 52530 36307
33179 15893 33393
33634 17669 35903
33354 49506 1577
43 22470 3385
33205 48647 658
33393 14572 33153
33301 16021 33645
33664 49290 2034
33738 51207 4001
33182 18881 36007
616 15689 814
33406 16803 34566
182 19631 2729
919 51202 36658
33168 17494 34502
32977 53910 4448
540 50830 35562
33060 49297 667
677 51827 36932
172 20867 3944
325 19418 3324
22 23198 3213
301 19130 3049
823 15158 742
112 52002 34366
32886 53267 2947
143 52649 35411
160 16929 490
123 18786 1324
553 49678 34442
33733 19074 37410
592 18073 2977
252 52739 36331
33791 16772 35203
33701 47118 473
548 50628 35372
33644 17513 35724
32808 21707 35326
33640 14927 33456
33747 14684 33424
838 19305 4624
33364 16257 33886
568 15604 703
32874 18207 33523
439 48341 33298
33673 18743 37020
449 52417 36907
72 51747 33652
33636 50547 3230
33117 18412 35174
226 53631 37082
33632 18094 36259
40 20750 1618
418 50830 35162
33355 15982 33712
151 20674 3485
32941 53005 3268
822 18953 4312
33684 15125 33579
31 24362 4849
100 17793 550
960 49778 35339
33348 49094 1127
439 19061 3465
33115 49618 1010
33192 52285 3845
33016 19146 35476
738 18491 3609
425 50276 34634
796 51564 36919
134 51866 34537
187 52415 35567
35 19500 584
32809 52343 732
33714 14360 33252
415 53242 37495
648 17018 2073
32832 52828 1628
966 48427 34016
120 53905 36392
33268 51875 3707
386 48510 33298
315 53016 36957
523 17973 2647
32870 51380 959
386 20039 4284
32785 55149 2020
33364 49995 2111
33400 50627 2845
32811 55635 3880
33354 18427 35985
285 48142 33057
33511 15572 33665
163 52957 35935
362 52313 36390
33313 49728 1703
33262 16295 33713
82 21655 3553
33197 19358 36450
879 47557 33402
896 15237 842
1014 52214 37858
971 19148 4722
33034 15826 33155
33358 48014 557
33648 17126 35310
33479 16370 34180
574 49420 34216
921 17395 2854
32910 20648 36138
933 47818 33560
32903 51719 1627
378 19569 3727
32785 21164 33675
33693 16874 35160
681 16774 1881
33134 18700 35639
33122 50363 1675
32862 20247 35125
1003 15673 1310
874 18607 4095
33126 18779 35709
33038 16721 33486
422 52237 36525
33571 15729 33860
858 47396 33319
32868 20908 35950
352 50464 34572
33586 52098 4607
450 50662 35119
922 50751 36256
33093 18784 35539
996 15720 1346
39935 25287 49862
62464 34060 15628
58369 15350 58360
61440 42170 22714
37888 31143 53671
24576 44855 54071
41985 19767 46392
36865 31199 52704
25600 10583 20823
24577 37157 46374
51199 62548 31744
55296 20064 60000
5119 57139 46898
22527 44819 51986
62463 45466 27033
13311 30728 28679
47104 24458 56202
52223 11276 48139
53249 1895 39785
6143 35103 32773
28671 54700 64512
6144 48672 39456
44031 51881 15016
19457 46648 50746
48127 55085 22316
55297 63547 31744
11264 14206 10110
44031 41294 4429
44031 17708 46379
43007 62739 24850
14337 51769 50747
26625 28460 31744
2047 31085 17772
23551 28610 31744
51199 13712 49551
8193 13496 6329
60416 50811 30331
19456 5318 9414
7167 18778 10585
62465 42150 23719
41983 46051 7138
34817 7721 32780
48127 47518 14749
47105 17936 49682
30719 50181 64512
33792 56149 9045
28671 16904 30215
48129 35074 2307
35839 30174 50653
49153 19052 52846
25599 36305 46544
21505 54936 61082
52223 35136 6463
57343 5855 47838
46081 51216 16401
3071 53979 41690
58367 49803 27274
27647 57847 64512
24575 15606 24821
43008 49233 11345
23553 4929 13123
58368 53983 31455
63487 38577 21168
55295 28290 64512
60416 44744 24264
3071 35817 32769
44032 29181 57853
45057 41130 5291
56319 14275 55234
34815 16262 35717
9216 64408 58264
55295 24026 63961
31743 49487 64512
21505 14570 20715
27648 24252 31744
50176 8522 43338
53247 23288 61175
10240 27192 22072
22528 13494 20662
45057 19999 49697
45056 30432 60128
62463 41489 23056
38911 8298 33050
24577 28712 31744
2048 10028 57
43008 18287 45935
22528 14129 21297
49153 31733 64512
20481 5305 10426
62465 50117 31687
39935 43377 2416
6143 30564 21347
25599 38445 48684
10240 20967 15847
50177 28785 63602
22527 38709 45876
58368 1152 44160
16384 29528 30552
46081 56715 21900
43009 58845 20958
9215 43093 36948
12287 11262 8189
49151 48566 16821
51199 31473 64512
55296 53346 27746
10241 27101 21982
58367 1494 44501
26624 13870 25134
61440 18240 64320
60416 27169 64512
1025 35099 32768
8192 40513 33568
30721 39180 54541
30719 57193 64512
25601 7237 17478
26623 23118 31744
64511 11819 60970
19456 34872 38968
11263 30262 26165
23553 22469 30663
6144 22778 13562
31743 31029 31744
57345 55501 31744
63489 31080 64512
52224 18093 54957
16384 22838 23862
47105 3471 35216
6144 47383 38167
18433 49691 52765
8193 33879 32777
26624 43087 54351
22527 27388 31744
18433 61162 64236
26625 51792 63058
62464 50166 31734
4097 36100 32771
23552 60553 64512
23551 57591 64512
59392 8801 52833
51200 1891 37731
17407 41719 43766
62464 17517 64512
40961 21336 46938
6144 48651 39435
15359 44331 44330
37888 42937 494
51200 51930 22234
23552 40197 48389
1024 54940 40604
55295 40297 14696
54272 19897 58809
16384 21192 22216
40960 2872 32797
53248 58993 31345
15360 58190 58190
22527 51050 58217
24576 46160 55376
5120 22986 12746
3072 38528 32774
23552 21098 29290
26625 26005 31744
25601 9442 19683
17408 35432 37480
62464 1391 48495
58368 3477 46485
47103 28817 60560
48128 62685 29917
4095 41958 32894
59393 53146 31644
61439 46183 26726
54271 8277 47188
3073 37581 32771
48127 48358 15589
36864 41850 120
17407 20772 22819
46081 57005 22191
22528 62704 64512
53247 38686 11037
14336 49907 48883
53248 7669 45557
25601 42546 52788
35839 53182 8125
49153 21478 55272
30720 41564 56924
12287 44882 41809
13312 17220 15172
57343 51591 28038
23551 2706 10897
41983 24406 51029
19455 54496 58591
49153 49408 17665
37887 57963 14954
50177 17765 52582
58367 25907 64512
57345 3212 45197
55295 43896 18295
2048 48122 34810
57343 16308 58291
10241 41657 36539
45057 40156 4317
49152 44396 12652
9216 45686 39542
2048 21349 8037
30720 3708 19068
23551 33927 42118
48129 45088 12321
26624 42322 53586
27649 6806 19096
2049 20073 6763
26623 42418 53681
6145 45680 36466
11263 22033 17936
34815 33994 0
59391 55389 31744
40959 40546 817
50177 14860 49678
30721 17320 31744
54271 43933 17308
39936 26596 51172
13312 60846 58798
17407 24695 26742
58368 8104 51112
39936 17357 41933
22527 42385 49552
3072 29155 16867
3072 5770 7
26624 43460 54724
15360 47475 47475
11264 37834 33765
47103 50494 16701
47105 3224 34969
28672 40500 53812
9216 62593 56449
56319 50359 25782
34816 20878 40334
45055 7010 36705
20480 55450 60570
35840 41093 36
4096 20007 8743
4096 57716 46452
60415 24850 64512
15359 53263 53262
17409 20852 22901
39936 19807 44383
37888 11921 34449
19455 62124 64512
50177 29580 64398
56319 4353 45312
39937 18850 43427
18432 45888 48960
11264 52893 48797
24576 4469 13685
43009 1606 32818
8192 4117 65
7169 43804 35614
63489 4970 53100
24577 26758 31744
39935 5595 32862
34817 22640 42097
41985 43851 4941
55296 58863 31744
50176 15236 50052
17407 44658 46705
62463 39013 20580
53249 57745 30098
21503 56305 62448
20481 39231 44352
24575 25887 31744
53247 55624 27975
1025 56562 42227
27648 36116 48404
43008 51703 13815
9217 59563 53420
5121 55081 44843
16384 20128 21152
40960 58668 18732
64511 3507 52658
35840 43616 204
14336 24171 23147
25599 9704 19943
34817 29345 48803
14337 48536 47513
46081 3601 34323
57345 23489 64512
43007 39255 1366
44032 46254 9390
34815 24730 44185
5119 15305 5064
19457 59752 63849
38912 22344 45896
20480 57442 62562
52224 47598 18926
26623 49546 60809
37887 59875 16866
59391 29796 64512
12287 56847 53774
24577 11758 20975
52223 47788 19115
4096 1384 1
36863 19752 41255
52224 9775 46639
6145 13112 3898
57343 51494 27941
37889 40076 73
36865 10331 33047
9217 35154 32811
30721 37704 53066
1025 57943 43609
44032 18986 47658
4097 57493 46230
43009 62390 24504
44031 31463 60134
60417 56705 31744
19457 49117 53215
9217 54523 48380
57344 41761 18209
34816 22465 41921
6143 23749 14532
36864 27658 49162
48129 49636 16869
38912 54580 12596
23552 21329 29521
58368 38586 16058
46080 10016 40736
60415 26932 64512
28673 41821 55135
21503 33998 40141
48129 38287 5520
57345 5637 47623
2049 3149 1
52223 12492 49355
12287 54119 51046
39937 34790 8
22528 38942 46110
45056 18122 47818
12287 5660 2587
19455 23992 28087
35840 1527 32768
6144 29288 20072
47104 53823 20031
13312 27709 25661
43007 44568 6679
61441 55164 31744
15359 2949 2948
11265 36661 33230
61439 50048 30591
54272 54903 28279
60416 30093 64512
14336 14897 13873
15360 39626 39626
5119 28054 17813
31743 60336 64512
61441 52058 31744
43008 36374 195
38913 42742 892
21504 5001 11145
57344 13235 55219
50175 58888 28167
47104 3884 35628
61439 23583 64512
46080 34515 437
12289 62281 59211
50176 12296 47112
38911 14921 38472
25601 31628 31744
45056 9084 38780
45056 11752 41448
50176 50946 20226
4096 3444 3
29696 37176 51512
50175 14712 49527
30720 53623 64512
34815 14401 33856
16385 55846 56872
14336 46919 45895
62465 38269 19838
56319 26840 64512
53247 60911 31744
20479 63405 64512
40961 11001 36603
5120 15356 5116
14335 28367 27342
62464 46790 28358
52224 63933 31744
64511 34165 17780
21505 6746 12892
57343 47063 23510
33793 54411 7308
57345 54955 31405
28673 55985 64512
51201 25675 61516
56319 12866 53825
39937 5272 32842
64511 61839 31744
18433 54369 57442
37888 21479 44007
39936 48667 7707
51201 26025 61866
4095 51983 40718
27648 57021 64512
54271 9615 48526
60416 47931 27451
39937 52093 11135
4097 39685 32796
47105 17325 49071
36865 22840 44345
27649 27513 31744
26625 34124 45389
38913 3037 32776
27647 5122 17409
28671 24234 31744
29696 8957 23293
62463 40649 22216
1024 24701 10365
46079 22704 53423
25599 37603 47842
30720 62339 64512
6143 43122 33905
48127 8742 41509
26624 40748 52012
25599 18494 28733
51199 53817 24120
28673 45072 58385
7168 44598 36406
6145 37850 32799
17407 64166 64512
58369 20013 63023
30721 57530 64512
47104 17099 48843
56319 36002 11425
13313 9372 7325
19455 50830 54925
17409 49991 52041
20481 45209 50330
26624 14554 25818
51201 41066 11371
15361 52410 52411
55295 34854 9253
36863 26110 47613
8193 12038 4872
4097 14900 3638
60415 28408 64512
14336 6910 5886
48129 34820 2053
15359 26531 26530
45057 56665 20826
14336 55630 54606
63488 10553 58681
22527 13164 20331
40961 42488 2553
2049 15319 2009
15361 11117 11119
49151 9007 42798
28672 34132 47444
45055 36940 1099
23553 48831 57025
52225 58900 30230
58369 47687 25161
39936 6200 32903
52225 29463 64512
38912 60735 18751
51200 57433 27737
33793 29385 47819
10239 1067 33
63489 55759 31744
50176 19080 53896
55295 49699 24098
25599 50426 60665
13312 60424 58376
35840 15757 36237
21505 11024 17170
59393 62933 31744
26625 60615 64512
14335 18715 17690
9217 43138 36995
2047 14854 1541
38912 31585 55137
30719 39703 55062
60415 49177 28696
21504 57164 63308
25599 28737 31744
61440 55783 31744
27648 5708 17996
61441 37886 18432
41984 41848 2936
29697 4094 18432
50176 17484 52300
51199 25643 61482
59391 4771 48802
28673 4775 18089
2047 20327 7014
46080 53346 18530
7169 35162 32779
1025 17272 2938
56320 50236 25660
28672 52928 64512
43007 20572 48219
12287 44284 41211
51200 31514 64512
35839 58964 13907
2048 14760 1448
28671 48064 61375
1025 27052 12717
38913 40452 193
25600 39642 49882
21505 49008 55154
61440 5415 51495
58367 26128 64512
34817 39389 6
30719 8271 23630
20481 37704 42826
10241 7396 2277
27649 52712 64512
61440 18707 64512
10241 6071 988
27649 5727 18017
4096 38762 32783
56320 22574 63534
15359 55371 55370
59392 35150 13646
21503 16397 22540
50177 53803 23085
31743 50642 64512
17408 12270 14318
12287 23005 19932
19456 13006 17102
11263 12668 8571
12287 18531 15458
1025 24531 10197
28672 42670 55982
39936 47541 6581
61441 19145 64512
10239 49268 44147
51201 9104 44946
13312 26414 24366
27649 24195 31744
36865 12623 34128
20481 36665 41787
37889 29995 52524
63487 13317 61444
21504 18722 24866
23551 24436 31744
45057 3108 33299
55295 49952 24351
6144 58706 49490
16383 37280 38303
45055 10162 39857
61440 44325 24869
7168 63289 55097
48128 50886 18118
59393 14297 58331
62465 26524 64512
26625 22917 31744
58369 24115 64512
26623 28017 31744
56320 29544 64512
55297 50464 24865
13313 3809 1763
12288 56431 53359
20479 24286 29405
56319 17820 58779
47104 13446 45190
22527 45125 52292
53247 19803 57690
9215 1103 17
60416 20760 64512
3071 64482 52193
58368 10805 53813
12288 10589 7517
25600 20306 30546
41985 7989 34615
43007 63259 25370
61439 42571 23114
49153 1972 35766
38913 6997 32885
53247 25059 62946
34817 40299 11
33793 46925 468
58368 62172 31744
38911 53537 11552
6143 13382 4165
61439 19587 64512
35839 11837 33167
5120 5929 29
38912 41821 471
48128 56151 23383
10240 23563 18443
37888 3725 32775
9216 2977 61
13312 14990 12942
15359 54502 54501
44032 11200 39872
62465 25800 64512
28673 56316 64512
15360 26464 26464
6144 60749 51533
39935 63409 22448
45057 25452 55150
23553 30032 31744
7167 30504 22311
52224 53946 25274
50177 46881 16163
7168 2393 11
52225 2848 39714
53248 38921 11273
30719 27500 31744
16385 26323 27349
13311 7161 5112
53249 7607 45496
48127 24877 57644
15361 23548 23550
17407 3065 5112
8192 38399 32960
2048 37089 32769
25599 54937 64512
45057 2626 33169
36863 51198 7165
52225 23475 60341
33792 39319 3
15360 25466 25466
62465 37789 19359
39936 3942 32798
15359 4277 4276
5121 38199 32789
24577 53947 63165
24576 17936 27152
43009 26614 54264
36864 57450 13418
45056 16726 46422
39937 1887 32775
26625 59703 64512
22529 52944 60114
33793 53518 6415
36863 34941 1
39935 60097 19136
6144 24587 15371
52224 24070 60934
30719 30488 31744
55297 42454 16855
7169 6008 120
16383 37670 38693
13312 39185 37137
13313 34663 33242
18431 14329 17400
49153 12406 46199
61440 27807 64512
27648 59317 64512
58367 16134 59141
45055 61771 25930
26624 56993 64512
54271 51291 24666
13311 7973 5924
62464 21948 64512
28671 6970 20281
11263 39674 35577
8193 11149 3983
54273 35852 9229
15361 51385 51386
61440 4600 50680
63489 21184 64512
15359 43958 43957
63489 25172 64512
50177 48373 17654
39935 24917 49492
5120 27722 17482
34817 42488 48
29695 39468 53803
18431 5022 8093
63488 45250 27842
48128 6823 39591
44033 18618 47291
36863 8988 32882
23551 17613 25804
30719 10480 25839
2049 52981 39671
57343 24304 64512
49153 61066 29324
12288 17244 14172
6144 51660 42444
48129 31276 64046
56321 42370 17795
40961 8875 34477
22527 20165 27332
30721 8929 24291
2047 38296 32771
22527 61449 64512
44033 41310 4447
5119 13520 3279
22529 31036 31744
51201 37574 7880
40960 10715 36315
44032 23287 51959
4095 60515 49250
39936 26509 51085
57344 15542 57526
22528 21712 28880
31743 17573 31744
54273 40874 14252
10241 58140 53022
30720 6553 21913
62465 29821 64512
29696 41238 55574
43007 26770 54417
14337 61665 60642
47103 4563 36306
46081 48956 14142
15359 1592 1591
5120 55308 45068
11263 52486 48389
36863 29011 50514
47105 2078 33823
4097 47134 35871
56319 47564 22987
34816 15912 35368
16383 40933 41956
24575 19755 28970
15359 63444 63443
13313 62569 60522
60416 31574 64512
56321 23675 64512
34816 30654 50110
30721 4232 19593
4096 1985 1
50177 42909 12191
13312 21131 19083
5121 58464 48225
37887 37106 10
55297 15371 55308
60415 48568 28087
60417 7156 52214
58368 5162 48170
24575 19557 28772
57344 23180 64512
57343 9552 51535
60416 56690 31744
22529 20247 27417
40961 42139 2204
59391 37044 15539
56320 18783 59743
55297 9993 49931
9215 29729 23584
24576 5529 14745
23552 46963 55155
56320 20462 61422
8193 31733 24567
48127 21224 53991
24575 29273 31744
17407 49738 51785
59391 47801 26296
64511 51165 31744
46080 61671 26855
62464 30362 64512
47104 31495 63239
41983 16403 43026
3071 58129 45840
9217 20864 14721
19455 40381 44476
62463 51776 31744
63488 28605 64512
36865 13521 35026
30720 22531 31744
49151 17797 51588
17409 2754 4804
46079 48928 14111
36863 5585 32780
53248 10974 48862
39936 27820 52396
9215 31621 25476
55295 63862 31744
21504 37282 43426
49153 8078 41872
22528 11671 18839
22528 3616 10784
10239 25223 20102
48129 37320 4553
38913 18354 41908
36863 4189 32772
7169 36019 32787
62465 58699 31744
9215 21882 15737
33793 29642 48076
55296 43130 17530
12289 53801 50731
64511 3403 52554
59391 38309 16804
50176 5929 40745
38913 10934 34488
55296 8197 48133
12289 61474 58403
45057 3175 33332
16384 21376 22400
38913 61305 19323
13311 20523 18474
9216 29467 23323
8191 57970 50801
54273 48295 21672
31743 9514 25897
10239 15469 10348
50177 64099 31744
16384 21987 23011
8191 21467 14298
13313 47710 45664
2047 43022 32833
62464 24628 64512
63489 60356 31744
39935 55349 14388
5121 34129 32769
14336 57750 56726
23552 44638 52830
29696 11510 25846
52224 27581 64445
24575 10088 19303
11265 14396 10301
20479 30143 31744
20479 24086 29205
30719 15170 30529
11265 15004 10910
48128 50267 17499
8192 34464 32781
1025 40581 32775
35839 38943 8
9215 2776 55
8193 50992 43826
59392 57478 31744
26625 22783 31744
23553 31590 31744
1024 20549 6213
18432 59773 62845
27647 44124 56411
61439 8941 55020
37887 8950 32991
54271 37596 10971
20480 25852 30972
8191 31406 24237
23552 62724 64512
23551 53080 61271
39936 16306 40882
10240 49376 44256
50176 20808 55624
17407 41888 43935
63488 17690 64512
8191 21820 14651
14336 62596 61572
56320 26783 64512
18432 33913 36985
17409 6103 8153
38913 11278 34831
7169 1121 4
58368 29159 64512
59391 37356 15851
62464 2241 49345
22527 21067 28234
33792 61183 14079
29697 2658 16996
51199 58523 28826
3073 3423 1
61439 13228 59307
49151 19015 52806
5121 22419 12181
26625 8512 19777
2047 34845 32768
26624 15786 27050
60416 61907 31744
26625 13957 25223
5120 15811 5571
38912 52126 10142
60415 58073 31744
61441 17620 63701
20480 45834 50954
47103 36958 3165
57345 63677 31744
51200 49362 19666
60416 47255 26775
43009 57079 19193
29695 10488 24823
28673 29695 31744
49153 53611 21868
36863 3155 32770
27647 7554 19841
54271 14801 53712
61439 45200 25743
1025 45974 33011
29695 27472 31744
14335 23701 22676
47104 51588 17796
22527 8004 15171
56320 39456 14880
40959 3796 32823
50175 36301 5580
58368 43136 20608
43008 35219 89
9216 4207 142
46081 28775 59496
17408 3813 5861
33793 45515 186
37889 10017 33225
13311 36882 34833
17409 20186 22236
11263 25095 20998
39935 21931 46506
64511 20235 64512
63488 41531 24123
51200 17011 52851
61441 40943 21489
7167 51368 43175
30720 53251 64512
60417 4503 49560
20479 23204 28323
52225 4631 41497
36865 25458 46964
44031 57987 21122
58367 41358 18829
4097 13650 2387
63489 59205 31744
59393 17326 61360
19457 4059 8157
12287 34647 33003
7169 43651 35461
43009 61732 23845
58369 37325 14798
41985 28671 55296
4097 39968 32801
63487 58735 31744
23551 24073 31744
43008 4394 33098
26624 52921 64185
44032 60658 23794
29697 48979 63317
11265 64237 60143
51201 20721 56562
12287 19375 16302
62465 39352 20921
3072 62872 50584
54271 35187 8562
39935 59263 18302
6144 16551 7335
35841 31122 51603
19457 20011 24109
48128 1186 33954
18431 6645 9716
23552 2612 10804
44032 64286 27422
11265 24920 20825
36865 43164 295
35839 63028 17971
38911 29445 52996
14336 21452 20428
45057 52400 16561
46079 21250 51969
52223 45666 16993
37887 37983 17
53247 14703 52590
6143 59757 50540
50175 48390 17669
12287 6434 3361
27648 25662 31744
51201 18711 54552
47105 52960 19170
4097 29457 18195
46080 30345 61065
39937 7963 33223
28673 3887 17201
16385 41523 42549
39937 12198 36776
36864 53274 9242
11263 54740 50643
44031 57472 20607
29697 51384 64512
13312 23256 21208
21505 17466 23611
47105 10726 42471
46081 61485 26670
39937 50809 9851
56320 63797 31744
51200 48248 18552
54273 44062 17439
62464 11007 58111
22527 20103 27270
16383 36359 37382
5119 48355 38114
35840 25182 45662
58369 45333 22806
24577 60538 64512
62463 30098 64512
25599 14023 24262
31743 34555 50938
63488 19804 64512
35839 55891 10834
16385 46341 47366
23552 25475 31744
27649 6524 18813
10241 5137 521
50175 12190 47005
33792 59990 12886
30721 13154 28516
61439 59798 31744
10240 40495 35375
39937 24445 49023
55296 61530 31744
53249 3840 41730
31743 27275 31744
0 36726 32768
31743 30339 31744
32768 57380 0
64511 62590 31744
32768 40507 0
32768 31463 32768
64512 7087 64512
0 42718 32768
64512 15818 64512
31743 64215 64512
64512 12256 64512
64511 62503 31744
0 6704 0
32768 19834 32768
31743 61625 64512
64512 6890 64512
31744 38798 64512
32768 61115 0
64511 28623 64512
32768 48780 0
31744 4643 31744
64512 47798 31744
31743 28466 31744
0 35777 32768
32768 34672 0
64512 24976 64512
32768 48342 0
32768 41791 0
31744 24656 31744
64512 1901 64512
32768 41287 0
64511 28295 64512
31743 31693 31744
31743 28623 31744
64512 14969 64512
31743 60688 64512
32768 29828 32768
31743 27181 31744
64511 28310 64512
64512 59130 31744
64512 41789 31744
64511 58063 31744
0 36127 32768
64512 61374 31744
64511 60177 31744
31744 25690 31744
64511 26978 64512
31744 47994 64512
31743 29720 31744
31743 58086 64512
31744 48765 64512
32768 57663 0
31743 26688 31744
64511 59037 31744
64511 30309 64512
31744 6229 31744
32768 13558 32768
64512 62834 31744
64511 28413 64512
31744 16983 31744
0 8041 0
64512 33896 31744
0 16496 0
32768 18878 32768
31743 29969 31744
0 27541 0
0 40208 32768
32768 57930 0
64512 47608 31744
31743 27160 31744
31744 7188 31744
0 3766 0
31744 13785 31744
64511 60695 31744
64511 28434 64512
64512 54256 31744
64512 46993 31744
31744 3047 31744
64512 51282 31744
32768 61138 0
64512 58844 31744
31744 19034 31744
64512 17906 64512
31743 64196 64512
0 62291 32768
31744 60023 64512
0 21365 0
32768 35816 0
64512 63058 31744
32768 36907 0
31744 5591 31744
32768 40067 0
32768 8657 32768
0 6428 0
32768 10556 32768
31743 59275 64512
31743 60929 64512
0 7636 0
0 44440 32768
64512 56942 31744
64512 49678 31744
64511 29251 64512
31743 57636 64512
64511 27224 64512
64512 63987 31744
32768 35059 0
32768 17864 32768
64512 26871 64512
64511 26392 64512
31743 60110 64512
31744 59986 64512
32768 39762 0
31744 41492 64512
32768 57730 0
31743 29453 31744
64511 24683 64512
64512 49229 31744
0 44777 32768
0 12254 0
64511 28586 64512
31744 42808 64512
64511 63589 31744
31743 26422 31744
32768 16717 32768
64512 62091 31744
31744 9706 31744
64511 59916 31744
31744 9867 31744
0 46686 32768
64511 62353 31744
64511 27050 64512
31744 24702 31744
31743 58733 64512
0 19479 0
64511 59953 31744
31743 58136 64512
32768 3398 32768
31743 59727 64512
64511 57640 31744
31744 27128 31744
64512 22053 64512
0 3123 0
64512 20550 64512
64512 1976 64512
64512 48543 31744
32768 57906 0
64511 26773 64512
0 60555 32768
31744 37747 64512
31743 24785 31744
32768 13764 32768
31744 7693 31744
32768 29730 32768
64512 8487 64512
0 42137 32768
31743 62825 64512
0 62122 32768
64511 29822 64512
0 40775 32768
31743 57347 64512
64512 1639 64512
64512 42950 31744
0 47361 32768
0 45271 32768
0 15105 0
64511 61110 31744
64511 31480 64512
31744 13079 31744
31743 59424 64512
31743 30351 31744
32768 6107 32768
0 35609 32768
31744 44572 64512
64511 61264 31744
64512 28228 64512
64512 8167 64512
64511 30957 64512
64511 61533 31744
31744 62225 64512
31744 29371 31744
31744 43109 64512
32768 22257 32768
64512 21513 64512
0 18327 0
64511 30526 64512
31744 12316 31744
31744 22162 31744
64512 25327 64512
32768 44576 0
64512 47848 31744
64512 61533 31744
64512 19210 64512
32768 16882 32768
64512 11735 64512
64511 24696 64512
0 34775 32768
0 26694 0
0 58167 32768
31743 63829 64512
32768 51445 0
64511 58097 31744
0 16663 0
64511 28223 64512
32768 48222 0
0 48619 32768
32768 58021 0
32768 16068 32768
31744 9159 31744
32768 10054 32768
0 6943 0
31743 58588 64512
31744 28184 31744
31744 47987 64512
32768 27735 32768
64512 59517 31744
32768 36640 0
31744 59575 64512
64511 58511 31744
64511 26499 64512
31743 60673 64512
64512 8963 64512
64512 54870 31744
32768 54894 0
31744 23977 31744
31743 57653 64512
32768 49315 0
32768 39852 0
64512 9152 64512
64512 1791 64512
64511 61987 31744
64511 27496 64512
32768 50410 0
0 61972 32768
0 8156 0
0 49567 32768
0 6856 0
64511 63528 31744
31743 63534 64512
64512 44237 31744
32768 36560 0
31743 31310 31744
0 35362 32768
64511 31445 64512
0 59992 32768
31743 27119 31744
32768 39863 0
31743 59282 64512
31743 26690 31744
31743 25971 31744
32768 55006 0
31744 4709 31744
31743 62381 64512
64511 30907 64512
32768 60482 0
31743 63301 64512
31744 18847 31744
31743 28696 31744
32768 23645 32768
32768 29413 32768
32768 41786 0
31744 12196 31744
32768 180 32768
64512 37753 31744
31743 58727 64512
64511 31502 64512
31744 25115 31744
32768 34922 0
31744 1749 31744
0 32999 32768
64511 58899 31744
32768 60968 0
0 31705 0
64512 40515 31744
31743 61916 64512
0 55312 32768
31744 8113 31744
31743 61499 64512
32768 53635 0
64511 58708 31744
32768 54149 0
64511 26609 64512
64512 62427 31744
31744 16466 31744
0 59134 32768
32768 5298 32768
64511 31647 64512
0 24167 0
0 6441 0
0 21470 0
32768 7166 32768
64511 27738 64512
32768 28487 32768
64511 30506 64512
31743 29607 31744
32768 41113 0
31744 42555 64512
64512 35992 31744
64512 30031 64512
32768 54982 0
31743 27103 31744
31743 61131 64512
0 24748 0
64511 58503 31744
64512 33903 31744
64512 47585 31744
64512 49315 31744
31743 61837 64512
32768 25546 32768
32768 13532 32768
32768 10657 32768
64512 5076 64512
64511 29902 64512
0 23990 0
31743 29298 31744
31744 25932 31744
31744 19951 31744
64512 36750 31744
31744 21962 31744
31743 62624 64512
64512 7819 64512
0 21132 0
64512 29973 64512
31743 58929 64512
0 51535 32768
64511 58643 31744
31743 58569 64512
64512 63977 31744
32768 22060 32768
64512 62287 31744
64511 59572 31744
0 49022 32768
0 19544 0
64511 24962 64512
31743 63940 64512
31743 58127 64512
31744 38569 64512
31744 52223 64512
64511 62882 31744
0 40113 32768
0 9252 0
31744 21505 31744
31744 7380 31744
64511 28197 64512
0 61004 32768
32768 55167 0
31743 63847 64512
64511 60955 31744
64511 29386 64512
0 51249 32768
64512 10992 64512
64512 57528 31744
31743 61462 64512
64512 3632 64512
31744 1703 31744
64512 52215 31744
31744 60246 64512
0 48614 32768
0 2105 0
31744 44193 64512
0 5815 0
64512 46881 31744
0 1211 0
0 51706 32768
32768 5184 32768
31744 7720 31744
32768 19349 32768
32768 8603 32768
31744 22430 31744
31744 4401 31744
64512 36570 31744
0 56061 32768
31744 5931 31744
64511 61001 31744
64512 22633 64512
64512 48076 31744
64511 60035 31744
31744 10880 31744
31744 14831 31744
0 30575 0
31743 59552 64512
64511 63246 31744
64511 62872 31744
0 31298 0
31743 59343 64512
31744 31353 31744
31744 4556 31744
31744 48366 64512
64511 63268 31744
0 35868 32768
64512 57080 31744
32768 27021 32768
64511 62142 31744
0 7976 0
31744 22289 31744
0 14873 0
32768 3996 32768
31744 44808 64512
0 61914 32768
31743 31229 31744
0 59880 32768
0 2079 0
32768 63313 0
64512 19537 64512
32768 2617 32768
64511 57927 31744
31744 13065 31744
0 45504 32768
31744 29291 31744
31743 63017 64512
64511 63972 31744
31744 1175 31744
32768 35993 0
32768 53858 0
64512 34286 31744
31743 27700 31744
31743 60836 64512
32768 62852 0
32768 34739 0
64511 63474 31744
64512 6218 64512
31744 54067 64512
64512 9126 64512
64511 61927 31744
0 11905 0
64512 47312 31744
64512 16707 64512
31743 31309 31744
31743 30185 31744
0 43924 32768
0 59198 32768
32768 42817 0
64512 62415 31744
64511 60159 31744
32768 5539 32768
0 57364 32768
64512 43047 31744
31743 31224 31744
64511 25099 64512
64511 63540 31744
0 23095 0
64511 29423 64512
64512 7188 64512
31744 30809 31744
31744 56751 64512
64512 1516 64512
31744 27574 31744
32768 51415 0
32768 23056 32768
31744 10871 31744
64511 27237 64512
31744 5873 31744
0 60123 32768
32768 24606 32768
31744 29388 31744
32768 20713 32768
31743 59824 64512
0 9050 0
31744 57797 64512
31743 30681 31744
31744 51640 64512
64511 57957 31744
32768 10135 32768
32768 53470 0
32768 52313 0
0 26052 0
32768 41049 0
31743 24668 31744
32768 62421 0
31743 58097 64512
64512 35434 31744
31743 60978 64512
32768 52681 0
64511 59374 31744
31744 57663 64512
0 28890 0
31743 30914 31744
31743 62057 64512
64511 29428 64512
31744 15733 31744
31743 58747 64512
31744 43286 64512
31744 50840 64512
31743 26060 31744
31743 63505 64512
64511 63761 31744
32768 10676 32768
31744 31307 31744
64512 34157 31744
0 13730 0
31744 57810 64512
64512 10454 64512
57384 63947 31744
62342 22933 64512
59426 44629 23179
27820 57399 64512
25584 53152 63377
57041 57421 31744
24302 42309 51345
18141 28700 31501
48832 57462 25479
50079 43939 13126
46792 45699 11653
28117 2487 15403
16080 25903 26730
1027 42517 32792
12937 5033 2626
26404 28942 31744
1306 39385 32772
12470 15245 12402
34209 43141 51
49471 1090 35222
48472 24586 57701
17868 53385 55955
51123 43544 13789
54679 17289 56644
7300 29835 21793
11570 34903 32948
8641 17542 10882
27422 41847 53924
50097 53719 22941
55390 26689 64512
5145 23056 12854
23258 22408 30323
4075 49729 38449
62450 51508 31744
3689 6115 13
36339 54623 10237
47711 42755 9622
54864 17629 57261
34128 18241 37073
57693 39150 16028
8487 49142 42273
6255 50665 41613
22086 19890 26743
61950 19590 64512
12335 25767 22750
17882 22487 25020
12853 34526 33109
43645 33945 60
60272 34357 13765
63653 55895 31744
26919 41697 53358
61668 55602 31744
50179 6200 41019
9874 59142 53701
29609 20733 31744
4532 18745 8050
48565 50104 17794
7533 15280 7479
20179 56525 61464
24340 15218 24214
61485 4848 51006
26311 21170 31744
53950 5049 43650
2257 40840 32786
6157 5825 55
10882 28735 24296
61339 11476 57495
40336 37844 87
30515 35989 51232
58599 20403 63672
49394 54012 22609
59412 1970 46040
37641 27814 50198
15416 14036 14132
16146 52786 53626
15413 60336 60427
36496 30609 51765
19524 5477 9665
17819 20587 23089
55399 48508 23049
14019 48953 47643
7460 22312 14489
7776 24324 16791
56257 52187 27549
27086 43367 55255
7314 34958 32778
45673 59753 24662
6470 13608 4812
25116 27631 31744
27688 3741 16095
57171 46536 22859
61782 26784 64512
43087 57929 20165
9825 39532 34079
60685 17497 62845
9493 59896 54165
43011 48144 10259
60964 59136 31744
11094 49737 45507
54132 3631 42435
53973 18926 57616
22036 2703 9468
48691 58133 25981
54896 49066 23083
25861 10166 20695
9328 38126 33118
39291 30835 54809
63033 10355 58092
35376 24440 44487
22662 14995 22383
63602 55604 31744
58395 63791 31744
46339 1556 33255
20092 26657 31409
35510 26444 46623
50965 53209 23282
26957 47538 59276
58601 1800 45137
25661 59370 64512
2668 2169 0
52608 57230 28978
46949 36383 2472
22434 44191 51305
28779 13397 26825
8205 34213 32779
33806 63995 16912
64300 22985 64512
35047 41345 27
25198 57156 64512
27010 16823 28638
64285 59561 31744
55048 48010 22176
40443 9817 35007
62665 28643 64512
61337 38297 18769
2501 15597 2843
39658 29310 53660
47332 58865 25412
21294 16466 22465
11035 4636 695
63332 37711 20160
26163 18560 29433
14641 56585 55945
31092 53293 64512
35006 4867 32770
12970 13964 11636
23474 15411 23562
39527 14913 39169
19578 11194 15443
38861 38213 41
1104 50092 35875
53505 1097 39260
46483 30516 61701
19968 21059 25778
41549 38602 342
25608 23725 31744
51858 41106 12162
61967 50121 31205
43270 39650 2130
37178 47871 4242
33857 14397 33345
5722 49865 40291
62596 14424 61671
19201 15447 19353
12144 44081 40907
45510 64377 29029
41169 51164 11451
4513 14111 3331
53829 59418 31744
22277 12311 19245
35556 44861 399
44684 12596 42050
7633 23163 15542
62242 64006 31744
47547 61636 28372
17065 21652 23455
2932 56518 44146
7124 24832 16612
44617 51764 15584
23947 8747 17478
26521 35175 46369
22563 29472 31744
4263 37318 32775
28665 43934 57239
9126 19367 13137
23771 59942 64512
63813 10866 59455
21910 8789 15468
47092 26070 57805
21162 28535 31744
23947 61794 64512
43922 52762 15814
24157 58765 64512
45074 5383 35102
47930 54255 21291
13700 37283 35782
16797 4703 6264
44457 42156 5788
20554 60505 64512
29640 6629 20924
55841 25315 64512
16243 21530 22435
25458 8513 18660
44924 57742 21810
8164 19288 12094
46321 7847 38940
30135 37852 52637
24193 23356 31744
51846 18664 55296
14724 45360 44839
53199 4287 42146
41331 54242 14687
37705 57742 14607
14697 38688 38098
9907 26525 21088
29699 19917 31744
44491 3995 33473
14806 2054 1503
30575 15036 30274
42069 40506 1726
55464 41635 16314
1900 11745 175
59872 14530 59133
38849 7811 32970
34930 54136 8230
11138 7646 3458
42609 46767 8546
56038 55564 30810
5463 58985 49223
57205 30390 64512
63606 2008 50272
53089 38298 10539
35158 41128 25
41400 59030 19637
15513 17774 17982
49622 49973 18754
64326 12371 61405
17878 41800 44368
19672 2084 6404
21359 24960 31004
48864 64325 31744
18094 48906 51681
39240 12466 36403
24797 58309 64512
52493 45592 17330
59102 63195 31744
30034 9122 23827
30366 5507 20623
3923 2830 2
25513 27950 31744
11419 48163 44227
45503 61193 25870
62815 61791 31744
50449 22583 57687
18506 51201 54347
38907 43617 1629
9051 42060 35815
45784 44274 9275
61511 11330 57486
28112 17110 29943
33808 29908 48359
38770 3141 32776
40337 13573 38652
13462 60372 58493
47701 7585 40053
61036 28645 64512
45524 43366 8158
46476 59507 25131
30908 50435 64512
6917 20285 11866
6445 28692 19783
25360 6488 16568
37661 24748 47143
24845 49611 59217
11188 62780 58634
5601 30945 21292
5776 14566 5125
58002 48024 25149
12719 28272 25747
18606 29276 31744
19985 58976 63702
16760 31092 31744
28873 40611 54256
5344 49176 39165
55170 29013 64512
23180 17341 25173
52249 64499 31744
28433 40902 53982
45833 40114 5153
53293 41259 13669
17265 23691 25658
22291 9519 16533
64262 16130 64512
13370 19789 17818
4936 27121 16744
59447 31331 64512
20127 29942 31744
54428 58309 31744
40947 21259 46848
20842 3079 8563
53858 11986 50545
49786 48513 17525
11744 41376 37922
54912 20723 60421
61893 41823 22865
31455 11692 27871
28055 54117 64512
7466 62807 55013
21190 6800 12686
54303 9964 48930
50209 11677 46539
59439 37890 16433
63513 24799 64512
15159 48166 47996
39858 11768 36286
37885 51815 8805
23396 53184 61225
26437 6605 17733
34175 60738 14137
3163 57082 44953
34165 46718 567
35134 10538 32876
29592 24824 31744
10033 17892 12620
57563 56208 31744
28213 17011 29953
23491 28169 31744
8400 23675 16740
22153 55520 62455
4470 54477 43662
62027 61047 31744
17081 64449 64512
7870 42228 34861
12812 1570 297
44464 31433 60627
50208 56981 26314
38582 42718 737
56547 6618 47910
3255 54570 42518
61110 30372 64512
26148 26916 31744
20396 56417 61491
56834 28035 64512
13424 43033 41100
10195 59083 53925
2250 25757 12678
26145 27251 31744
5682 4075 12
9956 54261 48859
46140 52925 18210
22817 29834 31744
29744 57457 64512
17303 43352 45330
39914 3925 32797
56892 57524 31744
45110 25448 55244
39137 19656 43477
57723 17096 59557
58721 11476 54910
56467 10018 51220
61590 49683 30455
47373 14256 46298
28758 11426 24838
17335 27134 29127
15703 44296 44727
2142 25087 11916
13909 9092 7667
40259 31297 56349
58907 41054 19114
16891 55348 56905
53158 38077 10376
5805 34275 32770
25318 10523 20583
64236 30761 64512
25668 46133 56445
17387 8111 10139
29384 18264 31744
5681 57866 48300
8847 57459 51020
63998 44109 27249
13056 20755 18545
4219 23127 12058
60900 35916 15956
12081 10855 7617
21189 5945 11805
23921 35627 44256
22681 12952 20372
26871 48442 60029
38525 18341 41523
20944 53984 59647
25808 14748 25280
55514 63890 31744
16831 56404 57912
25108 22973 31744
20863 37310 42980
31283 50540 64512
52864 39054 11111
59748 15451 59871
64460 26604 64512
16829 6413 7999
61898 9212 55751
5075 6655 47
3893 13042 1602
25357 44209 54306
4434 40188 32821
12700 25698 23077
19305 24963 28955
8239 44423 37320
46245 16723 47663
49315 14710 48725
16940 20360 21967
47577 50232 16939
52133 42941 14181
16433 25409 26522
45134 20750 50545
35101 44439 229
48702 43933 11761
48876 43489 11542
11008 12931 8627
9895 16923 11540
30685 54830 64512
50861 30933 64512
5672 13892 4306
38978 3616 32781
2498 16204 3392
64164 9572 58490
37390 29879 52003
17404 41585 43630
30271 47217 62191
60168 42357 21708
2460 49073 36197
61889 47311 28395
58120 38792 16031
63101 63365 31744
37220 16406 38274
29822 11023 25581
18007 5038 7702
28243 60590 64512
35722 21180 41561
37081 46589 2882
2279 24230 11283
42140 63374 24666
13678 42013 40341
60173 54118 31744
61790 35275 16326
9652 6088 710
26986 58483 64512
56443 30662 64512
46465 44439 10161
50644 19191 54547
14137 22345 21140
47375 15051 47180
45007 29534 59185
53960 39979 13073
6370 38041 32813
15200 12264 12106
26549 58350 64512
7232 17354 9251
52424 11753 48913
28894 13051 26687
47398 54858 21516
9145 63985 57788
64048 23005 64512
1802 36107 32769
39969 9323 33935
4773 9244 218
16393 52086 53127
62141 45004 26257
46788 41802 7722
57765 21751 64258
40022 37507 56
21623 29508 31744
62471 14557 61670
6812 14574 6163
5278 1560 2
39595 51657 10450
23231 26004 31744
17106 3018 4772
37264 13488 35461
29559 23605 31744
27882 56361 64512
64485 20091 64512
56180 2133 43017
58184 47939 25244
47253 45820 12288
42708 62263 24104
51040 4419 40154
54204 49588 22916
54089 59846 31744
29865 12488 27026
45685 47851 12693
25911 49059 59642
49575 15715 50077
53657 15707 54143
41357 3380 32826
45446 61494 26065
38433 1149 32770
5644 35887 32774
10244 34010 32807
49750 7114 41515
43239 61940 24396
39138 48090 6347
31507 38232 54458
60852 46721 26787
61984 48016 29130
51514 14095 50333
64450 4602 53708
3215 36254 32770
34333 57753 11335
37854 27644 50138
14957 24712 24391
34741 18799 38204
34227 16445 35338
2260 57034 44057
39336 38854 88
23339 7226 15251
14998 11084 10754
40000 42191 1308
36707 16884 38271
35320 63064 17596
63308 20442 64512
38900 62945 20952
19309 13790 17778
37623 3495 32773
7722 15455 7868
8881 17657 11305
54382 37962 11456
20426 31111 31744
54693 59380 31744
41394 36134 59
16367 18675 19688
53918 62298 31744
37731 52492 9385
18349 37886 40875
25960 30594 31744
28419 41136 54300
61647 3894 50262
11538 23157 19480
7319 62541 54511
28649 16849 30144
15959 14480 15163
12459 27380 24591
63135 43525 25851
47548 26560 58766
13033 34305 33100
36274 24876 45917
44774 4936 34375
15519 5726 5979
5780 4789 22
60858 63527 31744
25891 55759 64512
56279 51191 26574
26656 17792 29100
3140 50423 38219
29993 53056 64512
19433 60916 64512
59312 45863 24287
9469 29679 23794
37873 36794 8
15760 10468 10957
18945 39902 43495
16219 23643 24577
44781 21475 50900
7839 9460 2073
6306 40626 33016
62856 36642 18671
1163 36384 32768
42109 4871 33020
13243 11085 8974
59351 60731 31744
59632 38119 16909
17774 30863 31744
54739 42010 15865
64172 10588 59512
25489 53496 63667
39817 59207 18139
34374 29133 48269
46154 62355 27664
17783 57824 60419
45765 21906 52407
29881 49957 64512
18084 58963 61760
44280 22054 51107
30741 10195 25596
21952 62907 64512
2756 58581 46102
10401 19253 14380
30939 23230 31744
4857 13399 2961
53544 63011 31744
37898 23266 45811
46966 2556 34197
38457 9258 33183
17243 43983 45870
38263 22497 45410
46599 29763 61036
16405 7044 8107
1439 23101 9314
55520 15850 56117
35687 57653 12497
55159 5306 45161
55620 8610 49002
11070 9403 5192
35034 30594 50318
9478 44146 38293
16891 41411 43087
47341 22044 54150
7308 23456 15445
12239 62238 59122
6542 6687 136
52195 25274 62114
19970 55724 60482
58640 36952 14719
2882 20809 8395
42547 64236 25949
53975 26365 64512
51092 13093 48837
37895 41718 224
16619 28092 29453
62736 53284 31744
46118 11364 42126
1916 26648 13225
38379 21131 44247
28027 24352 31744
39609 5579 32846
34650 63667 17489
53600 63946 31744
16408 54341 55391
37301 6787 32805
13112 11029 8804
22412 45303 52399
20921 39902 45473
49603 15130 49437
15327 38892 38859
23270 57291 64512
50021 39514 8671
50657 42443 12354
19094 38060 41905
36014 53448 8600
41337 20507 46494
26633 9720 20997
7082 14202 5930
50043 49679 18858
59401 30357 64512
40846 61851 21835
23638 9129 17447
62347 31454 64512
18237 23891 26833
36454 59321 14893
41503 21302 47492
14171 19931 18786
63078 25411 64512
24762 15639 25092
16448 8753 9876
62333 9741 56746
41411 21726 47875
54548 38591 12360
23523 34883 43060
38474 5664 32807
10473 18612 13766
47343 38711 5235
10787 20969 16521
8679 31384 24797
60100 53456 31744
35325 64473 18912
16023 48284 49048
23182 57179 64512
24551 22876 31744
11522 47740 44047
19054 22578 26302
3092 7618 23
7381 55628 47718
25682 18920 29281
55033 2815 42521
37560 62092 18816
27476 61837 64512
49217 20754 54628
50483 21997 57268
43770 13122 41556
19997 7442 12224
47826 43166 10207
7351 47780 39892
17933 23615 26220
49142 20336 54119
45395 46102 10608
22551 24350 31559
37661 41948 224
59786 62223 31744
21086 24825 30698
8963 8021 1645
54243 3182 42078
61844 34790 15746
29861 5768 20373
19826 23383 27903
43706 9926 38322
47423 19508 51587
26316 63397 64512
29635 3297 17596
59553 30923 64512
2504 56155 43345
49982 5920 40563
50968 15583 51282
27152 4421 16381
16346 18290 19279
15442 51072 51213
7825 62709 55314
49400 46101 14610
20854 30086 31744
37099 1262 32769
30634 11222 26498
52176 19334 56153
16919 61637 63299
63642 2310 50631
44033 59990 23128
11307 3566 395
61696 56676 31744
28184 34630 47498
1761 15361 1763
30837 28730 31744
3727 43361 33050
39512 51853 10546
23387 13745 21820
26307 5138 16097
7799 29374 21875
5566 11557 1891
61263 30026 64512
59190 39167 17537
44705 36772 810
60329 61009 31744
63647 43129 25899
60298 50830 30253
57813 29942 64512
58712 44257 22149
23849 42035 50539
3372 44704 33316
9831 47951 42457
17216 30016 31744
7438 22040 14259
48080 50370 17573
23900 38602 47244
58784 33918 11857
2426 43428 32892
38147 54250 11509
55534 1612 41923
60605 11424 56699
58104 45149 22426
29369 51831 64512
39051 24845 48573
57668 40863 17668
38483 5089 32793
25833 15630 26164
8242 13508 6400
46319 8305 39290
42124 28022 54837
61330 40138 20616
2670 8191 26
36516 50619 6338
9645 9427 3800
5180 30816 20642
4007 59860 48531
35358 52928 7465
38325 34852 3
5329 45943 35967
31047 29855 31744
18405 29990 31744
23793 34145 42661
38004 9614 33164
13115 37118 34947
61245 7434 53391
10000 12731 7439
17888 58076 60682
23471 24979 31744
63095 44355 26689
54676 56442 30270
35263 4048 32769
18556 13362 16564
63534 12211 60422
35333 39049 7
40037 63771 22940
7857 49383 42010
47950 44920 11986
41583 37279 145
55599 13190 53472
55850 47354 22443
17194 27426 29283
50837 42161 12216
16857 14906 16525
7982 11358 4055
40913 22622 48196
61838 45263 26285
10680 29326 24752
10177 28464 23287
2476 13408 794
38204 43696 1120
57219 38932 15273
14647 53142 52466
25722 38893 49263
52309 22024 59016
5763 26492 16920
22279 31296 31744
21870 11403 17963
52259 37886 9250
17717 41388 43874
62646 5333 52657
9579 16130 10431
19599 29720 31744
51001 15701 51408
37347 10940 33402
39163 9392 33515
40568 43714 3447
18195 29330 31744
62518 58561 31744
31385 22849 31744
57875 56987 31744
21303 8352 14380
24906 62922 64512
62048 23585 64512
18093 21645 24472
54713 15093 54522
22658 12406 19719
24135 38685 47509
3977 40394 32812
55006 10419 50185
11637 24141 20556
18365 17467 20504
27280 43221 55277
24384 10052 19094
23657 46981 55333
23184 40374 48303
49373 23815 57885
64272 14643 63639
14034 2009 856
18318 11225 14185
13344 63254 61263
52209 12923 49775
40466 46777 6426
56675 22663 64025
10008 13208 7868
43504 49315 12002
14244 29161 28069
15881 31677 31744
19688 9067 13453
54577 4712 44072
31225 61759 64512
34243 5265 32770
62934 63512 31744
56935 44169 20290
19846 12549 17134
41596 8290 34587
44489 23565 52700
25352 53175 63176
27844 43501 56079
36018 30462 51227
34249 20857 39914
47563 59568 26314
61993 40249 21510
28184 40354 53322
63654 51329 31744
49306 48443 16900
23610 25578 31744
1334 31396 17491
7203 47441 39296
23231 36788 44671
23054 61198 64512
27701 10581 22940
10871 16150 11706
50872 17372 52890
3322 39022 32779
16665 59384 60692
11500 55891 52168
44284 30976 59963
54081 5099 43822
41158 13193 39039
45826 60160 25122
9191 2113 34
35038 1709 32768
16196 31148 31744
6858 49155 40655
1581 48259 34551
22326 59567 64512
50421 3668 38872
37949 13218 35851
29572 6304 20568
45467 61314 25923
7573 34723 32779
42831 16089 43585
18978 12970 16668
13887 40126 38760
19700 61532 64512
31460 48338 64512
52836 16391 53871
59113 38553 16819
11854 49572 46194
43927 10984 39565
51119 57409 27670
29402 29508 31744
53086 40205 12455
63414 30218 64512
13117 5684 3485
57873 19276 61833
19348 36928 40967
54709 56891 30834
35010 24858 44561
4022 26518 15184
53938 36605 9689
63543 30965 64512
41399 52396 12973
46645 17637 49048
54314 57238 30694
61452 8924 55025
58449 44186 21751
62518 56592 31744
40296 60848 20400
43492 11556 39826
55676 1100 41444
61476 56036 31744
18009 4138 6812
48583 9129 42376
58549 4608 47888
17116 24297 26093
17237 4908 6803
38855 53749 11723
54450 17851 57018
27213 5767 17700
54628 41927 15678
7594 30531 22820
34817 11162 32890
21058 28319 31744
57523 10707 52952
41106 34725 17
18342 57646 60660
48731 14201 47600
8648 2867 42
54965 1605 41282
60213 48598 27970
43611 35893 214
5362 23778 13833
14345 48344 47331
37296 5501 32784
28884 54944 64512
41474 42181 2858
15313 18930 18895
35486 21048 41253
21095 43995 49737
38601 14319 37563
28511 19932 31744
17220 7779 9677
5265 3008 4
52693 52021 23873
59997 34982 14181
44215 2616 33003
14964 13419 13089
63736 9949 58435
47636 53406 20228
18311 34912 37918
18639 41281 44625
27537 27146 31744
63916 29544 64512
45063 62860 27030
26538 45813 57002
13805 12888 11443
38626 43251 1090
3927 47551 36166
5473 45106 35236
20530 47082 52262
38739 6205 32830
47642 44715 11542
44437 36119 455
51970 43527 14664
39272 21958 46030
34079 23908 42727
39597 7698 33092
59629 9191 53470
42423 50171 11699
1257 28833 14767
58856 41362 19485
62040 59581 31744
12991 6737 4436
50325 4145 39117
11938 29339 25978
3077 12582 662
50406 30935 64512
41219 59732 20141
36746 42638 198
33889 47756 917
59443 44825 23411
10710 27922 23398
41014 16087 41779
11234 52323 48211
61837 58661 31744
57606 11504 53811
41241 17488 43391
39054 38700 65
47628 19604 51948
4443 60923 50177
39250 34720 5
37011 45225 1364
38935 52049 10107
7732 63540 55941
50680 25017 60485
