# input_a input_b input_c input_d opcode sel result zero_flag
0 0 0 0 0 0 0 1
255 255 255 255 15 1 0 1
222 125 91 189 13 1 0 1
188 251 182 122 10 1 0 1
121 247 109 245 5 1 134 0
243 238 219 234 11 0 0 1
231 221 183 213 6 1 158 0
206 187 111 171 12 0 0 1
157 119 223 86 8 1 0 1
59 239 190 173 1 1 76 0
118 222 125 91 2 0 86 0
236 188 251 182 5 0 19 0
216 121 247 109 10 0 0 1
177 243 238 219 4 1 66 0
99 231 221 183 8 0 0 1
199 206 187 111 1 1 249 0
143 157 119 223 2 0 141 0
30 59 239 190 4 0 37 0
61 118 222 125 9 0 0 1
123 236 188 251 3 1 255 0
246 216 121 247 7 0 62 0
237 177 243 238 14 0 0 1
219 99 231 221 12 1 0 1
182 199 206 187 8 1 0 1
108 143 157 119 1 1 221 0
216 30 59 239 3 0 222 0
176 61 118 222 6 0 27 0
96 123 236 188 13 0 0 1
192 246 216 121 11 1 0 1
128 237 177 243 7 1 17 0
0 219 99 231 15 0 0 1
0 182 199 206 15 1 0 1
1 108 143 157 15 1 0 1
2 216 30 59 15 1 0 1
5 176 61 118 15 1 0 1
10 96 123 236 14 1 0 1
21 192 246 216 12 1 0 1
43 128 237 177 8 1 0 1
86 0 219 99 0 1 148 0
173 0 182 199 0 0 42 0
91 1 108 143 0 0 87 0
182 2 216 30 1 0 180 0
109 5 176 61 3 0 109 0
218 10 96 123 7 0 191 0
180 21 192 246 15 0 0 1
105 43 128 237 15 1 0 1
210 86 0 219 15 1 0 1
164 173 0 182 14 1 0 1
73 91 1 108 13 1 0 1
147 182 2 216 11 1 0 1
39 109 5 176 6 1 44 0
79 218 10 96 12 0 0 1
158 180 21 192 9 1 0 1
60 105 43 128 2 1 40 0
120 210 86 0 4 0 170 0
240 164 173 0 8 0 0 1
225 73 91 1 0 1 134 0
195 147 182 2 1 0 48 0
135 39 109 5 3 0 167 0
15 79 218 10 7 0 66 0
30 158 180 21 14 0 0 1
60 60 105 43 12 1 0 1
121 120 210 86 8 1 0 1
243 240 164 173 0 1 52 0
230 225 73 91 1 0 5 0
205 195 147 182 2 0 193 0
154 135 39 109 4 0 29 0
52 15 79 218 8 0 0 1
105 30 158 180 0 1 217 0
210 60 60 105 1 0 150 0
164 121 120 210 2 0 32 0
72 243 240 164 4 0 187 0
144 230 225 73 9 0 0 1
33 205 195 147 3 1 237 0
66 154 135 39 7 0 138 0
133 52 15 79 14 0 0 1
11 105 30 158 13 1 0 1
23 210 60 60 10 1 0 1
47 164 121 120 4 1 139 0
95 72 243 240 9 0 0 1
190 144 230 225 2 1 144 0
125 33 205 195 5 0 130 0
250 66 154 135 10 0 0 1
244 133 52 15 5 1 11 0
233 11 105 30 11 0 0 1
210 23 210 60 7 1 247 0
165 47 164 121 15 0 0 1
74 95 72 243 15 1 0 1
148 190 144 230 14 1 0 1
41 125 33 205 13 1 0 1
83 250 66 154 11 1 0 1
167 244 133 52 7 1 84 0
78 233 11 105 15 0 0 1
157 210 23 210 14 1 0 1
58 165 47 164 13 1 0 1
117 74 95 72 10 1 0 1
235 148 190 144 5 1 20 0
214 41 125 33 10 0 0 1
172 83 250 66 4 1 255 0
89 167 244 133 8 0 0 1
179 78 233 11 1 1 101 0
103 157 210 23 2 0 5 0
206 58 165 47 5 0 49 0
156 117 74 95 10 0 0 1
56 235 148 190 4 1 211 0
113 214 41 125 8 0 0 1
226 172 83 250 0 1 219 0
196 89 167 244 1 0 107 0
136 179 78 233 2 0 128 0
17 103 157 210 4 0 118 0
34 206 58 165 9 0 0 1
69 156 117 74 2 1 4 0
138 56 235 148 5 0 117 0
21 113 214 41 10 0 0 1
43 226 172 83 5 1 212 0
87 196 89 167 10 0 0 1
175 136 179 78 4 1 39 0
95 17 103 157 9 0 0 1
190 34 206 58 3 1 190 0
125 69 156 117 7 0 211 0
251 138 56 235 14 0 0 1
246 21 113 214 13 1 0 1
237 43 226 172 10 1 0 1
219 87 196 89 5 1 36 0
182 175 136 179 10 0 0 1
108 95 17 103 5 1 147 0
216 190 34 206 10 0 0 1
176 125 69 156 4 1 205 0
97 251 138 56 8 0 0 1
195 246 21 113 0 1 63 0
134 237 43 226 0 0 128 0
13 219 87 196 1 0 50 0
26 182 175 136 3 0 190 0
53 108 95 17 6 0 125 0
107 216 190 34 13 0 0 1
215 176 125 69 10 1 0 1
175 97 251 138 4 1 206 0
94 195 246 21 9 0 0 1
188 134 237 43 2 1 132 0
121 13 219 87 5 0 134 0
243 26 182 175 10 0 0 1
230 53 108 95 5 1 25 0
204 107 216 190 11 0 0 1
153 215 176 125 6 1 73 0
50 175 97 251 13 0 0 1
101 94 195 246 11 1 0 1
202 188 134 237 7 1 249 0
148 121 13 219 14 0 0 1
41 243 26 182 13 1 0 1
82 230 53 108 11 1 0 1
164 204 107 216 7 1 179 0
72 153 215 176 15 0 0 1
145 50 175 97 15 1 0 1
34 101 94 195 15 1 0 1
68 202 188 134 15 1 0 1
136 148 121 13 15 1 0 1
17 41 243 26 14 1 0 1
34 82 230 53 13 1 0 1
68 164 204 107 10 1 0 1
136 72 153 215 5 1 119 0
17 145 50 175 10 0 0 1
35 34 101 94 4 1 1 0
71 68 202 188 9 0 0 1
143 136 148 121 3 1 143 0
30 17 41 243 7 0 75 0
61 34 82 230 14 0 0 1
122 68 164 204 12 1 0 1
245 136 72 153 9 1 0 1
234 17 145 50 2 1 0 1
213 35 34 101 5 0 42 0
170 71 68 202 10 0 0 1
84 143 136 148 4 1 219 0
169 30 17 41 8 0 0 1
83 61 34 82 1 1 22 0
167 122 68 164 2 0 34 0
79 245 136 72 4 0 186 0
158 234 17 145 8 0 0 1
60 213 35 34 1 1 103 0
121 170 71 68 3 0 251 0
243 84 143 136 6 0 220 0
231 169 30 17 13 0 0 1
206 83 61 34 11 1 0 1
156 167 122 68 7 1 1 0
57 79 245 136 15 0 0 1
115 158 234 17 15 1 0 1
231 60 213 35 14 1 0 1
206 121 170 71 13 1 0 1
156 243 84 143 10 1 0 1
57 231 169 30 4 1 222 0
114 206 83 61 8 0 0 1
229 156 167 122 0 1 162 0
202 57 79 245 0 0 71 0
148 115 158 234 0 0 143 0
41 231 60 213 0 0 33 0
83 206 121 170 1 0 133 0
166 156 243 84 3 0 190 0
76 57 231 169 7 0 21 0
152 114 206 83 15 0 0 1
48 229 156 167 14 1 0 1
97 202 57 79 12 1 0 1
194 148 115 158 8 1 0 1
133 41 231 60 0 1 209 0
10 83 206 121 0 0 164 0
21 166 156 243 1 0 111 0
42 76 57 231 2 0 8 0
85 152 114 206 5 0 170 0
171 48 229 156 10 0 0 1
86 97 202 57 5 1 169 0
173 194 148 115 10 0 0 1
91 133 41 231 4 1 222 0
182 10 83 206 8 0 0 1
108 21 166 156 1 1 87 0
216 42 76 57 3 0 250 0
176 85 152 114 6 0 199 0
96 171 48 229 13 0 0 1
192 86 97 202 11 1 0 1
128 173 194 148 6 1 66 0
1 91 133 41 13 0 0 1
3 182 10 83 11 1 0 1
6 108 21 166 7 1 45 0
12 216 42 76 14 0 0 1
25 176 85 152 12 1 0 1
50 96 171 48 8 1 0 1
100 192 86 97 1 1 164 0
200 128 173 194 2 0 128 0
144 1 91 133 5 0 111 0
33 3 182 10 10 0 0 1
66 6 108 21 4 1 68 0
132 12 216 42 8 0 0 1
8 25 176 85 0 1 38 0
17 50 96 171 0 0 78 0
35 100 192 86 0 0 157 0
70 200 128 173 1 0 126 0
140 144 1 91 2 0 128 0
24 33 3 182 4 0 57 0
49 66 6 108 8 0 0 1
99 132 12 216 1 1 223 0
199 8 25 176 3 0 207 0
143 17 50 96 6 0 113 0
31 35 100 192 12 0 0 1
62 70 200 128 8 1 0 1
124 140 144 1 1 1 240 0
248 24 33 3 2 0 24 0
241 49 66 6 5 0 14 0
227 99 132 12 11 0 0 1
198 199 8 25 6 1 206 0
141 143 17 50 13 0 0 1
27 31 35 100 10 1 0 1
55 62 70 200 4 1 9 0
111 124 140 144 8 0 0 1
223 248 24 33 0 1 16 0
190 241 49 66 0 0 34 0
124 227 99 132 0 0 70 0
248 198 199 8 1 0 50 0
240 141 143 17 3 0 253 0
224 27 31 35 7 0 61 0
192 55 62 70 14 0 0 1
129 111 124 140 13 1 0 1
3 223 248 24 11 1 0 1
7 190 241 49 6 1 248 0
15 124 227 99 13 0 0 1
31 248 198 199 11 1 0 1
63 240 141 143 7 1 75 0
127 224 27 31 15 0 0 1
254 192 55 62 14 1 0 1
252 129 111 124 13 1 0 1
249 3 223 248 11 1 0 1
242 7 190 241 6 1 176 0
229 15 124 227 12 0 0 1
203 31 248 198 9 1 0 1
150 63 240 141 2 1 22 0
45 127 224 27 4 0 82 0
90 254 192 55 8 0 0 1
181 252 129 111 1 1 185 0
107 249 3 223 2 0 105 0
215 242 7 190 4 0 37 0
175 229 15 124 9 0 0 1
94 203 31 248 3 1 223 0
188 150 63 240 6 0 134 0
120 45 127 224 13 0 0 1
240 90 254 192 11 1 0 1
224 181 252 129 6 1 220 0
192 107 249 3 12 0 0 1
129 215 242 7 9 1 0 1
2 175 229 15 3 1 175 0
4 94 203 31 7 0 76 0
8 188 150 63 15 0 0 1
16 120 45 127 14 1 0 1
33 240 90 254 13 1 0 1
66 224 181 252 10 1 0 1
133 192 107 249 5 1 122 0
11 129 215 242 11 0 0 1
23 2 175 229 7 1 173 0
46 4 94 203 14 0 0 1
92 8 188 150 12 1 0 1
184 16 120 45 8 1 0 1
113 33 240 90 0 1 220 0
226 66 224 181 1 0 160 0
197 133 192 107 3 0 197 0
139 11 129 215 6 0 226 0
23 23 2 175 12 0 0 1
47 46 4 94 8 1 0 1
94 92 8 188 1 1 2 0
188 184 16 120 3 0 188 0
120 113 33 240 7 0 250 0
240 226 66 224 14 0 0 1
225 197 133 192 13 1 0 1
194 139 11 129 10 1 0 1
132 23 23 2 5 1 123 0
8 47 46 4 10 0 0 1
17 94 92 8 5 1 238 0
35 188 184 16 11 0 0 1
71 120 113 33 7 1 81 0
143 240 226 66 15 0 0 1
31 225 197 133 14 1 0 1
63 194 139 11 12 1 0 1
126 132 23 23 8 1 0 1
253 8 47 46 1 1 245 0
250 17 94 92 2 0 16 0
245 35 188 184 5 0 10 0
235 71 120 113 11 0 0 1
215 143 240 226 6 1 199 0
174 31 225 197 13 0 0 1
93 63 194 139 11 1 0 1
186 126 132 23 7 1 211 0
117 253 8 47 14 0 0 1
235 250 17 94 12 1 0 1
214 245 35 188 8 1 0 1
173 235 71 120 0 1 87 0
91 215 143 240 1 0 132 0
183 174 31 225 3 0 191 0
111 93 63 194 6 0 31 0
222 186 126 132 13 0 0 1
189 117 253 8 11 1 0 1
122 235 250 17 7 1 112 0
244 214 245 35 15 0 0 1
233 173 235 71 14 1 0 1
210 91 215 143 12 1 0 1
164 183 174 31 9 1 0 1
73 111 93 63 3 1 111 0
147 222 186 126 7 0 169 0
39 189 117 253 15 0 0 1
78 122 235 250 15 1 0 1
157 244 214 245 15 1 0 1
58 233 173 235 15 1 0 1
117 210 91 215 15 1 0 1
234 164 183 174 15 1 0 1
213 73 111 93 15 1 0 1
170 147 222 186 14 1 0 1
84 39 189 117 13 1 0 1
169 78 122 235 11 1 0 1
83 157 244 214 6 1 71 0
166 58 233 173 13 0 0 1
77 117 210 91 10 1 0 1
155 234 164 183 4 1 113 0
54 213 73 111 8 0 0 1
109 170 147 222 1 1 195 0
218 84 39 189 2 0 80 0
181 169 78 122 5 0 74 0
107 83 157 244 11 0 0 1
215 166 58 233 6 1 17 0
174 77 117 210 13 0 0 1
93 155 234 164 10 1 0 1
187 54 213 73 4 1 141 0
118 109 170 147 8 0 0 1
237 218 84 39 0 1 66 0
219 181 169 78 1 0 38 0
183 107 83 157 2 0 35 0
111 215 166 58 4 0 184 0
223 174 77 117 9 0 0 1
190 93 155 234 3 1 255 0
124 187 54 213 7 0 66 0
248 118 109 170 14 0 0 1
240 237 218 84 13 1 0 1
224 219 181 169 10 1 0 1
192 183 107 83 5 1 63 0
129 111 215 166 11 0 0 1
2 223 174 77 7 1 220 0
4 190 93 155 14 0 0 1
9 124 187 54 13 1 0 1
18 248 118 109 11 1 0 1
36 240 237 218 7 1 219 0
72 224 219 181 15 0 0 1
145 192 183 107 15 1 0 1
34 129 111 215 15 1 0 1
69 2 223 174 14 1 0 1
138 4 190 93 13 1 0 1
20 9 124 187 11 1 0 1
40 18 248 118 7 1 168 0
81 36 240 237 14 0 0 1
163 72 224 219 13 1 0 1
70 145 192 183 10 1 0 1
140 34 129 111 5 1 115 0
24 69 2 223 10 0 0 1
49 138 4 190 4 1 187 0
98 20 9 124 8 0 0 1
197 40 18 248 0 1 247 0
138 81 36 240 1 0 57 0
21 163 72 224 2 0 1 0
42 70 145 192 4 0 108 0
84 140 34 129 9 0 0 1
168 24 69 2 3 1 184 0
80 49 138 4 7 0 15 0
160 98 20 9 15 0 0 1
64 197 40 18 15 1 0 1
129 138 81 36 14 1 0 1
3 21 163 72 13 1 0 1
7 42 70 145 11 1 0 1
15 84 140 34 6 1 155 0
30 168 24 69 13 0 0 1
61 80 49 138 10 1 0 1
123 160 98 20 4 1 219 0
247 64 197 40 8 0 0 1
238 129 138 81 0 1 74 0
221 3 21 163 1 0 218 0
186 7 42 70 3 0 191 0
116 15 84 140 6 0 155 0
233 30 168 24 12 0 0 1
210 61 80 49 9 1 0 1
165 123 160 98 2 1 33 0
74 247 64 197 4 0 189 0
148 238 129 138 8 0 0 1
41 221 3 21 1 1 76 0
83 186 7 42 2 0 18 0
166 116 15 84 5 0 89 0
77 233 30 168 11 0 0 1
154 210 61 80 7 1 249 0
52 165 123 160 14 0 0 1
104 74 247 64 12 1 0 1
209 148 238 129 8 1 0 1
163 41 221 3 1 1 122 0
70 83 186 7 3 0 87 0
140 166 116 15 7 0 181 0
25 77 233 30 15 0 0 1
50 154 210 61 14 1 0 1
101 52 165 123 13 1 0 1
202 104 74 247 11 1 0 1
148 209 148 238 6 1 40 0
41 163 41 221 12 0 0 1
83 70 83 186 9 1 0 1
167 140 166 116 3 1 175 0
79 25 77 233 6 0 2 0
159 50 154 210 12 0 0 1
63 101 52 165 9 1 0 1
126 202 104 74 3 1 254 0
252 148 209 148 7 0 245 0
249 41 163 41 15 0 0 1
242 83 70 83 14 1 0 1
229 167 140 166 12 1 0 1
202 79 25 77 8 1 0 1
149 159 50 154 0 1 0 1
43 63 101 52 0 0 3 0
87 126 202 104 1 0 217 0
174 252 148 209 2 0 172 0
92 249 41 163 5 0 163 0
184 242 83 70 11 0 0 1
112 229 167 140 6 1 23 0
224 202 79 25 13 0 0 1
192 149 159 50 10 1 0 1
128 43 63 101 5 1 127 0
1 87 126 202 11 0 0 1
3 174 252 148 7 1 65 0
6 92 249 41 14 0 0 1
12 184 242 83 12 1 0 1
25 112 229 167 9 1 0 1
51 224 202 79 3 1 243 0
102 192 149 159 6 0 95 0
204 128 43 63 13 0 0 1
153 1 87 126 11 1 0 1
51 3 174 252 6 1 225 0
102 6 92 249 13 0 0 1
204 12 184 242 10 1 0 1
152 25 112 229 5 1 103 0
48 51 224 202 11 0 0 1
96 102 192 149 7 1 27 0
193 204 128 43 14 0 0 1
131 153 1 87 12 1 0 1
6 51 3 174 9 1 0 1
12 102 6 92 3 1 110 0
24 204 12 184 7 0 168 0
49 152 25 112 14 0 0 1
99 48 51 224 12 1 0 1
198 96 102 192 9 1 0 1
141 193 204 128 2 1 129 0
26 131 153 1 5 0 229 0
53 6 51 3 10 0 0 1
106 12 102 6 5 1 149 0
212 24 204 12 11 0 0 1
168 49 152 25 6 1 64 0
80 99 48 51 13 0 0 1
161 198 96 102 11 1 0 1
66 141 193 204 6 1 3 0
132 26 131 153 13 0 0 1
9 53 6 51 11 1 0 1
19 106 12 102 7 1 239 0
38 212 24 204 15 0 0 1
76 168 49 152 15 1 0 1
152 80 99 48 15 1 0 1
49 161 198 96 15 1 0 1
99 66 141 193 14 1 0 1
199 132 26 131 13 1 0 1
143 9 53 6 11 1 0 1
31 19 106 12 7 1 168 0
63 38 212 24 14 0 0 1
126 76 168 49 13 1 0 1
252 152 80 99 11 1 0 1
248 49 161 198 6 1 153 0
240 99 66 141 13 0 0 1
225 199 132 26 10 1 0 1
195 143 9 53 4 1 76 0
134 31 19 106 8 0 0 1
13 63 38 212 1 1 206 0
27 126 76 168 2 0 26 0
55 252 152 80 4 0 203 0
110 248 49 161 9 0 0 1
221 240 99 66 3 1 253 0
186 225 199 132 6 0 101 0
116 195 143 9 12 0 0 1
232 134 31 19 8 1 0 1
208 13 63 38 1 1 195 0
161 27 126 76 2 0 1 0
66 55 252 152 5 0 189 0
133 110 248 49 11 0 0 1
10 221 240 99 6 1 250 0
20 186 225 199 13 0 0 1
40 116 195 143 11 1 0 1
81 232 134 31 6 1 215 0
163 208 13 63 13 0 0 1
70 161 27 126 10 1 0 1
141 66 55 252 4 1 207 0
27 133 110 248 9 0 0 1
54 10 221 240 2 1 2 0
108 20 186 225 4 0 120 0
216 40 116 195 9 0 0 1
176 81 232 134 3 1 241 0
96 163 208 13 7 0 224 0
192 70 161 27 14 0 0 1
129 141 66 55 12 1 0 1
3 27 133 110 8 1 0 1
6 54 10 221 1 1 208 0
12 108 20 186 2 0 12 0
25 216 40 116 4 0 193 0
50 176 81 232 8 0 0 1
100 96 163 208 0 1 55 0
200 192 70 161 1 0 8 0
145 129 141 66 3 0 145 0
35 3 27 133 7 0 198 0
71 6 54 10 15 0 0 1
143 12 108 20 15 1 0 1
31 25 216 40 14 1 0 1
62 50 176 81 13 1 0 1
124 100 96 163 10 1 0 1
248 200 192 70 4 1 48 0
240 145 129 141 9 0 0 1
225 35 3 27 3 1 227 0
195 71 6 54 6 0 125 0
134 143 12 108 12 0 0 1
13 31 25 216 9 1 0 1
26 62 50 176 2 1 26 0
53 124 100 96 4 0 73 0
106 248 200 192 9 0 0 1
212 240 145 129 2 1 208 0
169 225 35 3 4 0 72 0
82 195 71 6 8 0 0 1
165 134 143 12 0 1 198 0
75 13 31 25 0 0 144 0
150 26 62 50 1 0 124 0
44 53 124 100 3 0 61 0
89 106 248 200 7 0 131 0
179 212 240 145 15 0 0 1
102 169 225 35 14 1 0 1
204 82 195 71 12 1 0 1
152 165 134 143 9 1 0 1
49 75 13 31 2 1 1 0
99 150 26 62 5 0 156 0
198 44 53 124 10 0 0 1
140 89 106 248 5 1 115 0
24 179 212 240 10 0 0 1
49 102 169 225 4 1 87 0
99 204 82 195 9 0 0 1
199 152 165 134 2 1 128 0
142 49 75 13 4 0 191 0
29 99 150 26 8 0 0 1
59 198 44 53 1 1 117 0
119 140 89 106 2 0 4 0
238 24 179 212 4 0 246 0
221 49 102 169 9 0 0 1
187 99 204 82 2 1 35 0
118 199 152 165 5 0 137 0
236 142 49 75 10 0 0 1
217 29 99 150 4 1 196 0
179 59 198 44 8 0 0 1
102 119 140 89 0 1 194 0
205 238 24 179 0 0 134 0
154 221 49 102 0 0 14 0
52 187 99 204 1 0 121 0
104 118 199 152 2 0 96 0
209 236 142 49 4 0 61 0
163 217 29 99 9 0 0 1
70 179 59 198 3 1 247 0
141 102 119 140 7 0 246 0
27 205 238 24 15 0 0 1
55 154 221 49 14 1 0 1
110 52 187 99 13 1 0 1
220 104 118 199 11 1 0 1
184 209 236 142 6 1 164 0
112 163 217 29 13 0 0 1
224 70 179 59 10 1 0 1
193 141 102 119 5 1 62 0
130 27 205 238 11 0 0 1
4 55 154 221 7 1 178 0
9 110 52 187 15 0 0 1
19 220 104 118 15 1 0 1
39 184 209 236 15 1 0 1
79 112 163 217 15 1 0 1
158 224 70 179 15 1 0 1
60 193 141 102 15 1 0 1
120 130 27 205 14 1 0 1
241 4 55 154 13 1 0 1
227 9 110 52 11 1 0 1
199 19 220 104 7 1 30 0
142 39 184 209 15 0 0 1
29 79 112 163 14 1 0 1
59 158 224 70 13 1 0 1
119 60 193 141 11 1 0 1
239 120 130 27 7 1 4 0
222 241 4 55 14 0 0 1
189 227 9 110 12 1 0 1
123 199 19 220 8 1 0 1
247 142 39 184 0 1 100 0
238 29 79 112 1 0 209 0
221 59 158 224 2 0 25 0
186 119 60 193 5 0 69 0
117 239 120 130 10 0 0 1
235 222 241 4 4 1 53 0
215 189 227 9 8 0 0 1
175 123 199 19 0 1 4 0
94 247 142 39 1 0 103 0
189 238 29 79 2 0 172 0
123 221 59 158 5 0 132 0
246 186 119 60 11 0 0 1
236 117 239 120 6 1 219 0
217 235 222 241 13 0 0 1
178 215 189 227 11 1 0 1
101 175 123 199 6 1 224 0
203 94 247 142 13 0 0 1
150 189 238 29 10 1 0 1
44 123 221 59 4 1 87 0
88 246 186 119 9 0 0 1
177 236 117 239 2 1 160 0
99 217 235 222 4 0 186 0
198 178 215 189 9 0 0 1
140 101 175 123 2 1 4 0
25 203 94 247 4 0 210 0
50 150 189 238 9 0 0 1
101 44 123 221 2 1 36 0
203 88 246 186 5 0 52 0
150 177 236 117 10 0 0 1
44 99 217 235 4 1 79 0
89 198 178 215 9 0 0 1
179 140 101 175 2 1 128 0
102 25 203 94 4 0 127 0
205 50 150 189 8 0 0 1
154 101 44 123 0 1 166 0
52 203 88 246 1 0 105 0
105 150 177 236 2 0 0 1
211 44 99 217 4 0 255 0
166 89 198 178 8 0 0 1
76 179 140 101 1 1 153 0
152 102 25 203 3 0 254 0
49 205 50 150 6 0 99 0
99 154 101 44 13 0 0 1
199 52 203 88 10 1 0 1
142 105 150 177 5 1 113 0
28 211 44 99 10 0 0 1
57 166 89 198 4 1 159 0
114 76 179 140 9 0 0 1
229 152 102 25 2 1 128 0
202 49 205 50 5 0 53 0
149 99 154 101 11 0 0 1
43 199 52 203 6 1 95 0
86 142 105 150 12 0 0 1
173 28 211 44 9 1 0 1
91 57 166 89 2 1 25 0
183 114 76 179 4 0 197 0
111 229 152 102 8 0 0 1
222 202 49 205 1 1 20 0
189 149 99 154 2 0 149 0
123 43 199 52 5 0 132 0
246 86 142 105 11 0 0 1
237 173 28 211 6 1 9 0
218 91 57 166 12 0 0 1
181 183 114 76 8 1 0 1
106 111 229 152 0 1 86 0
213 222 202 49 1 0 247 0
171 189 149 99 2 0 169 0
86 123 43 199 4 0 45 0
173 246 86 142 8 0 0 1
90 237 173 28 0 1 16 0
180 218 91 57 0 0 34 0
104 181 183 114 1 0 179 0
209 106 111 229 3 0 251 0
163 213 222 202 6 0 159 0
71 171 189 149 13 0 0 1
142 86 123 43 11 1 0 1
28 173 246 86 6 1 18 0
57 90 237 173 12 0 0 1
115 180 218 91 8 1 0 1
230 104 181 183 0 1 186 0
205 209 106 111 0 0 119 0
154 163 213 222 0 0 240 0
52 71 171 189 1 0 237 0
104 142 86 123 2 0 8 0
208 28 173 246 4 0 204 0
160 57 90 237 8 0 0 1
65 115 180 218 0 1 66 0
131 230 104 181 1 0 157 0
6 205 209 106 3 0 207 0
13 154 163 213 6 0 111 0
27 52 71 171 12 0 0 1
55 104 142 86 9 1 0 1
110 208 28 173 3 1 254 0
220 160 57 90 6 0 250 0
185 65 115 180 12 0 0 1
115 131 230 104 9 1 0 1
231 6 205 209 2 1 6 0
207 13 154 163 4 0 194 0
159 27 52 71 9 0 0 1
63 55 104 142 3 1 63 0
126 110 208 28 6 0 138 0
253 220 160 57 13 0 0 1
250 185 65 115 10 1 0 1
245 115 131 230 5 1 10 0
234 231 6 205 11 0 0 1
212 207 13 154 7 1 74 0
169 159 27 52 14 0 0 1
83 63 55 104 13 1 0 1
167 126 110 208 10 1 0 1
78 253 220 160 4 1 179 0
156 250 185 65 8 0 0 1
57 245 115 131 1 1 68 0
115 234 231 6 2 0 98 0
231 212 207 13 4 0 51 0
206 169 159 27 9 0 0 1
157 83 63 55 2 1 17 0
58 167 126 110 4 0 157 0
116 78 253 220 8 0 0 1
232 156 250 185 0 1 55 0
208 57 245 115 0 0 113 0
161 115 234 231 0 0 229 0
67 231 212 207 1 0 92 0
135 206 169 159 3 0 207 0
14 157 83 63 6 0 220 0
29 58 167 126 13 0 0 1
58 116 78 253 10 1 0 1
116 232 156 250 5 1 139 0
233 208 57 245 11 0 0 1
211 161 115 234 6 1 70 0
166 67 231 212 12 0 0 1
77 135 206 169 9 1 0 1
154 14 157 83 2 1 10 0
53 29 58 167 5 0 202 0
107 58 116 78 11 0 0 1
215 116 232 156 7 1 207 0
174 233 208 57 15 0 0 1
93 211 161 115 14 1 0 1
186 166 67 231 13 1 0 1
116 77 135 206 10 1 0 1
233 154 14 157 5 1 22 0
210 53 29 58 10 0 0 1
165 107 58 116 4 1 206 0
74 215 116 232 9 0 0 1
149 174 233 208 2 1 132 0
43 93 211 161 5 0 212 0
87 186 166 67 11 0 0 1
175 116 77 135 6 1 252 0
95 233 154 14 12 0 0 1
190 210 53 29 8 1 0 1
124 165 107 58 0 1 198 0
249 74 215 116 1 0 175 0
243 149 174 233 3 0 247 0
230 43 93 211 7 0 65 0
204 87 186 166 14 0 0 1
152 175 116 77 13 1 0 1
49 95 233 154 10 1 0 1
99 190 210 53 4 1 221 0
198 124 165 107 9 0 0 1
140 249 74 215 2 1 136 0
25 243 149 174 5 0 230 0
50 230 43 93 10 0 0 1
100 204 87 186 5 1 155 0
201 152 175 116 11 0 0 1
146 49 95 233 6 1 241 0
36 99 190 210 12 0 0 1
72 198 124 165 9 1 0 1
144 140 249 74 3 1 156 0
33 25 243 149 6 0 174 0
67 50 230 43 13 0 0 1
135 100 204 87 11 1 0 1
14 201 152 175 7 1 30 0
28 146 49 95 14 0 0 1
57 36 99 190 12 1 0 1
115 72 198 124 9 1 0 1
230 144 140 249 3 1 246 0
204 33 25 243 6 0 20 0
153 67 50 230 13 0 0 1
51 135 100 204 11 1 0 1
102 14 201 152 6 1 47 0
204 28 146 49 12 0 0 1
152 57 36 99 9 1 0 1
49 115 72 198 3 1 115 0
98 230 144 140 7 0 100 0
196 204 33 25 15 0 0 1
137 153 67 50 14 1 0 1
19 51 135 100 13 1 0 1
38 102 14 201 11 1 0 1
76 204 28 146 7 1 198 0
153 152 57 36 14 0 0 1
50 49 115 72 12 1 0 1
100 98 230 144 9 1 0 1
200 196 204 33 3 1 204 0
144 137 153 67 6 0 204 0
32 19 51 135 13 0 0 1
64 38 102 14 11 1 0 1
129 76 204 28 6 1 77 0
3 153 152 57 13 0 0 1
6 50 49 115 10 1 0 1
12 100 98 230 5 1 243 0
24 200 196 204 10 0 0 1
49 144 137 153 5 1 206 0
98 32 19 51 11 0 0 1
197 64 38 102 7 1 145 0
138 129 76 204 15 0 0 1
20 3 153 152 14 1 0 1
41 6 50 49 12 1 0 1
82 12 100 98 9 1 0 1
164 24 200 196 3 1 188 0
73 49 144 137 6 0 186 0
146 98 32 19 12 0 0 1
36 197 64 38 9 1 0 1
72 138 129 76 2 1 8 0
144 20 3 153 5 0 111 0
33 41 6 50 10 0 0 1
67 82 12 100 5 1 188 0
134 164 24 200 11 0 0 1
12 73 49 144 6 1 61 0
24 146 98 32 12 0 0 1
49 36 197 64 9 1 0 1
99 72 138 129 2 1 64 0
199 144 20 3 4 0 87 0
142 33 41 6 8 0 0 1
28 67 82 12 0 1 189 0
56 134 164 24 1 0 178 0
113 12 73 49 3 0 125 0
227 24 146 98 7 0 239 0
198 49 36 197 15 0 0 1
141 99 72 138 14 1 0 1
26 199 144 20 12 1 0 1
53 142 33 41 8 1 0 1
106 28 67 82 0 1 27 0
213 56 134 164 1 0 157 0
170 113 12 73 2 0 32 0
85 227 24 146 5 0 170 0
170 198 49 36 11 0 0 1
84 141 99 72 7 1 140 0
169 26 199 144 14 0 0 1
82 53 142 33 12 1 0 1
165 106 28 67 9 1 0 1
75 213 56 134 3 1 223 0
150 170 113 12 7 0 189 0
44 85 227 24 15 0 0 1
89 170 198 49 14 1 0 1
179 84 141 99 13 1 0 1
102 169 26 199 11 1 0 1
204 82 53 142 6 1 1 0
152 165 106 28 12 0 0 1
49 75 213 56 9 1 0 1
99 150 170 113 2 1 2 0
199 44 85 227 5 0 56 0
143 89 170 198 11 0 0 1
30 179 84 141 6 1 114 0
60 102 169 26 12 0 0 1
121 204 82 53 8 1 0 1
243 152 165 106 1 1 91 0
231 49 75 213 2 0 33 0
207 99 150 170 5 0 48 0
159 199 44 85 10 0 0 1
63 143 89 170 5 1 192 0
127 30 179 84 11 0 0 1
255 60 102 169 7 1 74 0
254 121 204 82 15 0 0 1
253 243 152 165 14 1 0 1
250 231 49 75 13 1 0 1
244 207 99 150 10 1 0 1
232 159 199 44 4 1 119 0
208 63 143 89 9 0 0 1
160 127 30 179 3 1 255 0
65 255 60 102 7 0 226 0
130 254 121 204 14 0 0 1
5 253 243 152 13 1 0 1
11 250 231 49 10 1 0 1
23 244 207 99 5 1 232 0
46 232 159 199 10 0 0 1
92 208 63 143 5 1 163 0
184 160 127 30 11 0 0 1
113 65 255 60 7 1 237 0
226 130 254 121 15 0 0 1
196 5 253 243 14 1 0 1
136 11 250 231 13 1 0 1
16 23 244 207 10 1 0 1
32 46 232 159 4 1 14 0
64 92 208 63 8 0 0 1
128 184 160 127 1 1 200 0
1 113 65 255 2 0 1 0
2 226 130 254 4 0 224 0
4 196 5 253 9 0 0 1
9 136 11 250 3 1 137 0
18 16 23 244 6 0 4 0
36 32 46 232 12 0 0 1
72 64 92 208 8 1 0 1
145 128 184 160 0 1 105 0
35 1 113 65 0 0 214 0
71 2 226 130 1 0 69 0
142 4 196 5 2 0 4 0
29 9 136 11 5 0 226 0
59 18 16 23 10 0 0 1
118 36 32 46 4 1 82 0
236 72 64 92 8 0 0 1
216 145 128 184 1 1 71 0
177 35 1 113 2 0 33 0
99 71 2 226 4 0 36 0
199 142 4 196 9 0 0 1
143 29 9 136 3 1 159 0
31 59 18 16 6 0 75 0
62 118 36 32 12 0 0 1
124 236 72 64 8 1 0 1
248 216 145 128 0 1 225 0
241 177 35 1 0 0 198 0
226 99 71 2 1 0 127 0
197 199 142 4 2 0 197 0
139 143 29 9 5 0 116 0
22 31 59 18 10 0 0 1
44 62 118 36 5 1 211 0
89 124 236 72 10 0 0 1
178 248 216 145 5 1 77 0
100 241 177 35 10 0 0 1
201 226 99 71 4 1 43 0
146 197 199 142 9 0 0 1
36 139 143 29 2 1 0 1
72 22 31 59 5 0 183 0
144 44 62 118 10 0 0 1
33 89 124 236 4 1 120 0
67 178 248 216 9 0 0 1
134 100 241 177 3 1 230 0
13 201 226 99 7 0 27 0
26 146 197 199 14 0 0 1
52 36 139 143 12 1 0 1
105 72 22 31 9 1 0 1
211 144 44 62 3 1 211 0
167 33 89 124 6 0 157 0
78 67 178 248 12 0 0 1
157 134 100 241 9 1 0 1
59 13 201 226 2 1 9 0
119 26 146 197 5 0 136 0
239 52 36 139 11 0 0 1
222 105 72 22 6 1 38 0
189 211 144 44 12 0 0 1
123 167 33 89 8 1 0 1
247 78 67 178 0 1 58 0
239 157 134 100 0 0 118 0
222 59 13 201 1 0 163 0
188 119 26 146 2 0 52 0
121 239 52 36 5 0 134 0
242 222 105 72 11 0 0 1
228 189 211 144 7 1 4 0
201 123 167 33 15 0 0 1
146 247 78 67 15 1 0 1
37 239 157 134 15 1 0 1
74 222 59 13 15 1 0 1
148 188 119 26 15 1 0 1
41 121 239 52 14 1 0 1
82 242 222 105 13 1 0 1
165 228 189 211 10 1 0 1
75 201 123 167 4 1 130 0
150 146 247 78 9 0 0 1
44 37 239 157 2 1 36 0
88 74 222 59 5 0 167 0
176 148 188 119 10 0 0 1
97 41 121 239 5 1 158 0
195 82 242 222 10 0 0 1
134 165 228 189 5 1 121 0
13 75 201 123 10 0 0 1
27 150 146 247 4 1 141 0
55 44 37 239 8 0 0 1
110 88 74 222 1 1 22 0
220 176 148 188 3 0 252 0
185 97 41 121 7 0 188 0
114 195 82 242 14 0 0 1
228 134 165 228 13 1 0 1
200 13 75 201 11 1 0 1
145 27 150 146 6 1 39 0
34 55 44 37 12 0 0 1
68 110 88 74 9 1 0 1
136 220 176 148 3 1 220 0
16 185 97 41 7 0 83 0
33 114 195 82 15 0 0 1
67 228 134 165 15 1 0 1
135 200 13 75 15 1 0 1
14 145 27 150 15 1 0 1
28 34 55 44 14 1 0 1
57 68 110 88 12 1 0 1
114 136 220 176 8 1 0 1
228 16 185 97 1 1 212 0
201 33 114 195 2 0 1 0
147 67 228 134 4 0 208 0
38 135 200 13 8 0 0 1
77 14 145 27 0 1 7 0
155 28 34 55 0 0 16 0
55 57 68 110 0 0 34 0
110 114 136 220 0 0 68 0
220 228 16 185 0 0 137 0
185 201 33 114 1 0 240 0
114 147 67 228 2 0 18 0
228 38 135 200 5 0 27 0
201 77 14 145 10 0 0 1
146 155 28 34 4 1 9 0
37 55 57 68 8 0 0 1
74 110 114 136 1 1 220 0
149 220 228 16 2 0 148 0
42 185 201 33 4 0 147 0
85 114 147 67 8 0 0 1
171 228 38 135 0 1 60 0
86 201 77 14 1 0 141 0
173 146 155 28 3 0 191 0
91 37 55 57 7 0 240 0
183 74 110 114 14 0 0 1
111 149 220 228 12 1 0 1
223 42 185 201 8 1 0 1
190 85 114 147 0 1 24 0
125 171 228 38 1 0 210 0
250 86 201 77 3 0 254 0
245 173 146 155 6 0 72 0
234 91 37 55 13 0 0 1
212 183 74 110 11 1 0 1
168 111 149 220 6 1 61 0
81 223 42 185 12 0 0 1
163 190 85 114 9 1 0 1
70 125 171 228 2 1 68 0
141 250 86 201 4 0 119 0
26 245 173 146 9 0 0 1
53 234 91 37 3 1 255 0
107 212 183 74 6 0 30 0
215 168 111 149 12 0 0 1
174 81 223 42 9 1 0 1
93 163 190 85 2 1 1 0
186 70 125 171 4 0 252 0
117 141 250 86 9 0 0 1
234 26 245 173 3 1 250 0
213 53 234 91 7 0 79 0
170 107 212 183 15 0 0 1
84 215 168 111 14 1 0 1
169 174 81 223 12 1 0 1
82 93 163 190 9 1 0 1
165 186 70 125 3 1 191 0
75 117 141 250 6 0 111 0
151 234 26 245 13 0 0 1
47 213 53 234 11 1 0 1
94 170 107 212 6 1 201 0
189 84 215 168 12 0 0 1
122 169 174 81 9 1 0 1
244 82 93 163 3 1 246 0
233 165 186 70 7 0 142 0
210 75 117 141 14 0 0 1
165 151 234 26 13 1 0 1
74 47 213 53 10 1 0 1
149 94 170 107 4 1 203 0
42 189 84 215 8 0 0 1
84 122 169 174 0 1 37 0
168 244 82 93 0 0 75 0
80 233 165 186 0 0 152 0
160 210 75 117 0 0 50 0
64 165 151 234 1 0 155 0
129 74 47 213 2 0 0 1
3 149 94 170 5 0 252 0
7 42 189 84 11 0 0 1
15 84 122 169 7 1 134 0
30 168 244 82 14 0 0 1
60 80 233 165 12 1 0 1
120 160 210 75 9 1 0 1
240 64 165 151 2 1 64 0
224 129 74 47 4 0 97 0
192 3 149 94 9 0 0 1
128 7 42 189 3 1 135 0
0 15 84 122 7 0 221 0
0 30 168 244 14 0 0 1
0 60 80 233 12 1 0 1
1 120 160 210 8 1 0 1
3 240 64 165 0 1 216 0
7 224 129 74 0 0 178 0
14 192 3 149 1 0 78 0
28 128 7 42 2 0 0 1
56 0 15 84 4 0 56 0
112 0 30 168 9 0 0 1
225 0 60 80 2 1 0 1
194 1 120 160 5 0 61 0
133 3 240 64 10 0 0 1
10 7 224 129 4 1 13 0
21 14 192 3 9 0 0 1
43 28 128 7 2 1 8 0
86 56 0 15 5 0 169 0
173 112 0 30 10 0 0 1
91 225 0 60 4 1 186 0
182 194 1 120 8 0 0 1
109 133 3 240 0 1 229 0
218 10 7 224 1 0 208 0
180 21 14 192 3 0 181 0
105 43 28 128 7 0 48 0
210 86 56 0 15 0 0 1
164 173 112 0 15 1 0 1
73 91 225 0 15 1 0 1
146 182 194 1 14 1 0 1
37 109 133 3 13 1 0 1
75 218 10 7 11 1 0 1
150 180 21 14 6 1 171 0
45 105 43 28 12 0 0 1
90 210 86 56 9 1 0 1
181 164 173 112 2 1 164 0
106 73 91 225 4 0 35 0
212 146 182 194 9 0 0 1
168 37 109 133 3 1 173 0
80 75 218 10 7 0 127 0
160 150 180 21 15 0 0 1
65 45 105 43 14 1 0 1
130 90 210 86 13 1 0 1
5 181 164 173 11 1 0 1
11 106 73 91 6 1 84 0
22 212 146 182 13 0 0 1
44 168 37 109 11 1 0 1
89 80 75 218 6 1 164 0
178 160 150 180 12 0 0 1
100 65 45 105 8 1 0 1
201 130 90 210 0 1 119 0
146 5 181 164 1 0 141 0
37 11 106 73 3 0 47 0
74 22 212 146 6 0 168 0
148 44 168 37 12 0 0 1
41 89 80 75 9 1 0 1
83 178 160 150 2 1 18 0
166 100 65 45 5 0 89 0
77 201 130 90 10 0 0 1
155 146 5 181 5 1 100 0
55 37 11 106 11 0 0 1
110 74 22 212 6 1 132 0
220 148 44 168 12 0 0 1
184 41 89 80 8 1 0 1
112 83 178 160 0 1 21 0
224 166 100 65 0 0 43 0
193 77 201 130 1 0 116 0
130 155 146 5 3 0 155 0
5 55 37 11 6 0 66 0
10 110 74 22 12 0 0 1
21 220 148 44 9 1 0 1
43 184 41 89 2 1 40 0
87 112 83 178 4 0 39 0
175 224 166 100 8 0 0 1
95 193 77 201 0 1 54 0
191 130 155 146 1 0 61 0
127 5 55 37 3 0 127 0
255 10 110 74 7 0 193 0
255 21 220 148 15 0 0 1
255 43 184 41 15 1 0 1
255 87 112 83 14 1 0 1
255 175 224 166 12 1 0 1
254 95 193 77 9 1 0 1
253 191 130 155 3 1 255 0
250 127 5 55 7 0 181 0
245 255 10 110 14 0 0 1
235 255 21 220 13 1 0 1
215 255 43 184 11 1 0 1
174 255 87 112 7 1 116 0
93 255 175 224 15 0 0 1
187 254 95 193 15 1 0 1
119 253 191 130 14 1 0 1
238 250 127 5 12 1 0 1
220 245 255 10 8 1 0 1
185 235 255 21 0 1 184 0
114 215 255 43 0 0 115 0
228 174 255 87 1 0 54 0
201 93 255 175 2 0 73 0
147 187 254 95 4 0 40 0
39 119 253 191 8 0 0 1
78 238 250 127 0 1 181 0
156 220 245 255 0 0 108 0
56 185 235 255 0 0 219 0
112 114 215 255 1 0 254 0
225 228 174 255 2 0 224 0
195 201 93 255 5 0 60 0
135 147 187 254 11 0 0 1
14 39 119 253 6 1 133 0
29 78 238 250 13 0 0 1
59 156 220 245 11 1 0 1
119 56 185 235 6 1 48 0
238 112 114 215 12 0 0 1
221 225 228 174 9 1 0 1
187 195 201 93 3 1 251 0
118 135 147 187 7 0 75 0
236 14 39 119 15 0 0 1
217 29 78 238 14 1 0 1
178 59 156 220 13 1 0 1
100 119 56 185 10 1 0 1
200 238 112 114 4 1 38 0
145 221 225 228 9 0 0 1
35 187 195 201 2 1 35 0
71 118 135 147 5 0 184 0
143 236 14 39 10 0 0 1
30 217 29 78 4 1 199 0
61 178 59 156 9 0 0 1
123 100 119 56 2 1 96 0
247 200 238 112 4 0 63 0
239 145 221 225 8 0 0 1
223 35 187 195 1 1 188 0
190 71 118 135 3 0 255 0
125 143 236 14 7 0 6 0
250 30 217 29 14 0 0 1
245 61 178 59 13 1 0 1
234 123 100 119 10 1 0 1
212 247 200 238 4 1 35 0
169 239 145 221 9 0 0 1
82 223 35 187 2 1 82 0
165 190 71 118 5 0 90 0
75 125 143 236 11 0 0 1
151 250 30 217 7 1 136 0
47 245 61 178 14 0 0 1
94 234 123 100 13 1 0 1
188 212 247 200 11 1 0 1
120 169 239 145 7 1 161 0
240 82 223 35 14 0 0 1
224 165 190 71 13 1 0 1
193 75 125 143 10 1 0 1
131 151 250 30 5 1 124 0
7 47 245 61 10 0 0 1
15 94 234 123 4 1 81 0
31 188 212 247 9 0 0 1
63 120 169 239 2 1 56 0
126 240 82 223 4 0 142 0
252 224 165 190 8 0 0 1
248 193 75 125 1 1 55 0
240 131 151 250 2 0 128 0
225 7 47 245 5 0 30 0
195 15 94 234 11 0 0 1
135 31 188 212 7 1 54 0
14 63 120 169 15 0 0 1
29 126 240 82 14 1 0 1
58 252 224 165 12 1 0 1
117 248 193 75 9 1 0 1
235 240 131 151 3 1 251 0
215 225 7 47 7 0 238 0
174 195 15 94 14 0 0 1
93 135 31 188 13 1 0 1
186 14 63 120 11 1 0 1
116 29 126 240 7 1 255 0
232 58 252 224 14 0 0 1
208 117 248 193 13 1 0 1
160 235 240 131 10 1 0 1
64 215 225 7 5 1 191 0
129 174 195 15 11 0 0 1
3 93 135 31 7 1 6 0
6 186 14 63 15 0 0 1
13 116 29 126 14 1 0 1
27 232 58 252 13 1 0 1
54 208 117 248 10 1 0 1
109 160 235 240 5 1 146 0
219 64 215 225 10 0 0 1
183 129 174 195 5 1 72 0
110 3 93 135 10 0 0 1
220 6 186 14 5 1 35 0
185 13 116 29 10 0 0 1
114 27 232 58 4 1 105 0
228 54 208 117 8 0 0 1
200 109 160 235 1 1 91 0
144 219 64 215 3 0 219 0
33 183 129 174 6 0 101 0
66 110 3 93 13 0 0 1
133 220 6 186 10 1 0 1
10 185 13 116 4 1 179 0
21 114 27 232 8 0 0 1
42 228 54 208 0 1 20 0
85 200 109 160 1 0 141 0
171 144 219 64 2 0 128 0
86 33 183 129 5 0 169 0
173 66 110 3 11 0 0 1
90 133 220 6 6 1 54 0
181 10 185 13 12 0 0 1
106 21 114 27 9 1 0 1
212 42 228 54 2 1 0 1
169 85 200 109 5 0 86 0
83 171 144 219 10 0 0 1
167 86 33 183 5 1 88 0
78 173 66 110 10 0 0 1
157 90 133 220 5 1 98 0
58 181 10 185 11 0 0 1
116 106 21 114 7 1 101 0
232 212 42 228 14 0 0 1
208 169 85 200 13 1 0 1
161 83 171 144 11 1 0 1
67 167 86 33 6 1 153 0
134 78 173 66 12 0 0 1
12 157 90 133 9 1 0 1
25 58 181 10 2 1 24 0
50 116 106 21 4 0 70 0
100 232 212 42 8 0 0 1
200 208 169 85 0 1 150 0
145 161 83 171 1 0 240 0
34 67 167 86 3 0 99 0
68 134 78 173 6 0 51 0
137 12 157 90 13 0 0 1
19 25 58 181 10 1 0 1
38 50 116 106 4 1 20 0
76 100 232 212 8 0 0 1
152 200 208 169 1 1 208 0
49 145 161 83 3 0 177 0
98 34 67 167 6 0 201 0
196 68 134 78 12 0 0 1
136 137 12 157 8 1 0 1
17 19 25 58 0 1 119 0
35 38 50 116 1 0 253 0
71 76 100 232 2 0 68 0
142 152 200 208 4 0 22 0
28 49 145 161 9 0 0 1
57 98 34 67 2 1 32 0
114 196 68 134 5 0 141 0
228 136 137 12 11 0 0 1
200 17 19 25 7 1 5 0
144 35 38 50 14 0 0 1
33 71 76 100 12 1 0 1
67 142 152 200 9 1 0 1
135 28 49 145 3 1 159 0
14 57 98 34 7 0 203 0
28 114 196 68 15 0 0 1
56 228 136 137 14 1 0 1
113 200 17 19 12 1 0 1
227 144 35 38 9 1 0 1
199 33 71 76 2 1 1 0
142 67 142 152 4 0 205 0
28 135 28 49 8 0 0 1
56 14 57 98 1 1 42 0
113 28 114 196 2 0 16 0
227 56 228 136 5 0 28 0
198 113 200 17 11 0 0 1
141 227 144 35 7 1 35 0
27 199 33 71 15 0 0 1
55 142 67 142 14 1 0 1
111 28 135 28 13 1 0 1
222 56 14 57 11 1 0 1
189 113 28 114 7 1 188 0
123 227 56 228 15 0 0 1
246 198 113 200 15 1 0 1
237 141 227 144 15 1 0 1
219 27 199 33 14 1 0 1
182 55 142 67 12 1 0 1
109 111 28 135 8 1 0 1
218 222 56 14 1 1 252 0
180 189 113 28 3 0 189 0
105 123 227 56 7 0 255 0
210 246 198 113 14 0 0 1
165 237 141 227 13 1 0 1
74 219 27 199 10 1 0 1
148 182 55 142 5 1 107 0
40 109 111 28 11 0 0 1
81 218 222 56 7 1 65 0
163 180 189 113 15 0 0 1
71 105 123 227 15 1 0 1
142 210 246 198 14 1 0 1
29 165 237 141 12 1 0 1
59 74 219 27 8 1 0 1
118 148 182 55 0 1 247 0
236 40 109 111 1 0 196 0
217 81 218 222 3 0 217 0
178 163 180 189 7 0 198 0
101 71 105 123 14 0 0 1
202 142 210 246 12 1 0 1
148 29 165 237 8 1 0 1
40 59 74 219 1 1 237 0
81 118 148 182 3 0 119 0
162 236 40 109 7 0 35 0
68 217 81 218 15 0 0 1
137 178 163 180 14 1 0 1
19 101 71 105 13 1 0 1
38 202 142 210 10 1 0 1
76 148 29 165 5 1 179 0
153 40 59 74 10 0 0 1
50 81 118 148 4 1 99 0
101 162 236 40 9 0 0 1
202 68 217 81 3 1 206 0
149 137 178 163 6 0 44 0
43 19 101 71 13 0 0 1
87 38 202 142 10 1 0 1
175 76 148 29 4 1 227 0
94 153 40 59 8 0 0 1
188 50 81 118 0 1 181 0
120 101 162 236 1 0 19 0
240 202 68 217 3 0 250 0
225 149 137 178 7 0 177 0
194 43 19 101 15 0 0 1
133 87 38 202 15 1 0 1
11 175 76 148 14 1 0 1
23 94 153 40 12 1 0 1
46 188 50 81 9 1 0 1
92 120 101 162 3 1 124 0
184 240 202 68 6 0 52 0
112 225 149 137 12 0 0 1
225 194 43 19 9 1 0 1
194 133 87 38 3 1 199 0
133 11 175 76 7 0 139 0
10 23 94 153 15 0 0 1
20 46 188 50 15 1 0 1
41 92 120 101 15 1 0 1
82 184 240 202 14 1 0 1
165 112 225 149 12 1 0 1
75 225 194 43 8 1 0 1
150 194 133 87 1 1 212 0
45 133 11 175 2 0 5 0
90 10 23 94 4 0 80 0
181 20 46 188 8 0 0 1
107 41 92 120 1 1 66 0
214 82 184 240 3 0 214 0
173 165 112 225 6 0 134 0
91 75 225 194 12 0 0 1
182 150 194 133 8 1 0 1
108 45 133 11 1 1 63 0
216 90 10 23 3 0 218 0
176 181 20 46 7 0 167 0
96 107 41 92 15 0 0 1
193 214 82 184 14 1 0 1
130 173 165 112 13 1 0 1
4 91 75 225 10 1 0 1
9 182 150 194 5 1 246 0
18 108 45 133 10 0 0 1
37 216 90 10 5 1 218 0
75 176 181 20 11 0 0 1
151 96 107 41 7 1 139 0
47 193 214 82 15 0 0 1
94 130 173 165 14 1 0 1
189 4 91 75 12 1 0 1
123 9 182 150 8 1 0 1
246 18 108 45 1 1 228 0
236 37 216 90 3 0 237 0
216 75 176 181 7 0 136 0
176 151 96 107 14 0 0 1
97 47 193 214 13 1 0 1
194 94 130 173 11 1 0 1
132 189 4 91 7 1 160 0
8 123 9 182 15 0 0 1
17 246 18 108 14 1 0 1
35 236 37 216 13 1 0 1
70 216 75 176 10 1 0 1
140 176 151 96 4 1 60 0
24 97 47 193 8 0 0 1
48 194 94 130 1 1 110 0
97 132 189 4 2 0 0 1
194 8 123 9 4 0 202 0
132 17 246 18 8 0 0 1
9 35 236 37 1 1 230 0
18 70 216 75 2 0 2 0
37 140 176 151 5 0 218 0
75 24 97 47 10 0 0 1
151 48 194 94 5 1 104 0
46 97 132 189 10 0 0 1
92 194 8 123 5 1 163 0
184 132 17 246 11 0 0 1
113 9 35 236 6 1 148 0
227 18 70 216 12 0 0 1
199 37 140 176 9 1 0 1
143 75 24 97 2 1 11 0
30 151 48 194 4 0 137 0
61 46 97 132 9 0 0 1
123 92 194 8 2 1 88 0
246 184 132 17 5 0 9 0
237 113 9 35 11 0 0 1
219 227 18 70 6 1 237 0
182 199 37 140 13 0 0 1
109 143 75 24 11 1 0 1
219 30 151 48 6 1 114 0
182 61 46 97 13 0 0 1
108 123 92 194 11 1 0 1
217 246 184 132 6 1 145 0
179 237 113 9 12 0 0 1
103 219 227 18 9 1 0 1
207 182 199 37 2 1 134 0
158 109 143 75 5 0 97 0
61 219 30 151 11 0 0 1
122 182 61 46 6 1 183 0
244 108 123 92 12 0 0 1
233 217 246 184 9 1 0 1
211 179 237 113 2 1 147 0
167 103 219 227 5 0 88 0
79 207 182 199 11 0 0 1
158 158 109 143 7 1 56 0
61 61 219 30 14 0 0 1
123 122 182 61 12 1 0 1
247 244 108 123 9 1 0 1
239 233 217 246 3 1 239 0
223 211 179 237 7 0 82 0
190 167 103 219 15 0 0 1
125 79 207 182 14 1 0 1
250 158 158 109 12 1 0 1
245 61 61 219 8 1 0 1
235 123 122 182 0 1 150 0
214 247 244 108 1 0 223 0
172 239 233 217 2 0 172 0
88 223 211 179 4 0 135 0
177 190 167 103 9 0 0 1
98 125 79 207 3 1 127 0
196 250 158 158 6 0 152 0
137 245 61 61 12 0 0 1
18 235 123 122 8 1 0 1
36 214 247 244 1 1 78 0
72 172 239 233 3 0 236 0
144 88 223 211 7 0 154 0
33 177 190 167 14 0 0 1
67 98 125 79 12 1 0 1
135 196 250 158 8 1 0 1
14 137 245 61 1 1 133 0
28 18 235 123 2 0 16 0
57 36 214 247 5 0 198 0
114 72 172 239 11 0 0 1
229 144 88 223 6 1 61 0
202 33 177 190 13 0 0 1
149 67 98 125 11 1 0 1
42 135 196 250 7 1 111 0
84 14 137 245 14 0 0 1
169 28 18 235 13 1 0 1
82 57 36 214 11 1 0 1
165 114 72 172 7 1 11 0
74 229 144 88 14 0 0 1
149 202 33 177 12 1 0 1
43 149 67 98 8 1 0 1
86 42 135 196 1 1 44 0
172 84 14 137 2 0 4 0
89 169 28 18 5 0 166 0
179 82 57 36 11 0 0 1
103 165 114 72 7 1 198 0
207 74 229 144 15 0 0 1
158 149 202 33 14 1 0 1
61 43 149 67 13 1 0 1
123 86 42 135 11 1 0 1
246 172 84 14 7 1 4 0
237 89 169 28 14 0 0 1
218 179 82 57 13 1 0 1
181 103 165 114 11 1 0 1
106 207 74 229 6 1 180 0
212 158 149 202 13 0 0 1
169 61 43 149 11 1 0 1
83 123 86 42 6 1 169 0
166 246 172 84 12 0 0 1
76 237 89 169 8 1 0 1
153 218 179 82 1 1 191 0
50 181 103 165 3 0 183 0
101 106 207 74 7 0 232 0
203 212 158 149 15 0 0 1
151 169 61 43 14 1 0 1
47 83 123 86 12 1 0 1
95 166 246 172 8 1 0 1
190 76 237 89 1 1 114 0
124 153 218 179 3 0 253 0
249 50 181 103 6 0 153 0
242 101 106 207 12 0 0 1
229 203 212 158 8 1 0 1
202 151 169 61 0 1 71 0
148 47 83 123 1 0 101 0
40 95 166 246 2 0 8 0
80 190 76 237 5 0 175 0
161 124 153 218 11 0 0 1
66 249 50 181 6 1 116 0
133 242 101 106 12 0 0 1
10 229 203 212 9 1 0 1
20 202 151 169 3 1 222 0
41 148 47 83 7 0 63 0
82 40 95 166 14 0 0 1
164 80 190 76 13 1 0 1
73 161 124 153 10 1 0 1
147 66 249 50 4 1 209 0
39 133 242 101 9 0 0 1
79 10 229 203 2 1 10 0
158 20 202 151 5 0 97 0
60 41 148 47 10 0 0 1
120 82 40 95 4 1 42 0
241 164 80 190 8 0 0 1
226 73 161 124 1 1 153 0
196 147 66 249 3 0 215 0
137 39 133 242 6 0 25 0
18 79 10 229 12 0 0 1
36 158 20 202 8 1 0 1
73 60 41 148 1 1 13 0
147 120 82 40 2 0 16 0
38 241 164 80 5 0 217 0
76 226 73 161 11 0 0 1
153 196 147 66 7 1 50 0
51 137 39 133 14 0 0 1
102 18 79 10 13 1 0 1
205 36 158 20 11 1 0 1
155 73 60 41 6 1 215 0
55 147 120 82 12 0 0 1
111 38 241 164 8 1 0 1
222 76 226 73 0 1 85 0
188 153 196 147 1 0 35 0
121 51 137 39 2 0 49 0
243 102 18 79 5 0 12 0
230 205 36 158 11 0 0 1
205 155 73 60 7 1 237 0
155 55 147 120 15 0 0 1
54 111 38 241 15 1 0 1
109 222 76 226 15 1 0 1
218 188 153 196 15 1 0 1
180 121 51 137 15 1 0 1
104 243 102 18 14 1 0 1
209 230 205 36 13 1 0 1
163 205 155 73 10 1 0 1
70 155 55 147 5 1 185 0
141 54 111 38 11 0 0 1
26 109 222 76 7 1 177 0
53 218 188 153 15 0 0 1
107 180 121 51 15 1 0 1
215 104 243 102 15 1 0 1
175 209 230 205 15 1 0 1
94 163 205 155 15 1 0 1
188 70 155 55 14 1 0 1
120 141 54 111 12 1 0 1
241 26 109 222 9 1 0 1
227 53 218 188 2 1 33 0
199 107 180 121 4 0 172 0
143 215 104 243 8 0 0 1
30 175 209 230 1 1 111 0
60 94 163 205 3 0 126 0
120 188 70 155 7 0 21 0
241 120 141 54 14 0 0 1
227 241 26 109 12 1 0 1
198 227 53 218 9 1 0 1
141 199 107 180 2 1 133 0
27 143 215 104 4 0 148 0
54 30 175 209 8 0 0 1
109 60 94 163 0 1 170 0
218 120 188 70 0 0 84 0
180 241 120 141 1 0 195 0
104 227 241 26 2 0 96 0
209 198 227 53 4 0 23 0
162 141 199 107 8 0 0 1
69 27 143 215 1 1 42 0
138 54 30 175 3 0 190 0
20 109 60 94 6 0 203 0
41 218 120 188 13 0 0 1
83 180 241 120 11 1 0 1
167 104 227 241 7 1 227 0
78 209 198 227 15 0 0 1
156 162 141 199 15 1 0 1
57 69 27 143 14 1 0 1
114 138 54 30 13 1 0 1
228 20 109 60 10 1 0 1
201 41 218 120 5 1 54 0
147 83 180 241 11 0 0 1
38 167 104 227 6 1 142 0
77 78 209 198 13 0 0 1
154 156 162 141 10 1 0 1
53 57 69 27 4 1 12 0
107 114 138 54 8 0 0 1
214 228 20 109 0 1 59 0
173 201 41 218 0 0 121 0
91 147 83 180 0 0 245 0
183 38 167 104 0 0 236 0
111 77 78 209 0 0 219 0
223 154 156 162 0 0 183 0
191 53 57 69 0 0 114 0
127 107 114 138 0 0 230 0
254 214 228 20 0 0 204 0
252 173 201 41 1 0 79 0
248 91 147 83 2 0 88 0
240 183 38 167 5 0 15 0
224 111 77 78 10 0 0 1
192 223 154 156 4 1 31 0
129 191 53 57 8 0 0 1
2 127 107 114 0 1 94 0
4 254 214 228 1 0 6 0
9 252 173 201 3 0 253 0
19 248 91 147 7 0 249 0
39 240 183 38 14 0 0 1
79 224 111 77 12 1 0 1
159 192 223 154 9 1 0 1
63 129 191 53 2 1 1 0
127 2 127 107 5 0 128 0
255 4 254 214 10 0 0 1
254 9 252 173 5 1 1 0
253 19 248 91 11 0 0 1
250 39 240 183 6 1 234 0
245 79 224 111 13 0 0 1
234 159 192 223 10 1 0 1
212 63 129 191 5 1 43 0
169 127 2 127 11 0 0 1
83 255 4 254 6 1 87 0
167 254 9 252 13 0 0 1
79 253 19 248 10 1 0 1
159 250 39 240 5 1 96 0
62 245 79 224 11 0 0 1
124 234 159 192 6 1 27 0
249 212 63 129 13 0 0 1
243 169 127 2 10 1 0 1
231 83 255 4 4 1 180 0
207 167 254 9 9 0 0 1
159 79 253 19 2 1 15 0
63 159 250 39 5 0 192 0
127 62 245 79 10 0 0 1
255 124 234 159 4 1 131 0
254 249 212 63 9 0 0 1
253 243 169 127 3 1 255 0
250 231 83 255 6 0 230 0
244 207 167 254 12 0 0 1
232 159 79 253 9 1 0 1
209 63 159 250 3 1 255 0
162 127 62 245 7 0 84 0
69 255 124 234 14 0 0 1
139 254 249 212 13 1 0 1
22 253 243 169 11 1 0 1
45 250 231 83 7 1 97 0
90 244 207 167 14 0 0 1
180 232 159 79 12 1 0 1
104 209 63 159 9 1 0 1
208 162 127 62 3 1 242 0
161 69 255 124 6 0 193 0
66 139 254 249 13 0 0 1
133 22 253 243 11 1 0 1
11 45 250 231 7 1 25 0
22 90 244 207 14 0 0 1
45 180 232 159 13 1 0 1
91 104 209 63 11 1 0 1
182 208 162 127 6 1 88 0
108 161 69 255 12 0 0 1
217 66 139 254 9 1 0 1
178 133 22 253 2 1 128 0
100 11 45 250 5 0 155 0
200 22 90 244 11 0 0 1
145 45 180 232 7 1 90 0
35 91 104 209 14 0 0 1
70 182 208 162 13 1 0 1
140 108 161 69 11 1 0 1
25 217 66 139 7 1 191 0
50 178 133 22 15 0 0 1
101 100 11 45 14 1 0 1
203 200 22 90 12 1 0 1
150 145 45 180 8 1 0 1
45 35 91 104 1 1 10 0
91 70 182 208 2 0 66 0
182 140 108 161 5 0 73 0
109 25 217 66 10 0 0 1
219 50 178 133 4 1 233 0
182 101 100 11 9 0 0 1
108 203 200 22 2 1 72 0
216 150 145 45 4 0 78 0
176 45 35 91 9 0 0 1
97 91 70 182 3 1 123 0
194 182 140 108 7 0 112 0
133 109 25 217 14 0 0 1
10 219 50 178 13 1 0 1
21 182 101 100 11 1 0 1
42 108 203 200 7 1 41 0
84 216 150 145 14 0 0 1
169 176 45 35 12 1 0 1
82 97 91 70 8 1 0 1
165 194 182 140 0 1 169 0
75 133 109 25 0 0 86 0
151 10 219 50 0 0 174 0
46 21 182 101 0 0 94 0
92 42 108 203 1 0 50 0
184 84 216 150 2 0 16 0
113 169 176 45 4 0 216 0
226 82 97 91 9 0 0 1
196 165 194 182 3 1 229 0
137 75 133 109 7 0 198 0
19 151 10 219 15 0 0 1
39 46 21 182 14 1 0 1
79 92 42 108 12 1 0 1
159 184 84 216 8 1 0 1
63 113 169 176 0 1 9 0
126 226 82 97 1 0 156 0
253 196 165 194 3 0 253 0
251 137 75 133 6 0 14 0
247 19 151 10 12 0 0 1
238 39 46 21 8 1 0 1
220 79 92 42 1 1 141 0
184 159 184 84 2 0 152 0
113 63 113 169 5 0 142 0
227 126 226 82 10 0 0 1
199 253 196 165 5 1 56 0
143 251 137 75 10 0 0 1
30 247 19 151 4 1 233 0
60 238 39 46 9 0 0 1
121 220 79 92 2 1 88 0
243 184 159 184 5 0 12 0
231 113 63 113 10 0 0 1
207 227 126 226 4 1 44 0
158 199 253 196 9 0 0 1
61 143 251 137 2 1 13 0
123 30 247 19 5 0 132 0
247 60 238 39 11 0 0 1
239 121 220 79 6 1 203 0
222 243 184 159 12 0 0 1
189 231 113 63 9 1 0 1
122 207 227 126 3 1 255 0
244 158 199 253 7 0 86 0
233 61 143 251 15 0 0 1
210 123 30 247 14 1 0 1
164 247 60 238 12 1 0 1
72 239 121 220 9 1 0 1
144 222 243 184 2 1 144 0
32 189 231 113 4 0 157 0
65 122 207 227 8 0 0 1
130 244 158 199 1 1 142 0
4 233 61 143 3 0 237 0
8 210 123 30 7 0 115 0
17 164 247 60 15 0 0 1
34 72 239 121 15 1 0 1
68 144 222 243 15 1 0 1
137 32 189 231 14 1 0 1
19 65 122 207 12 1 0 1
38 130 244 158 8 1 0 1
77 4 233 61 0 1 119 0
154 8 210 123 1 0 146 0
53 17 164 247 3 0 53 0
107 34 72 239 7 0 196 0
215 68 144 222 15 0 0 1
175 137 32 189 15 1 0 1
94 19 65 122 15 1 0 1
189 38 130 244 14 1 0 1
122 77 4 233 12 1 0 1
244 154 8 210 9 1 0 1
233 53 17 164 2 1 33 0
210 107 34 72 5 0 45 0
164 215 68 144 10 0 0 1
73 175 137 32 5 1 182 0
147 94 19 65 10 0 0 1
38 189 38 130 4 1 155 0
77 122 77 4 8 0 0 1
155 244 154 8 0 1 49 0
54 233 53 17 1 0 77 0
108 210 107 34 2 0 64 0
217 164 215 68 4 0 125 0
179 73 175 137 8 0 0 1
102 147 94 19 1 1 211 0
205 38 189 38 2 0 4 0
154 77 122 77 4 0 215 0
52 155 244 154 8 0 0 1
104 54 233 53 1 1 50 0
209 108 210 107 2 0 64 0
163 217 164 215 5 0 92 0
70 179 73 175 11 0 0 1
140 102 147 94 7 1 227 0
24 205 38 189 14 0 0 1
48 154 77 122 12 1 0 1
96 52 155 244 9 1 0 1
193 104 54 233 2 1 64 0
131 209 108 210 4 0 82 0
6 163 217 164 8 0 0 1
12 70 179 73 0 1 78 0
25 140 102 147 1 0 141 0
51 24 205 38 2 0 16 0
102 48 154 77 5 0 153 0
205 96 52 155 10 0 0 1
155 193 104 54 4 1 90 0
55 131 209 108 9 0 0 1
110 6 163 217 3 1 110 0
221 12 70 179 7 0 226 0
186 25 140 102 15 0 0 1
117 51 24 205 14 1 0 1
234 102 48 154 12 1 0 1
213 205 96 52 8 1 0 1
170 155 193 104 0 1 110 0
85 55 131 209 0 0 224 0
170 110 6 163 1 0 60 0
84 221 12 70 2 0 84 0
168 186 25 140 5 0 87 0
81 117 51 24 10 0 0 1
162 234 102 48 5 1 93 0
68 213 205 96 10 0 0 1
136 170 155 193 5 1 119 0
17 85 55 131 11 0 0 1
35 170 110 6 6 1 145 0
71 84 221 12 12 0 0 1
142 168 186 25 8 1 0 1
28 81 117 51 0 1 21 0
57 162 234 102 0 0 43 0
114 68 213 205 1 0 46 0
228 136 170 155 3 0 236 0
200 17 85 55 7 0 101 0
144 35 170 110 15 0 0 1
33 71 84 221 14 1 0 1
66 142 168 186 12 1 0 1
133 28 81 117 8 1 0 1
11 57 162 234 0 1 208 0
22 114 68 213 0 0 161 0
44 228 136 170 0 0 66 0
89 200 17 85 0 0 135 0
179 144 35 170 1 0 35 0
102 33 71 84 3 0 103 0
205 66 142 168 7 0 69 0
154 133 28 81 15 0 0 1
53 11 57 162 15 1 0 1
107 22 114 68 14 1 0 1
215 44 228 136 12 1 0 1
174 89 200 17 9 1 0 1
93 179 144 35 2 1 17 0
187 102 33 71 4 0 221 0
119 205 66 142 9 0 0 1
239 154 133 28 2 1 138 0
222 53 11 57 4 0 235 0
189 107 22 114 9 0 0 1
123 215 44 228 2 1 83 0
246 174 89 200 4 0 88 0
236 93 179 144 8 0 0 1
216 187 102 33 1 1 29 0
177 119 205 66 3 0 247 0
99 239 154 133 7 0 113 0
199 222 53 11 15 0 0 1
143 189 107 22 14 1 0 1
31 123 215 44 13 1 0 1
62 246 174 89 10 1 0 1
124 236 93 179 5 1 131 0
249 216 187 102 10 0 0 1
242 177 119 205 4 1 67 0
229 99 239 154 8 0 0 1
203 199 222 53 0 1 165 0
150 143 189 107 0 0 77 0
44 31 123 215 0 0 157 0
88 62 246 174 0 0 58 0
176 124 236 93 1 0 52 0
97 249 216 187 3 0 249 0
194 242 177 119 6 0 105 0
132 229 99 239 12 0 0 1
8 203 199 222 8 1 0 1
17 150 143 189 1 1 123 0
34 44 31 123 2 0 32 0
69 88 62 246 4 0 29 0
139 176 124 236 9 0 0 1
22 97 249 216 3 1 119 0
45 194 242 177 6 0 115 0
91 132 229 99 13 0 0 1
183 8 203 199 10 1 0 1
111 17 150 143 4 1 126 0
223 34 44 31 9 0 0 1
191 69 88 62 3 1 255 0
126 139 176 124 6 0 7 0
252 22 97 249 12 0 0 1
248 45 194 242 8 1 0 1
241 91 132 229 0 1 181 0
226 183 8 203 1 0 43 0
196 111 17 150 2 0 68 0
137 223 34 44 4 0 86 0
18 191 69 88 9 0 0 1
37 126 139 176 2 1 36 0
74 252 22 97 4 0 182 0
149 248 45 194 8 0 0 1
43 241 91 132 1 1 58 0
87 226 183 8 3 0 247 0
175 196 111 17 7 0 243 0
95 137 223 34 14 0 0 1
190 18 191 69 12 1 0 1
124 37 126 139 8 1 0 1
248 74 252 22 1 1 174 0
241 149 248 45 2 0 145 0
226 43 241 91 4 0 201 0
196 87 226 183 8 0 0 1
136 175 196 111 0 1 106 0
16 95 137 223 1 0 177 0
33 190 18 191 3 0 191 0
66 124 37 126 7 0 97 0
132 248 74 252 15 0 0 1
9 241 149 248 14 1 0 1
18 226 43 241 12 1 0 1
37 196 87 226 9 1 0 1
74 136 175 196 3 1 202 0
149 16 95 137 6 0 153 0
42 33 190 18 12 0 0 1
84 66 124 37 9 1 0 1
169 132 248 74 3 1 173 0
82 9 241 149 6 0 158 0
165 18 226 43 13 0 0 1
74 37 196 87 11 1 0 1
149 74 136 175 6 1 29 0
42 149 16 95 13 0 0 1
85 42 33 190 11 1 0 1
171 84 66 124 7 1 189 0
86 169 132 248 14 0 0 1
172 82 9 241 13 1 0 1
89 165 18 226 11 1 0 1
178 74 37 196 7 1 229 0
101 149 74 136 15 0 0 1
202 42 149 16 14 1 0 1
149 85 42 33 13 1 0 1
42 171 84 66 10 1 0 1
85 86 169 132 5 1 170 0
171 172 82 9 10 0 0 1
86 89 165 18 4 1 15 0
172 178 74 37 8 0 0 1
88 101 149 74 1 1 243 0
176 202 42 149 3 0 250 0
# augmented golden-simulated vectors (rtlrewriter_run)
1 1 170 128 2 0 1 0
41 34 185 75 6 1 226 0
135 121 192 62 2 1 1 0
239 81 175 247 14 0 0 1
170 213 33 132 15 0 0 1
20 37 219 244 0 1 8 0
85 170 2 255 2 1 0 1
12 184 216 109 3 1 188 0
12 184 216 109 3 1 188 0
12 184 216 109 3 1 188 0
12 184 216 109 3 1 188 0
129 140 76 248 7 1 81 0
128 0 255 85 8 1 0 1
229 120 47 7 8 0 0 1
229 120 47 7 8 0 0 1
229 120 47 7 8 0 0 1
184 99 100 165 14 0 0 1
170 0 0 255 2 0 0 1
74 62 210 193 11 1 0 1
255 254 85 254 10 1 0 1
235 113 62 1 11 0 0 1
0 0 85 1 5 1 255 0
255 254 255 2 10 1 0 1
3 16 175 31 0 1 225 0
66 204 123 168 8 1 0 1
66 204 123 168 8 1 0 1
66 204 123 168 8 1 0 1
66 204 123 168 8 1 0 1
66 204 123 168 8 1 0 1
40 246 164 174 11 1 0 1
40 246 164 174 11 1 0 1
40 246 164 174 11 1 0 1
170 170 85 1 14 0 0 1
90 90 22 41 2 1 90 0
128 2 170 254 1 0 126 0
232 97 136 53 8 0 0 1
232 97 136 53 8 0 0 1
232 97 136 53 8 0 0 1
28 111 32 60 5 0 227 0
192 38 85 4 11 0 0 1
200 251 136 202 7 0 21 0
200 251 136 202 7 0 21 0
200 251 136 202 7 0 21 0
200 251 136 202 7 0 21 0
123 252 134 26 0 1 23 0
128 0 170 0 2 0 0 1
123 3 125 17 13 1 0 1
254 170 170 2 8 0 0 1
86 74 246 231 14 0 0 1
225 110 74 111 10 1 0 1
183 244 65 7 8 0 0 1
2 1 0 255 10 0 0 1
12 213 155 33 7 0 157 0
254 0 85 1 5 0 1 0
226 170 227 152 7 0 7 0
13 179 10 16 3 1 191 0
1 1 0 254 2 0 1 0
0 1 0 85 0 1 86 0
170 2 128 2 10 0 0 1
210 170 33 89 2 0 130 0
32 193 92 82 3 0 225 0
254 85 170 128 1 0 169 0
254 85 170 128 1 0 169 0
254 85 170 128 1 0 169 0
254 85 170 128 1 0 169 0
254 85 170 128 1 0 169 0
241 31 43 205 14 1 0 1
145 44 135 166 0 1 234 0
255 85 255 254 1 0 170 0
254 85 1 170 14 0 0 1
164 144 133 39 13 0 0 1
216 112 152 205 8 0 0 1
0 85 255 255 2 0 0 1
112 125 248 209 3 0 125 0
85 85 254 85 15 1 0 1
116 161 131 51 2 1 32 0
72 114 174 42 1 0 214 0
152 17 73 93 11 1 0 1
44 251 74 101 2 0 40 0
128 255 170 128 5 0 127 0
8 10 4 153 0 0 175 0
143 190 179 14 9 0 0 1
143 190 179 14 9 0 0 1
143 190 179 14 9 0 0 1
143 190 179 14 9 0 0 1
243 194 193 245 0 0 107 0
227 47 107 146 5 1 28 0
141 166 77 48 2 0 132 0
184 103 109 131 4 1 223 0
53 31 76 174 0 1 78 0
53 31 76 174 0 1 78 0
53 31 76 174 0 1 78 0
53 31 76 174 0 1 78 0
0 255 170 170 5 0 255 0
0 255 170 170 5 0 255 0
0 255 170 170 5 0 255 0
0 255 170 170 5 0 255 0
0 255 170 170 5 0 255 0
94 70 154 23 12 1 0 1
106 215 221 167 1 0 147 0
147 6 89 239 15 0 0 1
85 255 170 1 10 1 0 1
200 76 14 103 12 0 0 1
107 45 220 153 10 0 0 1
98 43 77 160 13 0 0 1
170 128 254 128 1 0 42 0
170 128 254 128 1 0 42 0
170 128 254 128 1 0 42 0
170 128 254 128 1 0 42 0
45 213 192 194 10 0 0 1
255 1 85 0 2 0 1 0
255 1 85 0 2 0 1 0
84 51 190 46 12 1 0 1
2 255 255 255 8 0 0 1
151 87 111 45 6 0 132 0
170 242 6 128 0 1 34 0
0 0 85 254 5 0 255 0
0 0 85 254 5 0 255 0
0 0 85 254 5 0 255 0
244 3 52 94 3 1 247 0
4 237 71 89 4 0 233 0
174 201 82 176 9 1 0 1
178 84 133 165 6 0 249 0
67 94 248 161 9 0 0 1
254 254 0 1 0 0 253 0
85 161 170 64 10 0 0 1
85 170 128 2 5 0 170 0
21 232 21 21 10 0 0 1
231 87 179 225 5 1 24 0
126 148 97 143 9 1 0 1
63 111 106 212 4 1 80 0
55 88 142 153 0 1 182 0
27 55 142 220 13 0 0 1
255 255 170 255 0 0 167 0
145 194 51 192 10 1 0 1
85 254 170 2 5 0 170 0
209 18 69 2 6 1 22 0
208 209 41 197 13 1 0 1
208 209 41 197 13 1 0 1
128 128 254 170 1 0 0 1
212 87 73 224 5 1 43 0
66 36 34 185 0 1 65 0
192 125 204 121 10 1 0 1
1 128 85 1 14 1 0 1
254 85 0 254 0 0 81 0
254 2 0 85 0 0 85 0
221 139 3 200 9 1 0 1
183 100 89 88 4 1 211 0
213 208 110 248 13 0 0 1
206 210 180 40 9 1 0 1
246 110 14 175 3 1 254 0
1 170 128 255 2 1 0 1
0 3 250 28 13 1 0 1
53 44 13 63 7 1 173 0
254 85 254 85 15 0 0 1
118 226 143 152 2 1 98 0
169 132 84 99 12 0 0 1
253 95 112 29 11 1 0 1
253 95 112 29 11 1 0 1
0 254 254 85 1 0 2 0
72 233 14 15 13 0 0 1
120 10 141 86 8 0 0 1
111 17 131 35 7 1 38 0
170 128 128 254 0 0 168 0
151 183 238 133 5 1 104 0
151 183 238 133 5 1 104 0
197 139 4 128 8 0 0 1
197 139 4 128 8 0 0 1
197 139 4 128 8 0 0 1
197 139 4 128 8 0 0 1
197 139 4 128 8 0 0 1
33 39 193 82 13 1 0 1
116 169 138 9 7 1 176 0
242 104 159 247 12 1 0 1
38 131 184 198 8 1 0 1
38 131 184 198 8 1 0 1
38 131 184 198 8 1 0 1
38 131 184 198 8 1 0 1
193 131 51 252 0 1 115 0
95 236 178 122 6 0 102 0
85 1 85 2 15 0 0 1
1 2 170 255 15 1 0 1
254 0 1 255 5 0 1 0
254 0 1 255 5 0 1 0
128 2 0 1 0 0 131 0
255 85 128 255 15 0 0 1
252 23 91 174 9 0 0 1
252 23 91 174 9 0 0 1
252 23 91 174 9 0 0 1
252 23 91 174 9 0 0 1
255 40 46 250 14 1 0 1
255 40 46 250 14 1 0 1
255 40 46 250 14 1 0 1
74 202 44 65 10 0 0 1
74 202 44 65 10 0 0 1
74 202 44 65 10 0 0 1
128 2 128 255 15 0 0 1
12 173 102 219 12 0 0 1
12 173 102 219 12 0 0 1
12 173 102 219 12 0 0 1
56 76 253 34 12 0 0 1
40 83 123 130 8 0 0 1
7 242 250 93 9 1 0 1
48 66 204 162 13 1 0 1
106 51 152 201 14 0 0 1
106 51 152 201 14 0 0 1
106 51 152 201 14 0 0 1
106 51 152 201 14 0 0 1
106 51 152 201 14 0 0 1
105 183 177 163 15 1 0 1
187 130 236 58 10 1 0 1
13 230 6 228 12 0 0 1
13 230 6 228 12 0 0 1
7 89 55 56 9 1 0 1
255 128 170 1 15 0 0 1
218 209 105 109 3 1 219 0
218 209 105 109 3 1 219 0
218 209 105 109 3 1 219 0
218 209 105 109 3 1 219 0
218 209 105 109 3 1 219 0
183 216 134 28 1 1 223 0
38 89 95 232 6 1 133 0
38 89 95 232 6 1 133 0
38 89 95 232 6 1 133 0
38 89 95 232 6 1 133 0
122 107 74 114 6 0 221 0
4 154 103 23 14 1 0 1
26 99 73 136 7 0 78 0
0 128 85 2 14 0 0 1
128 254 255 255 14 0 0 1
128 254 255 255 14 0 0 1
128 254 255 255 14 0 0 1
1 254 170 254 0 1 167 0
239 75 185 198 13 0 0 1
0 255 85 0 8 0 0 1
0 255 85 0 8 0 0 1
0 255 85 0 8 0 0 1
144 215 139 53 1 1 185 0
144 215 139 53 1 1 185 0
144 215 139 53 1 1 185 0
144 215 139 53 1 1 185 0
144 215 139 53 1 1 185 0
166 149 81 37 13 0 0 1
219 236 2 95 1 1 239 0
2 128 255 2 0 1 131 0
254 0 85 0 1 0 254 0
85 85 255 85 1 1 0 1
170 0 128 0 0 1 42 0
143 198 44 243 9 1 0 1
31 176 175 37 14 0 0 1
243 148 119 27 13 1 0 1
255 170 0 2 14 0 0 1
47 87 130 81 4 0 120 0
50 193 240 51 2 0 0 1
201 204 139 191 8 1 0 1
2 1 170 170 15 0 0 1
191 166 119 79 1 1 25 0
1 170 2 1 8 0 0 1
85 234 39 100 15 0 0 1
207 26 31 75 1 1 181 0
111 14 161 131 9 1 0 1
40 214 147 171 2 0 0 1
48 119 214 184 5 0 207 0
180 83 26 193 15 0 0 1
170 0 128 85 10 0 0 1
255 243 67 105 2 0 243 0
254 128 255 2 1 1 126 0
81 163 232 102 0 1 66 0
236 103 39 225 14 1 0 1
86 234 72 183 13 0 0 1
99 123 69 218 12 0 0 1
207 25 73 121 7 1 170 0
18 176 151 134 3 1 178 0
18 176 151 134 3 1 178 0
18 176 151 134 3 1 178 0
115 190 125 115 1 0 181 0
1 85 254 170 1 0 172 0
1 85 254 170 1 0 172 0
1 85 254 170 1 0 172 0
234 205 165 175 15 0 0 1
208 224 169 45 6 0 13 0
170 255 128 170 15 1 0 1
170 255 128 170 15 1 0 1
170 255 128 170 15 1 0 1
254 170 254 85 8 0 0 1
0 214 22 157 13 1 0 1
243 24 25 152 7 1 188 0
246 188 207 179 15 1 0 1
245 247 13 28 3 1 247 0
226 43 17 216 2 1 34 0
2 170 128 2 8 0 0 1
2 170 128 2 8 0 0 1
2 170 128 2 8 0 0 1
251 57 201 228 2 0 57 0
251 57 201 228 2 0 57 0
251 57 201 228 2 0 57 0
251 57 201 228 2 0 57 0
251 57 201 228 2 0 57 0
85 0 2 1 2 0 0 1
249 202 147 223 13 0 0 1
147 92 51 194 5 0 108 0
152 234 5 234 1 0 174 0
152 234 5 234 1 0 174 0
0 1 2 254 1 0 255 0
254 0 85 128 0 0 211 0
255 255 170 1 15 0 0 1
0 2 170 255 1 0 254 0
7 33 162 85 0 0 31 0
255 1 255 254 15 1 0 1
255 1 255 254 15 1 0 1
255 1 255 254 15 1 0 1
2 2 0 1 10 0 0 1
2 2 0 1 10 0 0 1
64 144 83 122 2 1 0 1
64 144 83 122 2 1 0 1
64 144 83 122 2 1 0 1
2 254 255 2 10 0 0 1
2 254 255 2 10 0 0 1
1 0 254 128 0 0 127 0
1 0 254 128 0 0 127 0
1 0 254 128 0 0 127 0
1 0 254 128 0 0 127 0
170 255 0 255 1 0 171 0
170 255 0 255 1 0 171 0
170 255 0 255 1 0 171 0
170 255 0 255 1 0 171 0
39 139 207 190 13 0 0 1
212 233 55 1 5 0 43 0
212 233 55 1 5 0 43 0
212 233 55 1 5 0 43 0
153 133 81 45 1 0 20 0
110 78 140 243 14 0 0 1
128 0 1 1 0 1 130 0
243 107 81 88 4 1 152 0
223 246 97 216 10 0 0 1
45 38 228 244 8 1 0 1
83 28 222 249 4 1 79 0
67 23 1 187 2 1 3 0
50 0 165 182 11 0 0 1
0 2 1 0 5 0 255 0
164 171 77 227 8 0 0 1
170 128 254 85 8 0 0 1
170 128 0 255 8 0 0 1
75 244 3 216 7 1 26 0
39 46 247 216 15 0 0 1
39 46 247 216 15 0 0 1
156 22 79 249 14 0 0 1
120 127 21 29 10 0 0 1
212 249 190 112 15 1 0 1
119 54 194 32 7 0 143 0
60 209 66 100 13 1 0 1
213 223 57 84 0 0 65 0
94 244 207 58 1 1 106 0
94 244 207 58 1 1 106 0
215 227 247 213 9 0 0 1
40 219 235 240 9 0 0 1
125 125 225 199 10 1 0 1
85 255 128 85 14 0 0 1
85 255 128 85 14 0 0 1
85 255 128 85 14 0 0 1
43 214 212 60 6 1 255 0
170 255 170 2 14 0 0 1
91 167 168 201 14 1 0 1
61 11 236 213 9 1 0 1
61 11 236 213 9 1 0 1
61 11 236 213 9 1 0 1
61 11 236 213 9 1 0 1
61 11 236 213 9 1 0 1
113 5 115 134 0 1 111 0
14 202 8 71 9 1 0 1
21 206 56 69 1 1 71 0
47 163 140 192 7 0 30 0
200 58 219 192 0 0 157 0
254 1 170 255 8 0 0 1
254 1 170 255 8 0 0 1
254 1 170 255 8 0 0 1
254 1 170 255 8 0 0 1
1 255 85 85 10 0 0 1
1 255 85 85 10 0 0 1
1 255 85 85 10 0 0 1
1 255 85 85 10 0 0 1
1 255 85 85 10 0 0 1
85 2 128 254 14 0 0 1
5 94 247 131 2 0 4 0
102 149 107 232 7 1 78 0
255 2 2 128 10 0 0 1
254 170 2 254 14 1 0 1
28 139 141 70 2 1 8 0
77 215 220 254 1 1 118 0
77 215 220 254 1 1 118 0
77 215 220 254 1 1 118 0
77 215 220 254 1 1 118 0
85 170 255 0 15 0 0 1
155 99 85 148 4 0 248 0
123 254 48 123 11 1 0 1
240 49 115 147 14 0 0 1
240 49 115 147 14 0 0 1
240 49 115 147 14 0 0 1
240 49 115 147 14 0 0 1
240 49 115 147 14 0 0 1
156 216 235 201 4 0 68 0
85 170 1 170 5 0 170 0
0 128 254 170 15 1 0 1
0 128 85 1 0 1 214 0
187 31 173 146 5 0 68 0
85 255 255 254 1 0 86 0
40 232 45 189 8 0 0 1
236 71 42 76 6 0 147 0
128 170 255 85 5 1 127 0
212 212 185 16 12 0 0 1
212 212 185 16 12 0 0 1
212 212 185 16 12 0 0 1
212 212 185 16 12 0 0 1
212 212 185 16 12 0 0 1
128 170 254 128 15 1 0 1
175 206 60 205 1 1 225 0
70 189 116 253 13 0 0 1
82 105 179 163 1 1 233 0
1 1 0 1 1 1 0 1
255 0 0 170 2 1 0 1
68 96 159 74 4 0 36 0
87 100 169 218 4 0 51 0
64 75 82 151 11 0 0 1
114 58 13 44 15 1 0 1
227 211 14 138 0 0 78 0
227 211 14 138 0 0 78 0
227 211 14 138 0 0 78 0
227 211 14 138 0 0 78 0
236 107 134 42 15 0 0 1
29 134 79 148 9 0 0 1
52 249 53 248 1 0 59 0
205 79 58 212 0 1 42 0
255 85 0 128 15 0 0 1
255 85 0 128 15 0 0 1
255 85 0 128 15 0 0 1
255 85 0 128 15 0 0 1
105 45 213 249 15 1 0 1
105 45 213 249 15 1 0 1
105 45 213 249 15 1 0 1
105 45 213 249 15 1 0 1
105 45 213 249 15 1 0 1
202 154 106 187 15 0 0 1
26 254 50 5 10 1 0 1
75 22 22 250 4 1 93 0
1 128 254 255 8 1 0 1
1 128 254 255 8 1 0 1
184 90 224 83 2 0 24 0
225 57 195 113 10 0 0 1
122 96 194 81 3 1 122 0
178 83 31 208 6 0 35 0
178 83 31 208 6 0 35 0
123 95 192 34 7 0 188 0
19 146 215 238 9 1 0 1
85 85 2 255 1 0 0 1
57 66 29 181 2 1 0 1
57 66 29 181 2 1 0 1
57 66 29 181 2 1 0 1
57 66 29 181 2 1 0 1
2 0 1 1 10 0 0 1
255 0 170 0 2 0 0 1
242 192 33 234 2 1 192 0
242 192 33 234 2 1 192 0
114 153 52 116 15 1 0 1
114 153 52 116 15 1 0 1
33 234 158 36 14 1 0 1
252 177 18 57 13 0 0 1
254 170 128 255 5 0 1 0
254 108 106 12 1 1 146 0
74 200 240 222 12 1 0 1
3 58 15 193 7 0 13 0
1 255 2 128 2 0 1 0
1 128 255 85 10 0 0 1
169 81 132 0 12 1 0 1
182 3 136 74 11 0 0 1
222 45 143 222 2 0 12 0
152 71 187 77 15 1 0 1
11 192 213 129 3 1 203 0
2 255 255 254 10 1 0 1
1 170 255 85 8 0 0 1
23 34 101 118 15 0 0 1
252 2 19 130 13 0 0 1
83 13 47 243 0 0 130 0
160 110 160 245 13 0 0 1
115 153 95 42 0 1 149 0
235 248 55 149 7 0 175 0
2 255 1 254 14 0 0 1
2 255 1 254 14 0 0 1
58 66 72 66 15 0 0 1
144 108 89 58 7 0 143 0
144 108 89 58 7 0 143 0
144 108 89 58 7 0 143 0
144 108 89 58 7 0 143 0
144 108 89 58 7 0 143 0
128 254 0 254 14 0 0 1
41 133 153 217 12 0 0 1
128 85 1 128 10 1 0 1
134 138 179 38 2 1 130 0
134 138 179 38 2 1 130 0
134 138 179 38 2 1 130 0
134 138 179 38 2 1 130 0
6 227 143 151 4 1 229 0
18 245 124 42 10 1 0 1
0 85 255 2 14 0 0 1
147 101 58 67 0 0 117 0
171 70 138 90 0 1 213 0
105 61 7 172 14 0 0 1
170 170 128 85 1 1 0 1
162 4 220 235 5 0 93 0
67 239 250 9 14 0 0 1
42 66 89 247 9 1 0 1
213 231 72 57 13 1 0 1
130 221 219 43 3 0 223 0
165 173 112 128 9 1 0 1
37 105 226 22 12 1 0 1
37 105 226 22 12 1 0 1
37 105 226 22 12 1 0 1
37 105 226 22 12 1 0 1
37 105 226 22 12 1 0 1
39 128 244 167 10 0 0 1
139 51 30 228 14 1 0 1
199 195 244 54 5 0 56 0
199 195 244 54 5 0 56 0
199 195 244 54 5 0 56 0
170 255 85 128 14 0 0 1
170 255 85 128 14 0 0 1
170 255 85 128 14 0 0 1
170 255 85 128 14 0 0 1
170 255 85 128 14 0 0 1
127 82 235 122 8 1 0 1
85 2 0 255 8 0 0 1
148 213 89 37 12 0 0 1
255 170 0 85 5 0 0 1
255 170 0 85 5 0 0 1
2 2 2 0 5 1 253 0
254 1 2 170 1 0 253 0
254 1 2 170 1 0 253 0
254 1 2 170 1 0 253 0
208 10 195 144 1 0 198 0
125 255 26 50 11 1 0 1
255 1 128 170 1 1 254 0
85 85 254 0 2 0 85 0
28 23 253 163 1 1 5 0
53 196 177 60 9 1 0 1
25 10 237 169 13 1 0 1
4 183 159 52 5 0 251 0
207 244 162 110 6 1 113 0
207 244 162 110 6 1 113 0
207 244 162 110 6 1 113 0
207 244 162 110 6 1 113 0
207 244 162 110 6 1 113 0
178 229 1 12 9 1 0 1
165 226 48 140 14 0 0 1
26 211 239 229 14 1 0 1
26 211 239 229 14 1 0 1
1 128 128 0 0 1 1 0
85 2 1 170 8 1 0 1
2 255 128 85 5 1 253 0
99 106 154 3 1 0 249 0
170 254 170 170 15 0 0 1
241 42 163 193 3 0 251 0
241 42 163 193 3 0 251 0
1 1 2 0 15 0 0 1
170 0 255 170 14 0 0 1
118 13 208 166 5 1 137 0
118 13 208 166 5 1 137 0
118 13 208 166 5 1 137 0
118 13 208 166 5 1 137 0
245 226 100 227 11 1 0 1
240 185 241 115 3 1 249 0
240 119 142 173 13 0 0 1
252 197 58 106 1 1 55 0
0 128 255 2 15 0 0 1
0 128 255 2 15 0 0 1
0 128 255 2 15 0 0 1
0 128 255 2 15 0 0 1
0 128 255 2 15 0 0 1
1 0 255 0 15 0 0 1
32 255 172 242 0 0 189 0
220 187 244 138 9 1 0 1
0 255 254 255 15 0 0 1
83 147 77 44 14 0 0 1
251 193 168 242 1 0 58 0
127 58 230 251 14 0 0 1
255 0 128 0 2 0 0 1
101 59 177 84 4 0 94 0
232 94 172 225 8 1 0 1
232 94 172 225 8 1 0 1
232 94 172 225 8 1 0 1
232 94 172 225 8 1 0 1
232 94 172 225 8 1 0 1
100 120 82 100 9 0 0 1
100 120 82 100 9 0 0 1
100 120 82 100 9 0 0 1
100 120 82 100 9 0 0 1
216 135 163 98 7 1 100 0
159 52 125 246 7 1 70 0
189 3 183 82 9 1 0 1
254 2 255 255 2 0 2 0
49 204 124 88 4 1 253 0
49 204 124 88 4 1 253 0
49 204 124 88 4 1 253 0
49 204 124 88 4 1 253 0
2 85 128 2 0 0 217 0
128 1 0 128 8 1 0 1
141 142 231 135 12 0 0 1
85 255 85 128 2 0 85 0
76 241 225 92 5 0 179 0
221 199 65 9 3 0 223 0
135 249 36 229 1 1 142 0
255 170 255 255 0 0 167 0
0 1 170 0 15 0 0 1
0 1 170 0 15 0 0 1
0 1 170 0 15 0 0 1
138 193 76 86 0 0 237 0
2 128 170 170 15 1 0 1
91 111 105 229 14 0 0 1
0 170 255 254 2 0 0 1
88 43 174 96 6 0 139 0
187 245 156 149 5 1 68 0
187 245 156 149 5 1 68 0
187 245 156 149 5 1 68 0
187 245 156 149 5 1 68 0
73 75 155 147 15 0 0 1
112 99 59 253 3 0 115 0
0 1 170 128 14 0 0 1
206 76 239 70 11 1 0 1
85 51 44 202 9 1 0 1
85 51 44 202 9 1 0 1
85 51 44 202 9 1 0 1
85 51 44 202 9 1 0 1
110 151 99 252 4 0 249 0
85 114 232 233 15 0 0 1
14 143 27 239 3 0 143 0
14 143 27 239 3 0 143 0
14 143 27 239 3 0 143 0
128 1 85 254 2 1 0 1
254 1 1 128 15 0 0 1
138 92 60 198 11 0 0 1
47 87 48 34 5 1 208 0
175 210 142 185 11 1 0 1
78 129 77 107 9 1 0 1
189 194 219 17 3 1 255 0
2 255 128 170 5 0 253 0
77 76 35 235 4 1 1 0
77 76 35 235 4 1 1 0
77 76 35 235 4 1 1 0
77 76 35 235 4 1 1 0
145 217 244 46 7 0 140 0
145 217 244 46 7 0 140 0
80 173 223 249 11 1 0 1
176 108 57 231 10 0 0 1
186 51 209 174 7 0 108 0
103 46 134 243 15 0 0 1
96 74 2 76 3 0 106 0
140 167 79 181 1 0 229 0
60 219 96 52 14 0 0 1
60 219 96 52 14 0 0 1
60 219 96 52 14 0 0 1
193 28 11 45 1 0 165 0
4 25 242 207 8 0 0 1
173 65 196 91 4 1 236 0
0 1 2 128 15 1 0 1
237 153 108 93 0 1 79 0
79 71 35 106 6 1 114 0
170 0 2 170 1 1 170 0
31 221 100 161 3 1 223 0
31 221 100 161 3 1 223 0
31 221 100 161 3 1 223 0
31 221 100 161 3 1 223 0
31 221 100 161 3 1 223 0
170 85 128 1 2 0 0 1
127 86 247 199 9 1 0 1
127 86 247 199 9 1 0 1
127 86 247 199 9 1 0 1
30 219 220 160 10 0 0 1
58 103 72 41 7 1 18 0
70 41 150 61 8 0 0 1
254 0 170 85 14 0 0 1
197 216 165 74 15 1 0 1
206 97 93 195 10 1 0 1
53 233 3 171 12 1 0 1
45 27 217 25 2 0 9 0
93 49 77 90 6 0 139 0
2 2 128 0 15 0 0 1
128 128 85 2 0 1 87 0
138 251 48 142 8 0 0 1
85 85 170 128 1 1 0 1
8 118 19 245 10 1 0 1
87 179 167 43 9 1 0 1
1 128 255 1 5 1 254 0
2 255 85 1 1 0 3 0
172 37 224 181 2 0 36 0
201 170 24 129 4 1 99 0
201 170 24 129 4 1 99 0
43 237 88 87 6 1 131 0
173 75 51 84 11 0 0 1
85 10 246 138 11 0 0 1
134 83 133 188 3 1 215 0
1 2 2 0 8 0 0 1
170 255 128 255 5 0 85 0
170 128 128 1 10 0 0 1
25 4 219 81 3 1 29 0
111 185 161 54 1 0 182 0
5 19 149 251 3 0 23 0
255 255 255 1 14 0 0 1
44 185 144 149 9 0 0 1
44 185 144 149 9 0 0 1
44 185 144 149 9 0 0 1
183 200 127 252 13 1 0 1
85 1 128 170 1 0 84 0
10 4 136 184 2 1 0 1
10 4 136 184 2 1 0 1
65 111 103 46 3 1 111 0
65 111 103 46 3 1 111 0
65 111 103 46 3 1 111 0
65 111 103 46 3 1 111 0
177 206 171 142 1 1 227 0
155 46 68 137 11 1 0 1
155 46 68 137 11 1 0 1
155 46 68 137 11 1 0 1
155 46 68 137 11 1 0 1
49 160 46 153 3 1 177 0
240 28 14 84 4 1 236 0
2 0 255 128 14 1 0 1
128 255 1 128 5 1 127 0
128 255 1 128 5 1 127 0
128 255 1 128 5 1 127 0
128 255 1 128 5 1 127 0
150 135 62 128 3 1 151 0
7 197 7 163 7 0 118 0
1 0 2 1 8 0 0 1
2 2 255 255 14 1 0 1
255 170 1 2 2 0 170 0
255 170 1 2 2 0 170 0
44 247 96 59 1 0 53 0
2 170 128 2 2 0 2 0
18 192 152 1 8 1 0 1
2 1 254 85 2 1 0 1
59 209 255 141 5 1 196 0
151 24 101 236 6 0 4 0
132 189 135 93 5 1 123 0
188 216 188 101 14 0 0 1
12 77 199 35 5 0 243 0
61 125 95 113 3 0 125 0
106 197 221 113 4 0 175 0
0 170 85 1 10 0 0 1
170 2 254 2 1 0 168 0
170 2 254 2 1 0 168 0
170 2 254 2 1 0 168 0
170 2 254 2 1 0 168 0
170 2 254 2 1 0 168 0
145 67 16 137 10 0 0 1
45 156 82 115 2 1 12 0
52 233 190 161 8 1 0 1
101 101 92 124 8 1 0 1
52 223 98 202 3 0 255 0
0 255 128 255 10 1 0 1
0 254 0 85 0 0 83 0
1 85 85 2 5 0 254 0
1 85 85 2 5 0 254 0
85 0 2 2 14 0 0 1
234 132 254 64 15 1 0 1
203 152 138 121 5 0 52 0
208 200 254 226 4 1 24 0
208 200 254 226 4 1 24 0
208 200 254 226 4 1 24 0
208 200 254 226 4 1 24 0
242 112 240 132 0 1 214 0
1 128 128 0 8 0 0 1
227 180 80 239 3 1 247 0
71 117 34 83 15 0 0 1
84 120 226 14 14 1 0 1
203 122 204 166 10 1 0 1
254 1 0 2 0 1 1 0
62 129 122 193 6 1 184 0
1 1 254 255 15 1 0 1
0 85 170 254 5 1 255 0
145 121 97 146 2 1 17 0
111 107 82 144 12 1 0 1
111 107 82 144 12 1 0 1
111 107 82 144 12 1 0 1
77 82 143 2 5 0 178 0
77 82 143 2 5 0 178 0
77 82 143 2 5 0 178 0
77 82 143 2 5 0 178 0
77 82 143 2 5 0 178 0
239 22 1 151 11 0 0 1
0 254 128 254 1 0 2 0
170 1 2 254 5 1 85 0
11 193 219 194 15 0 0 1
130 156 244 127 0 0 145 0
131 145 107 216 1 1 242 0
202 147 27 167 10 0 0 1
202 147 27 167 10 0 0 1
202 147 27 167 10 0 0 1
202 147 27 167 10 0 0 1
79 97 167 149 12 1 0 1
255 1 85 1 2 1 1 0
170 255 85 0 5 0 85 0
170 255 85 0 5 0 85 0
2 255 170 85 10 0 0 1
124 161 191 80 15 1 0 1
162 55 6 153 14 1 0 1
162 55 6 153 14 1 0 1
162 55 6 153 14 1 0 1
138 38 155 62 15 1 0 1
168 135 133 174 1 0 33 0
202 203 62 138 0 0 93 0
189 86 148 41 1 1 103 0
254 1 85 0 0 1 84 0
118 55 237 13 8 1 0 1
85 0 254 85 0 1 168 0
15 73 125 226 10 1 0 1
136 28 47 40 10 1 0 1
241 206 32 27 6 1 17 0
241 206 32 27 6 1 17 0
0 255 1 128 10 0 0 1
85 0 254 128 10 0 0 1
60 177 123 176 14 0 0 1
91 148 140 137 14 0 0 1
116 190 150 249 7 1 193 0
170 2 128 255 1 0 168 0
75 14 135 66 4 1 69 0
245 247 253 211 7 0 188 0
91 94 112 42 7 0 83 0
170 2 170 255 8 0 0 1
124 58 176 243 4 0 70 0
231 84 87 24 9 0 0 1
141 140 248 124 9 0 0 1
160 10 188 184 14 1 0 1
253 213 10 232 0 1 196 0
240 38 48 225 12 0 0 1
240 38 48 225 12 0 0 1
240 38 48 225 12 0 0 1
240 38 48 225 12 0 0 1
5 253 171 162 8 0 0 1
161 42 43 192 11 1 0 1
207 199 238 38 9 1 0 1
78 129 243 141 9 0 0 1
62 225 15 37 13 1 0 1
244 238 124 51 2 1 228 0
157 134 192 53 2 0 132 0
15 33 119 45 5 1 240 0
38 101 57 227 11 1 0 1
38 101 57 227 11 1 0 1
218 214 243 187 1 1 4 0
177 93 125 222 14 0 0 1
122 5 28 139 13 1 0 1
131 160 113 17 7 1 165 0
183 206 50 28 3 0 255 0
170 0 247 119 7 0 24 0
2 144 37 69 7 0 252 0
64 13 29 35 11 1 0 1
76 215 222 93 7 1 94 0
85 1 2 170 1 0 84 0
1 1 85 2 14 1 0 1
2 2 85 128 15 1 0 1
229 158 160 130 4 0 123 0
1 85 1 255 10 1 0 1
89 124 146 165 15 1 0 1
240 23 145 154 1 1 217 0
216 232 222 63 13 1 0 1
116 51 210 235 11 0 0 1
88 4 121 253 10 0 0 1
88 4 121 253 10 0 0 1
88 4 121 253 10 0 0 1
88 4 121 253 10 0 0 1
2 2 0 85 0 1 89 0
255 37 253 19 7 0 52 0
66 73 164 228 15 0 0 1
37 184 60 4 11 1 0 1
37 184 60 4 11 1 0 1
255 237 56 231 13 1 0 1
208 107 48 96 8 1 0 1
108 21 214 91 10 0 0 1
128 254 85 254 15 0 0 1
137 224 42 128 12 1 0 1
85 1 170 0 15 1 0 1
142 232 143 110 5 1 113 0
142 232 143 110 5 1 113 0
142 232 143 110 5 1 113 0
206 36 175 247 13 1 0 1
206 36 175 247 13 1 0 1
206 36 175 247 13 1 0 1
206 36 175 247 13 1 0 1
206 36 175 247 13 1 0 1
33 115 95 183 15 0 0 1
255 2 255 128 5 1 0 1
32 33 125 162 3 1 33 0
85 0 170 0 10 0 0 1
247 65 188 56 11 0 0 1
92 91 152 190 6 0 25 0
99 161 52 238 5 0 156 0
184 99 218 52 0 0 41 0
184 99 218 52 0 0 41 0
184 99 218 52 0 0 41 0
184 99 218 52 0 0 41 0
184 99 218 52 0 0 41 0
245 81 185 98 7 1 97 0
245 81 185 98 7 1 97 0
245 81 185 98 7 1 97 0
180 204 111 84 10 1 0 1
218 233 80 73 1 1 241 0
170 2 85 170 14 0 0 1
100 31 195 228 0 1 42 0
100 31 195 228 0 1 42 0
20 236 203 189 10 0 0 1
73 187 152 174 8 0 0 1
194 169 98 29 11 1 0 1
180 181 25 133 9 1 0 1
71 127 40 171 1 1 200 0
71 127 40 171 1 1 200 0
71 127 40 171 1 1 200 0
71 127 40 171 1 1 200 0
71 127 40 171 1 1 200 0
0 170 0 85 14 0 0 1
150 100 45 227 4 1 242 0
43 245 150 116 0 1 42 0
255 170 254 1 5 1 0 1
37 84 145 59 2 0 4 0
25 109 2 133 2 1 9 0
212 42 44 76 3 0 254 0
254 85 1 2 14 0 0 1
253 4 135 128 15 1 0 1
165 253 162 193 13 0 0 1
19 32 199 70 3 0 51 0
19 32 199 70 3 0 51 0
19 32 199 70 3 0 51 0
199 16 172 93 12 0 0 1
170 128 254 2 0 0 42 0
28 194 211 36 5 1 227 0
174 29 85 181 5 1 81 0
182 62 36 84 12 1 0 1
75 118 165 205 1 0 213 0
19 5 148 194 5 1 236 0
174 33 5 37 11 0 0 1
90 216 71 69 5 0 165 0
2 1 128 254 1 0 1 0
1 2 254 85 2 0 0 1
148 242 182 203 9 1 0 1
148 242 182 203 9 1 0 1
148 242 182 203 9 1 0 1
142 124 117 179 11 0 0 1
2 1 170 1 5 0 253 0
2 1 170 1 5 0 253 0
2 1 170 1 5 0 253 0
251 166 139 12 5 1 4 0
2 254 2 170 5 0 253 0
84 142 120 153 1 1 198 0
170 255 1 128 8 1 0 1
17 10 118 238 5 0 238 0
213 133 142 82 5 1 42 0
1 1 255 254 5 0 254 0
95 104 13 10 2 0 72 0
224 23 203 65 10 0 0 1
8 232 226 159 0 1 113 0
194 195 122 119 14 1 0 1
234 208 229 74 12 1 0 1
10 17 60 5 1 0 249 0
85 1 2 170 1 1 84 0
47 42 255 61 11 1 0 1
127 38 235 196 3 1 127 0
56 115 64 93 12 1 0 1
56 115 64 93 12 1 0 1
56 115 64 93 12 1 0 1
56 115 64 93 12 1 0 1
56 115 64 93 12 1 0 1
128 0 128 128 8 1 0 1
128 0 128 128 8 1 0 1
128 0 128 128 8 1 0 1
0 85 255 0 5 1 255 0
102 210 165 39 4 1 180 0
98 31 16 37 7 0 182 0
226 154 229 243 13 0 0 1
226 154 229 243 13 0 0 1
226 154 229 243 13 0 0 1
42 179 110 50 14 0 0 1
201 31 6 157 15 0 0 1
1 2 128 1 14 1 0 1
229 9 51 48 9 1 0 1
173 44 199 204 10 0 0 1
127 63 171 5 0 0 110 0
166 193 51 81 6 1 217 0
166 193 51 81 6 1 217 0
254 85 255 2 2 0 84 0
254 255 128 170 1 0 255 0
171 212 129 79 10 0 0 1
0 1 255 254 5 0 255 0
2 85 2 254 10 0 0 1
2 85 2 254 10 0 0 1
2 85 2 254 10 0 0 1
227 94 221 234 12 0 0 1
136 244 180 11 9 0 0 1
204 80 23 225 10 1 0 1
255 254 254 85 15 0 0 1
85 170 0 254 8 0 0 1
46 60 137 133 9 0 0 1
1 255 170 254 14 1 0 1
26 13 17 127 14 0 0 1
233 246 245 216 2 1 224 0
233 246 245 216 2 1 224 0
233 246 245 216 2 1 224 0
233 246 245 216 2 1 224 0
191 228 112 10 5 0 64 0
99 144 13 181 0 0 181 0
185 58 193 114 8 1 0 1
185 58 193 114 8 1 0 1
185 58 193 114 8 1 0 1
185 58 193 114 8 1 0 1
185 58 193 114 8 1 0 1
90 13 177 27 11 0 0 1
113 3 219 234 14 1 0 1
20 75 79 118 8 0 0 1
2 1 128 2 14 0 0 1
138 42 45 38 3 1 170 0
85 1 49 21 2 1 1 0
228 147 130 23 9 0 0 1
157 27 225 57 8 0 0 1
217 91 71 1 7 0 124 0
1 255 2 2 14 1 0 1
1 255 2 2 14 1 0 1
1 255 2 2 14 1 0 1
1 255 2 2 14 1 0 1
1 255 2 2 14 1 0 1
213 113 102 28 12 1 0 1
170 2 128 0 8 0 0 1
192 68 165 55 14 1 0 1
125 117 59 4 2 0 117 0
0 0 128 0 5 1 255 0
1 85 2 254 2 0 1 0
245 123 213 40 0 0 109 0
110 158 0 204 13 1 0 1
174 147 60 33 13 0 0 1
163 25 76 155 2 1 1 0
2 255 128 255 1 1 3 0
2 2 254 1 15 1 0 1
29 51 95 66 2 1 17 0
170 254 0 2 2 0 170 0
57 178 37 13 14 1 0 1
241 93 249 51 13 1 0 1
1 2 255 254 10 0 0 1
157 95 168 119 15 1 0 1
105 216 147 91 1 0 145 0
195 6 99 211 15 0 0 1
53 9 28 0 12 0 0 1
53 9 28 0 12 0 0 1
53 9 28 0 12 0 0 1
53 9 28 0 12 0 0 1
0 128 254 85 1 1 128 0
0 128 254 85 1 1 128 0
0 128 254 85 1 1 128 0
0 128 254 85 1 1 128 0
87 123 57 181 7 1 192 0
2 0 85 0 15 0 0 1
219 153 161 102 12 0 0 1
204 0 138 247 11 1 0 1
23 147 233 242 12 0 0 1
128 170 170 0 5 0 127 0
249 126 14 168 13 1 0 1
206 50 205 108 12 1 0 1
255 255 128 128 8 0 0 1
255 255 128 128 8 0 0 1
100 97 80 23 11 0 0 1
72 157 126 229 7 1 72 0
115 183 238 16 8 1 0 1
2 2 1 2 8 0 0 1
2 2 1 2 8 0 0 1
2 2 1 2 8 0 0 1
128 2 0 2 2 0 0 1
200 41 242 47 1 1 159 0
103 4 17 103 3 0 103 0
12 156 186 159 8 1 0 1
85 85 255 128 0 0 41 0
2 254 85 0 15 1 0 1
0 255 85 2 5 1 255 0
255 128 2 255 15 0 0 1
85 128 170 255 8 0 0 1
85 2 255 85 2 0 0 1
85 2 255 85 2 0 0 1
85 2 255 85 2 0 0 1
1 128 255 0 15 1 0 1
142 39 68 62 0 0 55 0
128 85 128 170 1 0 43 0
0 2 254 0 5 0 255 0
1 255 0 1 10 1 0 1
1 255 0 1 10 1 0 1
1 255 0 1 10 1 0 1
1 255 0 1 10 1 0 1
216 108 212 207 4 0 180 0
225 152 126 237 8 1 0 1
85 254 1 85 14 1 0 1
85 254 1 85 14 1 0 1
82 206 87 96 0 1 215 0
85 85 255 2 8 1 0 1
76 20 167 10 0 0 17 0
226 177 210 151 3 1 243 0
151 252 252 141 14 1 0 1
167 226 255 163 13 0 0 1
255 254 255 1 8 0 0 1
255 2 2 0 2 1 2 0
87 43 99 5 10 1 0 1
152 165 47 29 0 1 137 0
255 2 2 128 0 0 131 0
170 85 1 255 15 0 0 1
170 85 1 255 15 0 0 1
170 85 1 255 15 0 0 1
170 85 1 255 15 0 0 1
170 85 1 255 15 0 0 1
170 254 85 255 14 1 0 1
252 16 185 139 0 1 80 0
163 66 77 224 6 1 240 0
147 229 105 3 12 0 0 1
254 128 254 0 1 0 126 0
246 32 12 195 4 0 214 0
85 0 0 2 14 1 0 1
85 0 0 2 14 1 0 1
85 0 0 2 14 1 0 1
152 132 101 247 15 0 0 1
120 166 134 88 13 1 0 1
120 166 134 88 13 1 0 1
120 166 134 88 13 1 0 1
120 166 134 88 13 1 0 1
120 166 134 88 13 1 0 1
1 170 128 1 15 0 0 1
8 245 55 45 2 1 0 1
0 255 128 128 14 0 0 1
1 85 85 1 0 0 172 0
172 9 52 97 9 0 0 1
227 187 218 8 0 1 128 0
225 50 16 249 10 0 0 1
254 2 85 128 0 1 213 0
255 170 128 255 1 1 85 0
255 170 128 255 1 1 85 0
255 170 128 255 1 1 85 0
255 170 128 255 1 1 85 0
255 170 128 255 1 1 85 0
8 51 37 149 1 0 213 0
101 239 140 213 15 0 0 1
33 153 71 156 10 0 0 1
33 153 71 156 10 0 0 1
33 153 71 156 10 0 0 1
163 181 220 13 13 0 0 1
6 118 42 188 0 1 98 0
254 128 1 2 15 0 0 1
181 101 182 221 9 0 0 1
68 36 57 31 7 0 192 0
107 180 192 85 4 1 223 0
243 235 83 0 7 0 49 0
15 190 239 83 4 1 177 0
129 84 73 75 10 1 0 1
129 84 73 75 10 1 0 1
129 84 73 75 10 1 0 1
129 84 73 75 10 1 0 1
43 162 55 198 10 0 0 1
215 216 138 43 13 0 0 1
213 132 238 135 4 1 81 0
129 74 114 85 11 0 0 1
1 1 85 128 8 0 0 1
50 207 209 85 3 0 255 0
90 117 159 51 10 1 0 1
1 255 0 254 10 0 0 1
254 2 170 254 10 1 0 1
255 2 254 2 14 0 0 1
0 1 0 1 5 0 255 0
31 56 226 227 2 1 24 0
128 1 254 85 1 1 127 0
85 85 85 128 14 0 0 1
7 161 112 166 3 1 167 0
113 222 92 206 2 1 80 0
38 184 46 200 4 0 158 0
0 128 128 0 2 1 0 1
174 148 231 40 10 0 0 1
174 148 231 40 10 0 0 1
174 148 231 40 10 0 0 1
74 71 248 98 4 1 13 0
228 57 142 134 8 0 0 1
134 188 67 254 12 1 0 1
224 164 189 112 11 1 0 1
176 204 253 212 13 0 0 1
131 206 181 116 5 1 124 0
0 2 0 2 8 0 0 1
40 77 233 106 14 0 0 1
112 58 96 75 7 0 85 0
173 23 142 100 13 0 0 1
207 161 195 62 13 1 0 1
2 0 254 85 2 0 0 1
2 0 254 85 2 0 0 1
2 0 254 85 2 0 0 1
2 0 254 85 2 0 0 1
76 45 139 106 6 0 151 0
255 1 254 254 0 0 252 0
255 1 254 254 0 0 252 0
255 1 254 254 0 0 252 0
255 1 254 254 0 0 252 0
255 1 254 254 0 0 252 0
254 0 128 0 0 0 126 0
166 23 35 177 6 1 201 0
1 170 128 255 15 1 0 1
153 138 237 22 3 0 155 0
153 138 237 22 3 0 155 0
153 138 237 22 3 0 155 0
161 143 32 101 5 1 94 0
161 143 32 101 5 1 94 0
161 143 32 101 5 1 94 0
161 143 32 101 5 1 94 0
85 255 1 85 10 0 0 1
85 255 1 85 10 0 0 1
85 255 1 85 10 0 0 1
85 255 1 85 10 0 0 1
85 255 1 85 10 0 0 1
255 2 85 254 15 1 0 1
254 128 170 255 15 1 0 1
2 255 2 0 2 0 2 0
122 84 191 55 7 0 196 0
104 246 102 80 6 0 70 0
206 141 35 13 12 1 0 1
155 73 94 104 11 0 0 1
215 128 174 180 6 1 133 0
58 241 168 122 0 1 77 0
2 255 170 254 0 0 169 0
170 2 128 0 8 1 0 1
85 85 2 255 2 1 85 0
20 217 228 242 15 0 0 1
11 181 234 152 7 1 66 0
110 46 157 172 10 1 0 1
85 170 128 254 2 0 0 1
85 170 128 254 2 0 0 1
85 170 128 254 2 0 0 1
85 170 128 254 2 0 0 1
85 170 128 254 2 0 0 1
1 85 254 128 15 0 0 1
253 184 91 61 4 0 69 0
255 1 1 1 1 0 254 0
208 214 139 223 2 1 208 0
48 175 142 24 10 0 0 1
45 82 231 254 10 0 0 1
80 72 50 131 1 1 8 0
226 150 126 154 8 0 0 1
10 128 93 39 0 1 14 0
2 0 2 255 2 1 0 1
119 114 79 66 7 1 122 0
193 107 210 199 13 1 0 1
148 177 176 202 1 0 227 0
151 250 151 163 14 0 0 1
24 101 10 209 7 0 88 0
29 175 144 229 1 0 110 0
137 153 184 12 1 1 240 0
51 13 10 43 6 0 56 0
51 13 10 43 6 0 56 0
255 170 85 170 1 0 85 0
62 189 83 193 7 0 15 0
255 170 0 128 14 0 0 1
1 170 128 1 14 0 0 1
170 128 85 128 2 0 128 0
247 63 200 253 15 1 0 1
255 1 2 255 0 0 1 0
255 1 2 255 0 0 1 0
255 1 2 255 0 0 1 0
7 213 239 241 7 1 188 0
7 213 239 241 7 1 188 0
117 153 214 152 2 0 17 0
2 131 12 92 8 0 0 1
170 128 2 0 14 1 0 1
85 2 1 128 1 1 83 0
130 74 144 7 4 1 200 0
145 157 191 77 1 0 244 0
1 128 2 170 5 1 254 0
1 254 85 1 15 0 0 1
0 85 254 0 2 0 0 1
0 85 254 0 2 0 0 1
0 85 254 0 2 0 0 1
0 85 254 0 2 0 0 1
249 49 196 223 12 0 0 1
116 139 112 229 13 1 0 1
86 13 66 17 2 0 4 0
170 2 255 1 14 1 0 1
89 155 2 89 11 1 0 1
10 68 184 245 13 0 0 1
37 194 35 72 0 1 82 0
97 62 218 178 15 0 0 1
157 221 175 45 12 0 0 1
0 85 170 1 14 1 0 1
255 2 85 0 14 0 0 1
255 128 170 1 2 0 128 0
71 82 6 224 1 1 245 0
1 46 238 13 10 1 0 1
254 170 128 0 14 0 0 1
110 54 201 207 7 1 60 0
200 158 99 175 14 0 0 1
0 85 170 254 8 0 0 1
0 85 254 255 5 0 255 0
211 65 224 175 7 0 163 0
235 71 41 103 10 0 0 1
85 254 255 2 0 0 84 0
120 180 205 23 12 1 0 1
225 71 212 115 12 1 0 1
85 128 85 254 2 0 0 1
239 115 207 124 0 1 173 0
220 0 75 10 4 0 220 0
170 254 85 2 2 0 170 0
73 250 56 139 7 0 6 0
177 109 250 208 8 0 0 1
231 84 117 19 10 1 0 1
104 98 120 200 14 1 0 1
1 254 1 128 5 1 254 0
255 1 128 255 5 0 0 1
133 102 249 212 10 1 0 1
184 94 78 133 9 1 0 1
137 44 167 153 13 0 0 1
1 20 143 174 12 0 0 1
1 20 143 174 12 0 0 1
1 20 143 174 12 0 0 1
180 172 198 187 7 0 225 0
224 26 102 32 12 1 0 1
124 252 181 1 7 1 46 0
55 49 155 136 3 1 55 0
55 49 155 136 3 1 55 0
55 49 155 136 3 1 55 0
170 254 2 128 0 0 42 0
128 128 170 170 10 0 0 1
128 2 170 2 2 0 0 1
255 255 0 170 14 0 0 1
126 232 45 40 10 0 0 1
2 254 255 128 8 0 0 1
154 74 240 208 10 1 0 1
178 218 98 166 5 1 77 0
211 213 59 250 13 1 0 1
1 2 0 128 14 1 0 1
51 113 87 235 10 1 0 1
254 85 2 254 8 1 0 1
254 85 2 254 8 1 0 1
77 98 48 43 1 1 235 0
118 210 193 217 13 0 0 1
128 2 128 2 2 0 0 1
166 18 162 49 2 0 2 0
16 93 223 99 11 1 0 1
168 201 158 132 14 0 0 1
168 201 158 132 14 0 0 1
168 201 158 132 14 0 0 1
20 243 208 145 15 0 0 1
160 136 117 234 9 0 0 1
72 148 91 5 7 0 60 0
122 46 18 69 11 1 0 1
96 91 114 132 2 1 64 0
254 2 0 170 14 1 0 1
255 2 2 255 8 0 0 1
1 170 85 85 2 1 0 1
90 251 94 238 2 0 90 0
122 54 9 42 7 0 227 0
75 196 237 181 7 0 177 0
75 196 237 181 7 0 177 0
75 196 237 181 7 0 177 0
66 180 247 143 11 1 0 1
254 0 128 254 5 0 1 0
255 1 85 2 5 0 0 1
243 255 21 34 4 0 12 0
217 49 233 50 15 1 0 1
109 201 174 32 8 1 0 1
1 255 170 85 1 1 2 0
90 16 42 92 3 1 90 0
2 0 1 85 10 1 0 1
170 128 85 255 1 1 42 0
37 228 230 138 9 1 0 1
255 255 170 255 0 1 167 0
255 255 170 255 0 1 167 0
255 2 2 254 0 0 1 0
250 79 4 4 10 1 0 1
67 106 216 134 10 0 0 1
243 90 82 201 15 0 0 1
5 87 171 66 12 0 0 1
64 216 230 238 12 1 0 1
209 66 118 252 2 0 64 0
209 66 118 252 2 0 64 0
209 66 118 252 2 0 64 0
209 66 118 252 2 0 64 0
144 203 143 170 4 1 91 0
235 69 11 101 13 0 0 1
254 2 255 255 5 0 1 0
136 4 166 223 0 0 17 0
223 180 180 117 9 0 0 1
130 23 243 32 2 1 2 0
35 58 187 73 6 1 222 0
64 98 184 137 4 1 34 0
119 5 96 206 3 0 119 0
28 109 119 91 3 1 125 0
50 88 125 255 12 0 0 1
248 230 107 145 8 1 0 1
47 147 50 229 0 0 217 0
167 108 61 148 13 1 0 1
255 1 85 170 15 0 0 1
47 63 201 74 10 0 0 1
7 174 179 27 13 1 0 1
239 212 254 5 3 0 255 0
177 56 70 132 10 0 0 1
170 85 0 128 14 0 0 1
254 2 128 85 10 0 0 1
99 81 186 216 3 0 115 0
140 244 51 197 1 1 152 0
1 0 128 1 5 1 254 0
1 0 128 1 5 1 254 0
1 0 128 1 5 1 254 0
1 0 128 1 5 1 254 0
128 255 0 0 1 0 129 0
128 255 0 0 1 0 129 0
195 216 91 145 5 1 60 0
223 114 128 77 12 0 0 1
251 64 37 222 3 1 251 0
164 252 30 9 14 1 0 1
128 128 254 0 8 0 0 1
115 114 43 11 6 0 125 0
89 69 211 23 8 1 0 1
254 254 255 170 0 0 165 0
255 170 1 1 15 0 0 1
15 124 218 82 1 1 147 0
0 2 85 254 14 0 0 1
249 244 102 17 4 1 13 0
249 244 102 17 4 1 13 0
249 244 102 17 4 1 13 0
245 199 94 131 5 0 10 0
245 199 94 131 5 0 10 0
245 199 94 131 5 0 10 0
71 181 184 215 7 0 139 0
104 233 4 90 1 1 127 0
2 170 2 0 1 0 88 0
0 255 170 128 10 0 0 1
227 79 235 40 12 0 0 1
208 224 185 88 10 1 0 1
85 128 2 0 1 1 213 0
170 1 0 255 1 0 169 0
71 198 16 24 5 0 184 0
121 172 34 21 13 1 0 1
1 1 128 2 0 0 132 0
1 1 128 2 0 0 132 0
1 1 128 2 0 0 132 0
1 1 128 2 0 0 132 0
1 1 128 2 0 0 132 0
17 15 6 217 14 1 0 1
161 126 50 161 10 0 0 1
36 162 53 47 8 1 0 1
254 128 254 255 0 1 123 0
160 101 87 197 7 0 33 0
166 52 244 86 3 0 182 0
78 132 242 80 13 1 0 1
250 112 176 16 10 1 0 1
213 215 175 155 1 0 254 0
21 117 234 242 2 1 21 0
186 26 142 151 4 0 160 0
195 172 73 127 0 0 55 0
85 85 2 255 1 0 0 1
2 255 255 255 2 0 2 0
169 35 145 89 8 0 0 1
215 67 244 225 11 0 0 1
215 67 244 225 11 0 0 1
215 67 244 225 11 0 0 1
215 67 244 225 11 0 0 1
170 0 2 254 2 1 0 1
2 2 2 1 5 0 253 0
100 124 56 198 15 1 0 1
140 130 82 89 8 0 0 1
128 2 85 255 2 0 0 1
170 92 53 73 8 1 0 1
128 85 255 170 0 0 126 0
220 72 23 20 10 0 0 1
170 85 254 254 1 0 85 0
170 85 254 254 1 0 85 0
170 85 254 254 1 0 85 0
170 85 254 254 1 0 85 0
0 2 255 1 0 0 2 0
215 184 234 13 14 1 0 1
129 173 148 196 10 1 0 1
109 224 195 1 15 1 0 1
250 111 122 214 10 1 0 1
2 85 85 2 1 0 173 0
2 85 85 2 1 0 173 0
198 124 234 197 10 0 0 1
1 255 128 1 10 1 0 1
37 83 26 28 12 0 0 1
58 101 208 198 2 1 32 0
100 149 122 68 13 0 0 1
170 1 85 255 14 1 0 1
254 128 254 0 10 0 0 1
61 154 30 75 7 0 64 0
0 170 254 2 10 1 0 1
60 21 187 128 9 0 0 1
255 0 2 255 0 0 0 1
255 0 2 255 0 0 0 1
92 151 153 67 15 0 0 1
33 183 24 52 6 0 235 0
13 58 243 198 15 0 0 1
2 1 2 170 10 0 0 1
2 1 2 170 10 0 0 1
2 1 2 170 10 0 0 1
2 1 2 170 10 0 0 1
2 1 2 170 10 0 0 1
207 61 235 145 1 0 146 0
235 179 19 12 10 0 0 1
113 177 81 112 4 0 192 0
192 14 22 102 2 1 0 1
216 229 156 60 0 0 149 0
74 227 175 119 10 0 0 1
128 128 0 128 15 1 0 1
252 120 192 226 11 1 0 1
252 120 192 226 11 1 0 1
50 46 41 111 2 1 34 0
50 46 41 111 2 1 34 0
50 46 41 111 2 1 34 0
50 46 41 111 2 1 34 0
50 46 41 111 2 1 34 0
18 96 187 104 0 0 149 0
254 128 255 255 0 0 124 0
254 255 170 2 10 0 0 1
221 233 125 221 5 0 34 0
218 125 118 234 3 1 255 0
151 133 178 62 4 0 18 0
89 29 129 19 12 0 0 1
136 173 44 109 5 0 119 0
94 62 63 170 14 0 0 1
254 254 254 2 15 0 0 1
254 254 254 2 15 0 0 1
254 254 254 2 15 0 0 1
128 85 85 2 8 1 0 1
1 1 255 254 15 0 0 1
254 255 128 85 1 0 255 0
255 170 128 254 0 1 39 0
255 85 254 0 10 1 0 1
199 17 233 13 12 1 0 1
191 22 147 0 5 1 64 0
186 223 3 216 11 1 0 1
170 128 1 170 5 0 85 0
168 81 140 119 8 0 0 1
254 212 224 239 10 0 0 1
196 46 145 113 1 1 150 0
130 158 225 41 1 1 228 0
254 0 128 2 14 0 0 1
79 90 251 27 14 0 0 1
172 0 212 254 2 1 0 1
47 65 117 136 9 1 0 1
119 188 51 50 3 1 255 0
72 21 89 42 13 0 0 1
0 170 85 170 14 0 0 1
2 255 128 128 15 0 0 1
245 148 110 211 2 0 148 0
245 148 110 211 2 0 148 0
245 148 110 211 2 0 148 0
255 2 170 254 5 1 0 1
144 101 87 85 9 0 0 1
123 192 61 244 1 0 187 0
2 1 170 128 2 1 0 1
128 85 128 128 1 0 43 0
0 2 255 0 10 0 0 1
108 65 7 75 13 1 0 1
147 45 103 243 1 1 102 0
1 255 1 0 8 0 0 1
85 128 2 128 5 0 170 0
255 170 85 255 0 1 253 0
129 5 45 62 0 1 241 0
129 5 45 62 0 1 241 0
0 85 170 1 14 0 0 1
235 88 134 236 3 0 251 0
207 177 89 193 2 1 129 0
184 29 147 204 11 0 0 1
156 210 151 27 0 0 32 0
146 231 141 33 4 1 117 0
146 231 141 33 4 1 117 0
146 231 141 33 4 1 117 0
146 231 141 33 4 1 117 0
146 231 141 33 4 1 117 0
1 255 1 2 8 0 0 1
1 128 255 170 14 1 0 1
1 128 255 170 14 1 0 1
1 128 255 170 14 1 0 1
1 128 255 170 14 1 0 1
200 221 42 110 7 1 61 0
26 249 52 233 15 1 0 1
254 0 128 170 2 0 0 1
170 239 109 162 13 0 0 1
207 133 162 43 7 1 33 0
170 2 255 255 8 0 0 1
171 253 219 74 10 1 0 1
189 168 246 250 3 1 189 0
2 1 254 1 10 1 0 1
73 221 16 121 11 1 0 1
81 66 205 35 15 1 0 1
36 98 190 128 13 0 0 1
37 62 183 84 13 0 0 1
30 111 4 36 13 0 0 1
2 1 128 170 1 0 1 0
56 128 243 208 10 1 0 1
29 149 131 209 14 0 0 1
255 167 77 61 6 0 228 0
130 193 193 161 2 1 128 0
89 148 113 68 11 1 0 1
98 82 249 26 1 0 16 0
75 130 79 191 14 0 0 1
75 130 79 191 14 0 0 1
75 130 79 191 14 0 0 1
178 44 18 37 12 1 0 1
248 105 176 83 12 0 0 1
18 131 58 180 15 1 0 1
243 182 99 147 0 1 159 0
123 42 117 34 8 1 0 1
116 214 169 223 1 0 158 0
139 189 122 231 7 0 169 0
29 136 130 42 11 0 0 1
99 105 133 224 7 0 49 0
1 0 1 1 14 0 0 1
10 88 101 41 7 1 240 0
51 59 65 119 14 1 0 1
141 30 105 178 8 1 0 1
210 82 12 146 9 0 0 1
85 170 170 255 8 1 0 1
232 232 217 202 14 1 0 1
2 255 170 128 5 1 253 0
2 255 170 128 5 1 253 0
128 170 2 1 0 0 45 0
128 170 2 1 0 0 45 0
128 170 2 1 0 0 45 0
128 170 2 1 0 0 45 0
128 170 2 1 0 0 45 0
106 61 33 3 12 0 0 1
140 134 84 91 14 1 0 1
107 151 133 88 5 1 148 0
85 2 0 255 5 1 170 0
133 242 78 175 12 0 0 1
70 96 189 199 13 0 0 1
95 216 147 71 14 0 0 1
34 53 149 135 14 0 0 1
216 37 98 166 2 1 0 1
79 187 234 88 15 1 0 1
139 69 252 205 8 0 0 1
45 155 55 39 10 0 0 1
0 1 254 128 8 0 0 1
230 27 221 144 14 1 0 1
97 193 217 102 7 0 97 0
97 193 217 102 7 0 97 0
97 193 217 102 7 0 97 0
120 235 224 105 15 0 0 1
232 14 216 86 3 0 238 0
85 2 0 254 0 0 85 0
237 59 186 71 5 0 18 0
237 59 186 71 5 0 18 0
237 59 186 71 5 0 18 0
237 59 186 71 5 0 18 0
233 225 6 33 7 0 241 0
213 34 35 28 14 0 0 1
1 255 255 128 14 0 0 1
130 45 39 139 7 1 97 0
255 254 128 1 2 0 254 0
255 128 2 1 1 0 127 0
209 52 150 123 8 0 0 1
0 85 254 255 1 0 171 0
189 77 217 141 13 1 0 1
0 170 0 1 0 0 171 0
51 234 8 248 3 1 251 0
121 214 131 89 15 1 0 1
2 107 207 221 7 1 25 0
217 115 95 227 0 1 142 0
128 170 85 255 8 1 0 1
229 223 201 93 1 0 6 0
86 135 234 171 14 1 0 1
86 135 234 171 14 1 0 1
86 135 234 171 14 1 0 1
86 135 234 171 14 1 0 1
38 110 232 178 11 0 0 1
66 91 72 54 13 1 0 1
17 221 107 211 0 0 44 0
17 221 107 211 0 0 44 0
17 221 107 211 0 0 44 0
17 221 107 211 0 0 44 0
17 221 107 211 0 0 44 0
206 212 249 51 4 1 26 0
220 164 41 194 10 1 0 1
133 185 190 188 9 0 0 1
128 2 128 255 5 0 127 0
58 160 14 11 12 1 0 1
0 38 107 236 10 0 0 1
2 254 255 128 10 0 0 1
2 254 255 128 10 0 0 1
83 241 191 69 1 0 98 0
83 241 191 69 1 0 98 0
83 241 191 69 1 0 98 0
83 241 191 69 1 0 98 0
123 129 206 48 11 1 0 1
41 23 117 128 0 1 53 0
70 31 226 16 6 1 40 0
70 31 226 16 6 1 40 0
70 31 226 16 6 1 40 0
70 31 226 16 6 1 40 0
70 31 226 16 6 1 40 0
219 30 150 208 11 1 0 1
153 99 35 236 12 0 0 1
228 106 172 247 13 1 0 1
101 247 86 132 11 0 0 1
254 85 128 1 2 0 84 0
136 255 160 125 3 1 255 0
136 255 160 125 3 1 255 0
136 255 160 125 3 1 255 0
113 217 135 6 4 1 168 0
140 255 195 98 12 1 0 1
52 185 102 219 15 0 0 1
85 170 128 1 2 1 0 1
254 2 85 85 2 0 2 0
218 229 177 148 15 1 0 1
204 44 152 16 0 1 160 0
149 42 200 255 4 1 191 0
222 138 33 236 4 0 84 0
130 74 58 56 6 0 130 0
21 20 158 223 0 0 166 0
21 20 158 223 0 0 166 0
21 20 158 223 0 0 166 0
64 26 56 164 8 0 0 1
241 255 126 75 6 1 111 0
46 248 20 23 9 0 0 1
46 248 20 23 9 0 0 1
46 131 135 80 1 1 171 0
93 80 188 61 8 0 0 1
176 134 64 138 10 1 0 1
176 134 64 138 10 1 0 1
1 116 57 253 1 0 141 0
1 116 57 253 1 0 141 0
1 116 57 253 1 0 141 0
246 100 32 68 11 0 0 1
210 175 1 91 3 1 255 0
38 28 215 45 1 0 10 0
171 12 252 176 4 1 167 0
171 12 252 176 4 1 167 0
171 12 252 176 4 1 167 0
171 12 252 176 4 1 167 0
171 12 252 176 4 1 167 0
245 239 14 251 15 1 0 1
191 188 30 190 6 1 221 0
147 247 25 90 8 0 0 1
212 83 229 114 4 0 135 0
254 85 85 254 10 0 0 1
128 254 128 1 1 1 130 0
128 254 128 1 1 1 130 0
39 9 67 116 5 0 216 0
39 9 67 116 5 0 216 0
39 9 67 116 5 0 216 0
39 9 67 116 5 0 216 0
39 9 67 116 5 0 216 0
170 85 128 85 15 0 0 1
205 180 123 204 12 0 0 1
223 61 101 111 10 0 0 1
198 221 58 90 6 1 0 1
191 58 115 223 8 0 0 1
0 85 255 255 15 1 0 1
2 170 1 0 2 0 2 0
60 112 56 89 15 0 0 1
63 195 100 139 1 1 124 0
47 86 125 137 9 1 0 1
2 1 254 0 1 0 1 0
82 37 90 36 14 0 0 1
1 128 170 0 10 1 0 1
1 128 170 0 10 1 0 1
1 128 170 0 10 1 0 1
1 128 170 0 10 1 0 1
0 245 113 48 6 1 113 0
0 245 113 48 6 1 113 0
0 245 113 48 6 1 113 0
0 245 113 48 6 1 113 0
0 245 113 48 6 1 113 0
254 254 255 128 14 1 0 1
128 210 181 0 0 1 7 0
0 254 85 254 14 1 0 1
1 254 254 128 2 0 0 1
248 172 235 69 2 1 168 0
253 39 187 113 7 0 80 0
1 2 128 2 14 1 0 1
1 2 128 2 14 1 0 1
62 13 212 3 14 0 0 1
36 182 198 30 13 1 0 1
1 174 244 116 0 0 23 0
255 128 170 85 1 0 127 0
173 18 106 6 9 0 0 1
173 18 106 6 9 0 0 1
173 18 106 6 9 0 0 1
90 171 107 54 12 0 0 1
99 71 148 33 1 0 28 0
13 82 212 174 2 0 0 1
52 145 141 238 6 1 193 0
233 147 133 47 11 1 0 1
51 199 25 121 4 1 244 0
79 187 61 178 3 0 255 0
224 29 89 236 2 1 0 1
178 210 183 237 13 1 0 1
128 170 1 85 0 0 128 0
128 170 1 85 0 0 128 0
57 197 178 187 2 1 1 0
85 1 255 1 15 1 0 1
97 62 252 180 6 1 93 0
254 254 85 255 14 0 0 1
62 237 54 165 6 1 116 0
218 0 4 73 9 1 0 1
1 128 128 85 0 0 86 0
173 57 80 110 5 1 82 0
173 57 80 110 5 1 82 0
173 57 80 110 5 1 82 0
173 57 80 110 5 1 82 0
173 57 80 110 5 1 82 0
56 163 109 205 10 1 0 1
2 170 0 254 10 0 0 1
2 170 0 254 10 0 0 1
52 185 16 240 11 1 0 1
241 102 6 28 10 0 0 1
128 141 225 157 5 1 127 0
128 141 225 157 5 1 127 0
128 141 225 157 5 1 127 0
208 5 23 152 10 1 0 1
51 35 122 142 6 0 177 0
180 9 101 113 8 0 0 1
248 105 42 42 7 1 181 0
49 132 186 198 3 0 181 0
127 90 83 233 8 1 0 1
255 254 0 85 0 1 82 0
20 118 15 111 3 1 118 0
255 254 128 255 14 0 0 1
123 22 151 187 1 1 101 0
122 197 17 162 9 1 0 1
48 241 242 7 8 0 0 1
171 18 206 194 2 1 2 0
171 18 206 194 2 1 2 0
85 170 2 85 8 0 0 1
85 170 2 85 8 0 0 1
85 170 2 85 8 0 0 1
85 170 2 85 8 0 0 1
85 170 2 85 8 0 0 1
170 137 186 159 8 0 0 1
170 128 1 1 1 0 42 0
235 24 63 161 13 0 0 1
62 85 181 32 1 1 233 0
158 38 74 179 5 0 97 0
2 85 0 255 0 1 86 0
14 153 123 91 7 0 125 0
20 97 216 35 2 1 0 1
229 1 200 209 9 0 0 1
4 63 101 196 6 1 105 0
246 53 39 127 5 1 9 0
175 191 45 201 2 0 175 0
201 57 192 117 12 0 0 1
201 57 192 117 12 0 0 1
201 57 192 117 12 0 0 1
201 57 192 117 12 0 0 1
84 206 138 5 11 0 0 1
107 196 198 129 8 0 0 1
1 254 1 255 8 0 0 1
172 174 216 186 7 1 236 0
47 230 139 226 3 1 239 0
47 230 139 226 3 1 239 0
47 230 139 226 3 1 239 0
47 230 139 226 3 1 239 0
47 230 139 226 3 1 239 0
119 159 249 190 12 0 0 1
54 193 5 130 10 0 0 1
255 255 2 0 5 1 0 1
3 182 48 104 10 0 0 1
128 85 2 254 10 0 0 1
111 111 111 175 4 0 0 1
42 137 52 241 8 1 0 1
2 85 2 85 14 1 0 1
255 254 128 170 1 0 1 0
16 204 72 144 13 1 0 1
1 85 128 1 0 0 215 0
167 171 228 138 7 1 192 0
48 50 98 144 15 1 0 1
201 17 187 128 3 1 217 0
170 0 170 2 5 0 85 0
128 2 0 128 10 1 0 1
163 201 201 8 9 0 0 1
44 40 72 207 15 1 0 1
203 136 193 162 12 1 0 1
171 136 62 1 0 0 114 0
125 170 101 113 9 0 0 1
94 26 245 83 14 0 0 1
198 137 18 36 10 1 0 1
255 128 1 128 10 0 0 1
13 65 132 78 12 0 0 1
13 65 132 78 12 0 0 1
13 65 132 78 12 0 0 1
71 254 19 120 0 1 208 0
61 179 102 95 1 0 138 0
122 174 149 144 12 0 0 1
128 0 2 170 15 1 0 1
255 85 0 0 0 0 84 0
2 85 1 128 15 0 0 1
1 254 0 85 8 0 0 1
34 153 193 189 13 1 0 1
3 138 237 60 0 0 182 0
143 78 48 120 3 0 207 0
116 12 176 101 13 0 0 1
121 212 147 104 15 0 0 1
170 160 220 208 3 1 170 0
17 236 155 217 0 1 113 0
0 170 128 85 14 0 0 1
196 0 170 120 1 0 196 0
196 0 170 120 1 0 196 0
196 0 170 120 1 0 196 0
196 0 170 120 1 0 196 0
196 0 170 120 1 0 196 0
254 128 2 128 8 0 0 1
122 184 170 28 14 1 0 1
122 184 170 28 14 1 0 1
255 85 2 85 2 0 85 0
255 85 2 85 2 0 85 0
255 85 2 85 2 0 85 0
255 85 2 85 2 0 85 0
255 85 2 85 2 0 85 0
113 197 113 143 3 0 245 0
113 197 113 143 3 0 245 0
113 197 113 143 3 0 245 0
113 197 113 143 3 0 245 0
56 27 142 67 8 0 0 1
128 162 26 157 5 0 127 0
10 25 104 80 1 1 241 0
126 185 44 212 7 1 55 0
101 148 114 209 6 1 215 0
239 178 0 136 4 0 93 0
46 31 167 80 4 1 49 0
112 9 9 47 12 0 0 1
85 254 254 1 1 0 87 0
63 100 133 141 15 0 0 1
201 79 125 239 10 0 0 1
65 204 130 74 8 1 0 1
115 228 87 6 12 0 0 1
126 86 185 220 0 0 105 0
126 86 185 220 0 0 105 0
126 86 185 220 0 0 105 0
126 86 185 220 0 0 105 0
15 22 51 79 10 0 0 1
218 75 225 0 1 0 143 0
181 4 105 74 1 0 177 0
181 42 179 168 0 1 58 0
196 5 83 92 4 0 193 0
1 128 254 1 15 0 0 1
253 49 80 42 1 0 204 0
48 193 80 115 13 0 0 1
84 192 16 233 11 0 0 1
1 2 85 85 15 1 0 1
209 187 18 125 14 1 0 1
36 94 145 100 12 0 0 1
134 61 3 132 13 1 0 1
134 61 3 132 13 1 0 1
134 61 3 132 13 1 0 1
134 61 3 132 13 1 0 1
134 61 3 132 13 1 0 1
7 228 65 184 4 1 227 0
136 116 133 202 3 1 252 0
125 235 66 82 9 1 0 1
238 174 149 106 11 0 0 1
54 98 200 33 3 0 118 0
128 2 2 0 8 0 0 1
118 6 123 31 14 0 0 1
118 6 123 31 14 0 0 1
118 6 123 31 14 0 0 1
118 6 123 31 14 0 0 1
186 247 222 202 12 1 0 1
249 255 127 245 10 0 0 1
149 159 111 45 0 0 208 0
128 170 254 255 8 0 0 1
188 197 155 2 0 1 30 0
188 197 155 2 0 1 30 0
188 197 155 2 0 1 30 0
188 197 155 2 0 1 30 0
240 175 15 13 10 0 0 1
128 128 255 128 1 0 0 1
1 85 1 255 10 0 0 1
84 217 202 118 2 0 80 0
94 146 46 227 15 1 0 1
212 205 201 29 15 1 0 1
91 245 211 33 13 1 0 1
91 245 211 33 13 1 0 1
91 245 211 33 13 1 0 1
91 245 211 33 13 1 0 1
91 245 211 33 13 1 0 1
54 56 96 174 8 0 0 1
255 1 128 2 14 0 0 1
43 152 10 174 0 1 123 0
211 25 102 98 3 0 219 0
211 25 102 98 3 0 219 0
211 25 102 98 3 0 219 0
211 25 102 98 3 0 219 0
211 25 102 98 3 0 219 0
238 214 230 155 14 0 0 1
174 44 150 47 11 1 0 1
108 22 99 79 5 0 147 0
1 170 255 2 0 0 172 0
36 170 71 21 4 0 142 0
191 88 209 140 14 1 0 1
175 92 243 94 8 1 0 1
175 92 243 94 8 1 0 1
175 92 243 94 8 1 0 1
175 92 243 94 8 1 0 1
175 92 243 94 8 1 0 1
0 85 254 170 14 0 0 1
170 170 1 128 1 0 0 1
126 56 227 114 9 0 0 1
126 56 227 114 9 0 0 1
126 56 227 114 9 0 0 1
126 56 227 114 9 0 0 1
1 0 2 1 1 0 1 0
14 177 202 108 10 0 0 1
227 103 116 229 8 0 0 1
253 97 185 44 5 0 2 0
189 26 254 0 11 1 0 1
128 128 170 255 5 1 127 0
85 85 254 255 2 0 85 0
34 126 171 206 2 1 34 0
85 85 0 1 1 0 0 1
6 1 94 73 3 1 7 0
188 234 62 127 4 1 86 0
73 231 21 96 0 0 165 0
24 191 158 198 2 0 24 0
137 219 77 161 3 1 219 0
85 255 85 254 10 1 0 1
114 56 93 157 6 0 213 0
128 254 128 2 5 0 127 0
128 254 2 1 10 0 0 1
128 170 2 254 10 1 0 1
27 150 222 248 1 1 133 0
27 150 222 248 1 1 133 0
129 139 220 65 15 1 0 1
107 106 136 164 5 0 148 0
107 106 136 164 5 0 148 0
254 85 254 2 15 0 0 1
178 76 112 66 9 0 0 1
128 254 254 254 8 0 0 1
60 200 36 57 13 1 0 1
60 200 36 57 13 1 0 1
60 200 36 57 13 1 0 1
60 200 36 57 13 1 0 1
60 200 36 57 13 1 0 1
127 156 65 136 13 0 0 1
129 193 163 201 9 1 0 1
81 32 162 36 5 0 174 0
121 127 121 105 12 1 0 1
181 120 11 207 13 0 0 1
153 95 86 31 12 1 0 1
254 1 85 1 14 1 0 1
254 1 85 1 14 1 0 1
254 1 85 1 14 1 0 1
138 158 169 71 6 1 51 0
138 158 169 71 6 1 51 0
138 158 169 71 6 1 51 0
138 158 169 71 6 1 51 0
83 2 31 104 12 0 0 1
83 2 31 104 12 0 0 1
83 2 31 104 12 0 0 1
83 2 31 104 12 0 0 1
83 2 31 104 12 0 0 1
254 254 1 128 1 1 0 1
18 94 186 99 15 1 0 1
0 255 0 85 8 0 0 1
144 69 187 83 12 0 0 1
128 1 2 0 14 0 0 1
12 3 41 37 10 1 0 1
128 170 2 0 5 0 127 0
128 85 170 128 10 0 0 1
128 85 170 128 10 0 0 1
128 85 170 128 10 0 0 1
128 85 170 128 10 0 0 1
128 85 170 128 10 0 0 1
254 255 128 1 8 0 0 1
106 186 23 56 6 1 129 0
221 223 127 174 8 1 0 1
254 0 85 0 10 0 0 1
254 0 85 0 10 0 0 1
254 0 85 0 10 0 0 1
254 0 85 0 10 0 0 1
254 0 85 0 10 0 0 1
232 38 100 175 10 0 0 1
0 0 255 255 5 0 255 0
255 254 1 170 0 0 168 0
211 182 4 166 7 1 51 0
0 2 0 1 10 1 0 1
63 52 32 206 10 1 0 1
116 126 75 245 5 0 139 0
254 255 254 2 8 0 0 1
195 185 206 78 5 0 60 0
40 74 124 45 5 1 215 0
76 247 76 132 6 1 152 0
128 254 0 128 0 0 254 0
128 254 0 128 0 0 254 0
128 254 0 128 0 0 254 0
214 29 32 73 14 0 0 1
110 4 83 19 12 1 0 1
110 4 83 19 12 1 0 1
154 23 69 228 13 0 0 1
184 22 3 92 12 1 0 1
81 52 234 223 14 1 0 1
236 76 142 3 11 1 0 1
85 255 128 128 2 0 85 0
151 63 192 98 13 0 0 1
4 8 210 123 13 1 0 1
172 103 199 117 7 0 79 0
22 108 208 208 0 1 34 0
51 214 120 251 8 0 0 1
51 214 120 251 8 0 0 1
51 214 120 251 8 0 0 1
66 9 184 33 3 0 75 0
172 240 78 112 10 1 0 1
45 219 5 57 5 1 210 0
14 145 82 71 0 1 56 0
174 142 63 180 10 0 0 1
24 54 41 248 6 1 65 0
220 103 168 199 10 0 0 1
241 55 246 72 5 0 14 0
241 55 246 72 5 0 14 0
241 55 246 72 5 0 14 0
241 55 246 72 5 0 14 0
241 55 246 72 5 0 14 0
100 7 74 72 5 1 155 0
85 255 2 85 14 0 0 1
20 172 122 135 13 1 0 1
118 50 225 98 9 0 0 1
118 50 225 98 9 0 0 1
192 218 186 131 4 1 26 0
177 119 21 160 3 1 247 0
42 76 36 187 5 0 213 0
13 152 19 81 4 1 149 0
13 152 19 81 4 1 149 0
13 152 19 81 4 1 149 0
13 152 19 81 4 1 149 0
13 152 19 81 4 1 149 0
101 186 236 45 3 1 255 0
233 194 168 238 1 1 39 0
49 37 155 143 2 1 33 0
190 43 178 107 11 0 0 1
206 194 219 220 14 1 0 1
1 1 255 0 5 0 254 0
105 162 146 151 14 1 0 1
105 162 146 151 14 1 0 1
105 162 146 151 14 1 0 1
105 162 146 151 14 1 0 1
152 0 225 192 11 0 0 1
254 24 99 224 5 1 1 0
239 109 172 97 9 0 0 1
24 3 158 110 0 0 39 0
24 3 158 110 0 0 39 0
24 3 158 110 0 0 39 0
254 0 85 170 0 0 253 0
178 187 206 13 10 0 0 1
126 125 168 105 7 1 12 0
170 0 2 255 2 1 0 1
153 173 205 91 15 0 0 1
153 173 205 91 15 0 0 1
153 173 205 91 15 0 0 1
153 173 205 91 15 0 0 1
153 173 205 91 15 0 0 1
97 24 244 105 1 0 73 0
228 144 236 135 7 1 231 0
228 144 236 135 7 1 231 0
228 144 236 135 7 1 231 0
228 144 236 135 7 1 231 0
218 8 38 65 11 0 0 1
85 67 35 231 12 1 0 1
205 166 169 62 7 0 90 0
12 239 55 38 9 1 0 1
135 39 231 141 0 1 34 0
94 93 9 151 14 0 0 1
221 81 87 69 9 0 0 1
2 128 1 170 2 1 0 1
0 0 254 170 2 1 0 1
0 0 254 170 2 1 0 1
2 128 170 170 2 0 0 1
138 13 61 108 5 0 117 0
120 11 232 215 13 0 0 1
71 155 124 172 2 0 3 0
72 16 145 131 5 0 183 0
128 248 249 192 10 0 0 1
197 148 60 224 0 0 117 0
42 192 227 117 3 1 234 0
42 192 227 117 3 1 234 0
42 192 227 117 3 1 234 0
42 192 227 117 3 1 234 0
42 192 227 117 3 1 234 0
115 163 9 23 0 1 54 0
89 141 54 76 10 0 0 1
28 130 248 142 12 0 0 1
76 204 82 212 4 1 128 0
47 147 1 138 5 0 208 0
170 254 85 0 2 0 170 0
121 67 222 252 9 1 0 1
121 67 222 252 9 1 0 1
121 67 222 252 9 1 0 1
179 218 80 69 13 1 0 1
62 48 37 238 14 0 0 1
232 155 200 102 12 0 0 1
1 1 128 255 5 0 254 0
85 1 0 128 5 0 170 0
85 1 0 128 5 0 170 0
85 1 0 128 5 0 170 0
85 1 0 128 5 0 170 0
61 218 241 193 0 1 201 0
35 105 111 216 9 0 0 1
2 2 0 128 8 1 0 1
254 128 85 85 14 0 0 1
1 1 0 254 15 1 0 1
185 11 106 168 10 1 0 1
7 40 151 4 0 0 202 0
7 40 151 4 0 0 202 0
228 132 84 96 9 1 0 1
2 128 255 255 14 0 0 1
194 219 52 162 13 1 0 1
246 111 204 94 2 0 102 0
211 203 42 239 2 0 195 0
211 203 42 239 2 0 195 0
211 203 42 239 2 0 195 0
211 203 42 239 2 0 195 0
85 255 85 1 8 1 0 1
205 124 222 103 5 0 50 0
254 85 85 0 1 1 169 0
230 96 100 137 15 1 0 1
255 170 170 2 1 1 85 0
1 170 2 2 2 0 0 1
1 170 2 2 2 0 0 1
1 170 2 2 2 0 0 1
1 170 2 2 2 0 0 1
1 170 2 2 2 0 0 1
255 170 128 255 15 0 0 1
255 170 128 255 15 0 0 1
255 170 128 255 15 0 0 1
255 170 128 255 15 0 0 1
1 255 255 85 0 0 84 0
121 57 250 57 15 0 0 1
170 2 85 170 0 0 171 0
170 170 0 255 2 0 170 0
69 150 218 34 7 0 215 0
171 28 9 168 11 0 0 1
128 170 128 0 14 0 0 1
207 211 196 107 2 0 195 0
210 216 27 29 13 1 0 1
73 104 111 15 1 1 225 0
255 2 254 254 0 1 253 0
244 3 129 119 3 0 247 0
223 58 104 206 6 0 8 0
170 85 0 128 10 1 0 1
163 34 90 129 15 1 0 1
226 222 244 164 9 0 0 1
208 7 60 166 6 1 12 0
128 254 254 255 1 1 130 0
212 196 31 121 7 1 48 0
175 151 10 123 1 0 24 0
2 85 1 255 5 0 253 0
2 0 255 255 15 0 0 1
209 122 221 44 13 1 0 1
187 145 139 226 12 1 0 1
148 206 238 26 14 0 0 1
116 128 118 153 8 0 0 1
170 254 0 1 2 0 170 0
170 1 85 170 0 0 170 0
14 104 183 43 9 0 0 1
1 1 170 128 1 0 0 1
85 0 255 254 15 1 0 1
254 255 255 128 8 0 0 1
255 254 85 2 0 0 84 0
242 251 146 30 13 1 0 1
135 82 142 222 10 0 0 1
234 83 11 33 2 0 66 0
255 128 1 254 2 1 128 0
255 128 1 254 2 1 128 0
1 254 2 0 1 0 3 0
216 56 54 232 5 0 39 0
105 38 154 111 7 0 152 0
105 38 154 111 7 0 152 0
105 38 154 111 7 0 152 0
105 38 154 111 7 0 152 0
105 38 154 111 7 0 152 0
254 128 128 85 2 1 128 0
125 25 51 161 6 0 186 0
129 152 81 28 9 0 0 1
165 227 85 29 14 0 0 1
85 241 143 153 4 1 164 0
228 74 146 172 5 0 27 0
53 72 28 96 4 0 125 0
2 128 254 255 2 0 0 1
29 39 189 225 9 1 0 1
29 39 189 225 9 1 0 1
29 39 189 225 9 1 0 1
133 156 70 239 2 0 132 0
170 254 2 2 1 0 172 0
85 170 255 170 15 1 0 1
85 255 0 0 5 1 170 0
93 248 103 191 9 0 0 1
228 3 107 129 14 0 0 1
228 3 107 129 14 0 0 1
248 5 117 163 8 0 0 1
247 95 84 141 7 1 55 0
247 95 84 141 7 1 55 0
247 95 84 141 7 1 55 0
197 183 249 15 0 1 132 0
1 1 170 2 15 0 0 1
151 117 222 169 3 1 247 0
178 62 61 28 5 0 77 0
117 2 66 88 8 1 0 1
254 0 170 2 5 1 1 0
2 128 85 255 15 0 0 1
2 128 85 255 15 0 0 1
2 128 85 255 15 0 0 1
2 128 85 255 15 0 0 1
2 128 85 255 15 0 0 1
115 85 250 101 5 1 140 0
107 246 71 198 5 1 148 0
254 85 0 1 5 1 1 0
217 6 9 31 7 0 7 0
217 6 9 31 7 0 7 0
217 6 9 31 7 0 7 0
217 6 9 31 7 0 7 0
170 85 1 1 0 1 1 0
137 111 231 124 10 1 0 1
38 29 83 18 13 0 0 1
2 170 1 85 10 0 0 1
31 42 73 250 2 0 10 0
66 13 27 170 6 1 93 0
235 163 15 212 0 1 113 0
199 220 104 68 2 0 196 0
209 255 144 170 0 0 10 0
30 105 102 93 10 0 0 1
89 29 79 154 4 1 68 0
178 116 1 131 15 1 0 1
57 127 243 191 6 1 44 0
255 254 128 255 15 1 0 1
68 71 200 83 2 1 68 0
238 68 11 222 10 0 0 1
145 51 182 193 2 1 17 0
145 51 182 193 2 1 17 0
155 29 17 83 14 1 0 1
85 255 2 1 14 1 0 1
245 132 236 255 10 1 0 1
85 170 170 254 0 0 167 0
128 1 254 0 2 1 0 1
128 1 254 0 2 1 0 1
128 1 254 0 2 1 0 1
128 1 254 0 2 1 0 1
128 1 254 0 2 1 0 1
128 1 0 0 8 1 0 1
84 105 253 29 13 0 0 1
37 214 96 239 0 0 74 0
1 0 85 254 2 0 0 1
228 215 27 189 3 1 247 0
211 14 30 101 2 1 2 0
170 2 255 0 0 1 171 0
48 53 205 154 4 0 5 0
48 53 205 154 4 0 5 0
48 53 205 154 4 0 5 0
197 215 200 178 14 1 0 1
255 2 254 85 0 1 84 0
222 245 225 0 2 1 212 0
188 17 120 172 9 0 0 1
65 172 204 190 15 0 0 1
157 255 75 144 3 0 255 0
220 67 130 83 13 0 0 1
42 98 174 178 2 0 34 0
42 98 174 178 2 0 34 0
42 98 174 178 2 0 34 0
42 98 174 178 2 0 34 0
42 98 174 178 2 0 34 0
54 126 241 136 9 1 0 1
205 218 25 15 15 1 0 1
240 4 99 92 11 1 0 1
28 75 213 184 0 0 244 0
28 75 213 184 0 0 244 0
28 75 213 184 0 0 244 0
225 249 82 119 13 0 0 1
229 192 90 233 14 0 0 1
172 223 143 199 9 1 0 1
109 203 108 79 7 1 243 0
205 47 39 231 6 1 244 0
177 65 75 182 12 1 0 1
254 255 0 2 1 0 255 0
254 255 0 2 1 0 255 0
254 255 0 2 1 0 255 0
254 255 0 2 1 0 255 0
254 255 0 2 1 0 255 0
203 53 217 144 6 0 197 0
50 67 169 224 7 0 254 0
128 1 255 85 0 0 213 0
13 222 29 56 3 0 223 0
208 58 76 172 4 0 234 0
155 47 39 119 5 1 100 0
155 47 39 119 5 1 100 0
155 47 39 119 5 1 100 0
120 178 176 204 7 1 166 0
110 72 185 86 12 1 0 1
147 181 19 203 9 1 0 1
100 66 15 69 4 1 38 0
100 66 15 69 4 1 38 0
100 66 15 69 4 1 38 0
100 66 15 69 4 1 38 0
10 7 255 232 14 0 0 1
94 167 113 35 2 0 6 0
170 64 42 152 12 1 0 1
0 2 2 254 8 0 0 1
0 2 2 254 8 0 0 1
0 2 2 254 8 0 0 1
0 2 2 254 8 0 0 1
0 2 2 254 8 0 0 1
144 242 158 236 12 1 0 1
216 151 236 143 1 1 65 0
11 199 215 180 9 1 0 1
0 41 91 253 13 0 0 1
0 41 91 253 13 0 0 1
0 41 91 253 13 0 0 1
0 41 91 253 13 0 0 1
138 58 241 201 3 0 186 0
2 137 186 233 4 1 139 0
167 134 186 97 6 1 97 0
225 249 211 2 9 0 0 1
0 85 1 2 1 1 171 0
85 1 170 128 14 0 0 1
115 134 60 138 6 0 16 0
2 1 2 254 1 0 1 0
4 129 150 14 4 1 133 0
151 59 221 240 13 1 0 1
166 121 247 243 15 0 0 1
2 1 1 0 10 0 0 1
24 248 179 113 10 1 0 1
85 170 255 85 10 0 0 1
203 177 202 188 10 0 0 1
104 116 229 70 4 0 28 0
64 164 253 196 8 1 0 1
64 164 253 196 8 1 0 1
64 164 253 196 8 1 0 1
64 164 253 196 8 1 0 1
64 164 253 196 8 1 0 1
100 117 0 215 12 1 0 1
100 117 0 215 12 1 0 1
151 182 95 112 6 0 38 0
244 119 45 213 3 1 247 0
25 57 171 173 3 1 57 0
56 175 246 58 15 0 0 1
19 116 132 159 5 1 236 0
122 229 179 125 5 1 133 0
122 229 179 125 5 1 133 0
122 229 179 125 5 1 133 0
122 229 179 125 5 1 133 0
122 229 179 125 5 1 133 0
52 103 248 2 2 0 36 0
128 255 2 170 5 0 127 0
143 142 152 112 7 1 37 0
85 85 0 1 15 0 0 1
85 85 254 2 14 0 0 1
254 170 254 254 10 0 0 1
182 151 202 125 2 1 150 0
23 225 59 175 13 1 0 1
23 225 59 175 13 1 0 1
23 225 59 175 13 1 0 1
141 5 61 179 1 1 136 0
141 5 61 179 1 1 136 0
141 5 61 179 1 1 136 0
85 170 2 1 14 1 0 1
85 170 2 1 14 1 0 1
170 81 26 4 13 1 0 1
222 39 78 104 7 0 187 0
172 137 22 200 0 1 19 0
249 145 146 43 15 0 0 1
62 204 126 133 11 0 0 1
90 247 128 184 6 0 175 0
170 85 2 2 15 0 0 1
170 85 2 2 15 0 0 1
170 85 2 2 15 0 0 1
170 85 2 2 15 0 0 1
170 85 2 2 15 0 0 1
50 125 139 91 6 1 189 0
210 80 227 206 11 1 0 1
128 170 85 255 1 1 214 0
1 128 1 128 14 0 0 1
26 161 30 110 8 1 0 1
222 168 189 18 7 1 85 0
85 128 128 254 5 1 170 0
4 228 9 71 15 1 0 1
254 85 128 128 15 0 0 1
255 255 1 255 14 0 0 1
255 255 1 255 14 0 0 1
255 255 1 255 14 0 0 1
255 255 1 255 14 0 0 1
255 255 1 255 14 0 0 1
36 95 55 62 8 0 0 1
28 61 64 91 13 1 0 1
28 61 64 91 13 1 0 1
28 61 64 91 13 1 0 1
84 188 167 6 13 1 0 1
170 0 85 170 1 0 170 0
254 170 128 128 14 0 0 1
173 245 192 240 4 1 88 0
135 197 28 135 4 1 66 0
1 255 254 128 15 1 0 1
250 84 145 194 14 0 0 1
2 0 170 2 8 0 0 1
0 1 1 255 14 1 0 1
201 80 119 168 9 1 0 1
201 80 119 168 9 1 0 1
170 85 254 0 5 0 85 0
170 128 1 255 2 1 128 0
1 85 85 170 14 0 0 1
168 187 135 9 13 0 0 1
29 153 232 8 1 0 132 0
107 7 44 221 3 1 111 0
27 199 245 240 8 0 0 1
228 125 228 111 4 0 153 0
2 2 170 254 8 0 0 1
1 1 254 254 8 1 0 1
82 246 243 137 13 0 0 1
241 129 202 35 8 0 0 1
254 1 254 2 1 1 253 0
171 255 62 177 15 0 0 1
95 181 125 160 9 0 0 1
255 238 106 165 13 0 0 1
12 107 38 3 8 0 0 1
20 191 89 207 11 1 0 1
85 2 0 128 14 1 0 1
17 38 252 20 13 0 0 1
11 85 56 90 5 0 244 0
128 255 128 2 0 1 1 0
169 83 30 117 13 0 0 1
169 83 30 117 13 0 0 1
169 83 30 117 13 0 0 1
237 135 69 14 0 1 199 0
170 170 254 85 5 0 85 0
3 210 253 112 14 0 0 1
3 210 253 112 14 0 0 1
3 210 253 112 14 0 0 1
3 210 253 112 14 0 0 1
3 210 253 112 14 0 0 1
101 137 26 80 13 0 0 1
101 137 26 80 13 0 0 1
101 137 26 80 13 0 0 1
101 137 26 80 13 0 0 1
106 233 174 102 1 0 129 0
1 2 2 170 10 0 0 1
238 144 94 30 1 1 94 0
124 193 154 112 9 0 0 1
160 40 175 248 6 1 79 0
170 170 2 170 2 0 170 0
254 0 1 1 2 0 0 1
255 1 0 170 10 1 0 1
7 47 89 150 13 1 0 1
170 128 170 255 1 0 42 0
170 128 170 255 1 0 42 0
170 128 170 255 1 0 42 0
85 85 128 2 15 1 0 1
61 105 167 144 7 0 221 0
153 58 169 150 14 0 0 1
203 255 191 225 11 0 0 1
139 45 157 88 8 0 0 1
139 45 157 88 8 0 0 1
139 45 157 88 8 0 0 1
139 45 157 88 8 0 0 1
233 17 254 81 14 0 0 1
1 254 255 2 8 0 0 1
252 115 250 169 6 0 28 0
197 179 42 99 15 1 0 1
195 193 134 35 5 0 60 0
17 17 61 201 14 0 0 1
30 154 16 11 12 1 0 1
175 151 29 0 9 0 0 1
124 225 181 208 4 1 157 0
255 255 2 254 8 0 0 1
228 111 65 134 15 1 0 1
175 237 73 96 6 0 77 0
161 154 194 31 7 1 28 0
86 83 88 248 10 0 0 1
128 128 255 254 0 0 253 0
128 128 255 254 0 0 253 0
85 0 254 0 0 0 83 0
85 0 254 0 0 0 83 0
85 0 254 0 0 0 83 0
85 0 254 0 0 0 83 0
85 0 254 0 0 0 83 0
251 140 170 58 5 0 4 0
33 114 138 232 4 0 83 0
254 85 0 170 15 1 0 1
186 212 136 154 15 0 0 1
254 85 0 85 14 0 0 1
170 170 255 254 15 0 0 1
26 97 209 245 1 0 185 0
5 12 56 127 13 0 0 1
5 12 56 127 13 0 0 1
5 12 56 127 13 0 0 1
28 108 78 177 12 1 0 1
28 108 78 177 12 1 0 1
1 1 128 1 5 0 254 0
128 170 85 85 2 0 128 0
41 245 80 135 2 0 33 0
98 191 119 241 1 1 163 0
226 250 255 205 11 0 0 1
2 85 85 255 0 0 171 0
48 98 112 125 14 0 0 1
128 2 0 85 1 0 126 0
93 210 131 212 6 1 224 0
2 254 170 255 14 0 0 1
238 106 77 225 1 1 132 0
96 157 35 175 15 1 0 1
125 234 137 159 1 0 147 0
85 85 0 255 5 0 170 0
139 187 147 206 11 0 0 1
27 72 143 37 3 0 91 0
254 128 1 0 14 1 0 1
252 126 24 31 6 1 20 0
157 70 181 163 5 0 98 0
216 194 34 248 1 0 22 0
216 194 34 248 1 0 22 0
216 194 34 248 1 0 22 0
167 120 43 4 6 0 124 0
49 103 16 12 5 1 206 0
49 103 16 12 5 1 206 0
128 254 255 254 2 1 128 0
128 254 255 254 2 1 128 0
128 254 255 254 2 1 128 0
128 254 255 254 2 1 128 0
128 254 255 254 2 1 128 0
222 8 119 99 12 0 0 1
222 8 119 99 12 0 0 1
222 8 119 99 12 0 0 1
33 249 52 198 1 0 40 0
207 245 108 97 8 1 0 1
7 248 69 243 3 0 255 0
221 223 241 95 0 0 12 0
82 177 236 156 3 0 243 0
1 128 1 0 15 0 0 1
36 68 25 118 10 0 0 1
26 112 166 89 14 0 0 1
221 220 152 188 13 1 0 1
255 2 85 1 0 1 87 0
61 181 42 180 2 1 53 0
251 6 44 86 9 1 0 1
251 6 44 86 9 1 0 1
251 6 44 86 9 1 0 1
251 6 44 86 9 1 0 1
126 8 109 13 7 0 0 1
134 65 92 64 10 0 0 1
104 114 224 174 0 1 104 0
127 227 20 23 11 0 0 1
88 70 200 121 12 0 0 1
88 70 200 121 12 0 0 1
238 205 71 49 14 1 0 1
51 7 176 129 1 1 44 0
51 7 176 129 1 1 44 0
51 7 176 129 1 1 44 0
112 68 247 224 1 1 44 0
167 77 79 24 11 0 0 1
170 128 254 85 14 0 0 1
170 128 254 85 14 0 0 1
170 128 254 85 14 0 0 1
255 85 0 1 0 0 85 0
11 135 96 245 11 0 0 1
170 170 85 85 8 0 0 1
170 170 85 85 8 0 0 1
170 170 85 85 8 0 0 1
170 170 85 85 8 0 0 1
178 96 122 59 12 1 0 1
235 158 153 193 6 0 95 0
255 170 255 1 8 0 0 1
141 102 188 238 9 0 0 1
128 0 170 1 8 1 0 1
5 185 64 167 2 0 1 0
2 170 254 255 15 0 0 1
189 165 174 45 3 0 189 0
34 177 164 81 11 1 0 1
170 85 170 254 10 0 0 1
115 2 53 64 10 0 0 1
248 124 143 107 5 1 7 0
248 124 143 107 5 1 7 0
195 69 173 10 0 0 191 0
17 71 187 170 9 0 0 1
132 116 253 164 14 1 0 1
38 250 36 20 6 1 74 0
150 229 117 112 11 1 0 1
2 128 170 2 14 1 0 1
2 2 128 170 1 0 0 1
236 207 148 3 10 1 0 1
78 246 244 36 7 0 92 0
146 244 109 63 9 0 0 1
176 165 231 227 14 1 0 1
214 120 107 114 9 1 0 1
163 77 242 109 9 0 0 1
69 211 30 55 1 0 114 0
117 28 237 102 12 1 0 1
137 71 162 165 7 0 23 0
38 224 76 234 1 0 70 0
202 69 83 216 6 0 29 0
2 255 170 254 5 1 253 0
107 112 226 246 11 0 0 1
216 165 70 36 6 1 30 0
128 255 1 254 15 1 0 1
246 82 232 163 12 0 0 1
246 82 232 163 12 0 0 1
206 101 121 120 6 1 71 0
181 96 195 174 15 1 0 1
85 1 85 255 10 1 0 1
158 202 91 93 15 1 0 1
65 72 103 218 15 1 0 1
202 65 28 65 2 1 64 0
85 85 0 170 14 0 0 1
35 201 62 178 11 1 0 1
49 238 117 208 7 0 100 0
51 223 76 92 8 0 0 1
172 82 175 126 7 0 43 0
20 102 43 173 15 0 0 1
0 1 1 1 8 0 0 1
154 44 80 94 11 1 0 1
211 148 49 114 5 1 44 0
138 182 253 10 1 0 212 0
138 182 253 10 1 0 212 0
138 182 253 10 1 0 212 0
138 182 253 10 1 0 212 0
138 182 253 10 1 0 212 0
6 217 77 40 14 1 0 1
170 0 2 2 5 1 85 0
170 0 255 170 0 1 83 0
107 109 235 133 12 1 0 1
255 85 0 2 5 0 0 1
255 85 0 2 5 0 0 1
255 85 0 2 5 0 0 1
142 148 12 173 15 0 0 1
142 148 12 173 15 0 0 1
184 3 132 222 2 0 0 1
184 3 132 222 2 0 0 1
184 3 132 222 2 0 0 1
2 254 254 1 10 1 0 1
41 224 10 35 8 0 0 1
255 85 255 170 2 0 85 0
79 163 116 65 6 1 195 0
0 255 255 128 14 1 0 1
2 192 247 122 13 0 0 1
2 192 247 122 13 0 0 1
2 192 247 122 13 0 0 1
2 192 247 122 13 0 0 1
201 178 160 74 4 0 123 0
233 16 214 187 3 0 249 0
74 18 15 186 13 1 0 1
74 18 15 186 13 1 0 1
12 62 42 126 14 0 0 1
229 191 145 48 5 0 26 0
2 2 1 85 2 1 2 0
2 1 1 2 0 0 6 0
128 254 85 255 0 0 210 0
128 254 85 255 0 0 210 0
128 254 85 255 0 0 210 0
1 254 0 128 15 1 0 1
128 1 128 170 14 0 0 1
85 128 0 0 10 0 0 1
13 84 83 20 14 0 0 1
13 84 83 20 14 0 0 1
13 84 83 20 14 0 0 1
254 95 46 249 14 1 0 1
35 133 135 10 11 0 0 1
170 85 254 128 0 1 125 0
170 85 254 128 0 1 125 0
170 85 254 128 0 1 125 0
170 85 254 128 0 1 125 0
113 187 142 117 11 0 0 1
159 254 189 238 6 1 92 0
111 160 132 25 2 0 32 0
111 160 132 25 2 0 32 0
131 248 27 45 11 1 0 1
65 221 77 81 8 1 0 1
38 93 76 16 12 1 0 1
237 29 228 220 14 1 0 1
147 83 107 118 5 0 108 0
2 254 128 170 1 0 4 0
9 40 193 113 2 1 8 0
9 40 193 113 2 1 8 0
9 40 193 113 2 1 8 0
9 40 193 113 2 1 8 0
170 1 170 2 8 0 0 1
117 241 2 139 6 0 124 0
52 10 69 44 6 1 121 0
128 170 2 255 5 1 127 0
162 173 154 178 1 0 245 0
254 1 2 170 5 0 1 0
33 218 160 203 2 0 0 1
33 218 160 203 2 0 0 1
33 218 160 203 2 0 0 1
127 64 213 122 9 1 0 1
1 255 2 2 14 1 0 1
1 170 128 85 10 0 0 1
100 98 112 105 7 1 159 0
88 86 190 4 8 1 0 1
222 200 182 158 11 1 0 1
149 121 140 60 6 1 33 0
149 121 140 60 6 1 33 0
149 121 140 60 6 1 33 0
149 121 140 60 6 1 33 0
128 254 254 85 2 0 128 0
128 254 254 85 2 0 128 0
128 254 254 85 2 0 128 0
128 254 254 85 2 0 128 0
128 254 254 85 2 0 128 0
63 58 77 237 5 0 192 0
105 252 22 193 7 0 60 0
1 85 170 255 0 0 255 0
89 173 162 227 1 0 172 0
89 173 162 227 1 0 172 0
191 234 68 153 11 0 0 1
255 85 255 128 15 0 0 1
2 85 0 170 2 0 0 1
194 46 137 235 10 1 0 1
218 134 153 198 3 1 222 0
218 134 153 198 3 1 222 0
218 134 153 198 3 1 222 0
218 90 68 183 3 1 218 0
218 90 68 183 3 1 218 0
218 90 68 183 3 1 218 0
218 90 68 183 3 1 218 0
218 90 68 183 3 1 218 0
138 165 4 199 2 0 128 0
138 165 4 199 2 0 128 0
138 165 4 199 2 0 128 0
138 165 4 199 2 0 128 0
138 165 4 199 2 0 128 0
129 240 210 236 0 1 47 0
123 37 230 210 1 1 86 0
0 170 1 170 15 0 0 1
128 170 0 128 8 0 0 1
247 20 62 116 3 0 247 0
247 20 62 116 3 0 247 0
247 20 62 116 3 0 247 0
114 78 40 181 2 0 66 0
227 98 2 173 15 0 0 1
108 240 184 247 5 1 147 0
10 83 114 160 12 1 0 1
24 47 161 230 6 0 21 0
140 160 72 214 8 0 0 1
17 117 132 37 6 0 154 0
176 86 134 255 1 1 90 0
176 86 134 255 1 1 90 0
176 86 134 255 1 1 90 0
176 86 134 255 1 1 90 0
176 86 134 255 1 1 90 0
177 255 106 233 10 1 0 1
55 211 46 250 6 1 101 0
0 2 254 0 15 0 0 1
0 2 254 0 15 0 0 1
0 2 254 0 15 0 0 1
0 2 254 0 15 0 0 1
74 47 8 205 9 0 0 1
52 93 98 18 2 1 20 0
52 93 98 18 2 1 20 0
52 93 98 18 2 1 20 0
52 93 98 18 2 1 20 0
105 163 112 169 4 1 202 0
6 125 72 179 15 1 0 1
1 85 1 1 5 0 254 0
53 73 60 66 4 1 124 0
251 82 181 91 5 0 4 0
137 80 222 125 12 0 0 1
1 254 1 2 10 0 0 1
41 16 82 158 2 1 0 1
89 223 141 170 5 0 166 0
32 164 135 21 14 1 0 1
17 121 10 54 9 1 0 1
151 203 180 156 6 0 103 0
170 2 1 128 14 0 0 1
129 254 168 35 9 1 0 1
251 193 253 213 14 0 0 1
1 255 170 128 8 0 0 1
47 207 165 51 10 1 0 1
47 207 165 51 10 1 0 1
47 207 165 51 10 1 0 1
148 150 106 142 5 1 107 0
148 150 106 142 5 1 107 0
148 150 106 142 5 1 107 0
148 150 106 142 5 1 107 0
2 128 128 85 2 1 0 1
205 228 99 100 8 0 0 1
167 158 12 250 9 1 0 1
3 217 255 189 11 0 0 1
117 79 135 201 12 1 0 1
175 184 23 254 3 1 191 0
81 106 5 193 14 1 0 1
243 155 246 172 7 0 48 0
96 2 88 40 7 0 226 0
59 98 249 91 1 0 217 0
0 2 2 1 8 1 0 1
213 237 161 156 11 0 0 1
235 168 2 75 11 1 0 1
180 232 15 180 8 1 0 1
240 60 207 89 7 1 84 0
153 64 236 106 1 1 89 0
37 90 99 98 7 0 68 0
124 66 78 240 7 0 252 0
79 232 27 202 6 1 106 0
46 146 247 20 13 1 0 1
184 144 126 134 8 0 0 1
254 85 0 1 14 0 0 1
170 254 128 255 2 0 170 0
210 28 95 134 12 0 0 1
67 187 47 226 11 0 0 1
67 187 47 226 11 0 0 1
147 179 227 123 15 1 0 1
13 8 55 185 9 1 0 1
13 8 55 185 9 1 0 1
13 8 55 185 9 1 0 1
13 8 55 185 9 1 0 1
3 110 52 164 5 0 252 0
100 56 20 219 14 1 0 1
108 150 29 229 9 1 0 1
235 234 216 177 11 0 0 1
107 226 184 231 14 1 0 1
139 78 114 69 12 1 0 1
5 214 41 188 4 0 211 0
53 88 205 120 10 1 0 1
0 170 85 2 10 0 0 1
143 155 165 154 0 1 105 0
48 198 226 203 8 1 0 1
48 198 226 203 8 1 0 1
1 104 228 56 14 1 0 1
170 128 254 2 15 1 0 1
104 189 248 134 15 0 0 1
104 189 248 134 15 0 0 1
104 189 248 134 15 0 0 1
2 85 1 128 0 0 216 0
113 142 61 142 6 0 28 0
48 41 3 255 13 0 0 1
2 2 128 170 5 0 253 0
254 2 0 254 0 0 254 0
142 20 29 41 7 1 232 0
112 149 224 101 7 1 74 0
112 149 224 101 7 1 74 0
112 149 224 101 7 1 74 0
112 149 224 101 7 1 74 0
0 254 255 1 15 0 0 1
0 254 255 1 15 0 0 1
0 254 255 1 15 0 0 1
0 53 225 105 5 0 255 0
1 0 1 128 5 1 254 0
22 97 211 173 1 1 181 0
2 170 170 0 14 0 0 1
106 66 5 66 6 0 132 0
238 217 206 19 6 0 236 0
1 0 1 254 0 1 0 1
1 0 1 254 0 1 0 1
1 0 1 254 0 1 0 1
2 170 170 128 14 0 0 1
104 70 64 205 5 1 151 0
131 64 71 138 11 1 0 1
53 225 17 82 1 1 84 0
42 128 180 148 15 0 0 1
231 165 17 182 14 1 0 1
0 254 85 1 14 0 0 1
0 254 85 1 14 0 0 1
0 254 85 1 14 0 0 1
0 254 85 1 14 0 0 1
255 1 254 0 10 1 0 1
104 65 71 145 10 1 0 1
107 148 11 2 6 1 118 0
33 157 140 66 5 0 222 0
33 157 140 66 5 0 222 0
33 157 140 66 5 0 222 0
33 157 140 66 5 0 222 0
146 221 63 183 11 1 0 1
171 36 62 90 12 0 0 1
1 128 0 0 14 0 0 1
102 7 25 128 1 1 95 0
236 216 255 58 2 1 200 0
233 200 14 160 6 0 104 0
2 85 128 254 10 1 0 1
2 85 128 254 10 1 0 1
2 85 128 254 10 1 0 1
2 85 128 254 10 1 0 1
254 255 170 170 8 0 0 1
76 79 213 21 4 0 3 0
76 79 213 21 4 0 3 0
76 79 213 21 4 0 3 0
21 242 120 157 12 0 0 1
99 241 53 166 2 1 97 0
1 2 1 0 8 0 0 1
225 177 235 11 4 0 80 0
41 157 115 206 8 0 0 1
143 250 207 109 3 1 255 0
210 121 101 79 3 0 251 0
38 125 114 175 0 1 196 0
245 123 19 250 14 0 0 1
85 254 1 128 2 0 84 0
170 85 170 1 0 0 170 0
43 217 17 66 3 1 251 0
97 221 252 147 5 0 158 0
185 162 151 162 5 1 70 0
50 59 99 198 9 1 0 1
232 122 82 16 5 0 23 0
113 251 98 137 11 0 0 1
1 170 255 0 1 0 87 0
255 128 2 0 1 1 127 0
124 161 249 36 0 1 58 0
16 73 145 4 2 0 0 1
169 167 107 107 0 1 38 0
140 122 232 68 5 0 115 0
224 236 245 85 13 0 0 1
1 170 254 1 14 0 0 1
1 170 254 1 14 0 0 1
1 170 254 1 14 0 0 1
1 170 254 1 14 0 0 1
218 154 87 86 13 1 0 1
218 154 87 86 13 1 0 1
218 154 87 86 13 1 0 1
218 154 87 86 13 1 0 1
218 154 87 86 13 1 0 1
127 53 144 81 9 1 0 1
58 18 47 183 4 0 40 0
1 170 170 255 8 0 0 1
1 170 170 255 8 0 0 1
1 170 170 255 8 0 0 1
1 170 170 255 8 0 0 1
0 0 128 1 2 0 0 1
0 0 128 1 2 0 0 1
0 128 2 2 14 0 0 1
0 128 2 2 14 0 0 1
0 128 2 2 14 0 0 1
0 128 2 2 14 0 0 1
0 128 2 2 14 0 0 1
224 221 242 154 0 0 73 0
9 45 158 69 0 0 25 0
175 136 154 179 11 0 0 1
175 136 154 179 11 0 0 1
131 14 16 252 14 1 0 1
254 255 2 2 15 0 0 1
69 75 144 123 0 0 155 0
69 75 144 123 0 0 155 0
69 75 144 123 0 0 155 0
225 116 204 21 5 0 30 0
255 170 85 2 2 0 170 0
170 254 255 0 2 1 170 0
226 61 23 101 5 0 29 0
224 59 105 132 12 1 0 1
224 59 105 132 12 1 0 1
224 59 105 132 12 1 0 1
55 200 89 243 6 1 144 0
85 128 2 170 5 0 170 0
229 31 177 11 5 1 26 0
255 170 0 1 8 1 0 1
255 1 2 128 14 1 0 1
145 148 220 72 8 1 0 1
246 104 104 40 13 1 0 1
255 0 2 255 14 1 0 1
255 0 2 255 14 1 0 1
87 85 244 110 10 0 0 1
87 85 244 110 10 0 0 1
57 169 65 183 2 0 41 0
234 20 0 65 2 0 0 1
254 128 1 85 8 0 0 1
254 128 1 85 8 0 0 1
254 128 1 85 8 0 0 1
254 128 1 85 8 0 0 1
254 128 1 85 8 0 0 1
39 208 174 220 4 1 247 0
39 208 174 220 4 1 247 0
85 170 85 1 8 0 0 1
85 170 85 1 8 0 0 1
85 170 85 1 8 0 0 1
85 170 85 1 8 0 0 1
85 170 85 1 8 0 0 1
0 1 2 2 8 1 0 1
2 2 85 128 5 1 253 0
2 2 85 128 5 1 253 0
2 2 85 128 5 1 253 0
2 2 85 128 5 1 253 0
170 1 0 254 10 0 0 1
2 2 128 1 15 0 0 1
131 194 146 177 13 1 0 1
0 211 241 8 10 0 0 1
249 64 83 150 4 1 185 0
228 213 10 19 8 0 0 1
254 66 68 28 15 1 0 1
1 70 26 240 6 1 27 0
124 102 135 157 1 1 22 0
189 149 245 38 6 1 178 0
14 222 68 231 0 0 23 0
127 3 221 99 11 0 0 1
68 48 57 32 1 1 20 0
35 76 40 81 7 0 232 0
35 76 40 81 7 0 232 0
35 76 40 81 7 0 232 0
2 0 254 85 10 0 0 1
83 189 149 141 1 1 150 0
184 141 229 173 5 0 71 0
184 141 229 173 5 0 71 0
184 141 229 173 5 0 71 0
184 141 229 173 5 0 71 0
184 141 229 173 5 0 71 0
254 255 85 2 8 0 0 1
254 2 85 255 0 1 84 0
254 2 85 255 0 1 84 0
210 103 184 14 0 0 255 0
128 128 1 2 14 1 0 1
163 87 205 47 11 1 0 1
224 47 172 62 6 1 140 0
85 85 2 170 1 1 0 1
170 254 170 85 10 0 0 1
1 255 170 1 1 0 2 0
76 71 197 185 0 0 17 0
254 255 254 85 10 0 0 1
255 2 0 0 8 1 0 1
255 2 0 0 8 1 0 1
255 2 0 0 8 1 0 1
255 2 0 0 8 1 0 1
255 2 0 0 8 1 0 1
143 8 238 131 14 0 0 1
169 228 4 187 3 0 237 0
128 2 254 255 5 1 127 0
232 225 153 112 13 0 0 1
170 255 85 170 8 1 0 1
255 170 255 128 5 0 0 1
239 87 115 18 11 1 0 1
126 219 53 45 10 1 0 1
27 17 54 189 0 0 31 0
86 74 116 14 7 1 34 0
254 1 254 2 2 0 0 1
182 63 182 97 6 1 108 0
201 228 88 43 9 1 0 1
228 230 5 8 4 0 2 0
69 61 60 119 6 1 129 0
56 244 146 202 0 1 136 0
9 209 65 165 3 0 217 0
175 145 216 151 13 1 0 1
255 1 170 2 10 0 0 1
255 1 170 2 10 0 0 1
255 1 170 2 10 0 0 1
215 124 64 77 11 0 0 1
253 255 170 43 2 0 253 0
236 67 83 135 9 1 0 1
155 170 32 107 8 0 0 1
62 48 46 164 11 1 0 1
62 48 46 164 11 1 0 1
62 48 46 164 11 1 0 1
26 246 191 197 4 0 236 0
215 230 218 6 3 0 247 0
255 255 0 128 2 1 255 0
214 171 206 165 9 1 0 1
117 173 21 165 13 1 0 1
117 173 21 165 13 1 0 1
255 254 254 1 10 0 0 1
249 55 69 23 11 0 0 1
0 170 254 128 1 0 86 0
85 255 85 85 5 0 170 0
233 247 103 199 5 1 22 0
241 223 83 125 1 1 18 0
44 114 72 246 8 1 0 1
44 114 72 246 8 1 0 1
44 114 72 246 8 1 0 1
18 98 100 49 11 0 0 1
0 170 254 85 1 0 86 0
79 149 149 207 11 1 0 1
170 170 255 0 5 0 85 0
170 170 255 0 5 0 85 0
2 1 85 2 14 0 0 1
128 0 128 254 8 0 0 1
2 1 255 170 14 1 0 1
126 143 13 37 6 1 139 0
126 143 13 37 6 1 139 0
203 188 178 74 1 0 15 0
128 0 128 170 10 0 0 1
231 4 55 137 7 1 171 0
255 255 255 1 10 0 0 1
207 112 125 88 15 0 0 1
254 2 170 254 10 0 0 1
170 170 2 128 0 0 214 0
44 53 111 170 7 1 122 0
254 1 255 128 10 1 0 1
254 1 2 2 5 0 1 0
107 30 240 86 10 0 0 1
2 0 128 254 14 1 0 1
46 248 6 43 10 1 0 1
252 189 128 31 0 0 88 0
2 0 1 255 14 0 0 1
85 0 128 128 8 1 0 1
255 255 0 255 0 0 253 0
255 255 0 255 0 0 253 0
255 255 0 255 0 0 253 0
255 255 0 255 0 0 253 0
255 255 0 255 0 0 253 0
85 254 255 85 0 0 167 0
84 238 237 183 1 0 102 0
195 241 157 102 15 1 0 1
2 31 155 146 8 0 0 1
2 31 155 146 8 0 0 1
122 222 64 195 8 0 0 1
38 175 176 101 7 0 234 0
226 141 20 81 11 0 0 1
55 158 153 37 5 1 200 0
16 46 13 137 0 1 212 0
95 190 245 60 3 0 255 0
95 190 245 60 3 0 255 0
95 190 245 60 3 0 255 0
254 1 170 254 10 0 0 1
85 85 254 255 14 1 0 1
170 2 254 85 0 0 255 0
38 96 18 78 15 1 0 1
182 42 254 163 5 1 73 0
17 13 157 180 12 0 0 1
243 3 135 191 3 0 243 0
243 3 135 191 3 0 243 0
243 3 135 191 3 0 243 0
254 128 170 170 14 1 0 1
172 177 160 88 3 0 189 0
128 0 1 1 2 0 0 1
2 1 254 128 14 1 0 1
235 152 253 74 15 0 0 1
246 190 53 120 1 1 56 0
246 190 53 120 1 1 56 0
246 190 53 120 1 1 56 0
0 249 89 168 8 0 0 1
205 134 215 120 15 0 0 1
247 4 102 217 14 1 0 1
2 0 0 128 2 0 0 1
2 0 0 128 2 0 0 1
2 0 0 128 2 0 0 1
2 0 0 128 2 0 0 1
2 0 0 128 2 0 0 1
34 251 249 99 4 1 217 0
1 255 1 1 1 1 2 0
26 98 83 193 0 0 144 0
2 0 1 2 15 0 0 1
22 142 182 69 7 1 159 0
0 0 255 1 10 1 0 1
2 254 2 1 5 0 253 0
2 254 2 1 5 0 253 0
2 254 2 1 5 0 253 0
2 254 2 1 5 0 253 0
2 254 2 1 5 0 253 0
85 255 85 170 0 1 83 0
117 103 52 106 15 1 0 1
95 217 184 212 0 0 196 0
221 31 30 179 4 0 194 0
60 226 163 85 13 1 0 1
85 255 0 255 0 0 83 0
85 255 0 255 0 0 83 0
85 255 0 255 0 0 83 0
85 255 0 255 0 0 83 0
85 255 0 255 0 0 83 0
180 112 201 114 0 1 95 0
135 100 210 134 9 0 0 1
0 254 1 128 14 0 0 1
190 211 63 177 5 0 65 0
34 21 217 220 4 1 55 0
40 185 228 59 9 1 0 1
255 255 255 254 2 0 255 0
100 91 112 214 1 1 9 0
26 12 179 238 0 0 199 0
255 128 254 128 10 0 0 1
128 0 2 1 14 1 0 1
232 91 102 180 6 0 15 0
180 44 235 168 11 1 0 1
180 44 235 168 11 1 0 1
180 44 235 168 11 1 0 1
29 85 175 47 1 1 200 0
76 44 214 182 2 0 12 0
76 44 214 182 2 0 12 0
76 44 214 182 2 0 12 0
0 1 255 254 10 0 0 1
0 255 1 128 0 0 128 0
1 1 128 170 1 0 0 1
72 254 48 112 14 1 0 1
144 201 103 127 5 1 111 0
83 77 163 126 10 0 0 1
170 1 254 0 10 1 0 1
65 146 118 167 1 1 175 0
234 14 92 167 4 1 228 0
1 254 128 254 1 0 3 0
101 146 180 229 3 1 247 0
2 0 254 1 5 0 253 0
203 33 153 108 7 1 241 0
95 193 190 188 8 0 0 1
0 254 170 128 8 0 0 1
2 1 170 0 2 0 0 1
128 255 170 255 5 0 127 0
21 25 103 22 10 1 0 1
53 71 244 176 2 1 5 0
0 170 2 85 0 0 1 0
254 170 0 0 1 0 84 0
64 213 20 133 6 0 90 0
85 170 85 1 5 1 170 0
214 220 158 24 1 1 250 0
85 1 2 254 2 1 1 0
170 85 170 85 14 0 0 1
117 53 1 218 8 0 0 1
129 221 42 146 12 1 0 1
220 68 155 28 7 0 215 0
85 85 128 0 10 0 0 1
85 85 128 0 10 0 0 1
85 85 128 0 10 0 0 1
85 85 128 0 10 0 0 1
85 85 128 0 10 0 0 1
128 85 128 128 14 0 0 1
73 120 121 16 6 1 194 0
250 140 194 63 10 0 0 1
250 140 194 63 10 0 0 1
2 85 254 85 5 0 253 0
2 2 170 2 15 0 0 1
0 255 255 255 2 0 0 1
1 0 255 254 10 1 0 1
255 255 0 128 2 0 255 0
240 87 183 127 6 1 167 0
169 82 42 240 14 0 0 1
12 247 194 207 13 1 0 1
12 247 194 207 13 1 0 1
12 247 194 207 13 1 0 1
9 244 223 46 9 1 0 1
206 174 201 118 1 1 32 0
0 47 10 74 9 0 0 1
170 239 103 100 5 1 85 0
128 1 255 2 10 0 0 1
2 107 220 123 10 1 0 1
2 2 254 170 5 0 253 0
128 170 2 254 0 0 42 0
185 229 189 212 0 1 47 0
139 131 122 163 7 1 43 0
163 101 6 6 2 1 33 0
163 101 6 6 2 1 33 0
192 80 234 199 0 1 193 0
36 95 38 26 13 0 0 1
70 254 17 232 12 1 0 1
254 85 170 1 5 0 1 0
154 101 97 107 5 0 101 0
29 91 175 112 15 0 0 1
254 170 85 2 0 1 255 0
70 176 168 171 8 1 0 1
244 103 208 100 6 0 203 0
93 209 29 64 9 0 0 1
235 9 63 248 10 1 0 1
115 249 72 20 12 0 0 1
1 254 128 255 10 0 0 1
220 43 165 126 2 0 8 0
105 142 84 71 1 1 219 0
61 235 34 39 11 1 0 1
1 161 89 23 10 1 0 1
96 150 139 200 5 0 159 0
0 1 255 254 14 0 0 1
157 145 181 202 2 1 145 0
170 3 237 21 6 0 24 0
170 3 237 21 6 0 24 0
170 3 237 21 6 0 24 0
85 2 1 254 1 0 83 0
7 146 94 78 11 0 0 1
7 146 94 78 11 0 0 1
7 146 94 78 11 0 0 1
7 146 94 78 11 0 0 1
164 15 28 51 3 0 175 0
164 15 28 51 3 0 175 0
164 15 28 51 3 0 175 0
164 15 28 51 3 0 175 0
0 128 255 170 8 1 0 1
196 211 238 141 8 0 0 1
36 217 95 18 5 0 219 0
1 254 1 0 0 0 0 1
92 161 43 170 8 0 0 1
230 111 141 78 2 1 102 0
100 191 251 217 10 0 0 1
1 2 128 0 8 1 0 1
62 189 179 233 0 0 151 0
133 85 103 48 8 0 0 1
170 128 1 254 10 0 0 1
46 102 221 39 2 0 38 0
163 104 156 85 2 1 32 0
85 0 2 170 0 0 1 0
255 254 1 0 8 0 0 1
235 134 171 244 1 0 101 0
91 194 155 111 1 1 153 0
100 70 105 165 15 1 0 1
213 174 1 172 7 0 48 0
119 190 123 154 3 1 255 0
107 221 124 29 9 0 0 1
1 255 254 255 1 0 2 0
56 42 154 173 11 0 0 1
201 191 47 132 14 0 0 1
122 164 4 38 8 1 0 1
193 243 182 92 11 0 0 1
129 38 106 149 0 0 166 0
129 38 106 149 0 0 166 0
129 38 106 149 0 0 166 0
129 38 106 149 0 0 166 0
129 38 106 149 0 0 166 0
167 6 59 173 8 0 0 1
77 230 71 128 9 1 0 1
77 230 71 128 9 1 0 1
77 230 71 128 9 1 0 1
77 230 71 128 9 1 0 1
77 230 71 128 9 1 0 1
128 2 85 254 0 0 213 0
142 174 35 221 2 0 142 0
170 255 0 255 2 0 170 0
163 69 234 159 12 1 0 1
254 0 1 85 10 1 0 1
254 0 1 85 10 1 0 1
254 0 1 85 10 1 0 1
254 0 1 85 10 1 0 1
254 0 1 85 10 1 0 1
245 236 28 84 7 1 81 0
202 115 15 7 7 1 83 0
23 41 95 32 12 0 0 1
23 41 95 32 12 0 0 1
23 41 95 32 12 0 0 1
15 133 16 180 6 1 31 0
239 156 182 9 10 0 0 1
116 149 53 254 8 1 0 1
208 1 40 70 9 0 0 1
248 71 35 210 10 0 0 1
248 71 35 210 10 0 0 1
248 71 35 210 10 0 0 1
248 71 35 210 10 0 0 1
14 219 209 20 0 1 206 0
10 167 219 199 1 1 99 0
111 199 172 50 2 1 71 0
85 2 1 0 15 0 0 1
160 107 156 111 7 0 22 0
111 60 227 36 8 0 0 1
0 170 128 170 1 1 86 0
2 85 0 85 0 0 172 0
2 85 0 85 0 0 172 0
2 85 0 85 0 0 172 0
170 0 1 170 8 0 0 1
172 141 57 89 6 0 230 0
7 40 129 205 11 1 0 1
6 6 208 76 13 0 0 1
100 130 224 100 13 0 0 1
174 153 197 25 14 1 0 1
123 251 209 212 4 0 128 0
2 1 254 254 10 0 0 1
149 155 196 76 11 0 0 1
151 49 219 201 6 1 114 0
213 230 57 55 13 0 0 1
212 255 218 94 10 0 0 1
185 98 209 35 11 0 0 1
164 253 237 196 5 1 91 0
20 52 62 204 15 0 0 1
86 50 154 29 6 1 240 0
222 14 152 129 10 1 0 1
43 55 198 64 9 1 0 1
2 159 85 71 12 0 0 1
215 22 94 198 4 0 193 0
42 153 198 206 11 1 0 1
2 128 0 0 8 0 0 1
77 168 202 179 7 1 114 0
85 170 85 255 14 1 0 1
211 28 219 80 10 0 0 1
213 53 57 24 8 0 0 1
254 2 170 254 15 1 0 1
254 2 170 254 15 1 0 1
254 2 170 254 15 1 0 1
254 2 170 254 15 1 0 1
254 2 170 254 15 1 0 1
93 33 130 208 9 1 0 1
150 225 80 98 8 0 0 1
0 170 254 170 8 1 0 1
108 30 192 32 2 0 12 0
150 131 242 244 5 1 105 0
145 213 96 123 15 0 0 1
49 17 7 128 11 0 0 1
189 220 86 17 7 1 0 1
52 253 180 113 2 1 52 0
222 34 191 89 10 1 0 1
163 249 208 31 13 1 0 1
255 0 254 128 2 0 0 1
85 0 170 85 10 0 0 1
182 35 132 112 2 0 34 0
64 207 202 31 14 0 0 1
2 170 254 128 10 0 0 1
156 207 66 105 2 0 140 0
156 207 66 105 2 0 140 0
156 207 66 105 2 0 140 0
156 207 66 105 2 0 140 0
254 85 170 255 0 1 252 0
85 0 128 1 2 0 0 1
85 0 128 1 2 0 0 1
65 135 247 71 12 0 0 1
224 225 84 81 6 1 52 0
49 34 77 179 3 1 51 0
128 2 255 85 8 0 0 1
238 31 151 120 9 0 0 1
238 31 151 120 9 0 0 1
238 31 151 120 9 0 0 1
238 31 151 120 9 0 0 1
147 85 24 82 2 0 17 0
164 192 79 63 0 0 242 0
182 238 132 48 7 1 88 0
1 170 2 2 8 1 0 1
128 255 2 2 5 0 127 0
227 86 213 109 9 0 0 1
254 1 0 128 10 0 0 1
255 170 1 170 1 0 85 0
255 170 1 170 1 0 85 0
255 170 1 170 1 0 85 0
255 170 1 170 1 0 85 0
255 170 1 170 1 0 85 0
83 216 40 88 13 1 0 1
155 144 90 247 6 0 135 0
1 85 255 254 1 0 172 0
128 254 254 255 1 0 130 0
79 141 213 10 4 1 194 0
74 180 255 17 9 0 0 1
35 174 18 192 12 0 0 1
35 174 18 192 12 0 0 1
83 107 92 173 15 0 0 1
17 33 87 56 8 1 0 1
170 170 128 128 10 1 0 1
1 0 170 0 14 0 0 1
162 9 170 245 2 0 0 1
114 79 76 203 15 1 0 1
114 79 76 203 15 1 0 1
114 79 76 203 15 1 0 1
114 79 76 203 15 1 0 1
114 79 76 203 15 1 0 1
170 0 0 2 15 0 0 1
128 1 255 128 5 0 127 0
0 0 255 0 5 0 255 0
118 110 222 128 9 1 0 1
128 2 1 170 1 0 126 0
128 2 1 170 1 0 126 0
128 2 1 170 1 0 126 0
24 137 226 56 11 0 0 1
24 137 226 56 11 0 0 1
24 137 226 56 11 0 0 1
24 137 226 56 11 0 0 1
24 137 226 56 11 0 0 1
168 64 232 8 2 1 0 1
217 229 141 152 10 0 0 1
0 170 1 128 5 0 255 0
218 99 166 90 0 0 61 0
156 181 133 146 1 0 231 0
127 64 209 217 11 0 0 1
69 135 86 17 2 1 5 0
181 209 27 254 6 1 208 0
2 1 128 0 15 0 0 1
170 128 128 2 8 0 0 1
114 210 210 147 14 1 0 1
254 85 1 0 2 0 84 0
60 14 154 100 1 0 46 0
1 255 128 85 0 0 213 0
255 1 255 1 2 1 1 0
84 207 249 229 8 0 0 1
183 3 134 41 12 1 0 1
187 140 219 122 9 1 0 1
66 134 232 142 9 1 0 1
170 0 2 255 15 0 0 1
170 0 2 255 15 0 0 1
170 0 2 255 15 0 0 1
170 0 2 255 15 0 0 1
170 0 2 255 15 0 0 1
135 87 109 62 1 0 48 0
149 1 8 201 2 1 1 0
149 1 8 201 2 1 1 0
149 1 8 201 2 1 1 0
149 1 8 201 2 1 1 0
149 1 8 201 2 1 1 0
92 109 2 13 5 0 163 0
92 109 2 13 5 0 163 0
92 109 2 13 5 0 163 0
178 231 10 39 10 1 0 1
129 201 71 132 14 0 0 1
25 230 207 206 5 0 230 0
17 195 19 182 11 0 0 1
1 2 1 128 10 0 0 1
1 2 1 128 10 0 0 1
1 2 1 128 10 0 0 1
1 2 1 128 10 0 0 1
1 2 1 128 10 0 0 1
169 230 26 45 15 0 0 1
128 128 0 170 15 1 0 1
254 2 255 1 1 0 252 0
148 65 179 223 7 0 103 0
124 11 21 217 8 0 0 1
254 158 136 83 13 1 0 1
128 128 170 128 10 1 0 1
155 149 199 149 1 0 6 0
254 85 255 128 15 0 0 1
56 217 248 137 10 1 0 1
85 170 128 255 0 0 126 0
85 170 128 255 0 0 126 0
2 121 2 34 13 0 0 1
2 121 2 34 13 0 0 1
2 121 2 34 13 0 0 1
102 57 87 132 8 1 0 1
170 1 2 170 10 1 0 1
170 1 2 170 10 1 0 1
170 1 2 170 10 1 0 1
67 229 160 92 1 1 94 0
67 229 160 92 1 1 94 0
67 229 160 92 1 1 94 0
67 229 160 92 1 1 94 0
67 229 160 92 1 1 94 0
1 85 85 85 15 1 0 1
1 0 2 170 10 1 0 1
142 85 170 220 15 1 0 1
145 2 128 245 3 0 147 0
1 128 254 254 8 0 0 1
134 126 173 31 7 0 208 0
128 170 2 170 14 0 0 1
170 255 254 85 0 0 252 0
97 122 173 193 4 0 27 0
115 175 84 159 14 1 0 1
242 160 81 109 13 0 0 1
144 45 189 30 9 0 0 1
137 145 147 133 7 1 50 0
85 255 1 128 14 0 0 1
114 226 154 4 3 1 242 0
148 170 252 44 6 1 144 0
254 128 1 254 1 0 126 0
175 75 245 159 5 1 80 0
170 170 1 85 0 0 170 0
0 248 169 53 9 1 0 1
170 85 2 0 10 0 0 1
51 93 90 0 4 1 110 0
119 30 136 164 13 0 0 1
118 22 124 7 3 1 118 0
254 128 2 2 10 1 0 1
170 170 0 255 5 0 85 0
170 170 0 255 5 0 85 0
179 54 5 56 4 0 133 0
0 128 170 2 2 0 0 1
9 90 184 20 12 1 0 1
9 90 184 20 12 1 0 1
9 90 184 20 12 1 0 1
9 90 184 20 12 1 0 1
9 90 184 20 12 1 0 1
225 153 57 118 4 1 120 0
84 214 93 211 13 0 0 1
170 0 255 255 5 0 85 0
10 234 25 129 3 1 234 0
10 234 25 129 3 1 234 0
10 234 25 129 3 1 234 0
10 234 25 129 3 1 234 0
2 255 170 1 1 1 3 0
33 142 157 189 7 0 9 0
254 85 255 1 10 0 0 1
0 85 85 0 15 1 0 1
0 85 85 0 15 1 0 1
0 85 85 0 15 1 0 1
221 35 95 243 1 0 186 0
255 255 1 85 2 1 255 0
209 104 73 185 7 0 59 0
22 199 93 7 10 1 0 1
22 199 93 7 10 1 0 1
40 39 212 112 11 1 0 1
136 146 158 26 8 1 0 1
136 146 158 26 8 1 0 1
136 146 158 26 8 1 0 1
136 146 158 26 8 1 0 1
26 45 108 45 2 0 8 0
192 247 5 140 11 1 0 1
2 2 2 170 10 0 0 1
114 214 226 45 15 0 0 1
128 128 254 255 1 1 0 1
36 63 196 56 13 0 0 1
1 254 128 170 0 0 41 0
1 254 128 170 0 0 41 0
1 254 128 170 0 0 41 0
1 254 128 170 0 0 41 0
1 254 128 170 0 0 41 0
1 255 1 0 15 0 0 1
170 170 1 255 0 0 84 0
211 247 74 119 3 0 247 0
128 1 170 85 1 0 127 0
128 1 170 85 1 0 127 0
128 1 170 85 1 0 127 0
128 1 170 85 1 0 127 0
230 195 68 18 13 1 0 1
201 135 246 217 7 1 31 0
164 221 28 180 8 0 0 1
92 204 180 198 1 0 144 0
0 85 0 0 14 0 0 1
138 70 1 31 7 1 240 0
138 70 1 31 7 1 240 0
138 70 1 31 7 1 240 0
138 70 1 31 7 1 240 0
0 85 128 254 8 1 0 1
0 255 255 170 2 0 0 1
103 145 194 119 2 1 1 0
217 215 28 75 14 1 0 1
136 44 238 47 8 1 0 1
129 72 253 167 1 0 57 0
117 88 251 100 11 0 0 1
195 149 252 255 15 0 0 1
113 210 9 44 6 1 122 0
62 101 251 237 10 1 0 1
85 2 170 1 15 1 0 1
40 152 226 193 12 1 0 1
58 197 160 44 1 1 117 0
1 85 255 128 15 0 0 1
0 2 85 85 8 0 0 1
255 170 170 254 5 0 0 1
216 65 103 223 9 1 0 1
23 186 178 236 2 1 18 0
254 105 251 55 7 1 153 0
14 101 2 44 13 0 0 1
45 253 75 106 0 0 223 0
204 124 130 112 12 0 0 1
85 170 255 0 5 1 170 0
61 82 196 157 14 0 0 1
78 156 84 227 13 0 0 1
2 128 170 254 10 1 0 1
114 89 87 140 6 1 201 0
128 205 121 164 0 0 106 0
0 2 2 128 2 0 0 1
239 151 29 199 13 1 0 1
170 1 0 255 2 0 0 1
128 170 1 170 8 0 0 1
128 170 1 170 8 0 0 1
128 170 1 170 8 0 0 1
215 131 34 191 13 0 0 1
3 248 86 116 4 1 251 0
85 0 128 254 1 1 85 0
35 222 204 118 8 1 0 1
160 156 140 190 14 0 0 1
151 121 242 143 11 0 0 1
191 122 169 85 7 0 55 0
104 73 15 122 3 0 105 0
104 73 15 122 3 0 105 0
104 73 15 122 3 0 105 0
104 73 15 122 3 0 105 0
239 116 175 99 0 0 117 0
14 88 237 142 13 1 0 1
31 250 248 133 11 1 0 1
229 252 237 46 9 0 0 1
254 254 254 254 10 1 0 1
150 169 37 190 5 0 105 0
158 25 206 159 10 0 0 1
41 161 191 226 14 1 0 1
14 73 105 212 10 0 0 1
25 196 113 103 11 0 0 1
94 98 121 30 1 0 252 0
255 1 85 170 10 0 0 1
255 1 85 170 10 0 0 1
255 1 85 170 10 0 0 1
231 95 130 149 3 1 255 0
222 112 241 6 12 1 0 1
44 81 245 167 3 0 125 0
0 128 170 254 8 0 0 1
50 80 73 212 5 0 205 0
79 15 115 55 1 1 64 0
79 15 115 55 1 1 64 0
79 15 115 55 1 1 64 0
79 15 115 55 1 1 64 0
79 15 115 55 1 1 64 0
86 81 252 104 4 0 7 0
66 33 184 141 0 1 168 0
85 170 254 170 0 0 167 0
44 103 169 222 2 0 36 0
170 85 2 170 1 0 85 0
23 15 137 223 6 1 160 0
55 70 28 197 7 1 94 0
85 0 0 2 5 1 170 0
85 0 0 2 5 0 170 0
91 100 157 177 7 1 13 0
205 146 103 253 6 1 52 0
170 0 1 85 15 0 0 1
183 126 117 29 5 1 72 0
107 232 205 122 14 0 0 1
107 232 205 122 14 0 0 1
107 232 205 122 14 0 0 1
107 232 205 122 14 0 0 1
107 232 205 122 14 0 0 1
161 124 35 83 10 0 0 1
9 1 81 19 4 1 8 0
170 170 254 128 10 0 0 1
255 128 254 0 5 0 0 1
129 172 193 130 12 0 0 1
129 172 193 130 12 0 0 1
170 1 0 0 1 1 169 0
170 255 85 170 2 0 170 0
47 86 212 170 15 1 0 1
47 86 212 170 15 1 0 1
47 86 212 170 15 1 0 1
47 86 212 170 15 1 0 1
59 115 153 93 2 1 51 0
12 143 215 128 7 0 242 0
156 244 116 212 15 0 0 1
170 170 1 85 10 1 0 1
170 170 1 85 10 1 0 1
170 170 1 85 10 1 0 1
170 170 1 85 10 1 0 1
170 170 1 85 10 1 0 1
126 77 184 223 12 1 0 1
69 167 62 92 4 1 226 0
0 254 255 255 14 1 0 1
99 60 175 238 8 0 0 1
51 135 245 8 5 0 204 0
2 1 0 0 5 1 253 0
2 1 0 0 5 1 253 0
2 1 0 0 5 1 253 0
2 1 0 0 5 1 253 0
2 1 0 0 5 1 253 0
231 58 202 48 4 0 221 0
12 198 243 241 15 1 0 1
1 2 128 85 10 0 0 1
251 113 15 25 7 0 148 0
251 113 15 25 7 0 148 0
251 113 15 25 7 0 148 0
88 46 7 128 2 1 8 0
88 46 7 128 2 1 8 0
163 46 247 126 10 0 0 1
88 198 221 35 1 0 146 0
0 212 187 183 8 0 0 1
230 12 29 255 3 1 238 0
0 1 85 255 10 0 0 1
252 6 114 230 14 0 0 1
84 8 123 156 0 1 115 0
236 225 126 242 7 0 61 0
236 225 126 242 7 0 61 0
236 225 126 242 7 0 61 0
95 232 234 117 5 1 160 0
124 180 83 155 10 1 0 1
178 125 209 63 3 0 255 0
11 134 1 247 9 1 0 1
11 134 1 247 9 1 0 1
182 162 15 30 8 1 0 1
126 238 18 216 2 1 110 0
106 134 252 39 0 1 19 0
166 254 250 94 7 1 252 0
66 211 17 24 10 0 0 1
66 211 17 24 10 0 0 1
66 211 17 24 10 0 0 1
66 211 17 24 10 0 0 1
66 211 17 24 10 0 0 1
115 46 169 248 0 1 66 0
207 210 225 13 1 1 253 0
207 210 225 13 1 1 253 0
207 210 225 13 1 1 253 0
207 210 225 13 1 1 253 0
172 239 31 129 0 0 59 0
0 85 1 0 14 1 0 1
0 85 1 0 14 1 0 1
0 85 1 0 14 1 0 1
81 239 213 120 8 1 0 1
254 255 0 255 8 0 0 1
2 1 0 1 15 0 0 1
2 1 0 1 15 0 0 1
2 1 0 1 15 0 0 1
2 1 0 1 15 0 0 1
2 1 0 1 15 0 0 1
106 23 239 139 15 0 0 1
128 2 128 128 14 0 0 1
0 255 2 0 5 1 255 0
87 129 190 114 10 0 0 1
158 200 146 36 12 0 0 1
169 185 51 30 5 0 86 0
255 85 0 255 15 1 0 1
202 149 87 178 2 0 128 0
81 195 182 194 0 1 140 0
81 195 182 194 0 1 140 0
81 195 182 194 0 1 140 0
81 195 182 194 0 1 140 0
1 2 255 1 1 1 255 0
165 126 64 61 13 1 0 1
134 243 4 194 0 1 63 0
200 168 149 117 13 1 0 1
9 65 181 57 11 1 0 1
1 85 255 170 10 0 0 1
45 91 135 81 3 0 127 0
45 91 135 81 3 0 127 0
252 222 233 18 9 0 0 1
30 228 47 149 7 1 198 0
71 219 132 70 3 1 223 0
71 219 132 70 3 1 223 0
71 219 132 70 3 1 223 0
71 219 132 70 3 1 223 0
217 86 61 232 5 1 38 0
75 136 68 253 11 0 0 1
2 85 85 255 8 0 0 1
77 148 85 14 10 1 0 1
109 112 27 0 10 0 0 1
62 251 153 187 10 1 0 1
84 15 194 219 7 1 0 1
2 2 0 85 8 0 0 1
23 48 254 82 14 1 0 1
113 25 139 241 13 1 0 1
1 170 255 128 15 0 0 1
221 214 7 233 11 1 0 1
109 91 103 137 8 0 0 1
242 66 125 11 10 1 0 1
191 237 79 193 2 0 173 0
146 104 126 50 14 0 0 1
128 1 128 85 2 1 0 1
128 1 128 85 2 1 0 1
128 1 128 85 2 1 0 1
128 1 128 85 2 1 0 1
170 255 0 0 8 0 0 1
56 247 170 181 13 0 0 1
170 128 254 2 14 0 0 1
115 78 1 159 10 1 0 1
148 13 9 91 14 1 0 1
15 88 35 134 6 1 50 0
128 170 254 128 0 0 168 0
18 137 80 191 7 0 170 0
77 66 192 113 12 1 0 1
255 254 0 255 8 0 0 1
73 225 69 98 7 0 209 0
12 121 112 8 7 1 253 0
254 1 255 254 1 0 253 0
193 116 53 162 8 1 0 1
0 1 254 255 8 0 0 1
70 36 117 193 7 0 160 0
142 166 47 201 10 1 0 1
92 114 13 131 11 0 0 1
196 244 82 145 7 0 155 0
246 136 248 50 8 0 0 1
246 176 207 186 6 1 197 0
0 254 128 0 1 0 2 0
234 46 241 165 9 0 0 1
85 0 0 255 5 1 170 0
254 170 1 85 1 0 84 0
255 0 85 2 0 0 86 0
165 233 11 31 7 0 184 0
112 41 181 219 2 0 32 0
170 128 85 128 15 0 0 1
1 255 170 170 10 1 0 1
1 255 170 170 10 1 0 1
1 255 170 170 10 1 0 1
1 255 170 170 10 1 0 1
170 2 254 255 10 1 0 1
170 170 85 254 14 0 0 1
130 242 27 141 8 1 0 1
2 1 254 128 10 0 0 1
247 32 61 108 9 0 0 1
247 32 61 108 9 0 0 1
247 32 61 108 9 0 0 1
247 32 61 108 9 0 0 1
73 38 19 99 1 1 35 0
255 2 0 128 0 1 129 0
209 118 200 128 7 1 143 0
209 118 200 128 7 1 143 0
128 128 85 1 1 1 0 1
18 166 42 67 5 0 237 0
232 133 110 231 8 0 0 1
255 0 2 2 5 0 0 1
196 199 250 74 9 1 0 1
2 1 255 170 8 1 0 1
34 51 199 234 8 1 0 1
174 228 44 133 14 1 0 1
0 255 85 1 0 0 85 0
6 116 1 218 11 1 0 1
6 116 1 218 11 1 0 1
140 62 14 129 14 1 0 1
50 186 140 19 13 0 0 1
127 151 197 139 8 1 0 1
127 151 197 139 8 1 0 1
127 151 197 139 8 1 0 1
3 19 236 92 11 1 0 1
229 47 36 147 9 1 0 1
195 188 4 69 9 0 0 1
192 45 131 99 1 1 147 0
192 45 131 99 1 1 147 0
192 45 131 99 1 1 147 0
204 253 222 133 10 0 0 1
254 255 255 254 2 0 254 0
113 222 242 75 3 1 255 0
113 222 242 75 3 1 255 0
113 222 242 75 3 1 255 0
22 15 202 164 13 1 0 1
22 15 202 164 13 1 0 1
22 15 202 164 13 1 0 1
45 153 199 130 2 0 9 0
124 205 76 159 2 1 76 0
128 128 255 85 2 1 128 0
255 2 1 1 1 0 253 0
147 91 107 189 7 1 22 0
149 56 229 109 4 1 173 0
183 16 184 82 13 1 0 1
2 170 128 2 10 0 0 1
2 170 128 2 10 0 0 1
2 170 128 2 10 0 0 1
68 148 172 137 0 0 13 0
144 60 98 186 7 0 232 0
227 65 12 244 4 0 162 0
227 65 12 244 4 0 162 0
254 128 170 1 0 0 41 0
134 78 160 31 15 0 0 1
17 100 252 108 7 0 221 0
178 41 144 190 10 1 0 1
178 41 144 190 10 1 0 1
178 41 144 190 10 1 0 1
113 134 154 206 10 1 0 1
128 125 118 203 15 1 0 1
12 8 169 69 8 0 0 1
170 85 170 85 1 0 85 0
255 2 128 255 8 1 0 1
255 254 85 85 8 0 0 1
255 254 85 85 8 0 0 1
255 254 85 85 8 0 0 1
255 254 85 85 8 0 0 1
213 61 36 177 5 1 42 0
0 0 1 128 14 0 0 1
89 211 71 149 0 0 8 0
25 48 99 31 10 1 0 1
25 48 99 31 10 1 0 1
71 95 58 85 8 1 0 1
157 5 98 239 2 0 5 0
197 194 99 131 15 1 0 1
85 1 0 170 0 1 0 1
63 176 79 0 15 1 0 1
251 26 179 146 2 0 26 0
170 170 255 1 15 1 0 1
2 2 85 128 8 0 0 1
23 197 180 54 10 1 0 1
160 86 5 18 8 0 0 1
85 128 254 170 5 1 170 0
71 87 90 147 12 1 0 1
71 87 90 147 12 1 0 1
131 219 22 78 12 1 0 1
131 219 22 78 12 1 0 1
131 219 22 78 12 1 0 1
131 219 22 78 12 1 0 1
59 84 82 131 7 0 100 0
222 69 104 56 8 1 0 1
170 2 255 85 10 0 0 1
244 91 129 248 12 1 0 1
128 128 0 2 2 0 128 0
128 2 1 85 15 1 0 1
1 128 2 0 14 0 0 1
53 174 68 232 4 0 155 0
254 85 1 1 10 0 0 1
121 29 203 185 5 1 134 0
128 85 0 170 2 1 0 1
122 136 182 5 9 0 0 1
0 0 1 254 2 0 0 1
2 228 135 199 8 1 0 1
122 77 88 109 13 0 0 1
210 25 13 70 14 1 0 1
210 25 13 70 14 1 0 1
210 25 13 70 14 1 0 1
210 25 13 70 14 1 0 1
210 25 13 70 14 1 0 1
1 1 255 254 0 0 255 0
212 223 249 178 3 0 223 0
114 47 198 134 5 0 141 0
114 47 198 134 5 0 141 0
97 155 2 222 8 1 0 1
97 155 2 222 8 1 0 1
97 155 2 222 8 1 0 1
97 155 2 222 8 1 0 1
179 26 101 148 6 1 24 0
179 26 101 148 6 1 24 0
179 26 101 148 6 1 24 0
125 61 80 223 8 1 0 1
2 2 85 170 2 0 2 0
177 121 99 171 5 0 78 0
245 83 183 61 8 0 0 1
130 75 29 176 13 0 0 1
9 60 109 73 2 1 8 0
100 107 254 68 15 1 0 1
213 1 192 228 1 0 212 0
213 1 192 228 1 0 212 0
213 1 192 228 1 0 212 0
128 2 254 128 2 0 0 1
102 181 83 22 4 1 211 0
254 255 254 170 10 1 0 1
137 172 175 98 2 0 136 0
90 0 179 129 13 0 0 1
128 128 1 2 5 0 127 0
128 128 1 2 5 0 127 0
128 128 1 2 5 0 127 0
128 128 1 2 5 0 127 0
18 75 58 121 5 1 237 0
18 75 58 121 5 1 237 0
18 75 58 121 5 1 237 0
18 75 58 121 5 1 237 0
18 75 58 121 5 1 237 0
248 174 235 76 2 1 168 0
2 128 254 0 2 0 0 1
95 47 203 216 1 0 48 0
210 75 66 109 11 0 0 1
1 170 128 170 8 0 0 1
1 170 128 170 8 0 0 1
255 2 255 0 14 1 0 1
255 2 255 0 14 1 0 1
159 176 146 13 15 1 0 1
54 19 48 53 11 0 0 1
9 227 196 136 14 0 0 1
9 227 196 136 14 0 0 1
9 227 196 136 14 0 0 1
9 227 196 136 14 0 0 1
220 228 108 82 5 0 35 0
1 0 128 128 8 0 0 1
79 82 107 66 1 0 253 0
79 82 107 66 1 0 253 0
60 111 235 220 12 0 0 1
95 116 158 238 10 0 0 1
64 205 15 89 4 1 141 0
127 62 163 8 1 0 65 0
96 253 14 182 15 1 0 1
239 75 169 65 4 1 164 0
239 75 169 65 4 1 164 0
239 75 169 65 4 1 164 0
2 255 170 85 8 0 0 1
99 78 67 68 14 0 0 1
16 163 215 108 12 0 0 1
106 6 50 186 13 1 0 1
85 254 85 255 1 1 87 0
85 254 85 255 1 1 87 0
139 241 42 120 3 0 251 0
163 1 221 14 12 0 0 1
2 0 254 254 1 0 2 0
255 170 255 128 5 0 0 1
242 207 174 105 0 1 216 0
242 207 174 105 0 1 216 0
242 207 174 105 0 1 216 0
242 207 174 105 0 1 216 0
33 241 248 243 13 0 0 1
85 85 1 1 5 1 170 0
215 107 167 112 5 0 40 0
202 138 225 8 2 1 138 0
255 2 2 255 1 1 253 0
41 37 12 177 12 1 0 1
111 57 169 109 7 0 190 0
111 57 169 109 7 0 190 0
111 57 169 109 7 0 190 0
111 57 169 109 7 0 190 0
2 2 0 128 15 1 0 1
229 70 66 156 3 1 231 0
88 36 224 226 1 0 52 0
88 36 224 226 1 0 52 0
88 36 224 226 1 0 52 0
88 36 224 226 1 0 52 0
135 242 167 195 9 1 0 1
89 58 41 92 3 0 123 0
128 2 255 85 5 0 127 0
128 2 255 85 5 0 127 0
128 2 255 85 5 0 127 0
55 67 231 220 9 0 0 1
55 67 231 220 9 0 0 1
55 67 231 220 9 0 0 1
170 59 66 98 8 0 0 1
0 2 128 170 5 0 255 0
0 2 128 170 5 0 255 0
0 2 128 170 5 0 255 0
0 2 128 170 5 0 255 0
0 2 128 170 5 0 255 0
8 170 50 206 8 0 0 1
254 1 1 2 10 1 0 1
33 172 2 20 3 1 173 0
2 87 207 72 5 1 253 0
254 128 128 128 8 0 0 1
226 188 172 147 0 0 221 0
16 254 139 217 2 0 16 0
1 170 128 0 5 0 254 0
1 255 85 1 2 0 1 0
1 255 85 1 2 0 1 0
0 170 170 170 5 1 255 0
66 226 207 169 8 1 0 1
135 119 36 33 0 1 67 0
163 172 34 102 11 1 0 1
128 255 254 0 5 0 127 0
23 223 164 28 7 0 182 0
23 223 164 28 7 0 182 0
10 195 233 143 14 1 0 1
120 200 190 53 13 0 0 1
71 53 220 154 6 0 207 0
20 246 84 58 9 1 0 1
1 170 255 2 8 0 0 1
78 135 147 227 11 0 0 1
78 135 147 227 11 0 0 1
170 255 170 85 5 1 85 0
20 36 171 232 0 1 203 0
56 155 182 106 10 1 0 1
85 255 1 2 5 1 170 0
85 255 1 2 5 1 170 0
85 255 1 2 5 1 170 0
85 255 1 2 5 1 170 0
85 255 1 2 5 1 170 0
226 101 68 181 9 0 0 1
3 52 252 129 9 1 0 1
59 222 76 245 8 0 0 1
59 222 76 245 8 0 0 1
59 222 76 245 8 0 0 1
59 222 76 245 8 0 0 1
44 193 127 208 7 0 60 0
20 80 89 248 0 0 181 0
20 80 89 248 0 0 181 0
20 80 89 248 0 0 181 0
20 80 89 248 0 0 181 0
20 80 89 248 0 0 181 0
217 97 23 10 2 0 65 0
254 85 0 2 2 1 84 0
167 190 251 249 8 0 0 1
151 46 181 144 13 1 0 1
167 194 140 239 0 1 228 0
109 20 249 85 15 1 0 1
2 85 254 0 0 0 85 0
221 17 233 168 9 1 0 1
100 95 212 197 1 1 5 0
0 254 85 85 10 1 0 1
150 65 228 244 8 1 0 1
166 9 75 155 14 1 0 1
166 9 75 155 14 1 0 1
166 9 75 155 14 1 0 1
166 9 75 155 14 1 0 1
166 9 75 155 14 1 0 1
55 225 187 197 11 1 0 1
143 241 47 216 4 0 126 0
0 85 170 2 10 0 0 1
206 205 9 191 7 0 99 0
206 205 9 191 7 0 99 0
206 205 9 191 7 0 99 0
206 205 9 191 7 0 99 0
206 205 9 191 7 0 99 0
31 22 149 60 4 0 9 0
31 22 149 60 4 0 9 0
80 104 161 114 3 1 120 0
187 141 73 244 11 0 0 1
54 166 111 18 14 0 0 1
243 195 138 189 4 0 48 0
243 195 138 189 4 0 48 0
243 195 138 189 4 0 48 0
1 0 128 128 15 1 0 1
211 126 15 146 2 0 82 0
195 147 128 84 14 0 0 1
78 243 212 243 4 0 189 0
94 133 38 55 15 0 0 1
112 36 66 224 15 1 0 1
47 23 2 219 5 0 208 0
1 128 170 85 14 0 0 1
1 128 170 85 14 0 0 1
1 128 170 85 14 0 0 1
1 128 170 85 14 0 0 1
1 128 170 85 14 0 0 1
170 255 85 0 0 1 254 0
212 215 121 115 14 1 0 1
45 134 12 232 3 1 175 0
116 97 124 100 3 1 117 0
142 216 102 59 0 0 7 0
142 216 102 59 0 0 7 0
142 216 102 59 0 0 7 0
142 216 102 59 0 0 7 0
142 216 102 59 0 0 7 0
153 24 61 67 15 1 0 1
102 174 116 62 10 0 0 1
102 174 116 62 10 0 0 1
102 174 116 62 10 0 0 1
102 174 116 62 10 0 0 1
181 184 234 219 0 1 50 0
97 2 255 20 11 0 0 1
235 95 183 226 2 0 75 0
89 83 61 102 3 1 91 0
147 195 197 104 11 0 0 1
255 255 255 128 1 1 0 1
127 59 217 252 14 1 0 1
248 174 23 201 5 0 7 0
248 174 23 201 5 0 7 0
248 174 23 201 5 0 7 0
248 174 23 201 5 0 7 0
248 174 23 201 5 0 7 0
227 249 20 50 8 0 0 1
227 249 20 50 8 0 0 1
128 2 170 1 2 0 0 1
24 208 249 219 5 0 231 0
48 215 205 216 11 0 0 1
89 163 153 162 3 1 251 0
1 255 85 128 10 1 0 1
123 187 236 6 7 0 40 0
85 128 0 0 5 1 170 0
128 1 254 0 8 1 0 1
23 89 60 107 8 1 0 1
173 20 149 167 10 1 0 1
1 85 128 0 10 0 0 1
7 39 39 27 9 1 0 1
1 1 85 170 14 0 0 1
85 1 0 85 15 1 0 1
246 214 75 46 14 1 0 1
213 124 186 0 9 0 0 1
213 124 186 0 9 0 0 1
0 254 255 170 8 0 0 1
156 108 70 145 7 1 223 0
156 108 70 145 7 1 223 0
255 54 130 203 12 0 0 1
170 1 170 2 15 0 0 1
98 238 230 123 13 1 0 1
6 81 123 10 15 1 0 1
214 238 142 152 2 1 198 0
85 202 201 84 5 0 170 0
63 55 51 61 9 1 0 1
63 55 51 61 9 1 0 1
141 150 110 12 0 0 157 0
224 28 106 188 14 1 0 1
63 133 93 185 4 1 186 0
0 0 0 170 10 0 0 1
254 0 254 254 2 0 0 1
126 67 233 124 6 1 103 0
234 24 116 207 9 0 0 1
234 24 116 207 9 0 0 1
234 24 116 207 9 0 0 1
234 24 116 207 9 0 0 1
227 176 32 177 4 1 83 0
2 128 2 85 0 0 217 0
107 247 225 234 2 0 99 0
242 49 0 161 12 1 0 1
172 40 73 105 5 1 83 0
14 155 23 118 4 0 149 0
170 170 2 1 1 1 0 1
0 128 1 0 2 0 0 1
246 7 129 147 10 1 0 1
170 170 128 170 10 1 0 1
85 170 2 0 5 0 170 0
0 170 170 254 5 0 255 0
0 170 170 254 5 0 255 0
0 170 170 254 5 0 255 0
0 170 170 254 5 0 255 0
0 170 170 254 5 0 255 0
40 24 103 131 1 1 16 0
113 13 206 188 1 0 100 0
0 1 128 0 0 0 129 0
38 64 223 28 6 1 5 0
255 85 255 254 15 1 0 1
255 255 2 128 10 1 0 1
128 117 250 89 14 1 0 1
185 205 95 99 15 1 0 1
48 14 134 239 11 0 0 1
106 47 33 84 9 0 0 1
21 37 118 222 6 1 139 0
212 61 89 76 11 0 0 1
66 236 23 138 10 1 0 1
66 236 23 138 10 1 0 1
66 236 23 138 10 1 0 1
66 236 23 138 10 1 0 1
66 236 23 138 10 1 0 1
144 31 27 30 7 1 232 0
102 116 196 50 12 1 0 1
255 128 170 170 14 1 0 1
249 131 94 212 3 1 251 0
115 107 113 0 9 1 0 1
96 63 225 89 7 1 217 0
96 63 225 89 7 1 217 0
199 158 218 235 14 1 0 1
224 234 134 107 3 0 234 0
224 234 134 107 3 0 234 0
224 234 134 107 3 0 234 0
179 134 149 8 3 1 183 0
1 85 85 1 1 0 172 0
179 160 50 7 11 1 0 1
53 192 154 7 13 1 0 1
176 152 74 124 9 1 0 1
0 254 2 170 15 0 0 1
0 254 2 170 15 0 0 1
0 254 2 170 15 0 0 1
2 0 85 254 14 1 0 1
249 240 57 97 8 1 0 1
14 226 216 5 1 1 44 0
53 237 159 18 10 0 0 1
170 128 128 2 8 0 0 1
85 170 85 2 0 0 86 0
128 0 128 2 8 0 0 1
225 238 120 168 0 0 239 0
208 59 55 28 2 0 16 0
208 59 55 28 2 0 16 0
208 59 55 28 2 0 16 0
254 2 85 85 0 1 170 0
141 204 163 197 0 1 193 0
2 0 170 85 8 0 0 1
85 170 0 2 14 0 0 1
255 255 128 0 5 0 0 1
255 255 128 0 5 0 0 1
132 61 56 160 12 1 0 1
38 229 91 165 4 0 195 0
246 116 163 72 9 0 0 1
246 116 163 72 9 0 0 1
246 116 163 72 9 0 0 1
246 116 163 72 9 0 0 1
153 234 65 160 10 1 0 1
153 234 65 160 10 1 0 1
1 128 255 170 10 0 0 1
96 253 161 49 7 0 47 0
92 150 70 91 13 1 0 1
106 0 94 244 7 1 188 0
255 128 0 254 15 1 0 1
46 76 39 74 8 0 0 1
26 197 193 57 13 0 0 1
26 197 193 57 13 0 0 1
26 197 193 57 13 0 0 1
40 48 157 229 10 1 0 1
104 95 48 199 9 1 0 1
152 132 19 21 6 0 153 0
140 90 230 155 11 1 0 1
216 216 99 209 6 0 169 0
254 254 1 1 5 0 1 0
249 177 251 69 5 0 6 0
197 251 42 17 10 1 0 1
131 152 133 191 9 1 0 1
228 171 213 172 9 0 0 1
78 222 30 32 7 1 106 0
41 197 97 74 5 1 214 0
11 209 47 216 15 0 0 1
111 74 239 186 11 1 0 1
128 128 1 1 1 0 0 1
236 215 154 16 10 1 0 1
2 255 170 254 15 0 0 1
126 73 178 84 13 0 0 1
39 65 177 117 0 1 142 0
142 5 164 47 0 0 102 0
184 139 167 167 8 1 0 1
184 139 167 167 8 1 0 1
184 139 167 167 8 1 0 1
184 139 167 167 8 1 0 1
45 70 150 25 4 1 107 0
215 176 145 15 4 0 103 0
254 1 255 170 1 1 253 0
147 68 114 75 5 0 108 0
170 0 254 2 1 0 170 0
254 1 254 0 5 0 1 0
1 2 170 254 0 1 171 0
1 2 170 254 0 1 171 0
1 2 170 254 0 1 171 0
94 55 169 27 15 0 0 1
12 192 233 158 2 1 0 1
12 192 233 158 2 1 0 1
12 192 233 158 2 1 0 1
42 38 163 148 6 0 186 0
170 170 128 85 10 0 0 1
228 175 1 24 13 1 0 1
20 112 186 122 10 0 0 1
84 53 127 65 13 1 0 1
133 114 103 237 5 0 122 0
100 228 220 33 2 0 100 0
141 14 79 3 2 0 12 0
85 85 2 2 8 1 0 1
27 221 240 112 10 0 0 1
73 178 143 249 10 0 0 1
55 126 13 99 7 0 37 0
208 96 77 85 10 1 0 1
83 208 78 144 5 0 172 0
50 8 131 187 3 0 58 0
50 8 131 187 3 0 58 0
128 128 85 85 15 0 0 1
128 128 85 85 15 0 0 1
128 128 85 85 15 0 0 1
255 128 85 255 14 1 0 1
85 2 170 170 2 0 0 1
170 128 255 170 10 0 0 1
152 211 87 11 0 0 205 0
152 211 87 11 0 0 205 0
152 236 55 212 6 0 192 0
64 169 179 52 1 1 151 0
64 169 179 52 1 1 151 0
64 169 179 52 1 1 151 0
64 169 179 52 1 1 151 0
154 212 82 140 2 0 144 0
154 212 82 140 2 0 144 0
25 201 59 205 8 0 0 1
25 201 59 205 8 0 0 1
25 201 59 205 8 0 0 1
199 147 94 62 2 1 131 0
78 38 134 143 6 1 212 0
82 70 247 135 1 1 12 0
41 243 254 235 9 0 0 1
250 73 137 201 14 0 0 1
161 43 143 117 9 1 0 1
161 43 143 117 9 1 0 1
161 43 143 117 9 1 0 1
161 43 143 117 9 1 0 1
161 43 143 117 9 1 0 1
84 148 77 130 12 0 0 1
84 148 77 130 12 0 0 1
139 135 64 148 6 0 27 0
59 89 157 133 1 1 226 0
190 66 189 203 4 1 252 0
190 66 189 203 4 1 252 0
190 66 189 203 4 1 252 0
190 66 189 203 4 1 252 0
190 66 189 203 4 1 252 0
0 85 128 170 10 0 0 1
0 85 128 170 10 0 0 1
0 85 128 170 10 0 0 1
1 85 2 170 8 0 0 1
1 85 2 170 8 0 0 1
1 85 2 170 8 0 0 1
1 85 2 170 8 0 0 1
85 255 128 170 14 0 0 1
238 102 189 113 13 1 0 1
193 196 68 6 14 0 0 1
255 2 170 170 0 0 85 0
255 2 170 170 0 0 85 0
255 2 170 170 0 0 85 0
255 2 170 170 0 0 85 0
255 2 170 170 0 0 85 0
9 44 101 254 15 1 0 1
9 44 101 254 15 1 0 1
9 44 101 254 15 1 0 1
218 132 121 107 4 0 94 0
149 39 5 4 7 1 197 0
149 39 5 4 7 1 197 0
149 39 5 4 7 1 197 0
149 39 5 4 7 1 197 0
1 254 170 0 2 1 0 1
64 244 167 159 11 1 0 1
139 7 170 193 9 0 0 1
196 233 231 64 2 1 192 0
36 164 241 119 13 1 0 1
36 164 241 119 13 1 0 1
36 164 241 119 13 1 0 1
36 164 241 119 13 1 0 1
214 6 199 240 12 1 0 1
214 6 199 240 12 1 0 1
214 6 199 240 12 1 0 1
214 6 199 240 12 1 0 1
0 2 170 1 15 0 0 1
160 227 40 83 0 0 254 0
114 95 44 223 4 0 45 0
144 69 119 248 9 1 0 1
254 254 0 1 14 0 0 1
14 223 7 84 8 1 0 1
170 2 254 128 0 0 42 0
182 220 98 9 8 1 0 1
2 0 85 128 14 0 0 1
128 128 254 0 2 0 128 0
247 216 16 103 1 1 31 0
249 43 85 172 15 0 0 1
63 157 230 88 5 1 192 0
151 197 77 210 8 0 0 1
9 236 36 248 3 0 237 0
2 126 117 114 0 1 103 0
2 2 85 170 1 0 0 1
2 2 85 170 1 0 0 1
2 2 85 170 1 0 0 1
2 2 85 170 1 0 0 1
2 2 85 170 1 0 0 1
68 95 183 128 13 0 0 1
90 232 209 55 1 1 114 0
90 232 209 55 1 1 114 0
90 232 209 55 1 1 114 0
90 232 209 55 1 1 114 0
90 232 209 55 1 1 114 0
222 171 124 16 12 1 0 1
43 124 230 29 10 0 0 1
101 165 222 108 7 1 84 0
42 120 30 149 11 1 0 1
128 85 254 254 14 1 0 1
114 56 89 151 4 1 74 0
2 128 255 85 1 0 130 0
146 63 124 71 8 0 0 1
135 57 64 27 13 1 0 1
159 89 42 54 3 1 223 0
189 71 27 48 14 1 0 1
85 1 2 128 2 0 1 0
124 191 122 143 7 0 68 0
0 1 128 254 8 0 0 1
103 2 130 6 12 1 0 1
103 2 130 6 12 1 0 1
162 70 43 130 11 0 0 1
126 226 193 53 13 1 0 1
196 236 106 125 0 0 151 0
196 236 106 125 0 0 151 0
196 236 106 125 0 0 151 0
196 236 106 125 0 0 151 0
196 236 106 125 0 0 151 0
34 124 117 188 1 1 166 0
48 84 126 217 12 0 0 1
48 84 126 217 12 0 0 1
220 161 194 8 6 0 169 0
139 236 89 58 15 0 0 1
254 0 170 85 1 1 254 0
254 0 170 85 1 1 254 0
254 0 170 85 1 1 254 0
254 0 170 85 1 1 254 0
75 220 23 128 12 1 0 1
104 173 14 44 8 0 0 1
149 14 158 19 11 0 0 1
14 31 23 66 9 0 0 1
14 31 23 66 9 0 0 1
14 31 23 66 9 0 0 1
0 2 1 2 1 0 254 0
251 204 34 206 11 1 0 1
169 197 142 127 1 1 228 0
169 197 142 127 1 1 228 0
169 197 142 127 1 1 228 0
85 195 223 61 12 0 0 1
167 180 232 102 0 1 169 0
171 129 111 202 13 0 0 1
129 131 43 38 4 1 2 0
145 6 62 124 10 1 0 1
126 34 75 56 10 1 0 1
121 180 191 135 9 0 0 1
1 2 2 0 0 0 5 0
85 170 128 0 14 0 0 1
85 255 0 0 5 0 170 0
255 85 85 128 1 0 170 0
255 85 85 128 1 0 170 0
85 170 1 254 8 1 0 1
78 112 240 236 0 1 154 0
78 112 240 236 0 1 154 0
78 112 240 236 0 1 154 0
28 244 41 190 13 1 0 1
86 194 99 43 14 1 0 1
110 21 225 173 9 1 0 1
68 112 180 203 2 1 64 0
66 202 130 131 0 1 17 0
85 0 0 85 5 1 170 0
2 254 128 254 0 0 126 0
98 0 150 211 0 0 203 0
1 255 0 1 0 0 1 0
1 255 0 1 0 0 1 0
1 255 0 1 0 0 1 0
153 94 29 96 6 0 190 0
90 115 70 250 4 1 41 0
86 37 186 164 4 1 115 0
86 37 186 164 4 1 115 0
86 37 186 164 4 1 115 0
86 37 186 164 4 1 115 0
100 171 85 32 11 1 0 1
77 150 198 222 15 0 0 1
255 1 2 170 2 1 1 0
255 1 2 170 2 1 1 0
255 1 2 170 2 1 1 0
255 1 2 170 2 1 1 0
255 1 2 170 2 1 1 0
75 250 240 222 11 1 0 1
136 80 14 184 12 0 0 1
76 68 224 22 4 1 8 0
170 1 255 254 5 0 85 0
191 68 218 162 3 1 255 0
0 254 255 255 8 0 0 1
254 128 1 85 8 1 0 1
254 128 1 85 8 1 0 1
254 128 1 85 8 1 0 1
254 128 1 85 8 1 0 1
0 128 2 0 5 0 255 0
1 103 244 255 0 0 91 0
1 170 85 0 10 1 0 1
194 165 166 58 8 0 0 1
235 187 149 137 6 0 68 0
235 187 149 137 6 0 68 0
235 187 149 137 6 0 68 0
235 187 149 137 6 0 68 0
22 71 82 169 0 1 88 0
65 150 37 178 14 1 0 1
65 150 37 178 14 1 0 1
65 150 37 178 14 1 0 1
65 150 37 178 14 1 0 1
125 68 54 65 5 0 130 0
88 74 8 142 3 0 90 0
95 211 82 51 6 0 6 0
2 128 85 254 14 0 0 1
229 224 152 74 9 0 0 1
85 254 2 254 2 0 84 0
85 254 2 254 2 0 84 0
130 185 240 166 0 1 209 0
58 18 241 42 7 0 103 0
166 132 66 49 15 1 0 1
166 132 66 49 15 1 0 1
166 132 66 49 15 1 0 1
166 132 66 49 15 1 0 1
166 132 66 49 15 1 0 1
194 127 164 175 4 0 189 0
231 131 109 13 4 0 100 0
137 132 153 22 8 1 0 1
137 132 153 22 8 1 0 1
137 132 153 22 8 1 0 1
0 254 170 254 0 1 166 0
0 254 170 254 0 1 166 0
7 26 39 80 14 1 0 1
3 72 174 237 3 0 75 0
61 173 105 248 4 1 144 0
30 103 92 217 3 1 127 0
24 243 128 104 15 0 0 1
254 1 1 255 1 0 253 0
7 36 132 95 4 0 35 0
194 76 247 20 13 1 0 1
126 46 242 73 5 0 129 0
219 64 68 218 11 1 0 1
219 64 68 218 11 1 0 1
219 64 68 218 11 1 0 1
219 64 68 218 11 1 0 1
255 254 2 170 5 1 0 1
142 111 58 129 2 1 14 0
145 234 139 24 5 0 110 0
128 254 85 0 8 0 0 1
219 195 88 228 0 1 218 0
10 163 91 97 7 0 105 0
139 166 61 157 14 0 0 1
90 45 104 191 6 1 194 0
90 45 104 191 6 1 194 0
85 1 1 0 1 0 84 0
85 1 1 0 1 0 84 0
111 243 194 161 9 0 0 1
111 131 167 149 15 0 0 1
85 128 2 2 8 1 0 1
207 148 45 167 10 0 0 1
163 187 242 138 9 0 0 1
51 89 52 251 1 1 218 0
51 89 52 251 1 1 218 0
51 89 52 251 1 1 218 0
113 208 210 26 1 0 161 0
113 208 210 26 1 0 161 0
43 109 60 181 11 0 0 1
34 241 220 245 2 0 32 0
68 29 70 195 9 1 0 1
79 231 232 19 5 0 176 0
228 166 119 241 13 0 0 1
133 178 77 142 13 1 0 1
133 178 77 142 13 1 0 1
133 178 77 142 13 1 0 1
1 85 254 2 5 1 254 0
136 143 56 29 15 0 0 1
173 176 193 172 14 0 0 1
2 128 128 255 14 1 0 1
59 107 174 11 9 1 0 1
35 38 8 155 10 0 0 1
174 24 88 85 14 1 0 1
174 24 88 85 14 1 0 1
174 24 88 85 14 1 0 1
32 172 8 4 13 0 0 1
56 177 97 110 6 0 31 0
128 193 68 52 1 0 191 0
59 153 0 30 11 1 0 1
113 187 100 234 5 0 142 0
5 96 237 128 14 0 0 1
0 85 128 254 0 0 211 0
233 149 30 46 5 1 22 0
185 67 155 180 10 0 0 1
13 105 195 69 6 0 174 0
86 125 176 149 2 1 84 0
97 147 40 94 2 1 1 0
100 39 63 5 4 1 67 0
73 35 183 34 10 0 0 1
140 185 231 65 5 1 115 0
1 255 254 0 10 0 0 1
7 228 211 234 5 1 248 0
7 228 211 234 5 1 248 0
85 2 1 254 15 0 0 1
140 87 99 21 3 0 223 0
0 128 0 128 0 0 0 1
0 128 0 128 0 0 0 1
0 128 0 128 0 0 0 1
19 58 36 155 14 0 0 1
253 23 122 203 14 0 0 1
1 2 1 1 2 0 0 1
0 133 149 177 12 1 0 1
33 145 6 161 15 0 0 1
4 202 179 191 12 1 0 1
44 199 116 208 0 0 55 0
44 199 116 208 0 0 55 0
44 199 116 208 0 0 55 0
44 199 116 208 0 0 55 0
44 199 116 208 0 0 55 0
170 128 2 128 1 0 42 0
90 47 86 169 7 0 136 0
170 128 128 255 0 0 169 0
171 119 162 133 14 1 0 1
3 14 232 69 2 0 2 0
219 145 199 173 10 0 0 1
115 124 181 149 14 1 0 1
0 2 128 2 0 0 132 0
70 103 182 155 7 1 254 0
122 57 47 93 13 1 0 1
2 128 1 254 5 0 253 0
1 1 170 128 14 0 0 1
1 1 170 128 14 0 0 1
1 1 170 128 14 0 0 1
1 1 170 128 14 0 0 1
230 200 166 93 3 1 238 0
170 1 254 170 15 0 0 1
254 254 0 85 14 1 0 1
0 254 2 85 1 0 2 0
199 170 252 40 2 1 130 0
76 184 175 137 6 0 65 0
46 222 171 95 13 0 0 1
46 222 171 95 13 0 0 1
46 222 171 95 13 0 0 1
12 160 95 241 8 0 0 1
255 128 255 254 14 0 0 1
66 82 186 9 4 0 16 0
2 128 0 85 10 1 0 1
2 128 0 85 10 1 0 1
2 128 0 85 10 1 0 1
2 128 0 85 10 1 0 1
2 128 0 85 10 1 0 1
32 212 244 141 5 1 223 0
0 255 85 170 8 0 0 1
233 73 120 175 2 1 73 0
233 73 120 175 2 1 73 0
233 73 120 175 2 1 73 0
104 50 56 51 9 0 0 1
40 7 178 114 11 1 0 1
188 79 83 42 7 0 136 0
77 83 105 80 2 1 65 0
250 173 141 39 15 1 0 1
157 1 147 10 15 0 0 1
157 1 147 10 15 0 0 1
157 1 147 10 15 0 0 1
157 1 147 10 15 0 0 1
157 1 147 10 15 0 0 1
194 25 233 190 15 0 0 1
159 167 184 250 2 0 135 0
169 93 120 127 12 0 0 1
253 224 72 101 10 1 0 1
253 224 72 101 10 1 0 1
253 224 72 101 10 1 0 1
253 224 72 101 10 1 0 1
89 245 73 180 12 0 0 1
0 0 128 0 10 1 0 1
43 151 86 11 3 0 191 0
198 8 196 224 3 0 206 0
198 8 196 224 3 0 206 0
198 8 196 224 3 0 206 0
198 8 196 224 3 0 206 0
128 1 1 255 1 0 127 0
0 2 128 254 14 0 0 1
216 53 94 28 11 0 0 1
182 38 213 56 0 0 233 0
252 146 106 138 0 1 130 0
131 189 58 83 2 0 129 0
131 189 58 83 2 0 129 0
131 189 58 83 2 0 129 0
131 189 58 83 2 0 129 0
131 189 58 83 2 0 129 0
67 47 100 138 4 1 108 0
92 13 251 120 8 0 0 1
234 40 55 203 6 1 33 0
173 167 183 148 1 1 6 0
139 120 50 86 14 1 0 1
1 254 2 0 15 0 0 1
226 224 27 218 7 0 183 0
226 224 27 218 7 0 183 0
226 224 27 218 7 0 183 0
226 224 27 218 7 0 183 0
61 246 52 254 7 1 101 0
87 118 232 16 2 0 86 0
254 255 255 255 0 1 251 0
0 170 1 1 0 1 172 0
143 11 223 237 5 0 112 0
255 140 247 182 14 0 0 1
211 104 56 61 0 0 176 0
85 0 0 0 15 1 0 1
1 254 0 170 10 1 0 1
1 254 0 170 10 1 0 1
1 254 0 170 10 1 0 1
170 170 128 170 0 1 126 0
184 88 148 108 8 0 0 1
254 154 168 143 8 1 0 1
1 255 0 170 10 1 0 1
20 39 39 169 6 0 208 0
82 1 122 184 12 1 0 1
82 1 122 184 12 1 0 1
254 128 128 0 5 0 1 0
85 126 123 208 1 0 215 0
85 126 123 208 1 0 215 0
85 126 123 208 1 0 215 0
85 126 123 208 1 0 215 0
68 118 173 107 7 1 210 0
68 118 173 107 7 1 210 0
68 118 173 107 7 1 210 0
68 118 173 107 7 1 210 0
68 118 173 107 7 1 210 0
27 115 106 201 13 0 0 1
211 16 3 246 9 1 0 1
170 161 89 133 3 1 171 0
8 223 229 253 5 1 247 0
169 109 241 128 12 1 0 1
237 119 121 0 4 0 154 0
1 1 128 85 5 0 254 0
182 112 158 61 3 1 246 0
105 196 53 242 8 0 0 1
0 15 106 140 12 1 0 1
240 192 230 192 4 0 48 0
254 255 254 170 2 0 254 0
254 255 254 170 2 0 254 0
254 255 254 170 2 0 254 0
254 255 254 170 2 0 254 0
254 255 254 170 2 0 254 0
199 109 116 172 10 0 0 1
113 131 83 48 7 1 119 0
128 85 128 255 15 0 0 1
179 104 229 25 9 0 0 1
203 180 185 122 1 1 23 0
50 224 116 14 3 0 242 0
119 63 171 52 15 0 0 1
226 234 164 160 11 0 0 1
0 2 254 1 0 0 1 0
60 222 19 218 4 1 226 0
228 12 207 23 9 0 0 1
228 12 207 23 9 0 0 1
228 12 207 23 9 0 0 1
228 12 207 23 9 0 0 1
2 254 170 85 8 0 0 1
14 121 67 133 13 0 0 1
165 163 194 2 15 1 0 1
165 163 194 2 15 1 0 1
165 163 194 2 15 1 0 1
201 115 74 62 4 0 186 0
128 254 128 128 10 0 0 1
128 254 128 128 10 0 0 1
254 255 170 128 15 0 0 1
45 167 80 184 11 1 0 1
162 50 16 104 8 0 0 1
254 254 170 128 10 0 0 1
5 248 164 113 4 0 253 0
153 186 224 81 1 0 223 0
0 128 254 85 1 0 128 0
58 25 168 84 13 1 0 1
58 25 168 84 13 1 0 1
58 25 168 84 13 1 0 1
58 25 168 84 13 1 0 1
255 128 128 1 2 0 128 0
219 46 103 254 6 1 66 0
219 46 103 254 6 1 66 0
219 46 103 254 6 1 66 0
246 77 88 164 1 1 169 0
1 85 0 170 14 0 0 1
40 30 76 159 6 0 189 0
182 145 122 59 11 1 0 1
254 255 255 255 0 1 251 0
194 95 230 94 4 1 157 0
100 124 244 63 9 1 0 1
254 1 2 2 2 0 0 1
170 254 255 170 2 1 170 0
7 145 196 172 5 1 248 0
242 64 168 202 11 1 0 1
242 64 168 202 11 1 0 1
242 64 168 202 11 1 0 1
242 64 168 202 11 1 0 1
242 64 168 202 11 1 0 1
217 92 52 135 2 0 88 0
217 92 52 135 2 0 88 0
217 92 52 135 2 0 88 0
217 92 52 135 2 0 88 0
238 143 93 33 8 0 0 1
174 231 61 163 3 1 239 0
167 42 223 74 15 0 0 1
59 87 140 67 10 0 0 1
1 85 2 128 8 0 0 1
85 0 85 0 0 0 170 0
46 86 239 83 0 1 198 0
85 1 85 255 1 0 84 0
165 61 161 236 8 0 0 1
187 175 233 243 2 1 171 0
91 52 96 49 6 1 187 0
115 69 206 140 10 0 0 1
52 53 212 51 15 1 0 1
0 255 1 85 8 1 0 1
166 117 121 167 4 1 211 0
36 50 202 66 12 0 0 1
1 170 1 2 14 0 0 1
1 170 1 2 14 0 0 1
1 170 1 2 14 0 0 1
1 170 1 2 14 0 0 1
1 170 1 2 14 0 0 1
155 0 242 218 4 1 155 0
251 31 10 66 13 1 0 1
84 65 135 219 9 0 0 1
199 199 234 124 9 0 0 1
162 26 194 16 14 0 0 1
162 26 194 16 14 0 0 1
139 178 52 180 1 0 217 0
140 73 67 194 15 1 0 1
172 36 151 176 9 0 0 1
1 2 85 0 15 1 0 1
8 8 128 232 11 0 0 1
131 80 228 149 0 1 76 0
169 101 97 209 3 0 237 0
201 166 73 234 1 1 35 0
219 245 21 66 7 1 39 0
237 33 89 215 9 0 0 1
42 29 51 252 11 1 0 1
2 128 2 255 8 0 0 1
23 115 188 218 3 1 119 0
23 115 188 218 3 1 119 0
23 115 188 218 3 1 119 0
107 127 105 152 9 1 0 1
195 174 15 139 2 1 130 0
46 165 210 253 9 1 0 1
46 165 210 253 9 1 0 1
46 165 210 253 9 1 0 1
1 170 1 170 15 0 0 1
98 122 107 197 2 1 98 0
98 122 107 197 2 1 98 0
98 122 107 197 2 1 98 0
98 122 107 197 2 1 98 0
98 122 107 197 2 1 98 0
1 128 0 1 2 0 0 1
1 128 0 1 2 0 0 1
1 128 0 1 2 0 0 1
1 128 0 1 2 0 0 1
131 189 84 206 10 1 0 1
0 128 85 170 2 1 0 1
247 21 61 234 10 0 0 1
247 21 61 234 10 0 0 1
247 21 61 234 10 0 0 1
170 2 255 1 1 1 168 0
170 2 255 1 1 1 168 0
170 2 255 1 1 1 168 0
170 2 255 1 1 1 168 0
170 2 255 1 1 1 168 0
251 181 240 230 11 1 0 1
251 181 240 230 11 1 0 1
251 181 240 230 11 1 0 1
251 181 240 230 11 1 0 1
251 181 240 230 11 1 0 1
33 36 54 110 2 1 32 0
232 217 160 201 0 1 42 0
229 184 126 164 15 1 0 1
65 132 243 155 11 1 0 1
65 132 243 155 11 1 0 1
65 132 243 155 11 1 0 1
65 132 243 155 11 1 0 1
65 132 243 155 11 1 0 1
187 102 202 136 15 0 0 1
128 128 128 0 1 0 0 1
7 214 50 133 0 1 148 0
85 170 254 85 8 1 0 1
85 170 254 85 8 1 0 1
85 170 254 85 8 1 0 1
85 170 254 85 8 1 0 1
255 170 255 255 8 0 0 1
108 227 54 95 7 0 228 0
108 227 54 95 7 0 228 0
108 227 54 95 7 0 228 0
108 227 54 95 7 0 228 0
108 227 54 95 7 0 228 0
159 136 2 26 11 0 0 1
1 128 85 85 5 0 254 0
25 12 191 172 9 0 0 1
218 75 180 70 9 1 0 1
0 128 2 2 10 1 0 1
40 170 181 36 10 1 0 1
221 149 180 243 5 0 34 0
231 36 51 250 7 1 56 0
62 104 199 77 6 0 181 0
155 24 194 205 10 0 0 1
189 149 8 20 11 0 0 1
219 95 118 103 8 0 0 1
76 194 194 228 0 1 180 0
178 0 240 126 1 1 178 0
160 18 14 243 5 0 95 0
2 128 1 255 14 1 0 1
27 177 102 97 2 1 17 0
63 67 71 239 15 0 0 1
60 180 104 120 1 0 136 0
2 255 1 85 10 1 0 1
83 164 204 207 3 0 247 0
255 254 170 2 10 0 0 1
241 80 0 154 12 1 0 1
66 143 183 56 5 0 189 0
111 152 26 66 5 0 144 0
86 41 67 154 6 0 195 0
41 89 182 174 6 1 223 0
74 227 177 147 4 1 169 0
255 254 128 170 5 0 0 1
202 167 91 201 8 1 0 1
72 77 165 19 15 1 0 1
2 49 131 151 9 0 0 1
42 29 34 181 8 0 0 1
150 112 75 166 9 0 0 1
138 40 54 55 15 1 0 1
202 11 152 124 2 0 10 0
146 171 196 210 1 1 231 0
57 241 40 177 6 1 97 0
255 0 255 254 0 0 252 0
55 13 100 56 6 0 69 0
168 91 246 138 8 0 0 1
170 2 0 128 15 0 0 1
241 161 236 63 6 0 224 0
254 170 0 2 1 0 84 0
0 2 2 85 14 0 0 1
0 2 2 85 14 0 0 1
0 2 2 85 14 0 0 1
1 2 128 128 8 1 0 1
170 128 2 0 10 0 0 1
4 166 8 254 6 0 164 0
43 94 70 71 8 0 0 1
1 255 254 254 15 0 0 1
243 138 145 134 1 0 105 0
243 138 145 134 1 0 105 0
243 138 145 134 1 0 105 0
227 9 146 90 5 1 28 0
208 220 168 36 3 1 220 0
1 170 254 170 2 1 0 1
149 120 221 60 15 1 0 1
146 148 183 122 10 1 0 1
1 85 128 255 15 0 0 1
1 85 128 255 15 0 0 1
1 85 128 255 15 0 0 1
1 85 128 255 15 0 0 1
0 255 2 85 0 0 86 0
255 85 170 170 0 1 168 0
123 130 51 251 15 0 0 1
165 13 82 228 4 0 168 0
121 77 13 135 11 1 0 1
121 77 13 135 11 1 0 1
121 77 13 135 11 1 0 1
121 77 13 135 11 1 0 1
128 170 2 0 14 1 0 1
227 16 232 35 12 0 0 1
170 255 255 254 2 0 170 0
154 76 157 227 1 0 78 0
185 206 106 92 2 0 136 0
2 170 85 254 8 0 0 1
59 121 164 104 3 0 123 0
135 98 188 2 3 1 231 0
135 98 188 2 3 1 231 0
135 98 188 2 3 1 231 0
255 85 255 2 8 0 0 1
255 85 255 2 8 0 0 1
255 85 255 2 8 0 0 1
255 85 255 2 8 0 0 1
255 85 255 2 8 0 0 1
18 176 165 181 5 1 237 0
85 255 1 0 0 0 85 0
85 255 1 0 0 0 85 0
85 255 1 0 0 0 85 0
25 173 164 121 1 1 108 0
1 128 254 85 5 0 254 0
111 197 113 246 10 0 0 1
255 170 1 85 5 0 0 1
52 142 197 102 1 1 166 0
185 172 48 232 15 0 0 1
185 172 48 232 15 0 0 1
185 172 48 232 15 0 0 1
185 172 48 232 15 0 0 1
185 172 48 232 15 0 0 1
170 128 170 170 15 1 0 1
159 135 255 176 4 0 24 0
1 255 170 255 0 0 169 0
72 227 70 89 12 1 0 1
252 34 71 26 5 0 3 0
252 34 71 26 5 0 3 0
252 34 71 26 5 0 3 0
252 34 71 26 5 0 3 0
252 34 71 26 5 0 3 0
128 1 1 254 1 1 127 0
254 1 170 254 0 0 167 0
12 194 158 104 1 1 74 0
12 194 158 104 1 1 74 0
254 128 85 2 1 1 126 0
59 152 190 208 9 1 0 1
201 25 169 99 12 1 0 1
201 40 99 126 7 0 210 0
47 207 20 165 15 0 0 1
18 254 76 166 1 1 20 0
0 2 0 170 1 0 254 0
254 0 128 0 14 1 0 1
254 0 170 1 14 0 0 1
85 1 85 0 5 1 170 0
85 1 85 0 5 1 170 0
85 1 85 0 5 1 170 0
213 107 29 254 13 1 0 1
181 73 203 113 0 0 58 0
13 183 219 89 9 1 0 1
254 255 1 0 5 0 1 0
19 149 44 57 2 1 17 0
158 103 48 251 0 1 48 0
89 71 74 127 1 0 18 0
54 176 228 49 9 0 0 1
161 234 217 75 2 0 160 0
202 212 234 160 15 1 0 1
85 255 85 85 8 0 0 1
23 38 32 86 7 0 179 0
110 162 138 124 4 1 204 0
110 162 138 124 4 1 204 0
110 162 138 124 4 1 204 0
108 4 255 189 11 1 0 1
84 211 87 124 12 1 0 1
233 156 208 239 14 1 0 1
233 156 208 239 14 1 0 1
217 6 117 109 7 1 193 0
133 50 179 122 11 1 0 1
133 50 179 122 11 1 0 1
133 50 179 122 11 1 0 1
107 223 145 119 7 0 82 0
135 135 17 158 7 0 189 0
189 0 251 32 6 1 184 0
189 0 251 32 6 1 184 0
189 0 251 32 6 1 184 0
189 0 251 32 6 1 184 0
234 198 145 29 0 0 94 0
19 86 185 119 5 1 236 0
69 143 61 118 0 0 135 0
69 143 61 118 0 0 135 0
7 240 60 225 1 0 23 0
1 254 1 255 2 1 0 1
1 254 1 255 2 1 0 1
66 220 253 96 15 0 0 1
149 137 47 207 7 0 28 0
128 255 0 0 0 1 127 0
128 255 0 0 0 1 127 0
221 110 197 168 14 1 0 1
226 203 12 83 9 0 0 1
53 215 228 115 11 0 0 1
158 115 123 197 9 0 0 1
170 1 254 0 0 0 169 0
165 194 77 182 12 0 0 1
108 198 159 166 5 1 147 0
197 118 141 202 10 0 0 1
228 190 163 194 4 0 90 0
164 187 235 70 0 1 144 0
23 206 120 68 1 0 73 0
23 206 120 68 1 0 73 0
23 206 120 68 1 0 73 0
56 82 130 211 0 0 223 0
2 2 170 255 14 0 0 1
208 249 48 181 2 1 208 0
208 249 48 181 2 1 208 0
208 249 48 181 2 1 208 0
208 249 48 181 2 1 208 0
8 255 5 135 5 0 247 0
1 1 0 254 0 0 0 1
105 50 30 253 3 0 123 0
0 255 128 254 14 0 0 1
222 141 94 48 2 1 140 0
255 85 254 254 8 1 0 1
255 85 254 254 8 1 0 1
255 85 254 254 8 1 0 1
255 85 254 254 8 1 0 1
255 85 254 254 8 1 0 1
57 151 157 41 12 0 0 1
254 85 0 170 8 0 0 1
2 170 85 254 5 0 253 0
86 137 82 240 7 1 33 0
86 137 82 240 7 1 33 0
86 137 82 240 7 1 33 0
97 213 223 62 5 1 158 0
134 242 208 247 13 0 0 1
105 106 254 176 12 0 0 1
195 30 103 169 8 0 0 1
85 254 1 170 14 0 0 1
82 126 188 105 9 0 0 1
145 117 105 146 11 0 0 1
145 117 105 146 11 0 0 1
145 117 105 146 11 0 0 1
254 254 85 85 10 0 0 1
30 72 32 241 11 1 0 1
30 72 32 241 11 1 0 1
53 80 100 1 14 1 0 1
85 170 0 0 14 0 0 1
153 4 111 0 13 1 0 1
153 4 111 0 13 1 0 1
153 4 111 0 13 1 0 1
153 4 111 0 13 1 0 1
153 4 111 0 13 1 0 1
40 177 7 15 7 0 239 0
162 237 179 150 14 1 0 1
85 254 85 254 14 0 0 1
50 129 9 134 10 1 0 1
50 129 9 134 10 1 0 1
50 129 9 134 10 1 0 1
190 213 133 212 8 0 0 1
10 201 31 116 1 0 65 0
10 201 31 116 1 0 65 0
10 201 31 116 1 0 65 0
10 201 31 116 1 0 65 0
10 201 31 116 1 0 65 0
222 75 228 14 3 1 223 0
175 23 119 41 11 1 0 1
2 255 1 1 8 0 0 1
2 1 255 1 5 0 253 0
255 128 254 85 2 0 128 0
191 169 60 195 12 1 0 1
191 169 60 195 12 1 0 1
118 247 243 182 4 0 129 0
118 247 243 182 4 0 129 0
118 247 243 182 4 0 129 0
118 247 243 182 4 0 129 0
118 247 243 182 4 0 129 0
231 125 222 43 0 0 109 0
156 95 200 82 13 1 0 1
2 170 1 1 2 0 2 0
216 170 215 175 7 1 8 0
144 125 115 17 6 0 142 0
235 161 74 167 7 0 125 0
1 2 85 0 14 1 0 1
170 195 2 229 14 0 0 1
82 105 9 219 0 0 159 0
82 105 9 219 0 0 159 0
82 105 9 219 0 0 159 0
244 164 27 76 6 1 15 0
216 206 82 51 12 1 0 1
83 43 84 114 13 0 0 1
128 254 85 255 10 1 0 1
45 2 210 130 13 0 0 1
255 85 2 2 2 0 85 0
123 63 147 195 2 1 59 0
128 0 1 128 2 0 0 1
5 112 145 4 5 1 250 0
174 72 50 107 8 0 0 1
239 133 203 201 12 0 0 1
85 85 2 85 1 1 0 1
85 85 85 254 2 1 85 0
6 203 101 98 2 1 2 0
6 203 101 98 2 1 2 0
6 203 101 98 2 1 2 0
6 203 101 98 2 1 2 0
6 203 101 98 2 1 2 0
102 161 249 191 11 0 0 1
102 161 249 191 11 0 0 1
205 91 157 57 6 0 148 0
245 239 61 164 8 1 0 1
84 247 155 154 4 1 163 0
128 85 2 128 2 1 0 1
128 85 2 128 2 1 0 1
128 85 2 128 2 1 0 1
128 85 2 128 2 1 0 1
128 2 170 1 0 1 45 0
64 21 7 136 14 1 0 1
69 139 11 188 8 1 0 1
8 67 3 106 6 0 173 0
0 254 2 1 10 0 0 1
158 228 139 155 1 0 186 0
138 208 251 95 11 0 0 1
128 85 0 2 10 1 0 1
255 128 85 1 14 0 0 1
19 33 7 216 0 0 19 0
254 0 128 0 14 1 0 1
96 46 27 50 9 0 0 1
229 114 121 90 0 1 42 0
109 105 12 78 9 1 0 1
21 99 113 118 2 0 1 0
3 248 145 118 5 0 252 0
2 1 1 0 0 0 4 0
2 170 128 0 2 0 2 0
173 14 5 252 10 0 0 1
193 117 67 162 7 1 27 0
204 177 4 175 6 0 96 0
222 19 244 92 15 1 0 1
13 248 240 244 14 0 0 1
240 196 44 97 3 0 244 0
0 2 0 0 1 1 254 0
22 151 190 239 1 1 127 0
254 128 0 128 10 0 0 1
204 7 128 223 12 0 0 1
0 170 85 2 10 0 0 1
133 171 99 84 15 0 0 1
133 171 99 84 15 0 0 1
133 171 99 84 15 0 0 1
133 171 99 84 15 0 0 1
133 171 99 84 15 0 0 1
181 81 59 213 10 0 0 1
91 152 60 191 5 0 164 0
91 152 60 191 5 0 164 0
91 152 60 191 5 0 164 0
170 254 170 0 14 1 0 1
170 254 170 0 14 1 0 1
170 254 170 0 14 1 0 1
1 128 170 255 14 0 0 1
1 128 170 255 14 0 0 1
1 128 170 255 14 0 0 1
1 128 170 255 14 0 0 1
241 58 162 113 3 0 251 0
255 128 0 128 1 0 127 0
255 128 0 128 1 0 127 0
255 128 0 128 1 0 127 0
255 128 0 128 1 0 127 0
255 170 255 254 5 1 0 1
255 128 1 1 15 0 0 1
170 254 1 170 14 0 0 1
213 99 251 126 10 1 0 1
213 99 251 126 10 1 0 1
213 99 251 126 10 1 0 1
205 137 40 63 10 1 0 1
254 85 2 170 1 0 169 0
214 89 79 48 2 1 80 0
211 150 21 198 0 0 68 0
0 0 2 254 10 0 0 1
194 32 244 185 14 0 0 1
83 124 245 24 1 0 215 0
246 84 218 65 0 1 101 0
147 231 87 226 10 1 0 1
36 232 193 12 6 0 244 0
170 2 255 0 8 0 0 1
91 76 162 186 14 1 0 1
229 24 252 179 6 1 225 0
164 198 42 98 1 1 222 0
85 255 0 85 5 0 170 0
232 4 241 198 12 1 0 1
208 205 161 98 6 0 47 0
19 29 138 155 4 0 14 0
126 3 27 96 8 0 0 1
126 3 27 96 8 0 0 1
126 3 27 96 8 0 0 1
126 3 27 96 8 0 0 1
141 185 215 176 1 1 212 0
40 105 116 95 6 1 156 0
49 39 176 54 12 0 0 1
255 255 2 254 14 0 0 1
124 217 140 36 1 1 163 0
124 217 140 36 1 1 163 0
124 217 140 36 1 1 163 0
124 217 140 36 1 1 163 0
124 217 140 36 1 1 163 0
196 70 213 131 6 1 153 0
6 238 168 68 15 1 0 1
185 232 162 9 7 0 76 0
175 183 224 75 10 0 0 1
0 170 0 170 2 0 0 1
141 33 40 107 12 0 0 1
140 24 61 255 1 1 116 0
204 51 66 4 2 0 0 1
128 1 2 254 5 0 127 0
3 230 108 244 1 1 29 0
254 1 128 0 1 1 253 0
254 1 128 0 1 1 253 0
254 1 128 0 1 1 253 0
69 201 99 42 8 0 0 1
22 144 206 144 7 0 4 0
22 144 206 144 7 0 4 0
79 11 255 198 13 0 0 1
2 128 255 2 1 1 130 0
214 71 134 247 8 0 0 1
20 25 191 160 9 0 0 1
196 44 230 55 9 0 0 1
4 137 8 194 2 1 0 1
76 191 133 51 13 0 0 1
60 15 5 185 15 1 0 1
60 15 5 185 15 1 0 1
60 15 5 185 15 1 0 1
225 219 224 57 2 0 193 0
41 4 131 49 12 1 0 1
41 4 131 49 12 1 0 1
253 234 149 245 0 1 113 0
253 234 149 245 0 1 113 0
253 234 149 245 0 1 113 0
182 108 126 83 10 0 0 1
128 85 254 2 15 1 0 1
170 255 170 254 14 0 0 1
34 147 229 83 15 0 0 1
255 170 254 85 2 0 170 0
206 132 150 191 6 0 67 0
134 96 141 179 10 0 0 1
134 96 141 179 10 0 0 1
134 96 141 179 10 0 0 1
134 96 141 179 10 0 0 1
134 96 141 179 10 0 0 1
152 48 242 72 0 1 2 0
170 85 254 170 1 0 85 0
228 151 68 191 13 1 0 1
2 2 255 128 14 0 0 1
241 192 208 55 15 0 0 1
146 182 204 152 1 0 220 0
128 254 0 254 8 0 0 1
57 225 22 58 12 0 0 1
159 233 70 41 5 1 96 0
101 153 255 96 13 0 0 1
1 0 254 170 5 0 254 0
180 173 4 22 1 0 7 0
180 173 4 22 1 0 7 0
180 173 4 22 1 0 7 0
248 85 87 190 12 0 0 1
248 85 87 190 12 0 0 1
170 85 85 255 5 0 85 0
33 60 122 181 12 0 0 1
170 254 255 254 14 0 0 1
7 81 30 247 3 1 87 0
243 61 179 206 6 1 166 0
27 117 75 59 5 0 228 0
146 24 143 54 4 0 138 0
226 133 187 203 14 1 0 1
240 100 100 106 10 0 0 1
240 43 109 145 15 1 0 1
233 45 48 202 14 1 0 1
134 3 53 73 10 0 0 1
184 141 251 142 3 1 189 0
85 170 2 1 15 0 0 1
230 161 107 114 15 0 0 1
230 161 107 114 15 0 0 1
85 255 254 0 2 0 85 0
85 254 170 2 1 0 87 0
159 235 139 239 8 1 0 1
254 1 1 0 8 0 0 1
254 1 1 0 8 0 0 1
254 1 1 0 8 0 0 1
254 1 1 0 8 0 0 1
254 1 1 0 8 0 0 1
122 175 159 88 12 0 0 1
179 10 26 133 11 1 0 1
1 1 85 128 5 0 254 0
2 0 254 255 10 0 0 1
137 221 177 168 12 0 0 1
184 128 124 187 11 1 0 1
184 128 124 187 11 1 0 1
184 128 124 187 11 1 0 1
184 128 124 187 11 1 0 1
184 128 124 187 11 1 0 1
203 119 146 63 2 1 67 0
0 85 254 1 5 1 255 0
0 255 255 170 10 0 0 1
85 254 1 1 0 0 85 0
206 17 111 37 13 1 0 1
206 17 111 37 13 1 0 1
206 17 111 37 13 1 0 1
206 17 111 37 13 1 0 1
213 48 69 252 0 0 70 0
243 156 131 28 13 1 0 1
77 29 29 160 0 0 39 0
135 147 99 127 8 1 0 1
37 24 35 1 7 1 97 0
30 33 73 160 3 0 63 0
2 255 0 2 15 0 0 1
175 128 133 68 11 0 0 1
101 4 217 224 8 0 0 1
76 195 105 1 6 0 196 0
230 52 41 56 5 0 25 0
73 183 149 137 14 1 0 1
122 106 253 197 5 1 133 0
255 0 128 255 14 1 0 1
66 187 232 131 14 0 0 1
66 187 232 131 14 0 0 1
10 60 161 20 14 1 0 1
93 163 163 160 11 1 0 1
169 3 36 184 13 1 0 1
0 128 85 170 14 0 0 1
0 128 85 170 14 0 0 1
0 128 85 170 14 0 0 1
1 128 0 128 0 0 1 0
2 255 255 255 2 0 2 0
76 218 19 224 1 0 114 0
2 170 254 1 1 1 88 0
0 76 64 53 10 0 0 1
201 27 165 250 7 0 131 0
38 226 92 1 10 1 0 1
128 85 1 128 10 0 0 1
0 170 0 255 0 1 169 0
30 15 251 91 13 1 0 1
255 1 128 2 0 0 130 0
32 102 94 238 10 0 0 1
173 138 250 178 11 1 0 1
230 128 63 246 14 0 0 1
24 78 194 11 1 0 202 0
31 81 109 64 1 1 206 0
141 54 9 245 13 0 0 1
117 72 43 159 11 1 0 1
255 240 28 254 14 1 0 1
207 150 44 83 4 0 89 0
1 128 128 1 2 1 0 1
254 0 0 85 5 0 1 0
136 100 126 193 4 1 236 0
215 251 89 59 8 0 0 1
2 0 170 254 14 0 0 1
254 85 170 2 0 1 255 0
170 128 170 2 10 0 0 1
170 128 170 2 10 0 0 1
170 128 170 2 10 0 0 1
170 128 170 2 10 0 0 1
170 128 170 2 10 0 0 1
229 73 157 140 6 0 213 0
255 2 1 0 14 0 0 1
255 2 128 170 15 1 0 1
2 170 254 255 10 1 0 1
172 175 144 129 13 0 0 1
179 95 154 158 6 1 77 0
192 36 211 21 13 1 0 1
254 85 255 255 2 1 84 0
153 181 32 11 2 0 145 0
17 234 251 12 3 1 251 0
17 234 251 12 3 1 251 0
17 234 251 12 3 1 251 0
17 234 251 12 3 1 251 0
220 63 106 21 10 1 0 1
254 254 0 170 2 0 254 0
92 131 171 27 10 1 0 1
128 2 255 1 8 1 0 1
11 129 113 113 6 1 124 0
148 69 220 41 8 1 0 1
166 208 3 16 15 0 0 1
2 85 85 170 0 0 86 0
2 85 85 170 0 0 86 0
42 131 214 212 5 1 213 0
0 0 128 2 0 1 130 0
128 2 0 1 5 1 127 0
0 254 255 85 14 0 0 1
251 71 173 190 5 0 4 0
89 173 145 214 13 1 0 1
40 202 199 126 10 0 0 1
40 202 199 126 10 0 0 1
128 85 255 0 10 1 0 1
19 53 218 89 5 1 236 0
0 2 255 255 0 0 0 1
128 254 0 2 14 1 0 1
128 0 255 2 10 0 0 1
226 145 118 48 5 1 29 0
25 125 199 4 12 0 0 1
254 85 254 254 10 1 0 1
194 66 242 241 13 1 0 1
105 89 190 117 10 1 0 1
105 89 190 117 10 1 0 1
105 89 190 117 10 1 0 1
52 226 161 77 8 0 0 1
146 52 219 34 1 0 94 0
227 30 175 182 14 1 0 1
2 2 2 254 0 0 4 0
199 122 143 62 8 1 0 1
128 0 255 1 5 0 127 0
128 0 255 1 5 0 127 0
128 0 255 1 5 0 127 0
128 0 255 1 5 0 127 0
102 97 45 21 0 0 9 0
219 34 72 163 2 1 2 0
3 161 31 108 13 1 0 1
243 85 73 152 9 0 0 1
16 32 102 171 7 0 65 0
110 37 54 184 10 0 0 1
253 97 222 230 15 0 0 1
0 254 254 0 2 1 0 1
91 1 124 105 9 1 0 1
180 186 42 110 6 1 222 0
190 170 159 124 4 1 20 0
96 117 0 135 5 0 159 0
2 0 128 0 10 0 0 1
33 165 150 93 12 0 0 1
204 242 66 2 6 1 14 0
204 242 66 2 6 1 14 0
204 242 66 2 6 1 14 0
204 242 66 2 6 1 14 0
0 170 255 254 0 0 167 0
0 170 255 254 0 0 167 0
134 61 93 124 13 0 0 1
131 235 129 168 3 1 235 0
225 85 232 195 5 1 30 0
31 193 29 24 8 1 0 1
38 216 133 193 6 0 153 0
1 85 85 2 8 0 0 1
103 32 84 137 15 1 0 1
246 62 62 89 14 1 0 1
246 62 62 89 14 1 0 1
246 62 62 89 14 1 0 1
246 62 62 89 14 1 0 1
246 62 62 89 14 1 0 1
100 88 206 5 10 1 0 1
169 99 216 80 6 1 129 0
169 99 216 80 6 1 129 0
169 99 216 80 6 1 129 0
169 99 216 80 6 1 129 0
169 99 216 80 6 1 129 0
46 35 143 223 4 1 13 0
46 35 143 223 4 1 13 0
255 128 255 254 5 1 0 1
52 115 29 44 14 0 0 1
222 159 238 23 4 0 65 0
59 212 217 30 1 0 103 0
28 147 146 65 12 0 0 1
173 177 29 88 7 0 211 0
91 36 6 244 14 0 0 1
24 77 48 63 0 0 212 0
133 21 192 146 10 1 0 1
14 236 64 119 1 0 34 0
2 255 128 254 10 0 0 1
254 2 0 255 1 0 252 0
85 116 105 73 13 0 0 1
178 219 107 38 3 0 251 0
202 81 173 176 11 1 0 1
202 81 173 176 11 1 0 1
202 81 173 176 11 1 0 1
162 62 84 17 11 1 0 1
23 175 205 132 5 1 232 0
23 135 178 4 14 0 0 1
170 1 255 85 14 1 0 1
170 201 196 196 9 0 0 1
10 29 34 63 10 1 0 1
1 254 0 170 2 1 0 1
2 2 128 128 15 1 0 1
79 9 251 222 4 0 70 0
121 121 138 164 2 0 121 0
37 136 54 12 8 1 0 1
254 170 0 254 0 0 166 0
0 85 128 128 14 0 0 1
158 180 112 176 6 1 14 0
7 146 179 99 8 1 0 1
85 255 1 2 0 0 87 0
254 0 128 1 0 0 127 0
40 254 132 84 15 1 0 1
106 68 210 220 13 0 0 1
106 68 210 220 13 0 0 1
106 68 210 220 13 0 0 1
106 68 210 220 13 0 0 1
106 68 210 220 13 0 0 1
96 22 152 75 9 0 0 1
203 178 61 61 7 0 247 0
124 104 253 29 8 1 0 1
253 164 208 31 15 1 0 1
253 164 208 31 15 1 0 1
253 164 208 31 15 1 0 1
253 164 208 31 15 1 0 1
253 164 208 31 15 1 0 1
0 2 128 128 8 0 0 1
202 211 160 16 12 0 0 1
128 128 254 255 0 1 253 0
170 1 0 254 10 1 0 1
128 0 170 255 8 0 0 1
131 32 102 19 15 1 0 1
128 254 0 254 14 0 0 1
21 182 227 173 12 1 0 1
2 254 255 85 2 0 2 0
136 70 43 79 0 1 72 0
0 0 170 1 8 0 0 1
202 239 125 105 6 1 71 0
206 174 166 50 7 0 84 0
88 228 253 112 1 1 116 0
2 184 94 117 8 0 0 1
170 128 2 2 2 0 128 0
170 128 2 2 2 0 128 0
170 128 2 2 2 0 128 0
170 128 2 2 2 0 128 0
128 2 0 85 10 0 0 1
128 2 0 85 10 0 0 1
29 77 61 99 1 0 208 0
168 212 50 118 6 1 218 0
46 204 63 185 7 0 242 0
225 59 48 210 14 0 0 1
241 72 160 249 8 1 0 1
241 72 160 249 8 1 0 1
241 72 160 249 8 1 0 1
46 208 248 78 6 1 38 0
133 66 218 253 9 0 0 1
74 40 46 185 5 0 181 0
123 104 19 240 5 0 132 0
2 1 170 255 14 1 0 1
51 87 219 231 9 1 0 1
55 224 8 179 2 1 32 0
55 224 8 179 2 1 32 0
55 224 8 179 2 1 32 0
254 2 128 255 1 0 252 0
254 128 0 254 0 1 124 0
254 128 0 254 0 1 124 0
254 128 0 254 0 1 124 0
128 128 254 0 8 0 0 1
2 170 85 85 2 0 2 0
190 143 226 41 4 0 49 0
76 63 2 107 8 0 0 1
222 56 80 229 13 0 0 1
7 81 69 187 13 0 0 1
204 137 121 2 11 1 0 1
1 170 254 1 2 0 0 1
69 223 126 178 10 1 0 1
128 0 0 1 10 0 0 1
254 170 254 85 8 0 0 1
213 60 170 231 9 1 0 1
255 85 254 1 0 0 83 0
121 64 136 51 0 1 116 0
252 88 136 55 15 1 0 1
64 133 47 200 9 1 0 1
76 92 251 117 2 1 76 0
178 19 31 153 4 0 161 0
255 255 128 128 15 0 0 1
107 106 159 209 7 1 69 0
95 60 199 238 2 0 28 0
254 1 0 2 14 0 0 1
98 30 229 234 12 1 0 1
254 85 254 128 10 0 0 1
48 228 21 100 12 1 0 1
199 53 183 66 4 0 242 0
128 254 255 254 15 0 0 1
35 153 59 112 9 0 0 1
61 226 20 152 3 1 255 0
187 224 2 83 12 1 0 1
98 199 55 182 7 0 22 0
130 50 59 121 5 1 125 0
0 254 255 170 5 1 255 0
170 0 254 85 2 0 0 1
136 235 198 142 0 0 199 0
93 191 255 164 0 1 191 0
159 190 51 70 15 0 0 1
128 85 0 1 2 0 0 1
126 101 171 23 8 1 0 1
170 128 128 128 0 1 42 0
1 128 0 254 8 0 0 1
211 101 31 177 2 1 65 0
170 254 1 255 2 0 170 0
126 134 205 56 2 1 6 0
0 0 128 128 14 0 0 1
157 56 17 237 9 0 0 1
189 175 241 178 14 1 0 1
189 175 241 178 14 1 0 1
189 175 241 178 14 1 0 1
194 159 208 91 9 0 0 1
128 2 2 1 1 0 126 0
128 2 2 1 1 0 126 0
128 2 2 1 1 0 126 0
128 2 2 1 1 0 126 0
128 2 2 1 1 0 126 0
128 255 255 1 2 0 128 0
0 85 254 128 5 1 255 0
83 54 203 202 10 0 0 1
170 2 255 0 8 0 0 1
244 139 93 248 8 0 0 1
18 154 213 43 6 1 231 0
2 126 245 12 6 1 247 0
169 151 171 252 10 0 0 1
125 30 186 112 12 1 0 1
32 71 194 117 14 1 0 1
249 213 217 27 0 0 194 0
1 254 1 1 0 0 1 0
1 254 1 1 0 0 1 0
1 254 1 1 0 0 1 0
58 87 152 132 15 1 0 1
30 117 255 174 4 0 107 0
1 199 7 103 1 0 58 0
77 224 97 50 2 0 64 0
152 98 114 72 9 0 0 1
227 223 205 224 15 1 0 1
10 150 42 72 6 0 222 0
63 69 111 168 11 1 0 1
64 114 98 216 13 0 0 1
118 46 75 162 13 0 0 1
250 219 202 195 13 1 0 1
3 16 77 93 6 1 80 0
170 255 1 85 8 0 0 1
133 183 134 127 11 1 0 1
165 147 234 49 11 1 0 1
228 32 81 11 14 1 0 1
228 32 81 11 14 1 0 1
228 32 81 11 14 1 0 1
228 32 81 11 14 1 0 1
112 215 165 1 0 1 237 0
202 21 49 39 5 0 53 0
128 170 85 254 10 0 0 1
218 161 210 11 1 1 57 0
139 247 228 239 11 1 0 1
53 169 168 29 11 0 0 1
110 216 47 250 10 0 0 1
180 197 45 236 0 0 146 0
169 235 93 174 2 0 169 0
163 88 140 12 11 1 0 1
163 88 140 12 11 1 0 1
254 170 85 170 10 1 0 1
170 122 15 192 7 1 243 0
130 82 160 135 7 1 251 0
161 234 65 225 11 1 0 1
34 47 61 205 4 1 13 0
1 85 2 2 15 1 0 1
72 5 78 115 5 0 183 0
81 50 111 76 2 0 16 0
1 170 1 0 0 1 172 0
90 123 11 142 5 1 165 0
170 254 255 1 14 1 0 1
92 36 128 16 9 1 0 1
92 36 128 16 9 1 0 1
92 36 128 16 9 1 0 1
92 36 128 16 9 1 0 1
92 36 128 16 9 1 0 1
229 115 104 128 8 0 0 1
229 115 104 128 8 0 0 1
229 115 104 128 8 0 0 1
105 180 39 46 3 1 253 0
105 180 39 46 3 1 253 0
105 180 39 46 3 1 253 0
105 180 39 46 3 1 253 0
105 180 39 46 3 1 253 0
254 128 255 1 8 1 0 1
255 85 255 1 2 0 85 0
250 88 224 14 4 1 162 0
94 202 164 38 9 0 0 1
170 255 1 0 14 0 0 1
170 255 1 0 14 0 0 1
85 128 255 85 14 0 0 1
145 107 71 186 1 1 38 0
51 207 40 201 13 0 0 1
2 254 85 0 8 1 0 1
8 21 67 191 15 1 0 1
0 230 135 75 10 1 0 1
240 16 57 150 5 1 15 0
240 16 57 150 5 1 15 0
240 16 57 150 5 1 15 0
240 16 57 150 5 1 15 0
240 16 57 150 5 1 15 0
235 171 43 66 2 0 171 0
9 34 10 3 6 1 19 0
176 254 6 63 14 1 0 1
176 254 6 63 14 1 0 1
193 189 225 102 4 0 124 0
69 169 104 82 5 1 186 0
178 69 99 55 9 1 0 1
129 143 18 194 2 1 129 0
171 30 250 1 2 1 10 0
255 2 2 255 14 0 0 1
112 210 14 51 14 0 0 1
112 210 14 51 14 0 0 1
112 210 14 51 14 0 0 1
112 210 14 51 14 0 0 1
112 210 14 51 14 0 0 1
254 254 0 1 14 0 0 1
251 19 191 38 8 0 0 1
101 108 18 189 15 1 0 1
101 108 18 189 15 1 0 1
101 108 18 189 15 1 0 1
101 108 18 189 15 1 0 1
2 128 254 255 10 0 0 1
45 40 171 185 9 1 0 1
64 5 62 112 8 0 0 1
64 5 62 112 8 0 0 1
64 5 62 112 8 0 0 1
85 2 1 128 2 0 0 1
170 155 9 71 11 1 0 1
255 1 255 254 0 0 253 0
183 91 243 32 9 1 0 1
43 239 124 55 0 1 205 0
254 85 254 2 2 0 84 0
186 227 7 173 8 1 0 1
158 186 200 192 10 1 0 1
255 85 170 0 14 0 0 1
255 85 170 0 14 0 0 1
255 85 170 0 14 0 0 1
255 85 170 0 14 0 0 1
176 212 178 155 1 1 220 0
85 182 66 145 12 1 0 1
0 85 170 85 0 0 84 0
70 220 187 167 4 0 154 0
103 120 90 131 4 1 31 0
254 2 170 170 15 1 0 1
242 125 23 251 3 0 255 0
0 254 85 0 15 0 0 1
114 61 111 189 12 1 0 1
143 51 158 157 3 0 191 0
254 128 255 170 10 0 0 1
82 28 97 240 1 0 54 0
236 0 70 71 14 1 0 1
126 29 82 126 0 1 107 0
69 209 203 120 10 0 0 1
239 138 185 248 13 1 0 1
128 128 0 170 10 0 0 1
85 255 128 2 1 1 86 0
85 255 128 2 1 1 86 0
85 255 128 2 1 1 86 0
85 255 128 2 1 1 86 0
8 132 24 109 1 0 132 0
128 255 2 254 15 1 0 1
190 73 238 60 5 0 65 0
236 107 255 56 10 0 0 1
141 237 241 221 13 0 0 1
137 181 123 107 4 0 60 0
176 205 88 170 2 0 128 0
200 123 219 117 3 1 251 0
16 100 139 80 10 1 0 1
89 173 36 31 3 0 253 0
89 173 36 31 3 0 253 0
114 165 106 145 4 1 215 0
114 165 106 145 4 1 215 0
114 165 106 145 4 1 215 0
114 165 106 145 4 1 215 0
114 165 106 145 4 1 215 0
254 255 254 128 10 1 0 1
2 170 85 128 15 1 0 1
172 134 155 126 9 0 0 1
0 0 170 255 8 0 0 1
0 0 170 255 8 0 0 1
0 0 170 255 8 0 0 1
0 0 170 255 8 0 0 1
182 97 77 135 3 1 247 0
141 85 183 23 5 1 114 0
2 1 2 255 10 1 0 1
131 103 250 234 1 0 28 0
131 103 250 234 1 0 28 0
131 103 250 234 1 0 28 0
193 63 157 82 8 0 0 1
38 66 168 42 1 0 228 0
38 66 168 42 1 0 228 0
116 94 140 120 7 1 214 0
76 164 117 7 9 0 0 1
135 93 128 235 14 0 0 1
89 159 120 115 11 0 0 1
255 128 85 0 8 0 0 1
253 133 254 151 14 0 0 1
3 124 223 26 1 0 135 0
229 45 25 49 1 0 184 0
33 202 3 131 5 0 222 0
33 202 3 131 5 0 222 0
33 202 3 131 5 0 222 0
33 202 3 131 5 0 222 0
254 2 128 85 10 0 0 1
189 24 44 185 11 1 0 1
255 0 1 85 0 0 85 0
255 0 1 85 0 0 85 0
255 0 1 85 0 0 85 0
255 0 1 85 0 0 85 0
81 232 178 228 10 0 0 1
81 232 178 228 10 0 0 1
81 232 178 228 10 0 0 1
81 232 178 228 10 0 0 1
81 232 178 228 10 0 0 1
163 185 47 17 15 1 0 1
130 184 199 149 5 0 125 0
2 0 128 254 5 0 253 0
2 0 128 254 5 0 253 0
2 0 128 254 5 0 253 0
13 92 184 117 13 1 0 1
66 121 30 61 10 0 0 1
162 97 176 224 3 0 227 0
248 151 243 97 13 0 0 1
120 183 228 167 11 1 0 1
195 195 38 153 14 1 0 1
88 255 64 198 12 0 0 1
2 2 254 2 15 0 0 1
47 242 4 2 5 1 208 0
255 254 255 85 8 0 0 1
255 255 85 254 10 1 0 1
173 36 220 42 13 0 0 1
173 36 220 42 13 0 0 1
173 36 220 42 13 0 0 1
173 36 220 42 13 0 0 1
18 122 125 96 5 1 237 0
86 181 72 170 11 1 0 1
69 40 105 43 10 0 0 1
85 0 2 0 0 0 87 0
179 238 150 21 2 1 162 0
171 245 202 50 10 0 0 1
77 33 2 58 7 1 170 0
2 85 255 2 2 0 0 1
2 85 255 2 2 0 0 1
2 85 255 2 2 0 0 1
2 85 255 2 2 0 0 1
2 85 255 2 2 0 0 1
6 188 228 47 7 0 213 0
6 188 228 47 7 0 213 0
6 188 228 47 7 0 213 0
6 188 228 47 7 0 213 0
225 69 149 59 12 0 0 1
225 69 149 59 12 0 0 1
153 217 69 114 5 1 102 0
84 91 205 140 2 0 80 0
183 122 153 0 14 0 0 1
85 254 255 255 1 0 87 0
234 101 224 58 12 0 0 1
56 215 19 161 15 1 0 1
56 215 19 161 15 1 0 1
56 215 19 161 15 1 0 1
56 215 19 161 15 1 0 1
56 215 19 161 15 1 0 1
150 190 230 114 9 1 0 1
34 130 211 119 12 0 0 1
170 170 0 255 5 0 85 0
170 170 0 255 5 0 85 0
147 200 31 166 2 1 128 0
147 200 31 166 2 1 128 0
147 200 31 166 2 1 128 0
147 200 31 166 2 1 128 0
243 252 66 4 10 1 0 1
128 85 1 170 8 1 0 1
128 85 1 170 8 1 0 1
128 85 1 170 8 1 0 1
128 85 1 170 8 1 0 1
128 85 1 170 8 1 0 1
158 9 45 118 9 1 0 1
158 9 45 118 9 1 0 1
158 9 45 118 9 1 0 1
128 2 2 0 10 1 0 1
39 83 204 52 14 0 0 1
2 2 1 85 15 1 0 1
2 2 1 85 15 1 0 1
2 2 1 85 15 1 0 1
2 2 1 85 15 1 0 1
2 2 1 85 15 1 0 1
192 88 236 86 15 1 0 1
105 190 167 33 13 1 0 1
105 190 167 33 13 1 0 1
105 190 167 33 13 1 0 1
69 95 27 68 0 1 3 0
223 247 251 186 12 1 0 1
8 42 162 51 5 1 247 0
15 149 76 123 14 1 0 1
128 170 255 0 15 0 0 1
128 134 132 202 9 0 0 1
253 50 154 209 12 0 0 1
95 14 3 124 4 0 81 0
95 14 3 124 4 0 81 0
55 196 176 249 14 0 0 1
182 192 95 88 6 0 24 0
170 128 2 170 1 0 42 0
187 40 150 126 13 1 0 1
206 21 74 84 4 1 219 0
85 85 255 1 0 1 170 0
85 85 255 1 0 1 170 0
85 85 255 1 0 1 170 0
27 81 153 234 0 0 239 0
175 107 153 0 15 1 0 1
183 71 122 75 6 1 49 0
183 71 122 75 6 1 49 0
143 197 201 132 14 1 0 1
235 166 128 87 1 0 69 0
68 201 206 86 11 0 0 1
232 167 135 114 13 1 0 1
128 85 85 1 0 0 43 0
128 1 1 128 0 0 2 0
193 225 151 187 10 1 0 1
175 28 9 253 0 1 209 0
131 146 119 91 11 1 0 1
255 191 178 35 4 1 64 0
156 103 38 65 12 0 0 1
170 0 0 85 14 0 0 1
94 148 33 138 0 1 157 0
215 195 65 162 7 0 125 0
128 128 255 0 5 0 127 0
156 27 227 219 12 0 0 1
87 130 254 150 9 1 0 1
87 130 254 150 9 1 0 1
87 130 254 150 9 1 0 1
87 130 254 150 9 1 0 1
177 60 83 152 8 0 0 1
0 85 255 170 5 0 255 0
3 224 225 89 2 1 0 1
60 44 179 7 12 1 0 1
1 170 0 254 14 0 0 1
58 201 65 158 15 0 0 1
153 166 50 139 13 1 0 1
240 213 26 60 2 1 208 0
0 85 1 0 2 0 0 1
103 86 250 252 3 1 119 0
8 68 215 78 15 0 0 1
128 255 255 255 14 0 0 1
172 186 222 136 12 1 0 1
172 186 222 136 12 1 0 1
172 186 222 136 12 1 0 1
172 186 222 136 12 1 0 1
41 153 207 60 13 0 0 1
15 111 69 13 15 0 0 1
15 111 69 13 15 0 0 1
15 111 69 13 15 0 0 1
152 226 221 127 7 0 214 0
42 248 223 24 10 1 0 1
195 61 232 56 12 0 0 1
71 255 221 34 3 0 255 0
85 107 5 64 13 1 0 1
145 181 206 89 6 0 14 0
145 181 206 89 6 0 14 0
134 32 88 132 6 1 222 0
147 129 244 23 11 1 0 1
209 72 143 53 8 1 0 1
255 255 2 2 2 0 255 0
153 181 5 109 1 1 228 0
39 174 250 120 5 1 216 0
229 141 2 138 1 1 88 0
229 141 2 138 1 1 88 0
128 170 254 170 15 0 0 1
200 96 7 136 10 1 0 1
105 56 112 184 11 1 0 1
132 55 115 91 15 1 0 1
3 8 4 248 5 1 252 0
3 8 4 248 5 1 252 0
195 226 208 111 11 1 0 1
252 227 174 232 3 1 255 0
203 60 82 0 14 0 0 1
128 1 1 1 5 1 127 0
87 150 103 139 14 0 0 1
65 106 190 146 2 1 64 0
255 2 0 1 0 0 2 0
13 50 124 209 2 0 0 1
130 125 131 102 14 1 0 1
3 19 37 200 5 0 252 0
71 39 8 17 12 0 0 1
255 92 5 234 9 0 0 1
1 128 128 2 14 1 0 1
1 128 128 2 14 1 0 1
1 128 128 2 14 1 0 1
1 128 128 2 14 1 0 1
252 228 202 27 13 0 0 1
38 57 138 251 0 1 228 0
38 57 138 251 0 1 228 0
38 57 138 251 0 1 228 0
38 57 138 251 0 1 228 0
38 57 138 251 0 1 228 0
65 67 112 9 1 0 254 0
254 255 170 1 1 1 255 0
103 19 24 117 4 1 116 0
198 43 149 90 7 1 224 0
198 43 149 90 7 1 224 0
198 43 149 90 7 1 224 0
198 43 149 90 7 1 224 0
103 56 11 86 14 1 0 1
184 47 146 222 9 0 0 1
184 47 146 222 9 0 0 1
77 29 248 212 9 1 0 1
239 246 46 29 9 0 0 1
19 172 110 27 9 0 0 1
124 98 63 194 8 0 0 1
255 128 1 255 15 0 0 1
155 177 216 90 14 0 0 1
186 75 41 55 2 1 10 0
186 75 41 55 2 1 10 0
186 75 41 55 2 1 10 0
186 75 41 55 2 1 10 0
52 151 239 209 2 1 20 0
128 1 255 170 0 0 42 0
99 99 190 105 11 0 0 1
253 237 90 137 4 1 16 0
85 255 2 128 0 0 214 0
85 255 2 128 0 0 214 0
122 87 219 254 7 1 170 0
115 92 156 83 14 0 0 1
106 19 210 198 7 0 21 0
170 1 2 2 0 1 175 0
254 170 128 0 1 0 84 0
228 169 44 69 7 1 254 0
112 175 3 10 0 0 44 0
69 71 87 150 10 0 0 1
254 1 0 128 14 0 0 1
254 1 0 128 14 0 0 1
254 1 0 128 14 0 0 1
254 170 254 128 0 0 38 0
170 2 0 0 0 0 172 0
128 2 170 1 2 0 0 1
254 254 1 254 14 1 0 1
110 103 20 14 8 1 0 1
255 2 255 0 5 0 0 1
85 0 255 0 15 0 0 1
0 254 254 0 5 1 255 0
128 170 254 128 8 0 0 1
128 170 254 128 8 0 0 1
128 170 254 128 8 0 0 1
128 170 254 128 8 0 0 1
30 233 1 182 5 1 225 0
128 0 1 254 2 1 0 1
113 179 51 37 6 1 164 0
51 217 187 3 5 0 204 0
0 85 1 2 8 0 0 1
254 0 255 170 5 0 1 0
0 0 128 1 15 0 0 1
231 217 21 196 1 1 14 0
0 85 254 2 8 1 0 1
173 175 243 113 5 0 82 0
125 117 210 192 9 1 0 1
203 167 157 156 10 1 0 1
128 2 85 255 1 1 126 0
204 44 113 200 9 1 0 1
128 128 85 254 8 0 0 1
120 143 74 81 3 1 255 0
184 18 185 217 13 0 0 1
199 195 3 22 3 1 199 0
248 154 34 14 1 0 94 0
1 128 254 254 15 0 0 1
1 128 254 254 15 0 0 1
77 1 191 113 12 1 0 1
185 243 205 222 0 0 87 0
164 29 16 161 4 1 185 0
1 128 0 254 0 0 127 0
255 2 0 0 5 1 0 1
154 184 140 78 12 1 0 1
193 178 242 254 1 0 15 0
229 252 84 245 9 0 0 1
229 252 84 245 9 0 0 1
229 252 84 245 9 0 0 1
229 252 84 245 9 0 0 1
229 252 84 245 9 0 0 1
50 188 244 170 15 0 0 1
50 188 244 170 15 0 0 1
2 1 85 85 1 1 1 0
2 128 254 2 14 0 0 1
119 91 204 54 0 1 212 0
255 85 255 1 8 0 0 1
255 85 255 1 8 0 0 1
202 246 105 121 0 1 162 0
128 255 85 255 2 1 128 0
42 124 98 191 11 0 0 1
164 183 142 191 0 1 168 0
38 77 155 111 6 0 188 0
38 77 155 111 6 0 188 0
38 77 155 111 6 0 188 0
250 169 87 234 1 1 81 0
192 216 75 103 15 1 0 1
254 1 85 170 2 1 0 1
255 1 255 128 0 1 127 0
231 94 68 86 10 1 0 1
29 130 2 253 0 0 158 0
29 130 2 253 0 0 158 0
29 130 2 253 0 0 158 0
29 130 2 253 0 0 158 0
143 246 54 120 11 0 0 1
254 2 170 255 10 1 0 1
55 167 201 234 12 1 0 1
55 167 201 234 12 1 0 1
55 167 201 234 12 1 0 1
254 128 1 170 1 1 126 0
132 220 111 171 7 0 122 0
228 255 164 172 1 0 229 0
255 254 0 170 0 1 167 0
0 1 254 255 8 1 0 1
254 170 128 1 8 1 0 1
173 74 148 128 4 1 231 0
173 74 148 128 4 1 231 0
173 74 148 128 4 1 231 0
173 74 148 128 4 1 231 0
6 111 233 231 11 0 0 1
67 11 175 54 11 0 0 1
67 11 175 54 11 0 0 1
67 11 175 54 11 0 0 1
67 11 175 54 11 0 0 1
67 11 175 54 11 0 0 1
253 85 128 23 12 0 0 1
253 85 128 23 12 0 0 1
253 85 128 23 12 0 0 1
253 85 128 23 12 0 0 1
253 85 128 23 12 0 0 1
250 90 146 214 1 0 160 0
250 90 146 214 1 0 160 0
250 90 146 214 1 0 160 0
250 90 146 214 1 0 160 0
255 254 254 2 15 0 0 1
64 73 88 91 11 0 0 1
108 141 169 240 9 1 0 1
241 225 232 6 6 0 231 0
241 225 232 6 6 0 231 0
241 225 232 6 6 0 231 0
241 225 232 6 6 0 231 0
58 62 52 235 14 1 0 1
190 98 29 1 7 1 62 0
85 0 128 85 1 0 85 0
145 17 124 82 12 0 0 1
62 250 133 28 6 0 22 0
62 250 133 28 6 0 22 0
62 250 133 28 6 0 22 0
62 250 133 28 6 0 22 0
243 42 238 56 11 1 0 1
0 128 128 1 1 0 128 0
158 248 78 112 5 1 97 0
235 68 45 6 8 0 0 1
244 25 124 238 6 1 112 0
0 2 255 0 2 1 0 1
0 2 255 0 2 1 0 1
143 239 65 210 11 0 0 1
0 1 170 255 14 0 0 1
146 240 178 234 1 0 162 0
146 240 178 234 1 0 162 0
2 170 0 128 1 0 88 0
32 83 65 250 5 1 223 0
118 0 1 23 5 1 137 0
254 254 170 1 1 0 0 1
254 254 170 1 1 0 0 1
254 254 170 1 1 0 0 1
254 254 170 1 1 0 0 1
254 254 170 1 1 0 0 1
210 200 254 174 3 0 218 0
142 243 124 182 8 1 0 1
0 135 122 216 2 1 0 1
48 65 172 24 9 0 0 1
58 238 210 80 11 0 0 1
240 90 144 199 4 1 170 0
242 178 250 249 3 1 242 0
119 99 108 252 10 1 0 1
199 182 178 214 3 1 247 0
42 254 29 103 8 0 0 1
60 164 47 50 0 0 65 0
0 255 128 2 15 0 0 1
170 254 85 170 15 0 0 1
255 85 85 128 15 1 0 1
36 191 189 227 0 1 131 0
251 80 13 233 8 0 0 1
114 83 168 74 14 1 0 1
229 222 212 38 4 0 59 0
106 169 116 62 5 0 149 0
242 93 55 80 0 0 214 0
40 176 145 133 6 0 53 0
179 199 105 57 1 0 236 0
244 170 139 64 11 1 0 1
83 14 249 254 0 1 88 0
85 254 0 255 1 1 87 0
105 93 133 187 11 0 0 1
255 255 85 85 14 1 0 1
179 200 55 189 15 1 0 1
83 130 22 168 6 1 105 0
85 254 170 255 2 0 84 0
85 254 170 255 2 0 84 0
85 254 170 255 2 0 84 0
85 254 170 255 2 0 84 0
143 51 194 195 7 1 71 0
170 128 1 2 0 1 45 0
125 5 76 168 15 0 0 1
54 69 61 43 11 1 0 1
205 110 192 101 0 1 96 0
189 74 20 94 0 1 121 0
185 119 162 87 4 1 206 0
210 139 165 197 13 0 0 1
78 219 65 235 13 0 0 1
92 107 67 109 3 0 127 0
79 82 23 139 8 1 0 1
113 22 208 25 8 0 0 1
113 22 208 25 8 0 0 1
113 22 208 25 8 0 0 1
113 22 208 25 8 0 0 1
2 85 128 2 8 0 0 1
74 134 132 234 15 0 0 1
117 221 154 239 6 1 15 0
117 221 154 239 6 1 15 0
70 78 229 28 5 1 185 0
70 78 229 28 5 1 185 0
70 78 229 28 5 1 185 0
70 78 229 28 5 1 185 0
70 78 229 28 5 1 185 0
20 99 91 29 5 0 235 0
150 12 229 32 0 0 167 0
254 85 1 254 8 1 0 1
50 199 161 246 3 0 247 0
176 182 21 162 13 0 0 1
205 116 216 168 2 0 68 0
214 214 189 136 14 0 0 1
254 2 255 1 1 0 252 0
112 125 162 134 9 1 0 1
168 211 197 229 15 0 0 1
2 2 255 254 14 1 0 1
189 239 118 110 9 0 0 1
220 166 59 214 9 1 0 1
255 2 0 128 0 0 129 0
255 2 0 128 0 0 129 0
255 2 0 128 0 0 129 0
255 2 0 128 0 0 129 0
57 141 112 108 0 0 162 0
57 141 112 108 0 0 162 0
57 141 112 108 0 0 162 0
57 141 112 108 0 0 162 0
57 141 112 108 0 0 162 0
211 76 207 0 2 1 64 0
128 2 1 2 10 1 0 1
143 196 130 38 3 0 207 0
128 117 14 105 8 1 0 1
165 46 103 142 15 1 0 1
152 216 187 86 3 0 216 0
85 2 2 1 0 0 90 0
18 115 72 221 1 1 159 0
22 172 75 27 12 1 0 1
255 254 128 254 0 1 123 0
255 254 128 254 0 1 123 0
255 254 128 254 0 1 123 0
255 254 128 254 0 1 123 0
167 51 28 81 3 1 183 0
247 99 204 234 15 1 0 1
3 207 137 96 1 1 52 0
3 207 137 96 1 1 52 0
3 207 137 96 1 1 52 0
3 207 137 96 1 1 52 0
3 207 137 96 1 1 52 0
1 0 0 1 5 0 254 0
53 135 249 169 1 1 174 0
255 1 128 255 14 1 0 1
179 136 12 105 4 0 59 0
255 0 254 170 5 0 0 1
77 128 156 179 15 0 0 1
77 128 156 179 15 0 0 1
130 173 186 52 1 0 213 0
36 22 123 6 15 1 0 1
42 42 192 32 2 1 42 0
2 0 255 254 14 0 0 1
216 182 52 210 8 1 0 1
97 24 87 143 4 1 121 0
97 24 87 143 4 1 121 0
178 162 186 93 0 1 107 0
178 162 186 93 0 1 107 0
178 162 186 93 0 1 107 0
178 162 186 93 0 1 107 0
178 162 186 93 0 1 107 0
97 3 193 64 2 0 1 0
97 3 193 64 2 0 1 0
97 3 193 64 2 0 1 0
97 3 193 64 2 0 1 0
44 252 166 165 7 1 115 0
168 185 234 215 15 1 0 1
62 108 39 161 8 1 0 1
100 193 215 55 14 1 0 1
82 180 98 124 5 1 173 0
85 2 255 1 2 1 0 1
1 0 2 0 5 0 254 0
170 85 255 2 0 1 0 1
3 63 4 42 9 1 0 1
85 85 0 1 15 0 0 1
85 85 0 1 15 0 0 1
71 82 69 215 15 0 0 1
12 32 253 57 11 1 0 1
12 32 253 57 11 1 0 1
12 32 253 57 11 1 0 1
12 32 253 57 11 1 0 1
214 65 148 101 5 0 41 0
116 247 96 117 12 0 0 1
116 247 96 117 12 0 0 1
116 247 96 117 12 0 0 1
116 247 96 117 12 0 0 1
2 254 170 170 15 0 0 1
255 29 137 150 2 0 29 0
154 11 111 43 10 1 0 1
37 83 98 84 15 1 0 1
167 2 74 80 10 1 0 1
238 170 181 15 11 0 0 1
111 127 99 186 9 1 0 1
0 0 85 0 8 1 0 1
1 170 0 255 14 0 0 1
73 97 209 132 5 1 182 0
121 88 38 123 7 1 114 0
134 80 133 148 13 0 0 1
142 90 79 110 6 1 221 0
215 60 214 187 4 0 235 0
0 254 2 2 10 1 0 1
60 152 4 238 9 1 0 1
255 170 1 85 14 1 0 1
85 174 84 81 7 0 168 0
25 63 112 149 4 1 38 0
0 93 109 51 9 0 0 1
198 107 8 97 14 0 0 1
254 255 85 255 1 0 255 0
85 2 1 255 8 0 0 1
150 110 50 215 9 1 0 1
215 89 28 62 3 1 223 0
215 89 28 62 3 1 223 0
215 89 28 62 3 1 223 0
215 89 28 62 3 1 223 0
114 35 15 145 12 0 0 1
247 43 82 70 13 0 0 1
128 170 2 1 5 1 127 0
1 128 2 170 5 0 254 0
37 239 71 38 15 0 0 1
44 48 150 130 3 1 60 0
106 207 187 143 11 0 0 1
16 132 102 45 12 1 0 1
2 170 1 85 14 0 0 1
229 248 25 159 4 0 29 0
104 73 184 191 13 1 0 1
104 73 184 191 13 1 0 1
148 107 140 113 11 1 0 1
180 102 36 150 0 1 212 0
2 170 1 1 10 1 0 1
90 130 179 26 15 1 0 1
174 38 120 190 3 0 174 0
204 236 162 132 12 0 0 1
95 20 70 190 1 0 75 0
95 20 70 190 1 0 75 0
95 20 70 190 1 0 75 0
95 20 70 190 1 0 75 0
95 20 70 190 1 0 75 0
205 85 254 248 8 0 0 1
24 142 23 159 11 1 0 1
185 174 115 73 1 0 11 0
2 170 2 85 1 0 88 0
169 88 200 242 6 1 113 0
105 148 146 133 8 0 0 1
255 85 0 170 2 0 85 0
255 85 0 170 2 0 85 0
255 85 0 170 2 0 85 0
97 187 182 131 14 1 0 1
1 0 2 85 15 0 0 1
121 202 0 19 4 0 179 0
121 202 0 19 4 0 179 0
121 202 0 19 4 0 179 0
121 202 0 19 4 0 179 0
121 202 0 19 4 0 179 0
243 132 106 174 7 1 143 0
202 190 23 35 2 1 138 0
115 121 110 5 11 0 0 1
74 50 33 125 10 0 0 1
74 50 33 125 10 0 0 1
74 50 33 125 10 0 0 1
74 50 33 125 10 0 0 1
74 50 33 125 10 0 0 1
255 128 1 85 0 0 213 0
249 160 72 133 7 0 102 0
182 254 112 175 7 1 211 0
137 70 74 207 12 1 0 1
255 85 2 128 0 1 214 0
255 85 2 128 0 1 214 0
255 85 2 128 0 1 214 0
255 85 2 128 0 1 214 0
255 85 2 128 0 1 214 0
176 81 248 254 13 1 0 1
77 23 10 186 12 0 0 1
250 224 174 242 4 1 26 0
20 249 33 109 12 1 0 1
109 200 123 45 11 0 0 1
1 170 1 255 15 0 0 1
7 211 200 170 0 1 76 0
2 87 96 48 12 0 0 1
11 133 125 161 12 0 0 1
160 135 39 170 0 0 248 0
160 135 39 170 0 0 248 0
160 135 39 170 0 0 248 0
236 218 34 66 5 0 19 0
170 254 85 254 10 0 0 1
212 249 110 118 8 0 0 1
156 198 119 1 15 1 0 1
170 255 85 85 1 1 171 0
7 32 13 194 10 0 0 1
7 32 13 194 10 0 0 1
7 32 13 194 10 0 0 1
7 32 13 194 10 0 0 1
7 32 13 194 10 0 0 1
196 242 98 152 10 0 0 1
196 242 98 152 10 0 0 1
196 242 98 152 10 0 0 1
196 242 98 152 10 0 0 1
17 116 3 46 2 1 16 0
254 255 128 1 1 1 255 0
254 255 128 1 1 1 255 0
254 255 128 1 1 1 255 0
254 255 128 1 1 1 255 0
254 255 128 1 1 1 255 0
170 1 128 128 0 0 171 0
128 2 254 0 5 0 127 0
57 101 187 143 8 1 0 1
0 85 1 2 14 1 0 1
0 85 1 2 14 1 0 1
0 1 85 255 15 1 0 1
0 1 85 255 15 1 0 1
0 1 85 255 15 1 0 1
252 214 132 34 15 0 0 1
2 85 2 128 1 0 173 0
1 2 85 254 10 0 0 1
221 34 59 151 6 0 185 0
77 222 107 95 3 0 223 0
136 77 55 227 5 0 119 0
217 223 215 87 15 0 0 1
128 85 2 85 1 1 43 0
1 85 2 170 8 0 0 1
254 255 128 1 14 0 0 1
252 107 207 85 10 0 0 1
241 86 83 251 6 0 81 0
44 85 120 52 2 0 4 0
237 139 252 234 9 1 0 1
4 118 71 52 11 0 0 1
173 150 240 112 11 0 0 1
173 150 240 112 11 0 0 1
35 249 67 5 8 0 0 1
128 89 17 191 2 1 0 1
142 111 211 106 14 0 0 1
2 254 128 2 15 0 0 1
128 85 2 128 15 1 0 1
122 26 254 225 5 1 133 0
122 26 254 225 5 1 133 0
122 26 254 225 5 1 133 0
122 26 254 225 5 1 133 0
97 120 91 243 13 1 0 1
218 147 249 246 15 1 0 1
180 85 132 243 14 0 0 1
85 254 254 1 1 0 87 0
216 255 3 133 12 0 0 1
176 159 139 117 2 1 144 0
195 209 216 222 9 1 0 1
245 151 132 46 14 1 0 1
7 178 117 53 12 0 0 1
1 0 2 254 8 1 0 1
85 152 109 239 2 0 16 0
254 255 254 254 5 1 1 0
168 208 3 221 8 1 0 1
156 168 236 18 12 0 0 1
161 74 51 153 10 1 0 1
179 133 39 65 2 0 129 0
179 133 39 65 2 0 129 0
48 181 103 117 15 0 0 1
2 1 0 128 1 0 1 0
92 62 5 84 2 1 28 0
163 236 23 192 10 0 0 1
187 189 214 69 4 1 6 0
187 189 214 69 4 1 6 0
187 189 214 69 4 1 6 0
187 189 214 69 4 1 6 0
2 255 170 254 8 0 0 1
185 130 214 206 7 0 223 0
255 128 1 85 1 0 127 0
191 3 206 82 12 0 0 1
55 88 146 156 5 1 200 0
17 113 86 242 7 0 202 0
85 128 254 170 2 0 0 1
170 85 85 128 0 0 212 0
131 64 37 199 4 0 195 0
57 255 8 198 2 0 57 0
145 6 84 59 6 0 65 0
85 170 255 85 2 1 0 1
42 113 190 191 9 1 0 1
129 82 49 180 0 0 184 0
0 128 0 255 15 0 0 1
228 205 41 194 4 0 41 0
38 111 86 46 10 0 0 1
197 127 251 99 11 0 0 1
203 65 213 19 8 0 0 1
68 77 173 79 3 1 77 0
219 69 119 156 8 0 0 1
157 15 129 131 14 1 0 1
108 132 54 162 7 1 200 0
240 186 204 18 1 0 54 0
212 104 138 179 7 0 121 0
1 0 255 170 1 0 1 0
148 90 29 173 10 0 0 1
40 84 116 220 9 0 0 1
108 55 148 237 14 1 0 1
170 85 128 128 8 0 0 1
170 85 128 128 8 0 0 1
170 85 128 128 8 0 0 1
170 0 170 85 5 0 85 0
170 0 170 85 5 0 85 0
170 0 170 85 5 0 85 0
170 0 170 85 5 0 85 0
170 0 170 85 5 0 85 0
254 170 0 170 8 0 0 1
55 33 190 233 15 0 0 1
127 14 144 184 7 1 213 0
190 141 222 173 3 0 191 0
183 189 228 100 4 1 10 0
254 170 255 85 2 0 170 0
2 128 2 0 1 1 130 0
92 133 237 107 8 1 0 1
1 254 128 1 0 0 128 0
1 254 128 1 0 0 128 0
1 254 128 1 0 0 128 0
1 254 128 1 0 0 128 0
0 0 170 128 15 1 0 1
163 114 75 144 5 0 92 0
152 103 62 98 14 0 0 1
251 69 61 43 9 0 0 1
48 250 50 28 12 0 0 1
48 250 50 28 12 0 0 1
170 255 255 0 0 0 168 0
1 60 179 66 9 1 0 1
182 117 111 207 6 0 68 0
128 0 254 170 2 0 0 1
128 85 255 254 14 1 0 1
223 43 232 109 9 0 0 1
51 15 96 209 4 0 60 0
30 158 244 131 6 1 18 0
130 96 103 5 8 1 0 1
85 117 117 69 15 1 0 1
138 48 177 31 14 1 0 1
125 80 133 172 9 1 0 1
189 49 156 66 8 0 0 1
220 88 69 101 0 0 222 0
174 160 7 110 5 1 81 0
168 226 194 53 6 0 23 0
168 226 194 53 6 0 23 0
168 226 194 53 6 0 23 0
0 254 255 1 15 0 0 1
98 175 127 254 1 0 179 0
63 242 188 118 5 0 192 0
86 120 177 27 11 1 0 1
254 1 1 2 0 0 2 0
78 9 146 209 10 0 0 1
170 85 2 170 5 1 85 0
52 236 26 255 12 0 0 1
170 254 2 85 8 1 0 1
128 254 85 170 5 1 127 0
129 238 2 67 10 0 0 1
179 8 231 110 9 1 0 1
12 183 207 45 12 1 0 1
134 255 32 122 10 0 0 1
134 255 32 122 10 0 0 1
134 255 32 122 10 0 0 1
134 255 32 122 10 0 0 1
134 255 32 122 10 0 0 1
238 252 76 0 12 1 0 1
1 1 1 1 8 0 0 1
118 134 32 131 8 1 0 1
170 255 1 170 5 0 85 0
170 128 254 1 2 1 128 0
128 85 2 255 10 0 0 1
128 0 128 0 2 1 0 1
201 253 110 24 8 1 0 1
128 254 254 170 14 0 0 1
254 85 254 255 8 0 0 1
70 105 161 100 6 0 205 0
55 164 90 237 7 0 34 0
188 197 240 49 4 0 121 0
226 117 221 29 6 0 146 0
190 200 67 247 9 1 0 1
5 129 24 174 9 0 0 1
48 111 24 208 15 1 0 1
65 157 230 120 2 1 1 0
96 185 208 201 11 1 0 1
31 135 172 0 11 1 0 1
31 135 172 0 11 1 0 1
31 135 172 0 11 1 0 1
85 2 2 2 15 1 0 1
85 2 2 2 15 1 0 1
85 2 2 2 15 1 0 1
85 2 2 2 15 1 0 1
237 16 149 135 7 1 25 0
217 148 48 234 8 1 0 1
123 122 208 173 6 0 39 0
123 122 208 173 6 0 39 0
123 122 208 173 6 0 39 0
123 122 208 173 6 0 39 0
37 168 144 109 12 1 0 1
37 168 144 109 12 1 0 1
37 168 144 109 12 1 0 1
37 168 144 109 12 1 0 1
88 217 80 104 14 1 0 1
85 252 177 206 6 0 202 0
53 228 120 249 0 0 138 0
235 95 221 32 1 1 140 0
68 249 153 236 14 0 0 1
68 249 153 236 14 0 0 1
68 249 153 236 14 0 0 1
96 230 246 50 3 1 230 0
109 125 218 195 11 1 0 1
190 61 236 207 12 1 0 1
4 68 51 6 11 0 0 1
255 255 128 2 2 0 255 0
19 208 17 209 7 1 197 0
121 38 211 255 7 0 113 0
0 64 111 160 10 1 0 1
0 64 111 160 10 1 0 1
170 170 254 255 15 0 0 1
57 166 169 64 14 1 0 1
6 242 81 37 9 1 0 1
3 131 23 197 0 0 98 0
2 128 255 0 5 0 253 0
217 116 245 207 7 0 17 0
217 116 245 207 7 0 17 0
26 71 241 43 10 1 0 1
69 155 184 198 15 1 0 1
162 173 226 119 14 1 0 1
8 203 171 6 15 0 0 1
0 0 128 2 8 0 0 1
128 1 0 85 10 0 0 1
128 1 0 85 10 0 0 1
128 1 0 85 10 0 0 1
128 1 0 85 10 0 0 1
33 215 242 179 13 0 0 1
169 230 117 31 8 1 0 1
1 170 254 2 14 0 0 1
255 254 254 85 8 1 0 1
2 0 255 128 14 0 0 1
170 85 254 254 14 1 0 1
12 195 66 152 3 1 207 0
208 173 162 1 3 1 253 0
175 17 67 113 6 0 130 0
38 160 224 240 2 1 32 0
26 146 32 92 1 0 136 0
2 254 85 85 0 0 170 0
0 255 255 255 15 0 0 1
0 1 0 2 14 0 0 1
2 254 2 170 10 1 0 1
35 150 24 174 6 0 68 0
112 37 23 108 7 1 24 0
1 128 85 2 2 1 0 1
143 126 233 28 1 1 17 0
170 85 1 254 15 1 0 1
112 59 112 139 6 1 224 0
64 35 102 124 14 0 0 1
98 172 82 192 3 1 238 0
67 82 155 23 0 1 71 0
81 170 58 212 12 0 0 1
210 139 118 246 0 1 201 0
255 128 255 0 14 0 0 1
83 24 110 192 3 1 91 0
146 149 231 252 11 0 0 1
168 157 114 54 12 0 0 1
220 249 244 181 9 0 0 1
128 85 85 255 15 0 0 1
2 254 170 2 8 0 0 1
173 189 1 11 6 0 200 0
41 58 200 136 15 0 0 1
41 58 200 136 15 0 0 1
41 58 200 136 15 0 0 1
41 58 200 136 15 0 0 1
41 58 200 136 15 0 0 1
1 255 255 0 2 1 1 0
26 194 120 208 1 1 88 0
26 194 120 208 1 1 88 0
26 194 120 208 1 1 88 0
26 194 120 208 1 1 88 0
255 255 170 128 2 1 255 0
31 144 105 232 1 0 143 0
164 76 128 183 9 0 0 1
170 254 128 0 5 1 85 0
1 2 170 254 14 1 0 1
94 168 80 165 0 1 251 0
101 17 183 157 12 1 0 1
120 194 110 47 9 0 0 1
80 169 55 121 14 0 0 1
80 169 55 121 14 0 0 1
80 169 55 121 14 0 0 1
80 169 55 121 14 0 0 1
255 1 85 85 1 0 254 0
100 21 126 179 15 1 0 1
170 1 2 85 2 1 0 1
13 52 120 228 13 1 0 1
1 255 254 2 8 1 0 1
255 85 254 254 1 0 170 0
222 123 196 233 0 0 6 0
201 236 153 246 12 0 0 1
186 195 68 72 8 1 0 1
113 141 8 149 13 1 0 1
95 63 139 174 15 1 0 1
150 79 205 164 0 1 86 0
14 137 132 208 9 0 0 1
14 137 132 208 9 0 0 1
1 2 255 254 1 0 255 0
1 2 255 254 1 0 255 0
1 2 255 254 1 0 255 0
1 2 255 254 1 0 255 0
193 64 185 16 10 0 0 1
224 92 14 200 7 1 18 0
0 1 2 1 1 0 255 0
173 86 25 184 10 0 0 1
68 41 227 186 14 1 0 1
68 41 227 186 14 1 0 1
68 41 227 186 14 1 0 1
68 41 227 186 14 1 0 1
216 213 114 233 15 1 0 1
170 128 254 254 14 1 0 1
228 56 6 217 12 1 0 1
72 150 97 17 4 0 222 0
0 85 128 1 5 0 255 0
26 188 194 15 15 0 0 1
26 188 194 15 15 0 0 1
26 188 194 15 15 0 0 1
25 159 172 39 11 0 0 1
2 2 170 0 8 0 0 1
177 88 30 132 11 0 0 1
205 49 135 88 10 0 0 1
104 50 236 247 7 1 125 0
254 1 255 2 2 1 0 1
2 255 128 85 5 1 253 0
0 128 1 1 15 0 0 1
0 128 1 1 15 0 0 1
0 128 1 1 15 0 0 1
0 128 1 1 15 0 0 1
85 170 254 128 15 1 0 1
95 208 49 19 5 0 160 0
1 85 0 0 8 0 0 1
58 206 10 31 3 0 254 0
58 206 10 31 3 0 254 0
58 206 10 31 3 0 254 0
247 114 231 30 1 0 133 0
247 114 231 30 1 0 133 0
247 114 231 30 1 0 133 0
14 173 190 177 15 1 0 1
128 170 128 254 0 1 168 0
128 170 128 254 0 1 168 0
128 170 128 254 0 1 168 0
231 100 143 143 11 1 0 1
235 174 93 126 4 0 69 0
248 115 192 84 5 1 7 0
186 50 191 235 13 1 0 1
73 129 158 237 9 0 0 1
128 255 1 170 10 0 0 1
67 182 251 1 14 0 0 1
2 254 1 128 2 0 2 0
217 67 204 241 12 1 0 1
82 90 113 46 7 1 75 0
109 37 19 69 1 0 72 0
181 168 151 61 14 0 0 1
41 56 69 50 8 1 0 1
254 2 128 1 10 0 0 1
124 77 23 122 13 1 0 1
254 85 255 85 14 0 0 1
19 145 164 116 11 1 0 1
19 145 164 116 11 1 0 1
19 145 164 116 11 1 0 1
1 1 1 1 14 0 0 1
193 183 189 152 5 1 62 0
244 64 45 97 11 0 0 1
2 170 2 254 0 0 172 0
61 105 235 225 13 0 0 1
254 170 0 2 0 1 170 0
239 19 194 9 14 1 0 1
130 153 149 203 14 1 0 1
135 219 226 94 7 0 162 0
157 250 240 179 1 1 163 0
223 64 135 214 5 1 32 0
224 51 154 86 0 1 3 0
224 51 154 86 0 1 3 0
128 255 254 85 0 0 210 0
128 255 254 85 0 0 210 0
248 43 28 122 6 0 165 0
248 43 28 122 6 0 165 0
248 43 28 122 6 0 165 0
248 43 28 122 6 0 165 0
248 43 28 122 6 0 165 0
253 122 146 32 9 1 0 1
126 177 245 78 0 0 114 0
126 177 245 78 0 0 114 0
126 177 245 78 0 0 114 0
126 177 245 78 0 0 114 0
85 128 128 255 2 1 0 1
32 125 47 145 14 1 0 1
0 128 2 0 5 0 255 0
2 2 2 128 10 0 0 1
230 48 194 196 14 0 0 1
9 88 118 194 11 1 0 1
147 231 32 250 2 0 131 0
140 212 5 6 14 1 0 1
20 164 99 145 0 1 172 0
2 0 2 2 0 0 6 0
255 170 128 254 0 0 39 0
170 128 0 170 0 0 212 0
128 255 255 128 2 0 128 0
254 1 170 170 1 0 253 0
46 193 253 223 7 0 203 0
1 128 2 254 2 0 0 1
2 85 255 170 15 1 0 1
51 244 54 161 13 1 0 1
117 211 182 47 3 0 247 0
42 59 209 227 10 1 0 1
30 180 200 177 15 0 0 1
30 180 200 177 15 0 0 1
30 180 200 177 15 0 0 1
116 81 157 55 14 0 0 1
116 81 157 55 14 0 0 1
116 81 157 55 14 0 0 1
116 81 157 55 14 0 0 1
116 81 157 55 14 0 0 1
91 57 93 227 1 1 34 0
106 141 156 72 14 1 0 1
226 12 187 100 10 0 0 1
104 13 14 31 10 0 0 1
255 2 254 254 0 0 253 0
248 109 16 227 10 1 0 1
85 0 255 85 0 0 169 0
254 2 254 128 5 0 1 0
254 2 254 128 5 0 1 0
254 2 254 128 5 0 1 0
223 151 20 70 8 1 0 1
223 151 20 70 8 1 0 1
223 151 20 70 8 1 0 1
223 151 20 70 8 1 0 1
255 255 255 2 10 1 0 1
1 170 255 170 2 0 0 1
131 182 130 246 6 0 172 0
170 170 85 255 1 0 0 1
170 1 254 170 15 0 0 1
170 1 254 170 15 0 0 1
170 1 170 1 0 1 86 0
104 31 126 217 2 0 8 0
104 31 126 217 2 0 8 0
104 31 126 217 2 0 8 0
69 148 157 94 6 1 226 0
69 148 157 94 6 1 226 0
69 148 157 94 6 1 226 0
69 148 157 94 6 1 226 0
69 148 157 94 6 1 226 0
2 170 128 170 5 1 253 0
66 36 211 142 7 1 199 0
176 108 178 127 11 1 0 1
0 128 170 170 8 0 0 1
36 209 120 211 8 0 0 1
80 51 100 117 14 1 0 1
85 255 255 0 8 0 0 1
61 172 250 214 0 1 185 0
1 1 255 255 8 0 0 1
1 1 255 255 8 0 0 1
1 1 255 255 8 0 0 1
1 1 255 255 8 0 0 1
122 104 51 152 3 0 122 0
128 170 0 0 0 1 42 0
7 21 226 86 10 0 0 1
137 19 237 12 14 1 0 1
71 165 57 144 3 0 231 0
179 103 161 90 11 1 0 1
232 29 48 153 5 1 23 0
232 29 48 153 5 1 23 0
232 29 48 153 5 1 23 0
232 29 48 153 5 1 23 0
244 173 230 18 5 0 11 0
14 153 218 230 7 1 103 0
0 255 0 85 15 1 0 1
144 54 143 235 6 1 31 0
219 20 2 21 0 0 6 0
247 181 255 239 15 0 0 1
255 128 128 255 1 0 127 0
255 128 128 255 1 0 127 0
255 128 128 255 1 0 127 0
255 128 128 255 1 0 127 0
255 128 128 255 1 0 127 0
52 193 74 231 14 0 0 1
0 2 170 0 14 1 0 1
31 173 207 35 3 0 191 0
31 173 207 35 3 0 191 0
0 255 85 85 8 0 0 1
2 2 0 128 10 1 0 1
25 103 50 214 13 1 0 1
255 255 254 170 14 0 0 1
0 1 170 0 8 0 0 1
186 250 141 241 10 1 0 1
12 147 224 178 7 1 49 0
58 172 191 158 7 1 67 0
82 229 87 238 15 1 0 1
82 229 87 238 15 1 0 1
82 229 87 238 15 1 0 1
41 91 131 64 1 1 206 0
142 233 180 47 12 1 0 1
116 56 81 149 13 0 0 1
164 46 192 181 10 1 0 1
86 5 3 143 2 0 4 0
1 128 1 170 2 0 0 1
197 47 235 195 12 1 0 1
255 0 85 254 0 0 82 0
1 255 254 0 10 0 0 1
170 170 85 128 15 0 0 1
10 167 165 217 3 0 175 0
10 167 165 217 3 0 175 0
10 167 165 217 3 0 175 0
192 79 217 178 10 1 0 1
54 76 64 192 2 0 4 0
1 2 1 170 10 1 0 1
1 2 1 170 10 1 0 1
1 2 1 170 10 1 0 1
1 2 1 170 10 1 0 1
1 2 1 170 10 1 0 1
144 147 217 149 4 1 3 0
61 76 48 216 1 1 241 0
100 156 241 194 12 0 0 1
9 69 72 238 7 1 132 0
78 39 36 181 9 1 0 1
196 130 133 88 0 0 35 0
182 16 112 38 8 0 0 1
187 28 240 251 0 1 194 0
128 255 128 2 15 1 0 1
255 255 170 128 10 0 0 1
128 137 74 64 11 1 0 1
35 183 163 188 8 0 0 1
134 16 159 116 8 1 0 1
174 228 20 247 0 1 157 0
106 37 100 106 11 1 0 1
128 0 128 0 0 0 0 1
0 1 254 128 1 0 255 0
153 250 2 199 7 1 92 0
52 179 90 90 11 0 0 1
234 43 97 8 7 0 126 0
170 114 147 114 3 0 250 0
15 39 175 167 14 0 0 1
1 128 170 254 2 0 0 1
88 42 89 89 5 0 167 0
57 44 80 219 12 0 0 1
125 135 119 134 12 0 0 1
125 135 119 134 12 0 0 1
135 61 153 192 10 0 0 1
14 233 216 198 14 0 0 1
39 167 189 112 6 0 23 0
1 0 2 2 10 0 0 1
95 177 145 201 8 1 0 1
95 177 145 201 8 1 0 1
251 38 20 220 3 0 255 0
88 168 214 181 12 0 0 1
207 135 245 0 6 0 135 0
151 159 125 148 12 1 0 1
85 1 0 0 14 0 0 1
85 1 0 0 14 0 0 1
85 1 0 0 14 0 0 1
85 1 0 0 14 0 0 1
85 1 0 0 14 0 0 1
137 38 108 204 7 1 231 0
160 184 34 108 6 1 194 0
160 184 34 108 6 1 194 0
160 184 34 108 6 1 194 0
160 184 34 108 6 1 194 0
139 188 103 105 2 0 136 0
128 215 212 184 13 0 0 1
85 1 255 85 15 0 0 1
221 6 182 101 4 0 219 0
129 133 88 22 11 0 0 1
117 93 116 245 11 0 0 1
128 128 255 128 5 1 127 0
84 71 210 212 7 0 65 0
2 255 170 1 1 0 3 0
254 1 0 254 8 0 0 1
3 221 242 76 12 0 0 1
125 3 201 132 7 1 205 0
153 163 131 163 3 0 187 0
125 229 15 230 11 0 0 1
207 209 95 229 1 1 254 0
112 238 4 191 9 1 0 1
112 238 4 191 9 1 0 1
112 238 4 191 9 1 0 1
134 220 152 247 6 0 211 0
134 220 152 247 6 0 211 0
134 220 152 247 6 0 211 0
134 220 152 247 6 0 211 0
162 66 106 82 7 1 160 0
65 57 147 235 14 1 0 1
158 97 126 28 10 0 0 1
34 74 51 6 3 1 106 0
0 1 1 1 14 0 0 1
7 151 183 226 6 1 190 0
34 247 106 206 5 0 221 0
31 63 35 185 7 1 58 0
193 63 103 43 0 1 146 0
235 20 223 49 15 1 0 1
235 20 223 49 15 1 0 1
235 20 223 49 15 1 0 1
2 255 255 255 8 0 0 1
254 128 1 1 2 0 128 0
170 255 254 2 2 0 170 0
196 173 153 209 6 0 126 0
1 85 0 128 0 0 214 0
108 243 237 159 12 0 0 1
92 191 132 22 10 0 0 1
92 191 132 22 10 0 0 1
16 64 232 154 5 0 239 0
71 56 175 228 12 1 0 1
65 35 122 165 10 1 0 1
65 35 122 165 10 1 0 1
65 35 122 165 10 1 0 1
65 35 122 165 10 1 0 1
1 1 170 0 0 1 172 0
61 102 232 106 6 1 37 0
61 102 232 106 6 1 37 0
61 102 232 106 6 1 37 0
61 102 232 106 6 1 37 0
136 226 206 38 8 1 0 1
169 255 61 96 4 0 86 0
62 189 163 133 2 1 60 0
170 1 0 255 14 0 0 1
153 117 245 129 4 0 236 0
97 37 152 101 2 0 33 0
85 254 254 0 0 0 81 0
1 254 1 254 5 0 254 0
217 70 216 72 6 1 177 0
84 237 224 66 0 1 99 0
119 16 16 5 0 1 156 0
119 16 16 5 0 1 156 0
119 16 16 5 0 1 156 0
4 34 54 204 8 0 0 1
2 2 254 85 15 1 0 1
217 67 46 154 11 1 0 1
201 252 53 170 13 0 0 1
201 252 53 170 13 0 0 1
121 254 74 40 2 1 120 0
129 230 149 110 3 0 231 0
129 230 149 110 3 0 231 0
129 230 149 110 3 0 231 0
129 230 149 110 3 0 231 0
255 170 85 254 0 0 252 0
203 176 157 252 6 1 104 0
149 236 187 228 7 0 32 0
5 56 150 242 9 0 0 1
5 56 150 242 9 0 0 1
5 56 150 242 9 0 0 1
5 56 150 242 9 0 0 1
5 56 150 242 9 0 0 1
60 244 144 70 2 1 52 0
54 63 172 245 11 0 0 1
91 67 125 188 14 0 0 1
58 60 28 229 14 0 0 1
0 254 255 254 0 1 251 0
221 247 246 229 9 0 0 1
71 32 132 248 7 0 227 0
85 1 1 0 1 0 84 0
236 161 239 31 8 0 0 1
155 208 27 24 0 1 158 0
210 242 100 15 5 1 45 0
254 1 85 1 5 0 1 0
14 52 153 1 14 1 0 1
38 151 67 143 1 0 143 0
0 85 85 128 10 0 0 1
206 219 26 227 9 1 0 1
59 152 15 179 4 0 163 0
197 44 55 132 12 1 0 1
85 2 85 85 0 1 1 0
245 106 234 197 8 0 0 1
4 248 121 251 8 1 0 1
158 18 104 231 7 0 255 0
189 149 199 79 3 1 189 0
189 149 199 79 3 1 189 0
85 0 2 128 5 0 170 0
191 114 81 132 11 0 0 1
97 115 192 156 4 1 18 0
55 228 153 199 2 1 36 0
128 170 85 1 14 1 0 1
128 170 85 1 14 1 0 1
128 170 85 1 14 1 0 1
128 170 85 1 14 1 0 1
128 170 85 1 14 1 0 1
2 128 255 170 8 0 0 1
65 149 2 157 9 1 0 1
167 169 206 131 11 1 0 1
1 255 85 0 0 1 85 0
16 121 168 40 12 0 0 1
1 2 128 1 0 0 132 0
90 27 163 3 12 1 0 1
85 170 170 128 8 0 0 1
85 170 170 128 8 0 0 1
85 170 170 128 8 0 0 1
85 170 170 128 8 0 0 1
8 82 95 201 11 0 0 1
15 53 86 51 11 1 0 1
128 254 1 128 10 0 0 1
128 254 1 128 10 0 0 1
139 109 91 155 9 0 0 1
128 1 254 128 8 0 0 1
128 1 0 0 10 1 0 1
57 165 57 5 11 1 0 1
57 165 57 5 11 1 0 1
81 111 152 71 12 1 0 1
2 85 254 0 5 0 253 0
86 53 34 23 1 0 33 0
87 254 125 220 13 1 0 1
87 254 125 220 13 1 0 1
87 254 125 220 13 1 0 1
87 254 125 220 13 1 0 1
170 254 0 255 5 0 85 0
176 107 62 191 11 0 0 1
139 85 190 132 14 1 0 1
162 106 9 55 14 1 0 1
164 84 157 248 0 1 141 0
58 55 61 12 5 1 197 0
235 217 177 38 5 1 20 0
255 128 1 1 10 0 0 1
104 213 195 93 6 1 43 0
156 236 234 34 15 0 0 1
85 183 189 247 5 0 170 0
196 122 194 119 12 1 0 1
0 85 2 254 15 0 0 1
255 2 128 254 14 0 0 1
185 192 20 13 3 1 249 0
223 206 161 224 12 1 0 1
172 106 154 88 9 0 0 1
172 106 154 88 9 0 0 1
136 10 199 182 11 1 0 1
136 10 199 182 11 1 0 1
136 10 199 182 11 1 0 1
136 10 199 182 11 1 0 1
81 247 245 25 7 0 86 0
81 247 245 25 7 0 86 0
81 247 245 25 7 0 86 0
81 247 245 25 7 0 86 0
81 247 245 25 7 0 86 0
74 154 246 167 12 1 0 1
143 76 204 254 14 0 0 1
19 193 28 143 11 1 0 1
19 193 28 143 11 1 0 1
19 193 28 143 11 1 0 1
19 193 28 143 11 1 0 1
241 20 200 235 13 0 0 1
147 213 240 80 9 0 0 1
54 167 89 186 3 1 183 0
128 128 170 255 1 1 0 1
38 109 78 85 12 1 0 1
1 1 2 255 10 0 0 1
74 6 223 199 10 0 0 1
149 82 72 252 9 0 0 1
115 55 255 139 13 0 0 1
93 198 201 53 3 0 223 0
128 170 170 255 10 1 0 1
128 170 170 255 10 1 0 1
128 170 170 255 10 1 0 1
128 170 170 255 10 1 0 1
124 189 78 103 7 1 238 0
119 155 195 111 9 1 0 1
119 155 195 111 9 1 0 1
119 155 195 111 9 1 0 1
119 155 195 111 9 1 0 1
91 164 145 152 1 1 183 0
87 32 183 154 13 1 0 1
170 255 1 0 1 0 171 0
177 57 77 177 6 1 254 0
23 87 63 129 2 1 23 0
128 0 255 1 5 0 127 0
110 39 253 135 7 0 25 0
110 39 253 135 7 0 25 0
110 39 253 135 7 0 25 0
110 39 253 135 7 0 25 0
37 3 185 98 13 1 0 1
92 159 153 190 7 0 82 0
75 241 141 119 3 0 251 0
75 241 141 119 3 0 251 0
75 241 141 119 3 0 251 0
128 254 170 254 2 0 128 0
214 158 44 106 3 0 222 0
214 158 44 106 3 0 222 0
214 158 44 106 3 0 222 0
214 158 44 106 3 0 222 0
214 158 44 106 3 0 222 0
20 100 207 207 12 1 0 1
2 1 2 128 8 1 0 1
99 210 166 128 11 0 0 1
99 210 166 128 11 0 0 1
99 210 166 128 11 0 0 1
99 210 166 128 11 0 0 1
99 210 166 128 11 0 0 1
156 77 250 124 11 1 0 1
172 148 20 12 11 0 0 1
172 148 20 12 11 0 0 1
233 16 164 207 14 0 0 1
229 25 41 167 7 0 206 0
211 149 173 148 7 0 169 0
254 0 85 85 2 1 0 1
79 87 240 81 2 1 71 0
215 21 124 180 14 1 0 1
255 255 254 170 1 0 0 1
220 63 106 231 3 0 255 0
1 254 1 1 10 0 0 1
19 176 190 124 10 0 0 1
245 122 225 107 15 1 0 1
254 170 2 128 8 0 0 1
78 14 66 34 9 1 0 1
175 192 230 196 1 0 239 0
173 247 162 136 8 1 0 1
255 255 170 2 15 1 0 1
254 170 85 128 1 0 84 0
254 170 85 128 1 0 84 0
254 170 85 128 1 0 84 0
254 170 85 128 1 0 84 0
221 221 144 181 8 1 0 1
221 221 144 181 8 1 0 1
221 221 144 181 8 1 0 1
0 255 255 170 8 0 0 1
0 255 255 170 8 0 0 1
0 255 255 170 8 0 0 1
10 11 116 108 6 0 119 0
71 107 55 68 9 1 0 1
220 4 11 98 5 1 35 0
144 248 31 213 14 0 0 1
144 248 31 213 14 0 0 1
144 248 31 213 14 0 0 1
144 248 31 213 14 0 0 1
255 2 170 128 5 0 0 1
1 170 1 255 5 1 254 0
76 138 242 142 10 0 0 1
177 154 94 52 3 0 187 0
103 27 145 117 6 0 144 0
1 85 128 128 5 1 254 0
2 2 170 0 8 0 0 1
165 138 167 255 8 0 0 1
166 246 73 245 12 0 0 1
54 9 249 2 1 1 45 0
215 74 191 53 1 1 141 0
121 219 86 189 6 1 207 0
164 66 68 2 1 1 98 0
177 50 124 206 9 1 0 1
193 154 215 245 9 1 0 1
2 254 85 170 5 1 253 0
16 102 235 158 8 1 0 1
22 42 20 7 3 0 62 0
66 58 218 73 8 1 0 1
0 255 1 0 2 1 0 1
235 11 191 20 11 1 0 1
44 21 81 156 14 0 0 1
221 139 118 31 4 0 86 0
170 128 1 1 2 0 128 0
128 1 2 2 5 0 127 0
170 0 128 170 1 1 170 0
38 209 94 179 7 0 8 0
1 143 117 39 3 0 143 0
1 143 117 39 3 0 143 0
1 143 117 39 3 0 143 0
1 143 117 39 3 0 143 0
1 143 117 39 3 0 143 0
170 2 254 128 5 0 85 0
170 2 254 128 5 0 85 0
204 123 253 115 13 0 0 1
255 170 255 85 8 0 0 1
2 255 1 2 15 1 0 1
85 128 85 2 10 0 0 1
170 2 170 128 5 0 85 0
169 24 12 4 7 1 209 0
255 0 255 254 14 0 0 1
255 0 255 254 14 0 0 1
24 0 190 141 1 0 24 0
75 241 92 12 4 1 186 0
75 177 5 156 2 1 1 0
78 130 219 96 0 0 11 0
78 130 219 96 0 0 11 0
78 130 219 96 0 0 11 0
78 130 219 96 0 0 11 0
78 130 219 96 0 0 11 0
11 125 140 78 2 1 9 0
255 255 128 170 2 0 255 0
85 124 121 52 11 0 0 1
30 37 19 45 7 0 131 0
46 148 154 174 7 1 10 0
249 246 90 247 5 1 6 0
249 246 90 247 5 1 6 0
249 246 90 247 5 1 6 0
131 236 248 139 13 0 0 1
80 18 62 80 1 0 62 0
85 128 255 254 8 1 0 1
254 1 85 254 5 1 1 0
185 234 91 116 7 1 114 0
155 247 109 20 1 0 164 0
155 247 109 20 1 0 164 0
155 247 109 20 1 0 164 0
41 71 212 95 13 1 0 1
54 125 112 250 15 0 0 1
229 134 240 163 9 1 0 1
105 4 172 104 10 0 0 1
41 235 137 63 10 1 0 1
254 128 170 1 1 0 126 0
85 170 85 2 0 0 86 0
2 128 2 85 10 0 0 1
188 255 118 76 13 1 0 1
188 255 118 76 13 1 0 1
47 68 190 68 1 0 235 0
93 110 240 253 13 0 0 1
88 183 249 173 15 1 0 1
128 85 0 255 1 1 43 0
128 85 0 255 1 1 43 0
128 85 0 255 1 1 43 0
128 85 0 255 1 1 43 0
141 62 179 252 3 0 191 0
141 62 179 252 3 0 191 0
141 62 179 252 3 0 191 0
141 62 179 252 3 0 191 0
141 62 179 252 3 0 191 0
128 2 254 128 2 0 0 1
20 190 73 195 0 1 222 0
20 190 73 195 0 1 222 0
20 190 73 195 0 1 222 0
20 190 73 195 0 1 222 0
189 119 203 150 3 1 255 0
1 1 170 85 0 0 1 0
7 221 251 14 13 1 0 1
130 49 116 236 7 1 19 0
117 214 7 194 12 0 0 1
0 85 2 85 5 0 255 0
128 85 0 128 14 0 0 1
128 85 0 128 14 0 0 1
128 85 0 128 14 0 0 1
128 85 0 128 14 0 0 1
128 85 0 128 14 0 0 1
0 170 0 85 1 0 86 0
0 85 85 128 14 0 0 1
132 99 125 71 10 1 0 1
226 220 169 126 1 1 6 0
109 243 129 142 12 1 0 1
27 103 199 251 2 0 3 0
85 170 128 1 0 0 128 0
158 106 5 14 5 0 97 0
16 254 127 60 15 0 0 1
194 48 198 220 9 0 0 1
170 255 255 0 15 0 0 1
170 255 255 0 15 0 0 1
170 255 255 0 15 0 0 1
170 255 255 0 15 0 0 1
170 170 2 85 15 1 0 1
9 131 227 223 15 0 0 1
88 33 165 12 3 0 121 0
203 121 186 216 5 0 52 0
1 2 0 170 0 1 173 0
1 2 0 170 0 1 173 0
1 2 0 170 0 1 173 0
1 2 0 170 0 1 173 0
24 209 244 245 5 0 231 0
178 89 78 69 9 1 0 1
165 190 79 191 6 0 125 0
1 128 254 1 1 1 129 0
5 84 101 126 14 1 0 1
5 84 101 126 14 1 0 1
186 22 117 117 4 0 172 0
71 93 194 145 15 0 0 1
103 219 92 255 8 0 0 1
1 0 255 128 5 1 254 0
51 90 10 70 9 0 0 1
246 123 254 76 15 1 0 1
224 235 140 190 6 1 108 0
2 170 255 2 10 0 0 1
254 0 0 170 8 1 0 1
25 251 39 253 15 0 0 1
40 177 83 106 1 1 119 0
111 109 186 253 9 0 0 1
128 128 170 170 0 0 84 0
110 87 32 149 3 1 127 0
216 76 161 125 13 1 0 1
216 76 161 125 13 1 0 1
216 76 161 125 13 1 0 1
245 119 168 199 4 1 130 0
245 119 168 199 4 1 130 0
245 119 168 199 4 1 130 0
245 119 168 199 4 1 130 0
245 119 168 199 4 1 130 0
2 170 1 2 2 0 2 0
133 31 193 195 13 1 0 1
255 255 128 128 0 0 254 0
219 46 148 5 4 1 245 0
144 200 42 29 8 1 0 1
144 200 42 29 8 1 0 1
144 200 42 29 8 1 0 1
144 200 42 29 8 1 0 1
144 200 42 29 8 1 0 1
136 89 42 248 0 0 3 0
45 53 240 130 4 1 24 0
74 87 117 114 9 1 0 1
198 216 230 226 6 1 172 0
100 212 209 134 14 0 0 1
98 12 168 28 1 1 86 0
152 156 234 197 12 1 0 1
48 156 32 15 15 1 0 1
34 13 65 211 8 1 0 1
228 138 220 117 14 0 0 1
68 128 240 148 6 0 20 0
128 85 2 1 14 0 0 1
33 157 100 201 8 1 0 1
33 157 100 201 8 1 0 1
28 32 165 219 1 1 252 0
28 32 165 219 1 1 252 0
28 32 165 219 1 1 252 0
28 32 165 219 1 1 252 0
255 254 128 128 15 0 0 1
168 86 4 130 11 1 0 1
223 224 135 156 3 0 255 0
0 2 170 170 2 1 0 1
4 3 179 48 10 0 0 1
157 229 74 22 8 1 0 1
138 62 114 81 2 1 10 0
143 75 144 4 0 0 110 0
143 75 144 4 0 0 110 0
143 75 144 4 0 0 110 0
143 75 144 4 0 0 110 0
192 133 247 185 3 1 197 0
183 8 49 165 14 1 0 1
198 27 232 175 15 0 0 1
12 162 122 154 4 0 174 0
1 255 0 2 1 0 2 0
145 130 208 92 5 1 110 0
247 203 159 47 6 1 150 0
247 203 159 47 6 1 150 0
247 203 159 47 6 1 150 0
247 203 159 47 6 1 150 0
28 24 181 68 15 0 0 1
81 252 237 142 14 0 0 1
32 139 96 35 10 1 0 1
164 70 46 250 4 0 226 0
139 96 1 83 14 0 0 1
136 49 36 177 14 0 0 1
167 150 153 113 10 0 0 1
254 255 1 1 5 1 1 0
65 12 46 150 2 0 0 1
2 85 255 170 2 1 0 1
196 87 198 222 1 0 109 0
92 182 249 200 2 0 20 0
92 206 234 226 7 1 246 0
92 206 234 226 7 1 246 0
92 206 234 226 7 1 246 0
85 255 2 170 2 0 85 0
241 0 238 66 3 1 241 0
109 25 84 217 9 0 0 1
159 68 96 178 14 1 0 1
175 170 126 161 3 1 175 0
110 209 214 214 12 0 0 1
133 50 163 46 2 1 0 1
251 33 68 136 5 0 4 0
144 174 194 161 3 1 190 0
246 97 11 156 14 1 0 1
85 85 85 255 15 0 0 1
150 83 13 37 14 0 0 1
237 209 85 218 10 0 0 1
237 209 85 218 10 0 0 1
237 209 85 218 10 0 0 1
237 209 85 218 10 0 0 1
237 209 85 218 10 0 0 1
128 85 1 0 2 1 0 1
59 149 200 187 1 0 166 0
35 49 216 139 8 1 0 1
35 49 216 139 8 1 0 1
35 49 216 139 8 1 0 1
35 49 216 139 8 1 0 1
35 49 216 139 8 1 0 1
41 35 136 50 11 0 0 1
41 35 136 50 11 0 0 1
98 123 226 238 0 1 173 0
0 1 1 170 10 0 0 1
198 175 148 146 0 0 155 0
94 241 135 208 13 1 0 1
213 4 164 153 13 1 0 1
85 170 255 2 2 1 0 1
133 245 56 215 3 0 245 0
56 60 10 78 2 0 56 0
244 224 125 102 15 1 0 1
244 224 125 102 15 1 0 1
244 224 125 102 15 1 0 1
244 224 125 102 15 1 0 1
71 150 69 159 15 1 0 1
40 182 213 189 0 1 112 0
55 64 233 95 8 0 0 1
128 254 85 2 2 1 128 0
116 194 183 193 8 1 0 1
121 221 120 75 1 1 156 0
254 255 128 255 8 1 0 1
1 170 255 254 5 0 254 0
1 170 255 254 5 0 254 0
1 170 255 254 5 0 254 0
237 135 48 238 6 1 29 0
200 67 215 212 8 1 0 1
200 67 215 212 8 1 0 1
200 67 215 212 8 1 0 1
200 67 215 212 8 1 0 1
200 67 215 212 8 1 0 1
21 208 16 156 8 1 0 1
56 238 218 101 3 1 254 0
1 2 2 255 8 0 0 1
85 254 255 1 15 0 0 1
1 128 0 2 10 0 0 1
1 128 0 2 10 0 0 1
1 128 0 2 10 0 0 1
1 128 0 2 10 0 0 1
1 128 0 2 10 0 0 1
207 47 180 241 1 0 160 0
161 123 108 203 3 0 251 0
40 194 179 199 1 1 102 0
252 106 177 118 12 1 0 1
252 106 177 118 12 1 0 1
252 106 177 118 12 1 0 1
252 106 177 118 12 1 0 1
252 106 177 118 12 1 0 1
136 26 165 163 5 1 119 0
136 26 165 163 5 1 119 0
136 26 165 163 5 1 119 0
64 4 45 245 12 0 0 1
231 54 155 50 0 1 234 0
231 54 155 50 0 1 234 0
231 54 155 50 0 1 234 0
231 54 155 50 0 1 234 0
231 54 155 50 0 1 234 0
0 2 0 128 15 0 0 1
0 2 0 128 15 0 0 1
0 2 0 128 15 0 0 1
85 254 1 170 1 0 87 0
0 255 0 2 10 0 0 1
0 255 255 254 15 0 0 1
244 99 63 237 5 0 11 0
7 112 44 127 6 0 239 0
117 187 94 49 9 0 0 1
152 24 52 240 12 1 0 1
235 148 1 239 2 1 128 0
183 56 98 76 15 1 0 1
161 145 166 31 2 0 129 0
0 1 255 2 2 0 0 1
17 28 27 96 4 1 13 0
67 177 173 50 15 0 0 1
0 170 1 254 1 0 86 0
197 232 29 5 7 1 207 0
234 120 133 247 2 1 104 0
99 85 230 213 6 1 73 0
27 123 120 237 12 1 0 1
31 247 234 190 13 0 0 1
0 0 255 2 10 0 0 1
221 180 20 30 3 0 253 0
221 180 20 30 3 0 253 0
221 180 20 30 3 0 253 0
221 180 20 30 3 0 253 0
221 180 20 30 3 0 253 0
215 250 3 209 14 1 0 1
170 126 75 255 14 0 0 1
74 24 235 94 3 1 90 0
245 139 1 53 1 1 106 0
1 254 254 254 10 0 0 1
255 254 255 254 14 0 0 1
1 254 170 85 14 1 0 1
187 36 52 163 4 0 159 0
219 137 199 77 11 0 0 1
0 128 128 254 5 0 255 0
0 128 128 254 5 0 255 0
0 128 128 254 5 0 255 0
0 128 128 254 5 0 255 0
0 128 128 254 5 0 255 0
28 249 229 62 5 0 227 0
255 37 246 143 1 1 218 0
180 107 176 62 7 1 13 0
4 108 35 204 13 1 0 1
85 85 128 1 8 0 0 1
85 254 2 254 10 0 0 1
127 88 126 133 2 1 88 0
224 7 160 217 2 1 0 1
1 254 1 85 5 0 254 0
144 105 59 57 8 0 0 1
147 74 91 13 3 0 219 0
170 85 254 255 5 0 85 0
150 223 28 37 9 1 0 1
170 170 1 255 2 1 170 0
170 170 1 255 2 1 170 0
170 170 1 255 2 1 170 0
170 170 1 255 2 1 170 0
170 170 1 255 2 1 170 0
85 128 128 1 14 0 0 1
255 255 170 2 15 0 0 1
1 2 128 170 2 0 0 1
170 128 1 255 5 0 85 0
72 74 110 231 13 0 0 1
254 85 254 128 15 0 0 1
255 85 85 255 0 1 168 0
170 128 254 255 5 0 85 0
170 128 254 255 5 0 85 0
170 128 254 255 5 0 85 0
170 128 254 255 5 0 85 0
170 128 254 255 5 0 85 0
131 1 112 182 15 0 0 1
254 85 1 128 5 1 1 0
1 128 254 1 1 1 129 0
203 251 18 181 3 0 251 0
203 251 18 181 3 0 251 0
203 251 18 181 3 0 251 0
203 251 18 181 3 0 251 0
255 47 30 0 5 0 0 1
2 34 207 227 1 0 224 0
162 250 212 45 8 1 0 1
87 125 145 177 6 0 46 0
208 149 47 187 2 1 144 0
128 254 128 0 8 0 0 1
128 254 128 0 8 0 0 1
124 224 69 238 9 0 0 1
186 142 202 153 1 1 44 0
59 52 208 240 8 0 0 1
255 246 162 6 4 0 9 0
52 230 188 205 0 0 163 0
252 175 72 50 5 1 3 0
201 78 91 117 1 1 123 0
214 199 245 189 0 1 79 0
142 13 108 254 5 0 113 0
94 213 30 162 3 0 223 0
170 128 0 1 0 0 43 0
13 216 252 82 8 0 0 1
159 27 40 225 15 0 0 1
146 9 152 17 10 0 0 1
1 128 128 128 0 1 129 0
93 135 4 116 12 0 0 1
164 10 91 204 13 1 0 1
35 62 253 217 0 0 55 0
95 230 213 114 15 1 0 1
126 186 6 67 2 1 58 0
141 206 94 222 13 0 0 1
203 2 173 84 13 1 0 1
85 254 254 128 10 0 0 1
85 254 254 128 10 0 0 1
85 254 254 128 10 0 0 1
85 254 254 128 10 0 0 1
1 0 0 85 15 1 0 1
148 209 104 146 4 0 69 0
75 133 25 195 5 0 180 0
75 133 25 195 5 0 180 0
75 133 25 195 5 0 180 0
24 70 144 110 12 0 0 1
24 70 144 110 12 0 0 1
24 70 144 110 12 0 0 1
24 70 144 110 12 0 0 1
154 54 145 181 14 1 0 1
128 255 128 1 1 0 129 0
76 76 211 114 6 0 190 0
255 2 85 0 5 1 0 1
92 21 101 145 4 1 73 0
235 233 19 45 6 0 22 0
235 233 19 45 6 0 22 0
254 1 2 0 2 1 0 1
231 41 134 195 8 0 0 1
128 254 2 170 15 1 0 1
34 93 201 94 12 0 0 1
124 241 26 94 1 1 139 0
51 229 98 102 11 1 0 1
0 170 170 254 14 0 0 1
255 255 0 128 1 1 0 1
9 233 9 0 7 1 251 0
173 198 85 193 11 1 0 1
254 170 170 255 0 0 81 0
254 170 170 255 0 0 81 0
254 170 170 255 0 0 81 0
254 170 170 255 0 0 81 0
254 170 170 255 0 0 81 0
216 156 161 20 1 0 60 0
216 156 161 20 1 0 60 0
216 156 161 20 1 0 60 0
216 156 161 20 1 0 60 0
216 156 161 20 1 0 60 0
85 0 0 170 5 0 170 0
85 0 0 170 5 0 170 0
11 228 73 104 5 0 244 0
104 37 79 208 3 0 109 0
104 37 79 208 3 0 109 0
104 37 79 208 3 0 109 0
104 37 79 208 3 0 109 0
104 37 79 208 3 0 109 0
67 34 84 123 6 0 157 0
2 80 102 252 8 0 0 1
36 4 255 203 15 0 0 1
167 219 184 165 3 1 255 0
44 189 223 127 2 0 44 0
128 255 1 2 0 0 130 0
85 81 55 102 6 0 183 0
175 165 99 159 2 1 165 0
108 227 159 111 15 1 0 1
0 1 2 254 5 0 255 0
1 255 170 170 10 0 0 1
50 183 51 188 12 0 0 1
205 27 111 12 3 1 223 0
117 202 55 10 13 0 0 1
4 22 86 22 11 0 0 1
102 47 207 96 9 0 0 1
56 1 99 219 6 1 155 0
56 1 99 219 6 1 155 0
56 1 99 219 6 1 155 0
56 1 99 219 6 1 155 0
2 1 128 255 1 1 1 0
143 188 69 108 1 1 211 0
128 170 254 254 10 0 0 1
243 117 203 255 14 1 0 1
178 243 99 218 1 1 191 0
255 85 170 128 15 0 0 1
224 145 49 253 13 1 0 1
40 93 204 17 11 1 0 1
1 2 170 2 8 1 0 1
244 152 77 215 15 1 0 1
135 101 126 171 12 1 0 1
231 248 74 1 13 1 0 1
249 62 84 44 8 0 0 1
170 1 2 170 8 0 0 1
162 142 211 79 8 0 0 1
151 227 23 209 13 1 0 1
255 1 170 1 2 0 1 0
198 178 18 204 12 0 0 1
198 189 165 137 0 0 177 0
218 223 235 69 6 1 197 0
70 0 249 32 3 0 70 0
70 0 249 32 3 0 70 0
70 0 249 32 3 0 70 0
70 0 249 32 3 0 70 0
70 0 249 32 3 0 70 0
170 254 85 1 8 0 0 1
2 254 254 2 8 0 0 1
85 255 170 85 0 0 83 0
85 2 2 85 0 0 174 0
220 19 95 43 8 0 0 1
129 251 169 50 6 0 45 0
0 18 159 132 15 1 0 1
155 55 136 100 9 1 0 1
90 139 87 158 12 0 0 1
255 0 1 128 8 0 0 1
170 128 128 2 1 1 42 0
34 89 70 157 10 0 0 1
170 170 85 0 1 0 0 1
1 255 255 1 10 1 0 1
1 128 128 170 2 0 0 1
2 254 170 128 0 1 42 0
148 242 193 110 14 1 0 1
148 242 193 110 14 1 0 1
148 242 193 110 14 1 0 1
148 242 193 110 14 1 0 1
42 217 18 170 12 1 0 1
85 255 128 255 10 1 0 1
85 255 128 255 10 1 0 1
85 255 128 255 10 1 0 1
85 255 128 255 10 1 0 1
127 253 170 2 2 0 125 0
2 1 0 1 14 0 0 1
1 85 128 85 15 0 0 1
254 85 254 85 0 0 166 0
254 85 254 85 0 0 166 0
254 85 254 85 0 0 166 0
178 116 24 147 12 1 0 1
255 1 254 2 2 0 1 0
84 237 57 33 12 0 0 1
170 255 170 2 14 0 0 1
170 1 128 170 15 0 0 1
64 98 160 85 2 0 64 0
83 200 167 57 8 0 0 1
140 101 72 4 8 0 0 1
128 128 255 128 1 0 0 1
128 128 255 128 1 0 0 1
128 128 255 128 1 0 0 1
202 13 129 165 2 1 8 0
255 254 128 255 5 1 0 1
218 241 219 250 8 1 0 1
85 0 0 0 8 0 0 1
30 247 228 205 10 0 0 1
30 247 228 205 10 0 0 1
117 104 15 94 3 0 125 0
77 199 27 80 11 0 0 1
96 90 32 50 6 0 140 0
128 254 255 85 8 0 0 1
2 170 0 254 1 0 88 0
255 0 128 254 10 0 0 1
255 0 128 254 10 0 0 1
255 0 128 254 10 0 0 1
255 0 128 254 10 0 0 1
255 0 128 254 10 0 0 1
123 152 176 227 9 1 0 1
235 155 10 231 9 0 0 1
250 181 11 205 9 0 0 1
128 128 2 2 8 1 0 1
85 0 85 128 14 0 0 1
162 166 214 189 5 0 93 0
162 166 214 189 5 0 93 0
162 166 214 189 5 0 93 0
162 166 214 189 5 0 93 0
162 166 214 189 5 0 93 0
0 1 255 0 8 1 0 1
2 1 128 0 8 1 0 1
162 167 60 88 4 0 5 0
201 57 92 125 4 0 240 0
254 128 170 2 10 0 0 1
85 128 2 85 10 0 0 1
13 174 123 50 4 0 163 0
255 254 170 2 2 0 254 0
0 85 2 2 0 1 89 0
69 46 182 107 14 0 0 1
69 46 182 107 14 0 0 1
69 46 182 107 14 0 0 1
69 46 182 107 14 0 0 1
69 46 182 107 14 0 0 1
211 140 164 198 12 0 0 1
133 66 163 18 2 0 0 1
170 1 254 170 10 0 0 1
215 163 129 181 11 1 0 1
67 149 52 116 0 0 128 0
67 149 52 116 0 0 128 0
2 125 192 194 6 1 194 0
2 125 192 194 6 1 194 0
2 125 192 194 6 1 194 0
131 147 77 114 12 1 0 1
1 1 85 85 15 0 0 1
0 1 254 2 1 0 255 0
128 128 0 128 0 0 128 0
170 128 1 255 5 0 85 0
169 205 173 244 12 1 0 1
254 2 1 2 10 0 0 1
0 170 255 170 5 1 255 0
0 255 255 170 8 0 0 1
60 203 225 218 0 0 194 0
238 181 229 167 1 0 57 0
33 153 162 145 15 1 0 1
227 136 246 216 8 0 0 1
134 153 86 2 7 0 119 0
0 170 255 85 8 0 0 1
207 181 171 236 10 0 0 1
207 181 171 236 10 0 0 1
83 162 223 149 8 0 0 1
254 0 128 254 15 0 0 1
255 2 128 255 5 0 0 1
141 54 125 149 8 1 0 1
108 113 108 240 4 0 29 0
202 172 71 13 11 0 0 1
92 24 206 210 15 0 0 1
155 98 28 4 7 1 29 0
0 170 254 0 15 1 0 1
128 85 254 254 10 0 0 1
32 167 124 182 5 0 223 0
254 0 2 128 1 0 254 0
26 17 190 229 3 0 27 0
105 58 131 7 12 0 0 1
128 254 128 170 8 0 0 1
128 254 128 170 8 0 0 1
