# x sel a b result
0 0 0 0 0
1 1 255 255 255
0 1 119 223 255
0 0 239 190 255
1 0 222 125 92
1 1 188 251 184
1 1 121 247 113
0 1 243 238 255
1 0 231 221 197
1 1 206 187 138
0 1 157 119 255
0 0 59 239 255
0 0 118 222 254
1 0 236 188 172
1 1 216 121 88
1 1 177 243 177
1 1 99 231 99
0 1 199 206 207
1 0 143 157 141
1 1 30 59 26
0 1 61 118 127
1 0 123 236 104
1 1 246 216 208
0 1 237 177 253
0 0 219 99 251
0 0 182 199 247
0 0 108 143 239
0 0 216 30 222
0 0 176 61 189
0 0 96 123 123
0 0 192 246 246
0 0 128 237 237
1 0 0 219 0
0 1 0 182 182
1 0 1 108 0
0 1 2 216 218
1 0 5 176 0
1 1 10 96 0
0 1 21 192 213
1 0 43 128 0
1 1 86 0 0
0 1 173 0 173
1 0 91 1 1
0 1 182 2 182
0 0 109 5 109
1 0 218 10 10
0 1 180 21 181
0 0 105 43 107
1 0 210 86 82
1 1 164 173 164
1 1 73 91 73
1 1 147 182 146
0 1 39 109 111
0 0 79 218 223
0 0 158 180 190
0 0 60 105 125
1 0 120 210 80
1 1 240 164 160
1 1 225 73 65
1 1 195 147 131
0 1 135 39 167
0 0 15 79 79
1 0 30 158 30
1 1 60 60 60
0 1 121 120 121
1 0 243 240 240
0 1 230 225 231
0 0 205 195 207
1 0 154 135 130
0 1 52 15 63
0 0 105 30 127
0 0 210 60 254
0 0 164 121 253
1 0 72 243 64
0 1 144 230 246
1 0 33 205 1
1 1 66 154 2
1 1 133 52 4
1 1 11 105 9
1 1 23 210 18
0 1 47 164 175
1 0 95 72 72
0 1 190 144 190
0 0 125 33 125
1 0 250 66 66
0 1 244 133 245
1 0 233 11 9
0 1 210 23 215
0 0 165 47 175
1 0 74 95 74
1 1 148 190 148
1 1 41 125 41
0 1 83 250 251
1 0 167 244 164
0 1 78 233 239
1 0 157 210 144
1 1 58 165 32
0 1 117 74 127
0 0 235 148 255
1 0 214 41 0
1 1 172 83 0
1 1 89 167 1
0 1 179 78 255
0 0 103 157 255
0 0 206 58 254
1 0 156 117 20
0 1 56 235 251
0 0 113 214 247
0 0 226 172 238
1 0 196 89 64
0 1 136 179 187
1 0 17 103 1
0 1 34 206 238
1 0 69 156 4
1 1 138 56 8
1 1 21 113 17
1 1 43 226 34
1 1 87 196 68
0 1 175 136 175
1 0 95 17 17
1 1 190 34 34
0 1 125 69 125
1 0 251 138 138
1 1 246 21 20
0 1 237 43 239
0 0 219 87 223
0 0 182 175 191
0 0 108 95 127
1 0 216 190 152
1 1 176 125 48
0 1 97 251 251
1 0 195 246 194
0 1 134 237 239
1 0 13 219 9
1 1 26 182 18
1 1 53 108 36
1 1 107 216 72
0 1 215 176 247
0 0 175 97 239
1 0 94 195 66
1 1 188 134 132
0 1 121 13 125
0 0 243 26 251
1 0 230 53 36
0 1 204 107 239
1 0 153 215 145
0 1 50 175 191
0 0 101 94 127
1 0 202 188 136
0 1 148 121 253
0 0 41 243 251
0 0 82 230 246
1 0 164 204 132
0 1 72 153 217
0 0 145 50 179
0 0 34 101 103
1 0 68 202 64
0 1 136 148 156
0 0 17 41 57
0 0 34 82 114
1 0 68 164 4
1 1 136 72 8
1 1 17 145 17
1 1 35 34 34
0 1 71 68 71
1 0 143 136 136
0 1 30 17 31
1 0 61 34 32
0 1 122 68 126
1 0 245 136 128
0 1 234 17 251
0 0 213 35 247
1 0 170 71 2
1 1 84 143 4
1 1 169 30 8
1 1 83 61 17
0 1 167 122 255
0 0 79 245 255
1 0 158 234 138
1 1 60 213 20
1 1 121 170 40
0 1 243 84 247
0 0 231 169 239
1 0 206 83 66
1 1 156 167 132
1 1 57 79 9
0 1 115 158 255
0 0 231 60 255
1 0 206 121 72
0 1 156 243 255
1 0 57 231 33
0 1 114 206 254
0 0 229 156 253
1 0 202 57 8
1 1 148 115 16
0 1 41 231 239
0 0 83 206 223
0 0 166 156 190
0 0 76 57 125
1 0 152 114 16
0 1 48 229 245
1 0 97 202 64
0 1 194 148 214
1 0 133 41 1
0 1 10 83 91
1 0 21 166 4
1 1 42 76 8
0 1 85 152 221
1 0 171 48 32
1 1 86 97 64
0 1 173 194 239
0 0 91 133 223
0 0 182 10 190
0 0 108 21 125
0 0 216 42 250
0 0 176 85 245
0 0 96 171 235
1 0 192 86 64
1 1 128 173 128
0 1 1 91 91
0 0 3 182 183
1 0 6 108 4
0 1 12 216 220
0 0 25 176 185
0 0 50 96 114
0 0 100 192 228
1 0 200 128 128
0 1 144 1 145
0 0 33 3 35
0 0 66 6 70
1 0 132 12 4
1 1 8 25 8
0 1 17 50 51
0 0 35 100 103
0 0 70 200 206
1 0 140 144 128
1 1 24 33 0
1 1 49 66 0
1 1 99 132 0
1 1 199 8 0
0 1 143 17 159
0 0 31 35 63
0 0 62 70 126
1 0 124 140 12
1 1 248 24 24
0 1 241 49 241
1 0 227 99 99
1 1 198 199 198
1 1 141 143 141
1 1 27 31 27
1 1 55 62 54
0 1 111 124 127
0 0 223 248 255
0 0 190 241 255
0 0 124 227 255
0 0 248 198 254
0 0 240 141 253
1 0 224 27 0
1 1 192 55 0
1 1 129 111 1
1 1 3 223 3
1 1 7 190 6
1 1 15 124 12
1 1 31 248 24
0 1 63 240 255
0 0 127 224 255
1 0 254 192 192
0 1 252 129 253
1 0 249 3 1
1 1 242 7 2
0 1 229 15 239
1 0 203 31 11
0 1 150 63 191
1 0 45 127 45
1 1 90 254 90
1 1 181 252 180
1 1 107 249 105
0 1 215 242 247
0 0 175 229 239
0 0 94 203 223
0 0 188 150 190
0 0 120 45 125
0 0 240 90 250
1 0 224 181 160
0 1 192 107 235
0 0 129 215 215
0 0 2 175 175
0 0 4 94 94
1 0 8 188 8
0 1 16 120 120
1 0 33 240 32
1 1 66 224 64
1 1 133 192 128
0 1 11 129 139
0 0 23 2 23
0 0 46 4 46
1 0 92 8 8
0 1 184 16 184
1 0 113 33 33
1 1 226 66 66
1 1 197 133 133
1 1 139 11 11
0 1 23 23 23
0 0 47 46 47
0 0 94 92 94
0 0 188 184 188
1 0 120 113 112
0 1 240 226 242
0 0 225 197 229
0 0 194 139 203
1 0 132 23 4
1 1 8 47 8
1 1 17 94 16
1 1 35 188 32
1 1 71 120 64
1 1 143 240 128
0 1 31 225 255
1 0 63 194 2
0 1 126 132 254
1 0 253 8 8
1 1 250 17 16
1 1 245 35 33
0 1 235 71 239
1 0 215 143 135
0 1 174 31 191
1 0 93 63 29
1 1 186 126 58
0 1 117 253 253
1 0 235 250 234
1 1 214 245 212
1 1 173 235 169
1 1 91 215 83
0 1 183 174 191
1 0 111 93 77
0 1 222 186 254
0 0 189 117 253
1 0 122 235 106
0 1 244 214 246
0 0 233 173 237
1 0 210 91 82
1 1 164 183 164
1 1 73 111 73
0 1 147 222 223
1 0 39 189 37
0 1 78 122 126
1 0 157 244 148
0 1 58 233 251
1 0 117 210 80
0 1 234 164 238
0 0 213 73 221
1 0 170 147 130
1 1 84 39 4
0 1 169 78 239
1 0 83 157 17
1 1 166 58 34
0 1 77 117 125
1 0 155 234 138
0 1 54 213 247
1 0 109 170 40
1 1 218 84 80
1 1 181 169 161
0 1 107 83 123
1 0 215 166 134
1 1 174 77 12
0 1 93 155 223
1 0 187 54 50
1 1 118 109 100
1 1 237 218 200
1 1 219 181 145
1 1 183 107 35
0 1 111 215 255
0 0 223 174 255
0 0 190 93 255
0 0 124 187 255
0 0 248 118 254
0 0 240 237 253
1 0 224 219 192
0 1 192 183 247
0 0 129 111 239
1 0 2 223 2
0 1 4 190 190
0 0 9 124 125
0 0 18 248 250
1 0 36 240 32
0 1 72 224 232
1 0 145 192 128
0 1 34 129 163
0 0 69 2 71
0 0 138 4 142
1 0 20 9 0
1 1 40 18 0
0 1 81 36 117
0 0 163 72 235
0 0 70 145 215
1 0 140 34 0
0 1 24 69 93
1 0 49 138 0
0 1 98 20 118
1 0 197 40 0
0 1 138 81 219
0 0 21 163 183
0 0 42 70 110
0 0 84 140 220
0 0 168 24 184
0 0 80 49 113
1 0 160 98 32
1 1 64 197 64
1 1 129 138 128
1 1 3 21 1
0 1 7 42 47
1 0 15 84 4
1 1 30 168 8
1 1 61 80 16
0 1 123 160 251
1 0 247 64 64
0 1 238 129 239
0 0 221 3 223
1 0 186 7 2
0 1 116 15 127
1 0 233 30 8
0 1 210 61 255
0 0 165 123 255
1 0 74 247 66
1 1 148 238 132
0 1 41 221 253
1 0 83 186 18
0 1 166 116 246
0 0 77 233 237
0 0 154 210 218
1 0 52 165 36
1 1 104 74 72
0 1 209 148 213
0 0 163 41 171
1 0 70 83 66
0 1 140 166 174
1 0 25 77 9
0 1 50 154 186
0 0 101 52 117
1 0 202 104 72
1 1 148 209 144
1 1 41 163 33
1 1 83 70 66
1 1 167 140 132
1 1 79 25 9
0 1 159 50 191
0 0 63 101 127
1 0 126 202 74
0 1 252 148 252
1 0 249 41 41
0 1 242 83 243
1 0 229 167 165
1 1 202 79 74
1 1 149 159 149
0 1 43 63 63
0 0 87 126 127
0 0 174 252 254
0 0 92 249 253
0 0 184 242 250
0 0 112 229 245
0 0 224 202 234
1 0 192 149 128
1 1 128 43 0
0 1 1 87 87
0 0 3 174 175
1 0 6 92 4
1 1 12 184 8
0 1 25 112 121
0 0 51 224 243
1 0 102 192 64
1 1 204 128 128
0 1 153 1 153
0 0 51 3 51
0 0 102 6 102
0 0 204 12 204
0 0 152 25 153
1 0 48 51 48
1 1 96 102 96
0 1 193 204 205
0 0 131 153 155
0 0 6 51 55
1 0 12 102 4
1 1 24 204 8
0 1 49 152 185
1 0 99 48 32
0 1 198 96 230
1 0 141 193 129
0 1 26 131 155
0 0 53 6 55
0 0 106 12 110
0 0 212 24 220
1 0 168 49 32
0 1 80 99 115
0 0 161 198 231
1 0 66 141 0
1 1 132 26 0
0 1 9 53 61
0 0 19 106 123
0 0 38 212 246
1 0 76 168 8
1 1 152 80 16
1 1 49 161 33
1 1 99 66 66
1 1 199 132 132
1 1 143 9 9
0 1 31 19 31
0 0 63 38 63
0 0 126 76 126
0 0 252 152 252
1 0 248 49 48
1 1 240 99 96
0 1 225 199 231
1 0 195 143 131
1 1 134 31 6
1 1 13 63 13
0 1 27 126 127
1 0 55 252 52
0 1 110 248 254
0 0 221 240 253
0 0 186 225 251
0 0 116 195 247
1 0 232 134 128
0 1 208 13 221
1 0 161 27 1
0 1 66 55 119
0 0 133 110 239
0 0 10 221 223
1 0 20 186 16
1 1 40 116 32
0 1 81 232 249
1 0 163 208 128
1 1 70 161 0
0 1 141 66 207
0 0 27 133 159
0 0 54 10 62
0 0 108 20 124
0 0 216 40 248
0 0 176 81 241
1 0 96 163 32
1 1 192 70 64
0 1 129 141 141
0 0 3 27 27
1 0 6 54 6
0 1 12 108 108
0 0 25 216 217
0 0 50 176 178
1 0 100 96 96
1 1 200 192 192
1 1 145 129 129
1 1 35 3 3
1 1 71 6 6
0 1 143 12 143
0 0 31 25 31
0 0 62 50 62
0 0 124 100 124
1 0 248 200 200
1 1 240 145 144
0 1 225 35 227
1 0 195 71 67
0 1 134 143 143
1 0 13 31 13
0 1 26 62 62
0 0 53 124 125
1 0 106 248 104
0 1 212 240 244
1 0 169 225 161
1 1 82 195 66
0 1 165 134 167
0 0 75 13 79
1 0 150 26 18
1 1 44 53 36
0 1 89 106 123
0 0 179 212 247
0 0 102 169 239
1 0 204 82 64
1 1 152 165 128
0 1 49 75 123
0 0 99 150 247
0 0 198 44 238
1 0 140 89 8
1 1 24 179 16
1 1 49 102 32
0 1 99 204 239
1 0 199 152 128
1 1 142 49 0
1 1 29 99 1
0 1 59 198 255
1 0 119 140 4
1 1 238 24 8
0 1 221 49 253
0 0 187 99 251
1 0 118 199 70
1 1 236 142 140
0 1 217 29 221
1 0 179 59 51
0 1 102 119 119
0 0 205 238 239
0 0 154 221 223
1 0 52 187 48
1 1 104 118 96
0 1 209 236 253
1 0 163 217 129
1 1 70 179 2
1 1 141 102 4
0 1 27 205 223
0 0 55 154 191
0 0 110 52 126
0 0 220 104 252
0 0 184 209 249
1 0 112 163 32
0 1 224 70 230
0 0 193 141 205
1 0 130 27 2
1 1 4 55 4
1 1 9 110 8
1 1 19 220 16
0 1 39 184 191
0 0 79 112 127
0 0 158 224 254
1 0 60 193 0
1 1 120 130 0
1 1 241 4 0
0 1 227 9 235
1 0 199 19 3
1 1 142 39 6
1 1 29 79 13
1 1 59 158 26
0 1 119 60 127
1 0 239 120 104
1 1 222 241 208
1 1 189 227 161
0 1 123 199 255
1 0 247 142 134
0 1 238 29 255
1 0 221 59 25
1 1 186 119 50
1 1 117 239 101
1 1 235 222 202
0 1 215 189 255
1 0 175 123 43
1 1 94 247 86
0 1 189 238 255
0 0 123 221 255
1 0 246 186 178
0 1 236 117 253
1 0 217 235 201
1 1 178 215 146
0 1 101 175 239
0 0 203 94 223
0 0 150 189 191
1 0 44 123 40
1 1 88 246 80
0 1 177 236 253
0 0 99 217 251
1 0 198 178 130
0 1 140 101 237
1 0 25 203 9
1 1 50 150 18
0 1 101 44 109
0 0 203 88 219
1 0 150 177 144
1 1 44 99 32
0 1 89 198 223
1 0 179 140 128
0 1 102 25 127
0 0 205 50 255
1 0 154 101 0
1 1 52 203 0
0 1 105 150 255
0 0 211 44 255
0 0 166 89 255
1 0 76 179 0
1 1 152 102 0
1 1 49 205 1
0 1 99 154 251
0 0 199 52 247
1 0 142 105 8
0 1 28 211 223
1 0 57 166 32
0 1 114 76 126
1 0 229 152 128
1 1 202 49 0
0 1 149 99 247
1 0 43 199 3
1 1 86 142 6
1 1 173 28 12
1 1 91 57 25
0 1 183 114 247
1 0 111 229 101
1 1 222 202 202
0 1 189 149 189
1 0 123 43 43
0 1 246 86 246
1 0 237 173 173
0 1 218 91 219
1 0 181 183 181
1 1 106 111 106
0 1 213 222 223
1 0 171 189 169
0 1 86 123 127
0 0 173 246 255
0 0 90 237 255
1 0 180 218 144
1 1 104 181 32
1 1 209 106 64
0 1 163 213 247
0 0 71 171 239
1 0 142 86 6
1 1 28 173 12
0 1 57 90 123
1 0 115 180 48
0 1 230 104 238
0 0 205 209 221
0 0 154 163 187
0 0 52 71 119
0 0 104 142 238
1 0 208 28 16
1 1 160 57 32
0 1 65 115 115
1 0 131 230 130
1 1 6 205 4
1 1 13 154 8
0 1 27 52 63
0 0 55 104 127
1 0 110 208 64
1 1 220 160 128
1 1 185 65 1
1 1 115 131 3
1 1 231 6 6
1 1 207 13 13
0 1 159 27 159
1 0 63 55 55
0 1 126 110 126
1 0 253 220 220
0 1 250 185 251
0 0 245 115 247
1 0 234 231 226
1 1 212 207 196
1 1 169 159 137
0 1 83 63 127
0 0 167 126 255
1 0 78 253 76
1 1 156 250 152
1 1 57 245 49
0 1 115 234 251
1 0 231 212 196
0 1 206 169 239
0 0 157 83 223
0 0 58 167 191
0 0 116 78 126
1 0 232 156 136
1 1 208 57 16
1 1 161 115 33
0 1 67 231 231
1 0 135 206 134
0 1 14 157 159
0 0 29 58 63
1 0 58 116 48
1 1 116 232 96
0 1 233 208 249
1 0 211 161 129
0 1 166 67 231
1 0 77 135 5
1 1 154 14 10
1 1 53 29 21
0 1 107 58 123
1 0 215 116 84
0 1 174 233 239
0 0 93 211 223
1 0 186 166 162
0 1 116 77 125
1 0 233 154 136
0 1 210 53 247
1 0 165 107 33
1 1 74 215 66
1 1 149 174 132
1 1 43 93 9
1 1 87 186 18
0 1 175 116 255
0 0 95 233 255
1 0 190 210 146
1 1 124 165 36
0 1 249 74 251
0 0 243 149 247
0 0 230 43 239
1 0 204 87 68
1 1 152 175 136
0 1 49 95 127
0 0 99 190 255
1 0 198 124 68
0 1 140 249 253
0 0 25 243 251
1 0 50 230 34
0 1 100 204 236
0 0 201 152 217
0 0 146 49 179
0 0 36 99 103
1 0 72 198 64
1 1 144 140 128
1 1 33 25 1
0 1 67 50 115
0 0 135 100 231
1 0 14 201 8
1 1 28 146 16
0 1 57 36 61
0 0 115 72 123
1 0 230 144 128
1 1 204 33 0
0 1 153 67 219
0 0 51 135 183
0 0 102 14 110
1 0 204 28 12
0 1 152 57 185
0 0 49 115 115
1 0 98 230 98
1 1 196 204 196
0 1 137 153 153
0 0 19 51 51
1 0 38 102 38
0 1 76 204 204
0 0 153 152 153
0 0 50 49 51
0 0 100 98 102
0 0 200 196 204
0 0 144 137 153
1 0 32 19 0
1 1 64 38 0
0 1 129 76 205
0 0 3 153 155
0 0 6 50 54
1 0 12 100 4
0 1 24 200 216
1 0 49 144 16
0 1 98 32 98
0 0 197 64 197
1 0 138 129 128
0 1 20 3 23
0 0 41 6 47
1 0 82 12 0
0 1 164 24 188
0 0 73 49 121
0 0 146 98 242
0 0 36 197 229
1 0 72 138 8
1 1 144 20 16
0 1 33 41 41
0 0 67 82 83
0 0 134 164 166
1 0 12 73 8
1 1 24 146 16
1 1 49 36 32
0 1 99 72 107
0 0 199 144 215
0 0 142 33 175
1 0 28 67 0
1 1 56 134 0
0 1 113 12 125
1 0 227 24 0
0 1 198 49 247
1 0 141 99 1
0 1 26 199 223
1 0 53 142 4
0 1 106 28 126
1 0 213 56 16
0 1 170 113 251
0 0 85 227 247
1 0 170 198 130
0 1 84 141 221
1 0 169 26 8
1 1 82 53 16
0 1 165 106 239
0 0 75 213 223
1 0 150 170 130
1 1 44 85 4
0 1 89 170 251
0 0 179 84 247
0 0 102 169 239
1 0 204 82 64
1 1 152 165 128
1 1 49 75 1
1 1 99 150 2
0 1 199 44 239
0 0 143 89 223
1 0 30 179 18
1 1 60 102 36
1 1 121 204 72
1 1 243 152 144
1 1 231 49 33
1 1 207 99 67
1 1 159 199 135
1 1 63 143 15
0 1 127 30 127
1 0 255 60 60
0 1 254 121 255
0 0 253 243 255
0 0 250 231 255
0 0 244 207 255
0 0 232 159 255
1 0 208 63 16
0 1 160 127 255
1 0 65 255 65
1 1 130 254 130
1 1 5 253 5
0 1 11 250 251
0 0 23 244 247
0 0 46 232 238
1 0 92 208 80
0 1 184 160 184
0 0 113 65 113
0 0 226 130 226
0 0 196 5 197
0 0 136 11 139
0 0 16 23 23
0 0 32 46 46
1 0 64 92 64
0 1 128 184 184
0 0 1 113 113
1 0 2 226 2
0 1 4 196 196
0 0 9 136 137
0 0 18 16 18
1 0 36 32 32
1 1 72 64 64
1 1 145 128 128
0 1 35 1 35
1 0 71 2 2
1 1 142 4 4
0 1 29 9 29
0 0 59 18 59
0 0 118 36 118
1 0 236 72 72
1 1 216 145 144
1 1 177 35 33
1 1 99 71 67
1 1 199 142 134
0 1 143 29 159
0 0 31 59 63
0 0 62 118 126
1 0 124 236 108
0 1 248 216 248
1 0 241 177 177
1 1 226 99 98
0 1 197 199 199
0 0 139 143 143
1 0 22 31 22
0 1 44 62 62
0 0 89 124 125
1 0 178 248 176
0 1 100 241 245
0 0 201 226 235
0 0 146 197 215
0 0 36 139 175
1 0 72 22 0
1 1 144 44 0
0 1 33 89 121
1 0 67 178 2
0 1 134 100 230
0 0 13 201 205
1 0 26 146 18
1 1 52 36 36
1 1 105 72 72
0 1 211 144 211
1 0 167 33 33
1 1 78 67 66
1 1 157 134 132
1 1 59 13 9
0 1 119 26 127
1 0 239 52 36
1 1 222 105 72
1 1 189 211 145
1 1 123 167 35
0 1 247 78 255
0 0 239 157 255
1 0 222 59 26
0 1 188 119 255
0 0 121 239 255
1 0 242 222 210
0 1 228 189 253
1 0 201 123 73
0 1 146 247 247
0 0 37 239 239
1 0 74 222 74
0 1 148 188 188
1 0 41 121 41
1 1 82 242 82
0 1 165 228 229
0 0 75 201 203
0 0 150 146 150
0 0 44 37 45
1 0 88 74 72
1 1 176 148 144
0 1 97 41 105
1 0 195 82 66
1 1 134 165 132
1 1 13 75 9
0 1 27 150 159
0 0 55 44 63
1 0 110 88 72
0 1 220 176 252
0 0 185 97 249
0 0 114 195 243
1 0 228 134 132
0 1 200 13 205
0 0 145 27 155
0 0 34 55 55
0 0 68 110 110
1 0 136 220 136
1 1 16 185 16
1 1 33 114 32
0 1 67 228 231
0 0 135 200 207
1 0 14 145 0
0 1 28 34 62
0 0 57 68 125
1 0 114 136 0
1 1 228 16 0
0 1 201 33 233
1 0 147 67 3
1 1 38 135 6
1 1 77 14 12
0 1 155 28 159
0 0 55 57 63
1 0 110 114 98
0 1 220 228 252
0 0 185 201 249
1 0 114 147 18
0 1 228 38 230
1 0 201 77 73
0 1 146 155 155
1 0 37 55 37
0 1 74 110 110
1 0 149 220 148
1 1 42 185 40
0 1 85 114 119
1 0 171 228 160
1 1 86 201 64
1 1 173 146 128
1 1 91 37 1
1 1 183 74 2
0 1 111 149 255
1 0 223 42 10
0 1 190 85 255
1 0 125 171 41
0 1 250 86 254
0 0 245 173 253
0 0 234 91 251
1 0 212 183 148
1 1 168 111 40
0 1 81 223 223
1 0 163 190 162
0 1 70 125 127
1 0 141 250 136
1 1 26 245 16
1 1 53 234 32
0 1 107 212 255
1 0 215 168 128
0 1 174 81 255
1 0 93 163 1
0 1 186 70 254
1 0 117 141 5
0 1 234 26 250
0 0 213 53 245
1 0 170 107 42
0 1 84 215 215
1 0 169 174 168
1 1 82 93 80
1 1 165 186 160
1 1 75 117 65
0 1 151 234 255
1 0 47 213 5
0 1 94 170 254
0 0 189 84 253
1 0 122 169 40
0 1 244 82 246
1 0 233 165 161
0 1 210 75 219
1 0 165 151 133
0 1 74 47 111
0 0 149 94 223
0 0 42 189 191
0 0 84 122 126
0 0 168 244 252
0 0 80 233 249
1 0 160 210 128
1 1 64 165 0
1 1 129 74 0
1 1 3 149 1
0 1 7 42 47
0 0 15 84 95
0 0 30 168 190
0 0 60 80 124
0 0 120 160 248
0 0 240 64 240
0 0 224 129 225
0 0 192 3 195
0 0 128 7 135
0 0 0 15 15
1 0 0 30 0
1 1 0 60 0
1 1 1 120 0
0 1 3 240 243
0 0 7 224 231
0 0 14 192 206
0 0 28 128 156
1 0 56 0 0
0 1 112 0 112
1 0 225 0 0
0 1 194 1 195
1 0 133 3 1
1 1 10 7 2
0 1 21 14 31
1 0 43 28 8
1 1 86 56 16
0 1 173 112 253
1 0 91 225 65
0 1 182 194 246
0 0 109 133 237
1 0 218 10 10
0 1 180 21 181
0 0 105 43 107
1 0 210 86 82
0 1 164 173 173
1 0 73 91 73
1 1 146 182 146
0 1 37 109 109
1 0 75 218 74
0 1 150 180 182
1 0 45 105 41
0 1 90 210 218
0 0 181 164 181
0 0 106 73 107
0 0 212 146 214
0 0 168 37 173
1 0 80 75 64
0 1 160 150 182
1 0 65 45 1
1 1 130 90 2
0 1 5 181 181
0 0 11 106 107
1 0 22 212 20
0 1 44 168 172
0 0 89 80 89
1 0 178 160 160
0 1 100 65 101
1 0 201 130 128
0 1 146 5 151
0 0 37 11 47
1 0 74 22 2
1 1 148 44 4
0 1 41 89 121
1 0 83 178 18
1 1 166 100 36
1 1 77 201 73
0 1 155 146 155
0 0 55 37 55
0 0 110 74 110
0 0 220 148 220
0 0 184 41 185
1 0 112 83 80
0 1 224 166 230
1 0 193 77 65
0 1 130 155 155
1 0 5 55 5
1 1 10 110 10
1 1 21 220 20
1 1 43 184 40
1 1 87 112 80
1 1 175 224 160
1 1 95 193 65
1 1 191 130 130
1 1 127 5 5
1 1 255 10 10
1 1 255 21 21
1 1 255 43 43
0 1 255 87 255
1 0 255 175 175
0 1 254 95 255
1 0 253 191 189
1 1 250 127 122
1 1 245 255 245
0 1 235 255 255
1 0 215 255 215
1 1 174 255 174
1 1 93 255 93
0 1 187 254 255
0 0 119 253 255
1 0 238 250 234
0 1 220 245 253
0 0 185 235 251
1 0 114 215 82
1 1 228 174 164
1 1 201 93 73
0 1 147 187 187
0 0 39 119 119
0 0 78 238 238
0 0 156 220 220
1 0 56 185 56
1 1 112 114 112
1 1 225 228 224
0 1 195 201 203
1 0 135 147 131
1 1 14 39 6
1 1 29 78 12
0 1 59 156 191
1 0 119 56 48
1 1 238 112 96
0 1 221 225 253
0 0 187 195 251
1 0 118 135 6
0 1 236 14 238
0 0 217 29 221
0 0 178 59 187
1 0 100 119 100
1 1 200 238 200
1 1 145 221 145
1 1 35 187 35
0 1 71 118 119
1 0 143 236 140
1 1 30 217 24
1 1 61 178 48
1 1 123 100 96
1 1 247 200 192
0 1 239 145 255
1 0 223 35 3
0 1 190 71 255
1 0 125 143 13
0 1 250 30 254
0 0 245 61 253
1 0 234 123 106
0 1 212 247 247
1 0 169 239 169
1 1 82 223 82
1 1 165 190 164
1 1 75 125 73
0 1 151 250 255
0 0 47 245 255
0 0 94 234 254
0 0 188 212 252
0 0 120 169 249
1 0 240 82 80
1 1 224 165 160
1 1 193 75 65
1 1 131 151 131
1 1 7 47 7
1 1 15 94 14
0 1 31 188 191
0 0 63 120 127
0 0 126 240 254
0 0 252 224 252
1 0 248 193 192
1 1 240 131 128
1 1 225 7 1
0 1 195 15 207
1 0 135 31 7
0 1 14 63 63
1 0 29 126 28
1 1 58 252 56
1 1 117 248 112
0 1 235 240 251
1 0 215 225 193
0 1 174 195 239
0 0 93 135 223
0 0 186 14 190
0 0 116 29 125
0 0 232 58 250
0 0 208 117 245
1 0 160 235 160
1 1 64 215 64
0 1 129 174 175
1 0 3 93 1
1 1 6 186 2
0 1 13 116 125
1 0 27 232 8
1 1 54 208 16
1 1 109 160 32
0 1 219 64 219
0 0 183 129 183
1 0 110 3 2
0 1 220 6 222
0 0 185 13 189
0 0 114 27 123
0 0 228 54 246
1 0 200 109 72
0 1 144 219 219
1 0 33 183 33
0 1 66 110 110
1 0 133 220 132
0 1 10 185 187
1 0 21 114 16
1 1 42 228 32
0 1 85 200 221
1 0 171 144 128
0 1 86 33 119
1 0 173 66 0
0 1 90 133 223
0 0 181 10 191
1 0 106 21 0
1 1 212 42 0
1 1 169 85 1
0 1 83 171 251
1 0 167 86 6
0 1 78 173 239
0 0 157 90 223
0 0 58 181 191
0 0 116 106 126
1 0 232 212 192
1 1 208 169 128
0 1 161 83 243
0 0 67 167 231
1 0 134 78 6
0 1 12 157 157
0 0 25 58 59
0 0 50 116 118
1 0 100 232 96
0 1 200 208 216
0 0 145 161 177
1 0 34 67 2
1 1 68 134 4
0 1 137 12 141
0 0 19 25 27
0 0 38 50 54
1 0 76 100 68
0 1 152 200 216
0 0 49 145 177
0 0 98 34 98
1 0 196 68 68
1 1 136 137 136
1 1 17 19 17
0 1 35 38 39
0 0 71 76 79
1 0 142 152 136
0 1 28 49 61
0 0 57 98 123
0 0 114 196 246
0 0 228 136 236
1 0 200 17 0
1 1 144 35 0
1 1 33 71 1
0 1 67 142 207
0 0 135 28 159
0 0 14 57 63
1 0 28 114 16
1 1 56 228 32
1 1 113 200 64
0 1 227 144 243
0 0 199 33 231
0 0 142 67 207
1 0 28 135 4
1 1 56 14 8
0 1 113 28 125
1 0 227 56 32
1 1 198 113 64
1 1 141 227 129
1 1 27 199 3
0 1 55 142 191
1 0 111 28 12
1 1 222 56 24
0 1 189 113 253
1 0 123 227 99
1 1 246 198 198
0 1 237 141 237
1 0 219 27 27
0 1 182 55 183
0 0 109 111 111
1 0 218 222 218
0 1 180 189 189
1 0 105 123 105
0 1 210 246 246
0 0 165 237 237
0 0 74 219 219
1 0 148 182 148
1 1 40 109 40
1 1 81 218 80
0 1 163 180 183
1 0 71 105 65
1 1 142 210 130
0 1 29 165 189
0 0 59 74 123
1 0 118 148 20
0 1 236 40 236
1 0 217 81 81
0 1 178 163 179
0 0 101 71 103
0 0 202 142 206
1 0 148 29 20
0 1 40 59 59
0 0 81 118 119
1 0 162 236 160
1 1 68 217 64
0 1 137 178 187
0 0 19 101 119
1 0 38 202 2
0 1 76 148 220
1 0 153 40 8
0 1 50 81 115
1 0 101 162 32
1 1 202 68 64
1 1 149 137 129
1 1 43 19 3
0 1 87 38 119
0 0 175 76 239
0 0 94 153 223
0 0 188 50 190
1 0 120 101 96
0 1 240 202 250
1 0 225 149 129
1 1 194 43 2
1 1 133 87 5
0 1 11 175 175
0 0 23 94 95
0 0 46 188 190
0 0 92 120 124
1 0 184 240 176
0 1 112 225 241
1 0 225 194 192
0 1 194 133 199
0 0 133 11 143
1 0 10 23 2
0 1 20 46 62
1 0 41 92 8
1 1 82 184 16
0 1 165 112 245
1 0 75 225 65
0 1 150 194 214
1 0 45 133 5
1 1 90 10 10
0 1 181 20 181
1 0 107 41 41
1 1 214 82 82
0 1 173 165 173
0 0 91 75 91
0 0 182 150 182
0 0 108 45 109
0 0 216 90 218
1 0 176 181 176
0 1 96 107 107
0 0 193 214 215
1 0 130 173 128
0 1 4 91 95
1 0 9 182 0
1 1 18 108 0
1 1 37 216 0
1 1 75 176 0
0 1 151 96 247
1 0 47 193 1
1 1 94 130 2
0 1 189 4 189
0 0 123 9 123
0 0 246 18 246
0 0 236 37 237
1 0 216 75 72
0 1 176 151 183
0 0 97 47 111
0 0 194 94 222
1 0 132 189 132
1 1 8 123 8
0 1 17 246 247
0 0 35 236 239
0 0 70 216 222
0 0 140 176 188
1 0 24 97 0
0 1 48 194 242
0 0 97 132 229
1 0 194 8 0
0 1 132 17 149
1 0 9 35 1
1 1 18 70 2
1 1 37 140 4
0 1 75 24 91
0 0 151 48 183
0 0 46 97 111
1 0 92 194 64
1 1 184 132 128
1 1 113 9 1
1 1 227 18 2
0 1 199 37 231
1 0 143 75 11
1 1 30 151 22
0 1 61 46 63
1 0 123 92 88
1 1 246 184 176
0 1 237 113 253
1 0 219 227 195
1 1 182 199 134
0 1 109 143 239
0 0 219 30 223
1 0 182 61 52
1 1 108 123 104
1 1 217 246 208
1 1 179 237 161
0 1 103 219 255
1 0 207 182 134
0 1 158 109 255
0 0 61 219 255
1 0 122 182 50
1 1 244 108 100
1 1 233 217 201
1 1 211 179 147
0 1 167 103 231
1 0 79 207 79
1 1 158 158 158
1 1 61 61 61
1 1 123 122 122
1 1 247 244 244
0 1 239 233 239
1 0 223 211 211
0 1 190 167 191
1 0 125 79 77
1 1 250 158 154
0 1 245 61 253
0 0 235 123 251
0 0 214 247 247
1 0 172 239 172
0 1 88 223 223
0 0 177 190 191
1 0 98 125 96
0 1 196 250 254
0 0 137 245 253
0 0 18 235 251
0 0 36 214 246
1 0 72 172 8
1 1 144 88 16
1 1 33 177 33
0 1 67 98 99
0 0 135 196 199
1 0 14 137 8
0 1 28 18 30
1 0 57 36 32
0 1 114 72 122
1 0 229 144 128
0 1 202 33 235
0 0 149 67 215
1 0 42 135 2
0 1 84 14 94
1 0 169 28 8
0 1 82 57 123
1 0 165 114 32
1 1 74 229 64
0 1 149 202 223
0 0 43 149 191
1 0 86 42 2
1 1 172 84 4
1 1 89 169 9
1 1 179 82 18
0 1 103 165 231
1 0 207 74 74
1 1 158 149 148
0 1 61 43 63
1 0 123 86 82
0 1 246 172 254
1 0 237 89 73
0 1 218 179 251
0 0 181 103 247
1 0 106 207 74
1 1 212 158 148
0 1 169 61 189
0 0 83 123 123
1 0 166 246 166
0 1 76 237 237
1 0 153 218 152
1 1 50 181 48
1 1 101 106 96
1 1 203 212 192
1 1 151 169 129
0 1 47 83 127
0 0 95 166 255
1 0 190 76 12
0 1 124 153 253
1 0 249 50 48
0 1 242 101 247
0 0 229 203 239
0 0 202 151 223
0 0 148 47 191
1 0 40 95 8
0 1 80 190 254
1 0 161 124 32
0 1 66 249 251
0 0 133 242 247
1 0 10 229 0
0 1 20 202 222
0 0 41 148 189
1 0 82 40 0
1 1 164 80 0
1 1 73 161 1
1 1 147 66 2
0 1 39 133 167
0 0 79 10 79
0 0 158 20 158
1 0 60 41 40
0 1 120 82 122
0 0 241 164 245
1 0 226 73 64
0 1 196 147 215
0 0 137 39 175
1 0 18 79 2
1 1 36 158 4
0 1 73 60 125
0 0 147 120 251
1 0 38 241 32
1 1 76 226 64
0 1 153 196 221
1 0 51 137 1
1 1 102 18 2
1 1 205 36 4
1 1 155 73 9
0 1 55 147 183
0 0 111 38 111
1 0 222 76 76
1 1 188 153 152
0 1 121 51 123
1 0 243 102 98
1 1 230 205 196
0 1 205 155 223
1 0 155 55 19
0 1 54 111 127
0 0 109 222 255
0 0 218 188 254
1 0 180 121 48
1 1 104 243 96
0 1 209 230 247
1 0 163 205 129
0 1 70 155 223
1 0 141 54 4
1 1 26 109 8
1 1 53 218 16
1 1 107 180 32
0 1 215 104 255
0 0 175 209 255
0 0 94 163 255
1 0 188 70 4
1 1 120 141 8
1 1 241 26 16
1 1 227 53 33
0 1 199 107 239
0 0 143 215 223
0 0 30 175 191
1 0 60 94 28
1 1 120 188 56
0 1 241 120 249
1 0 227 241 225
1 1 198 227 194
0 1 141 199 207
1 0 27 143 11
0 1 54 30 62
0 0 109 60 125
0 0 218 120 250
1 0 180 241 176
0 1 104 227 235
1 0 209 198 192
0 1 162 141 175
0 0 69 27 95
1 0 138 54 2
1 1 20 109 4
1 1 41 218 8
0 1 83 180 247
0 0 167 104 239
1 0 78 209 64
0 1 156 162 190
0 0 57 69 125
1 0 114 138 2
1 1 228 20 4
0 1 201 41 233
1 0 147 83 19
0 1 38 167 167
1 0 77 78 76
1 1 154 156 152
0 1 53 57 61
1 0 107 114 98
1 1 214 228 196
1 1 173 201 137
1 1 91 147 19
1 1 183 38 38
1 1 111 77 77
1 1 223 154 154
0 1 191 53 191
0 0 127 107 127
0 0 254 214 254
0 0 252 173 253
0 0 248 91 251
0 0 240 183 247
1 0 224 111 96
0 1 192 223 223
0 0 129 191 191
1 0 2 127 2
1 1 4 254 4
1 1 9 252 8
1 1 19 248 16
1 1 39 240 32
1 1 79 224 64
1 1 159 192 128
1 1 63 129 1
0 1 127 2 127
1 0 255 4 4
0 1 254 9 255
1 0 253 19 17
0 1 250 39 255
0 0 245 79 255
1 0 234 159 138
1 1 212 63 20
1 1 169 127 41
1 1 83 255 83
1 1 167 254 166
0 1 79 253 255
0 0 159 250 255
1 0 62 245 52
1 1 124 234 104
1 1 249 212 208
1 1 243 169 161
1 1 231 83 67
1 1 207 167 135
1 1 159 79 15
1 1 63 159 31
0 1 127 62 127
1 0 255 124 124
0 1 254 249 255
0 0 253 243 255
0 0 250 231 255
1 0 244 207 196
0 1 232 159 255
1 0 209 63 17
1 1 162 127 34
0 1 69 255 255
1 0 139 254 138
0 1 22 253 255
0 0 45 250 255
0 0 90 244 254
0 0 180 232 252
1 0 104 209 64
0 1 208 162 242
1 0 161 69 1
1 1 66 139 2
0 1 133 22 151
1 0 11 45 9
1 1 22 90 18
0 1 45 180 189
0 0 91 104 123
1 0 182 208 144
0 1 108 161 237
0 0 217 66 219
0 0 178 133 183
1 0 100 11 0
1 1 200 22 0
0 1 145 45 189
0 0 35 91 123
1 0 70 182 6
0 1 140 108 236
1 0 25 217 25
1 1 50 178 50
0 1 101 100 101
1 0 203 200 200
1 1 150 145 144
0 1 45 35 47
1 0 91 70 66
1 1 182 140 132
0 1 109 25 125
0 0 219 50 251
0 0 182 101 247
0 0 108 203 239
1 0 216 150 144
0 1 176 45 189
1 0 97 91 65
0 1 194 182 246
1 0 133 109 5
0 1 10 219 219
0 0 21 182 183
1 0 42 108 40
0 1 84 216 220
1 0 169 176 160
1 1 82 97 64
1 1 165 194 128
0 1 75 133 207
0 0 151 10 159
0 0 46 21 63
1 0 92 42 8
0 1 184 84 252
0 0 113 169 249
1 0 226 82 66
1 1 196 165 132
1 1 137 75 9
1 1 19 151 19
1 1 39 46 38
1 1 79 92 76
0 1 159 184 191
1 0 63 113 49
1 1 126 226 98
1 1 253 196 196
0 1 251 137 251
0 0 247 19 247
0 0 238 39 239
1 0 220 79 76
1 1 184 159 152
1 1 113 63 49
1 1 227 126 98
0 1 199 253 255
0 0 143 251 255
1 0 30 247 22
1 1 60 238 44
1 1 121 220 88
1 1 243 184 176
0 1 231 113 247
1 0 207 227 195
1 1 158 199 134
1 1 61 143 13
1 1 123 30 26
0 1 247 60 255
1 0 239 121 105
0 1 222 243 255
0 0 189 231 255
1 0 122 207 74
0 1 244 158 254
0 0 233 61 253
0 0 210 123 251
0 0 164 247 247
0 0 72 239 239
1 0 144 222 144
0 1 32 189 189
0 0 65 122 123
0 0 130 244 246
1 0 4 233 0
0 1 8 210 218
0 0 17 164 181
1 0 34 72 0
1 1 68 144 0
0 1 137 32 169
1 0 19 65 1
0 1 38 130 166
1 0 77 4 4
1 1 154 8 8
1 1 53 17 17
1 1 107 34 34
0 1 215 68 215
1 0 175 137 137
0 1 94 19 95
0 0 189 38 191
1 0 122 77 72
0 1 244 154 254
0 0 233 53 253
1 0 210 107 66
1 1 164 215 132
0 1 73 175 239
1 0 147 94 18
1 1 38 189 36
0 1 77 122 127
0 0 155 244 255
1 0 54 233 32
1 1 108 210 64
0 1 217 164 253
1 0 179 73 1
0 1 102 147 247
0 0 205 38 239
0 0 154 77 223
1 0 52 155 16
1 1 104 54 32
0 1 209 108 253
0 0 163 217 251
0 0 70 179 247
0 0 140 102 238
0 0 24 205 221
1 0 48 154 16
1 1 96 52 32
0 1 193 104 233
0 0 131 209 211
1 0 6 163 2
1 1 12 70 4
0 1 25 140 157
1 0 51 24 16
1 1 102 48 32
1 1 205 96 64
0 1 155 193 219
1 0 55 131 3
0 1 110 6 110
1 0 221 12 12
0 1 186 25 187
1 0 117 51 49
0 1 234 102 238
1 0 213 205 197
0 1 170 155 187
0 0 85 55 119
0 0 170 110 238
1 0 84 221 84
0 1 168 186 186
0 0 81 117 117
0 0 162 234 234
1 0 68 213 68
1 1 136 170 136
1 1 17 85 17
0 1 35 170 171
0 0 71 84 87
1 0 142 168 136
0 1 28 81 93
0 0 57 162 187
0 0 114 68 118
0 0 228 136 236
1 0 200 17 0
0 1 144 35 179
1 0 33 71 1
1 1 66 142 2
0 1 133 28 157
0 0 11 57 59
1 0 22 114 18
1 1 44 228 36
0 1 89 200 217
1 0 179 144 144
0 1 102 33 103
1 0 205 66 64
1 1 154 133 128
1 1 53 11 1
0 1 107 22 127
1 0 215 44 4
1 1 174 89 8
1 1 93 179 17
1 1 187 102 34
0 1 119 205 255
1 0 239 154 138
1 1 222 53 20
0 1 189 107 255
0 0 123 215 255
0 0 246 174 254
1 0 236 93 76
1 1 216 187 152
1 1 177 119 49
1 1 99 239 99
1 1 199 222 198
0 1 143 189 191
0 0 31 123 127
1 0 62 246 54
0 1 124 236 252
1 0 249 216 216
1 1 242 177 176
0 1 229 99 231
0 0 203 199 207
0 0 150 143 159
0 0 44 31 63
1 0 88 62 24
0 1 176 124 252
0 0 97 249 249
0 0 194 242 242
1 0 132 229 132
0 1 8 203 203
1 0 17 150 16
1 1 34 44 32
0 1 69 88 93
1 0 139 176 128
1 1 22 97 0
1 1 45 194 0
1 1 91 132 0
1 1 183 8 0
1 1 111 17 1
0 1 223 34 255
0 0 191 69 255
0 0 126 139 255
1 0 252 22 20
0 1 248 45 253
0 0 241 91 251
1 0 226 183 162
0 1 196 111 239
1 0 137 223 137
0 1 18 191 191
1 0 37 126 36
1 1 74 252 72
1 1 149 248 144
1 1 43 241 33
1 1 87 226 66
0 1 175 196 239
0 0 95 137 223
0 0 190 18 190
1 0 124 37 36
0 1 248 74 250
0 0 241 149 245
0 0 226 43 235
0 0 196 87 215
1 0 136 175 136
0 1 16 95 95
0 0 33 190 191
1 0 66 124 64
0 1 132 248 252
1 0 9 241 1
0 1 18 226 242
1 0 37 196 4
0 1 74 136 202
0 0 149 16 149
1 0 42 33 32
0 1 84 66 86
1 0 169 132 128
0 1 82 9 91
1 0 165 18 0
0 1 74 37 111
1 0 149 74 0
1 1 42 149 0
0 1 85 42 127
0 0 171 84 255
1 0 86 169 0
0 1 172 82 254
1 0 89 165 1
0 1 178 74 250
1 0 101 149 5
0 1 202 42 234
1 0 149 85 21
1 1 42 171 42
0 1 85 86 87
0 0 171 172 175
0 0 86 89 95
0 0 172 178 190
# augmented golden-simulated vectors (rtlrewriter_run)
0 0 255 128 255
0 0 255 128 255
0 0 255 128 255
0 0 255 128 255
0 0 255 128 255
0 1 60 59 63
1 0 76 43 8
1 1 2 0 0
1 0 76 236 76
0 0 191 147 191
0 0 72 245 253
1 0 39 21 5
1 1 210 131 130
1 1 210 131 130
1 1 210 131 130
1 1 210 131 130
1 1 210 131 130
0 0 85 170 255
0 0 196 224 228
1 0 113 91 81
0 0 1 85 85
1 0 58 182 50
0 0 254 254 254
0 1 170 85 255
0 0 128 170 170
0 1 170 254 254
0 1 179 162 179
0 1 179 162 179
0 1 179 162 179
0 1 179 162 179
1 0 254 128 128
1 0 254 128 128
1 0 254 128 128
1 0 254 128 128
1 0 92 135 4
1 0 85 85 85
0 1 147 133 151
1 1 255 1 1
0 0 199 159 223
0 0 254 254 254
0 1 213 22 215
1 1 163 114 34
1 1 121 172 40
0 0 82 219 219
1 0 255 255 255
0 1 59 69 127
1 1 151 174 134
0 0 254 170 254
1 1 2 254 2
1 1 202 224 192
1 0 243 197 193
1 1 255 255 255
1 1 174 199 134
0 0 98 39 103
0 0 255 1 255
0 1 1 85 85
1 0 2 1 0
0 1 229 163 231
1 0 102 115 98
1 0 110 16 0
1 1 67 167 3
1 1 67 167 3
0 1 26 223 223
0 0 131 119 247
0 0 131 119 247
0 0 131 119 247
0 1 1 170 171
1 0 61 179 49
1 0 178 122 50
1 0 19 249 17
1 1 198 143 134
1 1 198 143 134
1 1 198 143 134
0 1 142 239 239
1 0 53 125 53
1 0 169 235 169
0 0 1 128 129
0 1 206 181 255
0 1 0 254 254
1 0 249 79 73
0 0 0 2 2
0 0 2 128 130
0 0 2 0 2
0 0 85 254 255
1 0 144 42 0
0 0 70 188 254
0 1 170 85 255
0 0 85 1 85
0 0 85 1 85
0 1 17 85 85
1 0 83 23 19
1 0 83 23 19
0 0 0 1 1
0 1 149 179 183
0 1 27 156 159
0 1 27 156 159
0 1 27 156 159
0 1 27 156 159
0 1 27 156 159
0 0 2 85 87
1 0 128 254 128
1 0 234 88 72
0 1 25 87 95
1 0 30 118 22
0 1 251 2 251
0 0 0 2 2
0 0 227 56 251
1 1 60 189 60
1 1 205 83 65
1 1 205 83 65
1 0 198 245 196
1 0 198 245 196
1 0 89 30 24
1 1 200 60 8
0 1 2 85 87
0 1 103 141 239
0 1 103 141 239
0 1 76 53 125
1 0 205 136 136
1 1 61 160 32
0 0 40 16 56
0 1 92 250 254
0 1 92 250 254
0 1 92 250 254
0 1 92 250 254
0 1 92 250 254
1 1 254 170 170
0 1 170 2 170
0 0 254 128 254
1 0 254 2 2
1 0 254 2 2
1 0 254 2 2
1 0 254 2 2
1 0 254 2 2
0 0 58 157 191
1 0 224 255 224
0 0 128 0 128
1 0 85 1 1
1 0 170 0 0
0 0 151 224 247
1 0 28 188 28
0 1 197 171 239
1 0 0 255 0
0 0 211 153 219
1 0 244 204 196
1 0 125 247 117
0 0 210 178 242
0 0 44 243 255
0 1 208 48 240
0 1 208 48 240
0 1 208 48 240
0 0 110 151 255
1 1 61 220 28
0 1 239 220 255
0 1 239 220 255
0 1 239 220 255
0 1 239 220 255
0 0 27 146 155
0 0 27 146 155
0 0 27 146 155
1 1 129 30 0
1 1 129 30 0
1 1 129 30 0
1 1 129 30 0
1 1 121 167 33
0 1 87 6 87
0 1 46 244 254
1 0 184 24 24
1 0 243 162 162
1 0 162 32 32
1 1 170 254 170
1 1 232 224 224
1 1 232 224 224
1 0 128 2 0
0 0 38 232 238
1 1 203 199 195
1 0 239 63 47
0 0 154 239 255
0 0 177 77 253
0 0 177 77 253
0 0 177 77 253
0 0 177 77 253
0 0 177 77 253
0 0 137 150 159
1 0 19 168 0
1 0 19 168 0
1 0 122 19 18
0 0 235 130 235
1 1 126 130 2
0 0 67 146 211
0 1 218 209 219
1 1 129 100 0
1 1 129 100 0
1 1 129 100 0
1 0 254 2 2
1 0 254 2 2
1 0 254 2 2
1 0 254 2 2
1 0 254 2 2
0 1 244 26 254
0 1 244 26 254
0 1 244 26 254
1 0 38 121 32
1 0 204 53 4
0 1 243 209 243
1 0 111 174 46
0 0 0 1 1
0 0 0 1 1
0 0 0 1 1
0 0 102 114 118
1 0 254 1 0
1 0 254 1 0
1 0 254 1 0
1 0 254 1 0
1 0 254 1 0
0 0 1 255 255
1 1 7 195 3
1 1 84 250 80
0 1 2 1 3
1 0 43 61 41
1 0 216 238 200
0 1 153 47 191
0 1 173 63 191
0 0 65 15 79
0 0 134 74 206
0 0 134 74 206
0 0 134 74 206
0 0 134 74 206
1 1 129 63 1
1 1 116 216 80
0 0 235 189 255
0 1 1 79 79
1 0 22 247 22
0 1 117 252 253
1 1 93 25 25
1 0 69 220 68
0 0 68 197 197
1 0 14 77 12
1 1 232 23 0
0 1 250 57 251
0 0 128 2 130
0 0 128 2 130
0 0 128 2 130
0 0 128 2 130
0 0 1 1 1
0 1 159 20 159
0 0 233 152 249
0 0 79 249 255
0 0 79 249 255
0 0 79 249 255
0 0 79 249 255
0 0 79 249 255
0 1 1 0 1
1 1 37 227 33
0 0 254 85 255
1 0 0 170 0
0 0 119 1 119
0 1 116 45 125
0 0 1 85 85
0 0 100 177 245
0 0 100 177 245
0 0 100 177 245
0 0 100 177 245
0 0 1 128 129
1 1 94 49 16
1 0 76 12 12
1 1 25 131 1
1 0 191 57 57
1 1 255 128 128
1 1 255 128 128
1 1 255 128 128
0 1 196 194 198
1 1 67 18 2
0 0 27 216 219
0 1 228 54 246
0 1 85 128 213
0 1 254 0 254
1 0 128 170 128
1 0 221 154 152
0 1 254 101 255
0 1 254 101 255
0 1 254 101 255
1 0 170 254 170
0 0 127 149 255
0 1 205 69 205
0 0 0 1 1
1 0 170 255 170
0 0 22 209 215
0 0 225 79 239
1 1 123 70 66
0 0 170 1 171
1 0 222 47 14
1 0 182 19 18
1 0 182 19 18
1 0 182 19 18
1 0 182 19 18
1 0 182 19 18
0 0 100 189 253
0 0 170 2 170
0 0 78 206 206
1 1 216 97 64
1 1 216 97 64
1 1 216 97 64
1 1 216 97 64
1 1 216 97 64
0 0 96 171 235
1 0 85 85 85
0 1 141 3 143
1 1 128 23 0
0 0 243 166 247
0 0 243 166 247
0 0 243 166 247
0 0 243 166 247
1 1 85 255 85
1 1 85 255 85
1 1 85 255 85
1 1 85 255 85
1 1 85 255 85
1 0 0 255 0
1 1 70 126 70
0 0 49 57 57
0 0 80 226 242
1 0 128 255 128
0 0 114 160 242
0 0 150 184 190
1 1 143 254 142
1 0 158 229 132
0 0 128 2 130
0 1 170 255 255
0 0 85 128 213
0 1 255 170 255
1 0 0 2 0
1 0 2 2 2
1 1 159 106 10
0 1 47 182 191
1 1 11 208 0
0 1 12 118 126
0 0 254 0 254
0 1 238 0 238
0 0 102 3 103
0 1 111 57 127
1 0 117 35 33
1 0 59 53 49
1 0 59 53 49
1 0 59 53 49
1 0 59 53 49
1 0 59 53 49
0 0 128 128 128
0 1 170 0 170
0 0 1 0 1
0 0 189 191 191
0 0 189 191 191
0 0 189 191 191
0 0 85 254 255
1 0 104 201 72
0 1 0 2 2
0 0 96 57 121
1 1 133 151 133
0 0 128 0 128
0 0 231 191 255
1 0 246 125 116
1 0 253 140 140
1 0 253 140 140
1 0 253 140 140
0 1 184 45 189
1 0 102 243 98
0 1 0 85 85
1 0 85 254 84
1 0 211 225 193
0 0 254 0 254
0 0 254 0 254
0 0 254 0 254
1 0 128 1 0
1 0 128 1 0
1 1 210 25 16
1 0 152 159 152
1 0 152 159 152
1 0 152 159 152
1 0 152 159 152
1 0 53 159 21
1 0 85 85 85
1 0 158 126 30
1 1 2 255 2
0 0 28 111 127
0 1 44 219 255
1 1 147 4 0
0 0 194 248 250
1 0 155 228 128
1 1 57 113 49
1 1 57 113 49
1 1 57 113 49
1 1 25 117 17
1 0 132 39 4
0 0 99 1 99
0 0 115 185 251
0 0 115 185 251
0 0 115 185 251
1 0 187 127 59
0 0 26 113 123
0 1 244 0 244
1 0 133 245 133
0 1 156 120 252
0 0 88 234 250
0 0 242 252 254
1 1 71 158 6
1 1 71 158 6
1 1 71 158 6
1 1 71 158 6
1 1 71 158 6
0 0 2 170 170
0 0 2 255 255
1 1 221 26 24
1 1 167 131 131
1 0 216 225 192
1 1 159 15 15
1 0 172 76 12
0 0 0 1 1
0 1 169 242 251
0 1 64 0 64
1 0 170 0 0
0 0 234 254 254
1 1 82 62 18
1 0 156 203 136
1 1 72 129 0
1 1 148 40 0
1 0 89 121 89
1 0 1 1 1
0 0 251 219 251
1 1 85 1 1
0 0 33 42 43
0 0 16 52 52
1 0 2 170 2
1 0 2 170 2
1 1 126 127 126
0 1 136 156 156
1 1 197 122 64
1 0 67 217 65
1 0 67 217 65
1 0 67 217 65
0 0 110 3 111
1 0 148 171 128
1 0 148 171 128
1 0 148 171 128
1 0 148 171 128
1 0 148 171 128
0 0 0 0 0
1 1 157 191 157
1 0 173 51 33
0 0 187 137 187
0 1 252 165 253
1 1 39 179 35
1 1 14 177 0
0 0 74 143 207
1 1 9 236 8
1 1 9 236 8
1 1 9 236 8
1 1 9 236 8
0 0 85 128 213
0 1 85 254 255
0 1 47 193 239
0 0 194 157 223
0 1 170 85 255
0 1 231 107 239
0 1 231 107 239
0 1 231 107 239
0 1 231 107 239
0 1 231 107 239
0 1 212 227 247
0 0 0 128 128
0 0 254 85 255
0 1 255 255 255
1 1 134 38 6
1 1 134 38 6
1 1 134 38 6
1 1 134 38 6
1 1 134 38 6
0 0 255 255 255
0 0 116 244 244
0 1 88 35 123
1 1 85 172 4
0 1 227 69 231
1 1 73 239 73
0 0 128 85 213
0 0 254 85 255
1 1 106 200 72
0 1 82 144 210
0 1 82 144 210
0 1 82 144 210
1 0 170 170 170
0 1 85 167 247
0 1 184 156 188
0 0 197 240 245
0 0 242 82 242
0 0 242 82 242
1 0 180 131 128
1 0 180 131 128
1 0 180 131 128
1 0 180 131 128
1 0 153 125 25
1 1 148 41 0
1 0 47 115 35
1 1 39 21 5
0 0 148 59 191
0 1 136 135 143
0 1 85 170 255
0 0 0 128 128
0 1 184 238 254
1 0 142 15 14
1 0 142 15 14
1 1 151 71 7
1 0 132 230 132
0 1 204 216 220
0 1 33 5 37
0 0 85 1 85
0 0 254 85 255
1 0 68 28 4
0 1 254 254 254
1 0 128 170 128
1 1 108 143 12
1 0 0 2 0
0 0 174 83 255
0 0 174 83 255
0 0 174 83 255
0 1 120 28 124
1 1 109 221 77
1 1 109 221 77
1 1 109 221 77
0 0 255 128 255
0 0 203 164 239
0 0 203 164 239
0 0 203 164 239
0 0 203 164 239
1 1 65 194 64
1 0 58 181 48
1 0 2 170 2
1 1 125 133 5
1 1 125 133 5
0 1 85 1 85
0 0 125 128 253
0 0 170 2 170
0 0 105 175 239
1 0 240 231 224
1 0 240 231 224
1 0 240 231 224
0 0 252 120 252
0 1 132 13 141
0 1 128 255 255
1 1 31 96 0
1 0 191 10 10
0 0 63 96 127
0 1 255 2 255
1 0 35 93 1
0 1 1 0 1
1 0 170 0 0
1 1 77 43 9
0 0 60 55 63
0 1 254 0 254
1 1 37 136 0
1 1 167 183 167
0 1 128 85 213
1 0 108 75 72
0 0 0 254 254
0 0 170 1 171
1 1 180 102 36
1 0 107 12 8
0 0 138 137 139
0 0 60 131 191
0 1 217 182 255
1 0 3 178 2
0 0 255 128 255
0 0 0 85 85
0 1 138 108 238
0 1 138 108 238
1 0 0 85 0
0 1 24 69 93
0 1 24 69 93
0 1 24 69 93
1 0 146 156 144
1 0 214 25 16
0 0 16 255 255
0 0 16 255 255
0 0 16 255 255
0 0 16 255 255
0 0 16 255 255
0 0 255 128 255
0 0 155 159 159
0 0 155 159 159
1 1 179 218 146
0 0 36 161 165
1 1 63 43 43
1 0 147 20 16
0 1 0 2 2
0 1 215 159 223
1 0 170 1 0
0 1 85 85 85
1 0 63 125 61
0 1 2 254 254
0 1 176 69 245
1 0 14 33 0
1 1 87 204 68
1 0 91 174 10
0 1 96 37 101
1 1 135 212 132
1 0 107 43 43
1 0 170 85 0
0 0 70 216 222
0 0 6 201 207
1 1 85 1 1
0 0 88 50 122
0 0 88 50 122
0 0 88 50 122
0 0 88 50 122
1 1 2 0 0
1 1 116 172 36
1 1 116 204 68
1 1 16 187 16
0 0 128 1 129
0 1 119 140 255
1 0 120 185 56
1 1 254 1 0
1 0 154 73 8
1 1 211 2 2
1 0 194 105 64
1 0 194 105 64
1 0 194 105 64
1 0 194 105 64
1 0 194 105 64
1 0 235 37 33
1 0 0 254 0
1 0 120 187 56
1 0 2 170 2
1 0 2 170 2
1 0 2 170 2
0 1 3 117 119
1 1 89 235 73
1 1 89 235 73
1 1 89 235 73
1 1 89 235 73
1 1 89 235 73
1 0 254 254 254
0 1 57 151 191
1 1 91 97 65
1 1 130 108 0
1 1 24 122 24
0 1 41 229 237
1 1 154 149 144
1 1 154 149 144
1 1 91 16 16
1 1 91 16 16
1 1 91 16 16
0 1 58 71 127
0 0 107 26 123
0 0 107 26 123
0 0 107 26 123
0 0 107 26 123
0 0 107 26 123
1 1 255 180 180
0 1 127 212 255
1 0 75 220 72
1 0 85 255 85
0 0 2 1 3
1 1 190 215 150
1 1 127 185 57
0 0 0 85 85
0 0 0 85 85
0 0 0 85 85
1 0 219 190 154
0 0 2 2 2
0 0 170 169 171
0 0 52 230 246
0 0 52 230 246
0 0 52 230 246
0 0 52 230 246
0 1 175 220 255
1 1 135 207 135
0 0 118 137 255
0 0 35 148 183
0 1 128 170 170
0 0 98 31 127
0 1 159 33 191
0 1 198 167 231
1 1 169 184 168
1 1 254 170 170
1 1 254 170 170
1 1 254 170 170
1 1 254 170 170
1 1 254 170 170
0 0 143 117 255
1 0 2 85 0
1 0 2 85 0
1 0 2 85 0
1 0 2 85 0
1 1 24 36 0
0 1 1 128 129
0 1 1 128 129
0 1 1 128 129
0 1 1 128 129
0 0 240 232 248
0 0 2 170 170
0 0 2 170 170
0 0 2 170 170
1 0 254 254 254
0 0 232 173 237
1 1 158 21 20
1 0 40 50 32
1 0 113 99 97
1 0 113 99 97
1 0 113 99 97
1 0 113 99 97
1 0 113 99 97
0 0 2 2 2
0 1 53 45 61
0 0 37 93 125
1 1 219 32 0
1 0 11 44 8
0 1 2 254 254
0 1 2 254 254
0 1 2 254 254
0 1 2 254 254
0 0 255 170 255
0 1 254 2 254
1 0 13 69 5
1 1 23 21 21
0 1 1 85 85
0 1 65 29 93
0 1 65 29 93
1 0 172 23 4
1 0 178 158 146
1 0 178 158 146
1 0 178 158 146
0 0 170 170 170
0 1 1 85 85
0 0 163 119 247
0 1 10 8 10
0 1 10 8 10
0 1 10 8 10
0 0 0 170 170
0 0 0 128 128
0 0 0 128 128
0 0 0 128 128
0 1 171 90 251
1 0 228 247 228
1 0 229 217 193
1 0 252 214 212
1 0 60 181 52
1 0 255 255 255
1 1 42 188 40
1 1 2 255 2
0 1 1 255 255
0 0 68 169 237
1 1 0 166 0
0 0 85 255 255
1 1 87 213 85
1 0 170 128 128
0 1 0 254 254
0 0 0 85 85
0 0 69 130 199
0 0 255 2 255
0 0 255 2 255
1 1 29 120 24
1 0 208 214 208
0 0 86 46 126
0 0 218 229 255
1 1 167 171 163
0 1 192 144 208
0 1 192 144 208
0 0 255 128 255
0 0 2 2 2
1 1 2 79 2
1 0 177 145 145
1 0 252 160 160
0 0 255 0 255
0 1 85 0 85
0 1 150 220 222
1 0 244 118 116
1 1 215 251 211
1 0 0 255 0
1 0 2 170 2
1 1 159 34 2
1 0 170 255 170
1 0 0 255 0
1 1 255 170 170
0 0 128 128 128
0 0 128 128 128
0 0 128 128 128
1 0 191 37 37
0 1 2 128 130
1 0 128 0 0
1 1 254 2 2
0 0 119 185 255
0 0 189 16 189
1 0 18 103 2
0 0 65 207 207
0 0 85 255 255
0 0 0 254 254
1 1 64 86 64
0 1 255 2 255
1 0 73 188 8
0 0 85 170 255
0 0 48 152 184
0 0 48 152 184
0 0 48 152 184
0 0 48 152 184
0 0 48 152 184
1 0 113 24 16
1 1 254 254 254
1 1 248 253 248
0 0 1 170 171
0 0 1 170 171
0 0 1 170 171
0 0 1 170 171
0 0 1 170 171
0 0 128 128 128
1 1 18 64 0
0 0 255 1 255
1 0 130 76 0
1 0 45 160 32
1 1 109 133 5
0 1 188 25 189
0 1 188 25 189
0 1 188 25 189
0 1 188 25 189
1 0 115 111 99
0 0 85 2 87
1 1 160 150 128
0 0 1 85 85
1 1 29 197 5
1 0 194 19 2
0 1 7 245 247
0 1 53 61 61
1 0 26 4 0
1 0 138 218 138
1 1 0 202 0
1 0 18 220 16
0 1 174 124 254
1 0 12 150 4
1 0 0 1 0
0 1 255 128 255
0 1 255 170 255
0 0 2 2 2
1 0 119 108 100
0 1 254 85 255
0 1 218 65 219
0 1 218 65 219
0 1 218 65 219
0 1 218 65 219
0 0 181 231 247
0 0 168 33 169
0 0 254 254 254
0 0 1 170 171
0 0 170 2 170
1 0 121 138 8
1 0 125 249 121
0 1 141 231 239
0 0 85 170 255
1 0 69 105 65
0 1 214 254 254
1 1 187 164 160
0 1 202 228 238
1 1 20 203 0
0 0 117 20 117
0 0 99 104 107
0 0 85 74 95
1 1 99 56 32
0 1 119 155 255
0 0 96 156 252
1 0 208 57 16
1 1 155 195 131
0 1 64 143 207
1 0 1 1 1
1 1 45 70 4
1 1 45 70 4
1 1 45 70 4
1 1 45 70 4
1 1 45 70 4
1 0 2 254 2
0 0 0 128 128
0 0 224 119 247
0 1 61 42 63
1 0 20 57 16
1 1 37 118 36
1 1 37 118 36
1 1 37 118 36
0 0 138 190 190
0 0 108 199 239
1 1 55 140 4
0 0 31 153 159
0 1 1 85 85
0 0 1 170 171
0 0 205 111 239
0 0 205 111 239
0 0 205 111 239
1 0 2 254 2
1 0 218 1 0
0 0 209 154 219
0 1 168 152 184
1 0 170 233 168
0 0 226 23 247
1 0 22 130 2
1 0 254 67 66
1 0 254 67 66
1 0 254 67 66
1 0 254 67 66
1 1 82 100 64
0 0 182 12 190
0 0 255 254 255
0 0 0 242 242
0 1 64 59 123
1 0 178 222 146
0 0 107 44 111
0 0 107 44 111
0 0 107 44 111
0 1 255 65 255
0 0 254 255 255
0 0 104 86 126
1 1 142 119 6
0 0 85 170 255
0 1 254 170 254
0 1 243 231 247
0 1 243 231 247
0 1 243 231 247
1 0 58 177 48
0 1 78 80 94
0 1 78 80 94
0 1 78 80 94
0 0 18 30 30
0 1 18 150 150
0 1 1 254 255
1 1 7 126 6
0 0 2 170 170
0 0 2 170 170
0 0 2 170 170
0 0 2 170 170
0 0 29 97 125
1 0 27 130 2
0 1 141 99 239
0 0 37 250 255
0 0 37 250 255
0 0 73 9 73
0 0 128 0 128
0 0 106 251 251
1 0 2 170 2
0 1 24 252 252
1 0 100 86 68
1 0 43 204 8
1 0 43 204 8
1 0 43 204 8
1 0 43 204 8
1 0 170 0 0
0 0 82 129 211
0 0 254 255 255
1 0 177 156 144
1 1 62 0 0
0 1 240 6 246
0 1 158 226 254
0 1 145 54 183
1 0 255 85 85
0 0 0 0 0
1 0 91 210 82
0 0 121 94 127
0 1 189 255 255
0 0 228 166 230
1 0 136 208 128
1 1 127 82 82
1 1 188 19 16
1 1 159 93 29
1 0 40 20 0
0 0 255 254 255
0 0 35 107 107
1 1 0 85 0
0 0 2 1 3
1 0 85 170 0
1 0 227 188 160
1 1 73 138 8
1 1 73 138 8
1 1 73 138 8
1 1 73 138 8
1 1 232 188 168
1 0 170 85 0
1 0 225 2 0
1 0 151 186 146
1 0 151 186 146
1 0 151 186 146
1 1 53 225 33
1 1 53 225 33
1 1 53 225 33
1 1 53 225 33
0 0 128 1 129
1 1 130 67 2
0 1 92 157 221
0 1 127 136 255
1 0 195 55 3
1 0 87 229 69
1 1 243 51 51
1 1 103 150 6
1 0 37 237 37
1 0 37 237 37
1 0 37 237 37
1 0 37 237 37
1 1 26 168 8
0 0 202 72 202
0 0 191 170 191
1 1 118 73 64
0 1 198 196 198
0 1 62 228 254
0 1 156 34 190
0 1 128 255 255
0 1 128 255 255
0 1 128 255 255
0 1 128 255 255
0 1 128 255 255
0 1 254 254 254
0 1 88 28 92
1 1 218 107 74
1 1 218 107 74
1 1 218 107 74
1 1 107 23 3
0 1 8 181 189
0 1 206 177 255
0 1 88 107 123
0 0 204 224 236
0 0 1 2 3
1 0 5 200 0
0 0 254 85 255
0 0 254 85 255
0 0 254 85 255
0 0 254 85 255
0 0 197 168 237
1 1 250 69 64
1 1 2 254 2
1 0 0 2 0
0 0 177 70 247
0 0 2 2 2
1 0 72 185 8
1 0 91 248 88
1 0 54 144 16
1 1 78 199 70
0 0 2 128 130
1 0 78 96 64
1 0 78 96 64
1 0 78 96 64
1 0 78 96 64
1 0 78 96 64
0 1 254 85 255
0 0 255 0 255
0 0 39 98 103
0 0 39 98 103
0 0 39 98 103
0 0 39 98 103
0 1 2 255 255
1 0 85 205 69
0 0 48 19 51
0 0 141 134 143
1 1 253 75 73
1 1 253 75 73
1 1 253 75 73
1 1 253 75 73
1 1 22 124 20
0 0 127 54 127
1 1 99 87 67
1 0 13 220 12
0 1 8 139 139
1 0 0 2 0
1 0 175 41 41
1 0 0 1 0
1 0 0 1 0
1 0 0 1 0
1 0 0 1 0
1 0 0 1 0
0 1 181 158 191
1 0 85 170 0
1 0 66 120 64
1 0 210 40 0
1 0 221 39 5
1 0 166 165 164
0 1 128 128 128
1 0 0 0 0
0 0 42 97 107
0 0 26 25 27
0 0 26 25 27
0 0 26 25 27
0 0 26 25 27
0 0 221 125 253
0 0 170 85 255
1 1 12 76 12
0 0 98 139 235
0 0 128 170 170
0 1 239 104 239
0 1 138 247 255
0 1 241 3 243
0 0 128 85 213
1 1 96 182 32
0 0 31 45 63
0 1 141 238 239
0 1 85 0 85
0 1 157 135 159
0 1 157 135 159
0 1 157 135 159
1 1 192 57 0
1 1 192 57 0
1 1 192 57 0
1 1 192 57 0
1 1 192 57 0
0 0 111 37 111
0 0 170 0 170
0 1 52 129 181
0 0 25 98 123
0 1 15 10 15
0 1 15 10 15
0 1 15 10 15
0 1 15 10 15
0 1 15 10 15
1 1 61 124 60
0 0 254 113 255
0 0 187 105 251
0 1 111 131 239
1 1 14 71 6
1 1 14 71 6
1 1 14 71 6
1 1 14 71 6
1 1 14 71 6
1 0 95 100 68
1 0 57 196 0
1 0 57 196 0
0 0 254 255 255
0 0 31 130 159
1 0 202 15 10
1 0 202 15 10
1 0 202 15 10
1 0 202 15 10
1 0 202 15 10
1 0 54 122 50
0 1 128 137 137
1 0 176 163 160
0 0 229 101 229
1 0 254 229 228
1 1 183 76 4
1 1 183 76 4
1 1 183 76 4
1 1 183 76 4
1 1 183 76 4
1 0 6 105 0
0 0 175 135 175
0 0 128 0 128
0 1 65 122 123
1 0 180 217 144
1 0 90 168 8
0 0 129 66 195
0 0 145 69 213
1 1 250 115 114
1 1 230 192 192
0 0 233 30 255
0 0 3 208 211
0 0 255 0 255
0 0 87 241 247
1 1 119 202 66
0 1 222 18 222
1 0 86 66 66
0 0 128 85 213
0 0 128 85 213
0 0 128 85 213
0 0 128 85 213
0 1 1 85 85
1 1 136 150 128
0 1 33 113 113
0 0 207 71 207
0 0 207 71 207
0 0 207 71 207
0 1 150 124 254
1 0 255 254 254
1 0 255 254 254
1 0 255 254 254
1 0 255 254 254
0 0 99 245 247
0 0 99 245 247
0 0 99 245 247
0 0 99 245 247
0 0 99 245 247
1 0 27 17 17
0 0 53 235 255
0 0 211 77 223
1 1 128 1 0
0 1 254 85 255
0 1 46 43 47
1 0 170 128 128
1 0 170 128 128
1 0 170 128 128
1 0 170 128 128
1 0 170 128 128
0 0 1 0 1
0 0 1 0 1
0 0 1 0 1
1 0 128 255 128
1 0 254 255 254
0 0 32 61 61
0 0 175 43 175
0 0 82 167 247
1 0 255 0 0
1 0 128 254 128
1 1 155 249 153
0 0 195 195 195
0 0 254 85 255
0 0 121 13 125
0 0 80 13 93
0 1 108 88 124
0 1 108 88 124
0 1 108 88 124
1 1 105 117 97
0 1 128 2 130
0 0 1 1 1
1 0 254 1 0
0 1 124 178 254
0 1 1 1 1
0 1 128 1 129
0 1 108 162 238
0 0 71 92 95
1 1 0 170 0
1 1 144 6 0
0 1 62 83 127
0 1 62 83 127
0 1 62 83 127
0 1 62 83 127
0 1 62 83 127
0 1 255 254 255
0 0 2 255 255
0 1 188 38 190
0 1 188 38 190
1 1 67 8 0
1 0 203 10 10
1 0 49 88 16
1 1 209 214 208
1 1 209 214 208
1 1 209 214 208
0 1 85 1 85
0 0 0 1 1
0 0 170 0 170
0 0 140 83 223
1 0 183 109 37
1 1 141 202 136
1 1 192 65 64
0 1 255 255 255
1 0 2 170 2
1 0 2 170 2
1 0 2 170 2
1 0 2 170 2
1 0 2 170 2
1 0 170 1 0
0 1 96 93 125
1 0 255 128 128
0 0 213 119 247
0 0 86 61 127
0 1 87 174 255
1 0 117 197 69
0 1 138 4 142
1 1 51 149 17
1 0 93 236 76
1 0 93 236 76
0 1 111 76 111
1 1 146 154 146
0 1 11 123 123
0 0 1 170 171
1 0 108 102 100
1 1 118 127 118
1 0 192 153 128
1 0 192 153 128
1 0 192 153 128
1 0 192 153 128
0 0 47 253 255
0 1 128 255 255
0 1 162 208 242
0 1 162 208 242
0 1 162 208 242
0 1 162 208 242
1 1 175 89 9
1 1 255 170 170
1 1 196 107 64
1 0 57 134 0
1 0 57 134 0
1 0 57 134 0
1 0 57 134 0
1 0 57 134 0
0 0 106 183 255
1 0 122 88 88
0 0 121 123 123
0 1 0 170 170
1 1 135 33 1
0 0 188 31 191
0 1 187 27 187
0 1 153 21 157
0 1 190 5 191
0 1 190 5 191
1 1 236 253 236
0 0 214 239 255
0 0 122 246 254
0 1 2 255 255
1 1 62 167 38
0 0 157 194 223
1 1 154 97 0
1 1 239 136 136
0 0 85 1 85
1 0 255 2 2
0 0 128 85 213
0 1 66 124 126
1 1 156 66 0
1 0 57 79 9
0 1 12 48 60
0 1 12 48 60
0 1 12 48 60
0 1 12 48 60
1 0 254 2 2
1 1 2 170 2
0 0 102 109 111
0 1 47 85 127
0 1 72 95 95
1 0 130 88 0
1 0 130 88 0
1 0 130 88 0
1 0 151 4 4
1 0 254 0 0
0 0 121 1 121
1 0 214 172 132
1 0 54 39 38
1 0 54 39 38
1 0 54 39 38
1 0 54 39 38
0 0 170 1 171
1 1 96 133 0
0 1 244 120 252
0 1 0 255 255
1 0 90 16 16
1 0 84 255 84
0 0 255 2 255
0 1 220 233 253
0 1 253 67 255
0 1 253 67 255
0 1 253 67 255
0 1 253 67 255
0 1 253 67 255
1 1 85 170 0
1 0 11 130 2
0 0 130 22 150
0 0 159 178 191
0 0 159 178 191
0 0 159 178 191
0 1 244 214 246
0 0 173 219 255
0 0 0 85 85
0 1 85 85 85
1 0 162 163 162
0 1 3 85 87
0 1 3 85 87
0 0 129 106 235
1 1 183 122 50
0 1 143 51 191
1 1 41 129 1
0 0 255 1 255
1 0 52 5 4
0 1 128 255 255
0 1 128 255 255
0 1 128 255 255
0 1 128 255 255
0 1 128 255 255
1 0 230 23 6
1 0 218 101 64
0 1 45 78 111
0 1 74 199 207
1 0 201 117 65
1 0 201 117 65
1 0 201 117 65
1 0 201 117 65
1 0 122 119 114
0 0 0 85 85
0 1 35 42 43
0 1 253 53 253
1 0 110 219 74
1 0 161 244 160
1 1 110 106 106
0 1 30 13 31
0 1 151 68 215
1 0 75 201 73
0 0 177 175 191
1 1 82 168 0
0 1 133 121 253
0 1 133 121 253
1 1 125 177 49
1 1 95 250 90
1 1 75 73 73
0 0 94 12 94
0 0 94 74 94
0 0 16 150 150
0 1 182 21 183
0 1 5 118 119
0 0 132 89 221
0 0 132 89 221
0 0 132 89 221
0 0 132 89 221
1 0 159 63 31
1 1 35 121 33
1 1 35 121 33
0 0 128 128 128
1 1 170 1 0
0 0 33 240 241
1 0 170 128 128
1 1 22 10 2
1 0 254 255 254
1 0 255 255 255
1 0 255 255 255
1 0 187 30 26
1 0 41 23 1
0 0 128 255 255
1 0 255 85 85
0 0 66 152 218
1 0 170 0 0
1 0 242 39 34
1 1 48 55 48
0 0 11 4 15
1 1 74 61 8
0 1 141 125 253
0 0 151 45 191
1 1 116 175 36
1 1 255 128 128
1 1 57 195 1
1 0 175 247 167
1 0 252 30 28
1 0 1 2 0
0 1 220 49 253
1 1 123 184 56
1 0 170 253 168
0 0 22 130 150
0 0 68 9 77
0 0 109 18 127
0 1 190 183 191
1 0 85 170 0
0 1 222 139 223
1 0 145 155 145
1 1 254 2 2
0 1 254 85 255
1 1 100 64 64
1 1 100 64 64
1 1 100 64 64
1 1 100 64 64
1 1 100 64 64
0 0 2 2 2
0 0 2 2 2
0 0 2 2 2
0 0 2 2 2
0 0 2 2 2
0 0 235 101 239
0 1 85 0 85
0 1 85 0 85
0 1 255 85 255
0 1 170 254 254
0 0 123 247 255
1 0 228 149 132
1 0 192 144 128
1 1 161 77 1
0 1 244 165 245
0 1 244 165 245
0 1 244 165 245
0 0 127 169 255
0 1 255 170 255
1 0 240 68 64
1 1 150 75 2
0 1 59 135 191
1 0 115 142 2
1 1 254 128 128
1 0 194 162 130
1 1 0 128 0
1 0 253 92 92
1 0 1 85 1
0 1 186 121 251
0 0 254 1 255
1 1 177 206 128
0 0 0 1 1
0 0 2 254 254
0 0 155 79 223
0 0 155 79 223
0 0 155 79 223
0 0 155 79 223
0 1 128 170 170
1 0 89 23 17
1 0 89 23 17
1 0 89 23 17
1 0 89 23 17
1 0 89 23 17
1 0 128 255 128
1 0 255 128 128
0 1 123 55 127
0 1 123 55 127
0 1 123 55 127
0 1 123 55 127
0 1 123 55 127
0 1 254 255 255
0 0 85 255 255
0 0 111 234 239
0 1 191 98 255
1 0 0 85 0
1 0 214 99 66
0 0 86 187 255
0 0 52 239 255
1 1 23 205 5
1 1 23 205 5
1 1 23 205 5
1 1 20 133 4
0 1 0 255 255
1 0 0 2 0
1 1 202 158 138
0 1 65 157 221
0 1 240 151 247
1 0 33 13 1
1 1 175 36 36
1 1 139 178 130
0 0 254 2 254
1 1 24 103 0
1 1 24 103 0
1 1 24 103 0
0 0 254 255 255
0 0 0 0 0
0 0 137 160 169
0 0 137 160 169
0 0 137 160 169
1 0 248 137 136
0 0 254 85 255
0 1 88 117 125
0 0 170 85 255
0 0 170 85 255
0 0 170 85 255
0 0 170 85 255
0 0 170 85 255
0 1 20 205 221
0 1 155 195 219
0 0 128 1 129
0 1 105 227 235
0 1 105 227 235
0 0 215 140 223
0 1 129 150 151
0 0 1 0 1
0 0 170 0 170
0 0 0 254 254
0 1 99 148 247
1 1 23 197 5
0 0 77 22 95
0 0 77 22 95
0 0 77 22 95
0 0 77 22 95
0 0 77 22 95
0 0 96 53 117
1 0 82 195 66
1 0 255 247 247
0 0 0 255 255
1 1 170 255 170
0 0 95 220 223
1 0 190 215 150
0 0 170 254 254
1 0 122 72 72
1 0 122 72 72
1 0 122 72 72
0 0 254 255 255
1 1 140 113 0
0 0 0 2 2
0 1 70 123 127
1 1 5 78 4
1 0 229 39 37
1 1 254 0 0
1 1 254 0 0
1 1 254 0 0
0 0 255 170 255
1 0 94 101 68
0 0 170 47 175
0 0 170 47 175
0 0 170 47 175
0 0 3 170 171
1 1 214 20 20
0 0 199 49 247
1 0 85 0 0
1 1 89 48 16
0 1 107 50 123
1 0 81 183 17
1 1 141 46 12
0 0 0 1 1
0 0 0 1 1
0 0 0 1 1
0 0 0 1 1
0 0 0 1 1
0 0 148 33 181
1 0 203 28 8
0 1 170 192 234
0 1 170 192 234
0 1 170 192 234
0 1 170 192 234
0 1 170 192 234
0 1 252 230 254
0 1 252 230 254
0 1 252 230 254
0 1 88 107 123
1 0 243 36 32
1 0 4 92 4
1 0 4 92 4
1 0 4 92 4
1 0 4 92 4
1 0 4 92 4
0 1 63 202 255
1 0 156 17 16
1 1 47 59 43
1 1 47 59 43
1 1 47 59 43
1 1 47 59 43
1 0 170 0 0
1 0 170 0 0
0 1 147 135 151
0 1 15 232 239
0 1 15 232 239
0 1 15 232 239
0 1 117 44 125
0 0 227 30 255
0 0 227 30 255
0 0 227 30 255
0 0 227 30 255
0 0 0 2 2
1 0 87 106 66
0 1 1 246 247
1 0 170 212 128
0 0 79 157 223
0 0 79 157 223
0 0 79 157 223
0 0 79 157 223
0 0 80 248 248
1 0 254 85 84
1 0 254 85 84
1 0 218 153 152
1 0 218 153 152
0 0 254 255 255
1 0 62 241 48
0 0 170 128 170
0 0 170 128 170
0 0 170 128 170
0 0 170 128 170
0 0 170 128 170
1 1 129 221 129
0 0 146 117 247
0 0 146 117 247
0 0 146 117 247
1 1 204 234 200
0 0 33 250 251
0 0 177 95 255
1 1 120 41 40
0 1 0 85 85
1 0 74 223 74
0 0 2 128 130
1 0 2 85 0
1 1 51 68 0
0 1 10 183 191
0 1 233 129 233
0 1 233 129 233
0 1 35 88 123
0 1 151 119 247
0 0 95 161 255
0 0 192 114 242
1 1 181 176 176
1 0 218 152 152
0 0 128 1 129
0 0 80 147 211
0 0 254 85 255
0 0 0 119 119
0 0 254 128 254
1 1 41 1 1
1 1 74 134 2
1 1 74 134 2
1 1 194 45 0
0 1 133 64 197
0 0 1 254 255
1 1 54 111 38
0 0 0 170 170
1 1 54 66 2
1 1 198 98 66
1 0 55 12 4
0 0 0 1 1
0 1 116 244 244
1 0 174 160 160
0 1 99 53 119
0 0 57 19 59
0 0 170 85 255
0 0 170 85 255
0 0 170 85 255
0 0 170 85 255
0 0 170 85 255
0 0 211 113 243
0 0 217 78 223
1 0 170 128 128
1 0 170 128 128
1 0 170 128 128
1 0 170 128 128
1 1 208 152 144
0 0 0 0 0
0 1 133 183 183
0 1 133 183 183
1 0 214 186 146
1 0 214 186 146
1 0 214 186 146
1 0 214 186 146
1 0 214 186 146
0 1 195 11 203
0 0 254 1 255
0 0 84 203 223
1 0 131 241 129
0 0 247 144 247
1 1 178 45 32
1 1 1 2 0
1 1 128 128 128
0 1 87 20 87
1 0 157 238 140
0 1 165 242 247
1 1 103 241 97
1 1 100 120 96
1 1 100 120 96
1 1 100 120 96
1 1 100 120 96
0 1 2 128 130
1 0 199 195 195
1 1 43 137 9
1 0 211 17 17
0 0 254 128 254
0 0 254 128 254
0 0 254 128 254
0 0 128 128 128
0 1 2 1 3
0 1 55 173 191
0 0 88 168 248
0 0 227 155 251
1 0 2 254 2
1 1 136 136 136
0 0 85 128 213
1 0 130 157 128
1 0 69 196 68
0 0 1 170 171
1 1 144 83 16
0 1 168 126 254
0 0 128 170 170
0 0 207 17 223
1 0 0 1 0
0 0 31 150 159
1 0 86 218 82
1 0 86 218 82
1 0 186 248 184
1 1 200 13 8
1 1 181 51 49
0 0 26 225 251
1 1 178 188 176
0 0 81 153 217
0 1 166 27 191
1 1 170 187 170
0 0 248 231 255
0 1 144 54 182
1 0 170 254 170
1 0 170 254 170
1 0 170 254 170
1 0 143 91 11
1 0 143 91 11
1 1 233 69 65
0 0 77 232 237
0 0 67 9 75
0 0 8 55 63
0 0 8 55 63
0 0 8 55 63
0 1 0 255 255
0 0 2 2 2
0 0 255 254 255
0 0 255 254 255
1 1 159 232 136
0 0 116 0 116
0 0 116 0 116
0 0 116 0 116
0 0 116 0 116
0 1 128 85 213
1 0 74 21 0
1 0 74 21 0
1 0 74 21 0
1 0 74 21 0
1 0 74 21 0
0 0 1 85 85
0 1 1 85 85
0 1 1 85 85
0 0 209 28 221
0 0 16 191 191
0 1 36 155 191
0 1 36 155 191
0 1 36 155 191
0 1 36 155 191
0 1 36 155 191
0 1 213 174 255
1 1 210 182 146
0 0 254 85 255
0 0 64 134 198
0 0 64 134 198
1 0 134 203 130
0 0 232 120 248
1 1 63 227 35
0 0 255 128 255
0 1 2 56 58
0 0 170 2 170
1 1 23 158 22
0 1 2 255 255
0 1 2 255 255
0 1 63 119 127
1 1 0 128 0
0 1 170 1 171
0 1 85 1 85
0 0 0 2 2
0 0 0 2 2
0 0 0 2 2
0 0 0 2 2
1 0 196 162 128
1 0 196 162 128
1 0 196 162 128
1 0 196 162 128
0 0 235 242 251
0 1 1 0 1
0 0 2 254 254
0 1 63 101 127
1 0 225 198 192
0 0 198 99 231
0 0 189 234 255
1 0 152 187 152
0 0 0 85 85
0 1 2 254 254
0 1 212 178 246
1 0 170 0 0
1 0 2 254 2
1 0 236 164 164
0 1 126 82 126
1 0 158 241 144
0 1 242 248 250
1 0 209 216 208
1 0 209 216 208
0 0 81 13 93
1 0 0 255 0
0 1 167 34 167
1 1 6 2 2
0 1 8 118 126
1 0 177 75 1
0 0 1 1 1
0 0 255 2 255
0 0 255 2 255
0 0 255 2 255
1 0 2 128 0
1 0 2 128 0
0 1 31 178 191
1 0 1 0 0
0 1 210 24 218
1 0 32 88 0
1 0 32 88 0
1 0 32 88 0
1 0 32 88 0
1 0 212 64 64
1 0 212 64 64
1 0 212 64 64
1 0 212 64 64
0 1 85 237 253
0 0 26 125 127
1 0 254 85 84
1 0 254 85 84
1 0 254 85 84
1 1 41 136 8
0 1 170 1 171
0 0 85 2 87
1 0 162 53 32
0 1 236 208 252
0 0 210 255 255
1 1 2 128 0
0 0 85 1 85
0 0 85 1 85
0 1 46 196 238
0 1 46 196 238
1 1 1 0 0
1 1 67 43 3
1 0 22 71 6
1 0 13 75 9
1 1 223 165 133
1 1 223 165 133
0 0 8 66 74
1 0 16 193 0
1 1 236 8 8
0 1 221 45 253
0 1 221 45 253
0 1 221 45 253
0 1 221 45 253
0 0 11 23 31
1 1 34 248 32
1 1 34 248 32
1 1 34 248 32
0 0 5 156 157
1 0 167 228 164
1 1 160 240 160
0 0 152 187 187
0 1 86 190 254
0 1 242 111 255
0 1 197 71 199
0 0 85 255 255
0 1 169 45 173
0 1 169 45 173
0 0 254 255 255
1 1 33 227 33
0 0 0 254 254
0 0 219 41 251
0 0 203 9 203
0 1 219 253 255
0 1 240 40 248
0 1 240 40 248
0 1 240 40 248
1 0 201 66 64
1 0 62 82 18
1 0 62 82 18
1 0 255 255 255
0 1 0 228 228
0 1 2 170 170
0 0 128 170 170
0 0 11 172 175
1 1 180 174 164
0 1 150 100 246
0 0 40 243 251
0 0 67 129 195
0 0 0 1 1
1 0 240 105 96
1 0 240 105 96
1 1 29 190 28
1 1 29 190 28
1 1 29 190 28
1 0 222 83 82
0 1 0 1 1
1 1 255 2 2
1 1 127 64 64
1 1 127 64 64
0 1 144 210 210
1 0 0 0 0
1 0 172 34 32
0 0 186 156 190
1 0 255 2 2
1 0 153 46 8
1 1 201 76 72
1 1 255 254 254
1 1 30 199 6
1 1 30 199 6
1 1 30 199 6
0 1 128 170 170
0 1 128 170 170
0 1 128 170 170
0 1 128 170 170
1 0 67 223 67
0 1 85 128 213
0 0 43 22 63
1 0 128 1 0
1 1 20 3 0
1 0 184 37 32
0 1 184 20 188
1 0 165 65 1
0 0 17 202 219
0 1 138 32 170
1 0 255 2 2
1 0 255 2 2
1 0 255 2 2
1 0 255 2 2
0 0 57 47 63
0 0 128 255 255
1 0 255 85 85
1 0 255 85 85
1 0 255 85 85
1 0 255 85 85
1 1 69 12 4
1 0 128 1 0
0 0 254 170 254
0 0 0 170 170
0 1 85 1 85
0 1 125 49 125
0 0 192 118 246
1 0 171 110 42
0 0 251 192 251
1 1 238 196 196
0 0 254 0 254
0 0 255 2 255
1 1 160 35 32
1 1 123 115 115
1 0 85 170 0
0 0 1 254 255
0 1 170 170 170
1 0 69 60 4
0 0 254 128 254
0 0 254 128 254
0 0 254 128 254
0 0 254 128 254
0 0 254 128 254
1 0 128 170 128
0 0 228 181 245
1 0 85 2 0
1 0 85 2 0
1 0 85 2 0
1 0 85 2 0
1 0 85 2 0
1 1 191 48 48
1 1 112 2 0
1 0 121 190 56
0 0 49 105 121
0 1 3 102 103
0 0 3 153 155
0 0 3 153 155
0 0 3 153 155
1 0 128 255 128
0 0 162 55 183
0 0 85 1 85
0 0 85 1 85
0 0 85 1 85
0 0 85 1 85
0 0 224 185 249
0 0 1 0 1
0 0 251 123 251
1 0 85 170 0
1 0 85 170 0
1 1 175 23 7
0 1 150 65 215
0 1 150 65 215
1 1 173 174 172
1 1 13 247 5
0 0 128 254 254
0 1 107 131 235
1 1 184 30 24
0 1 1 144 145
0 0 84 121 125
1 0 0 255 0
1 0 0 255 0
1 0 0 255 0
1 0 0 255 0
1 0 0 255 0
0 0 170 1 171
0 0 85 255 255
1 1 219 191 155
1 1 219 191 155
0 1 111 111 111
1 0 95 2 2
0 0 170 46 174
1 1 170 1 0
1 1 170 1 0
1 1 170 1 0
0 0 85 1 85
1 0 45 28 12
1 1 199 84 68
0 1 170 255 255
1 0 229 84 68
1 1 208 200 192
1 1 1 130 0
1 1 1 130 0
1 1 1 130 0
1 1 1 130 0
0 1 85 0 85
0 1 70 121 127
0 1 1 0 1
1 1 61 163 33
1 1 105 240 96
0 0 190 146 190
0 1 35 35 35
0 1 35 35 35
0 1 167 182 183
1 1 72 148 0
0 0 0 254 254
1 0 170 1 0
1 0 170 1 0
1 0 170 1 0
0 1 100 89 125
0 1 33 87 119
1 0 8 22 0
1 0 39 149 5
0 0 35 78 111
1 1 2 1 0
0 0 223 165 255
1 1 33 39 33
0 1 252 211 255
1 0 137 207 137
0 0 128 170 170
1 1 180 225 160
0 1 132 78 206
0 1 132 78 206
0 0 170 2 170
1 1 8 28 8
1 1 8 28 8
1 1 8 28 8
1 0 117 23 21
0 1 160 6 166
0 1 160 6 166
0 1 160 6 166
0 1 160 6 166
0 0 2 0 2
0 1 159 113 255
0 0 170 254 254
0 0 242 151 247
1 1 238 204 204
0 1 78 166 238
0 1 78 166 238
0 1 78 166 238
1 1 29 186 24
0 1 133 164 165
1 0 144 163 128
0 1 128 0 128
0 1 116 22 118
1 1 107 20 0
1 0 83 167 3
0 0 85 2 87
1 0 174 251 170
1 0 174 251 170
1 0 174 251 170
1 0 174 251 170
1 0 174 251 170
0 1 17 27 27
1 1 0 2 0
1 0 251 83 83
1 0 251 83 83
1 0 251 83 83
1 0 251 83 83
1 0 157 129 129
0 0 2 170 170
1 0 187 168 168
0 0 63 16 63
0 1 0 254 254
0 1 0 254 254
0 1 0 254 254
0 1 0 254 254
0 1 0 254 254
0 0 85 128 213
0 0 255 85 255
0 0 137 0 137
0 0 176 32 176
1 0 96 1 0
1 0 85 170 0
1 1 203 146 130
1 0 85 128 0
0 0 35 217 251
0 1 2 170 170
0 1 250 49 251
1 0 128 255 128
1 0 85 2 0
1 0 61 173 45
0 1 96 31 127
1 1 138 231 130
1 0 203 253 201
0 1 234 208 250
1 0 170 85 0
1 0 232 190 168
1 0 232 190 168
1 0 232 190 168
0 0 145 112 241
0 1 1 128 129
0 1 1 128 129
0 0 103 224 231
0 1 128 163 163
0 0 130 26 154
0 1 85 170 255
1 1 155 76 8
1 1 205 217 201
1 1 205 217 201
1 1 205 217 201
1 1 205 217 201
0 1 170 254 254
0 0 0 85 85
1 0 182 252 180
1 1 255 232 232
1 1 255 232 232
1 1 255 232 232
1 1 255 232 232
0 1 252 122 254
0 0 106 255 255
1 1 0 1 0
0 0 34 243 243
0 0 34 243 243
1 1 142 124 12
0 1 147 118 247
1 1 146 238 130
1 1 254 128 128
0 0 11 225 235
1 0 128 2 0
0 0 172 158 190
1 0 1 254 0
1 0 1 254 0
1 0 1 254 0
1 0 1 254 0
1 0 8 253 8
0 0 39 144 183
0 0 39 144 183
0 0 39 144 183
0 0 39 144 183
0 0 39 144 183
1 0 170 54 34
0 0 91 149 223
0 0 210 59 251
1 1 0 1 0
0 0 128 128 128
1 1 81 32 0
1 0 170 128 128
0 0 60 14 62
0 1 2 2 2
0 1 2 2 2
1 0 1 128 0
0 0 0 85 85
0 1 8 114 122
0 1 255 0 255
1 0 0 0 0
1 1 240 239 224
0 1 121 57 121
0 1 254 2 254
0 1 254 2 254
0 1 254 2 254
1 0 237 141 141
1 0 237 141 141
1 0 237 141 141
1 0 237 141 141
0 1 89 185 249
1 1 255 0 0
0 1 90 98 122
0 0 230 31 255
0 0 61 110 127
1 0 117 188 52
0 0 53 130 183
0 1 108 17 125
0 0 85 254 255
1 0 71 240 64
1 0 71 240 64
1 0 71 240 64
0 1 128 2 130
0 1 128 2 130
0 1 128 2 130
0 1 128 2 130
0 1 93 176 253
0 1 93 176 253
0 0 254 2 254
1 0 52 48 48
1 0 186 132 128
0 1 197 121 253
0 1 155 136 155
1 1 125 140 12
1 1 112 104 96
1 0 51 23 19
1 1 39 104 32
1 1 187 91 27
0 0 131 204 207
0 0 1 2 3
0 1 132 156 156
1 0 109 78 76
1 0 16 128 0
0 1 250 10 250
0 0 85 254 255
1 1 155 160 128
1 0 220 32 0
0 1 205 39 239
0 0 133 109 237
1 1 48 129 0
0 0 254 85 255
1 1 252 143 140
0 0 170 2 170
0 0 119 233 255
0 1 254 1 255
1 0 208 207 192
0 1 240 144 240
1 0 77 70 68
1 0 77 70 68
1 0 2 108 0
0 1 1 170 171
0 1 22 14 30
0 1 85 2 87
0 1 21 73 93
1 0 102 220 68
1 1 125 71 69
1 0 10 13 8
1 0 10 13 8
1 0 10 13 8
1 0 10 13 8
1 0 10 13 8
0 1 1 85 85
0 1 37 39 39
1 1 241 254 240
0 1 86 245 247
0 0 170 170 170
0 1 252 200 252
1 1 255 254 254
0 0 0 1 1
1 0 131 213 129
1 0 125 135 5
0 0 254 128 254
1 1 169 133 129
1 0 131 157 129
1 0 131 157 129
1 0 181 159 149
0 0 116 110 126
1 0 128 128 128
1 0 128 128 128
1 0 128 128 128
1 0 128 128 128
1 0 128 128 128
1 0 203 232 200
1 1 228 188 164
0 1 255 1 255
0 0 1 1 1
0 1 201 235 235
0 1 93 196 221
0 1 93 196 221
1 1 62 167 38
0 1 155 242 251
0 0 109 239 239
0 0 1 255 255
0 1 210 154 218
1 0 114 109 96
0 1 44 5 45
0 1 44 5 45
0 1 44 5 45
0 1 44 5 45
1 1 49 174 32
1 1 49 174 32
1 1 49 174 32
1 1 49 174 32
1 1 49 174 32
1 0 185 172 168
0 1 38 205 239
0 1 38 205 239
0 1 38 205 239
0 1 38 205 239
0 1 170 254 254
0 1 170 254 254
1 1 49 54 48
0 0 2 18 18
0 1 191 203 255
1 1 224 1 0
0 0 224 183 247
0 0 71 55 119
0 0 2 170 170
0 0 128 1 129
1 0 31 168 8
1 0 31 168 8
0 0 33 119 119
0 1 255 255 255
1 0 181 45 37
1 0 77 135 5
1 1 12 36 4
0 0 100 12 108
1 0 154 255 154
1 0 71 238 70
1 0 221 192 192
1 0 221 192 192
1 1 195 148 128
1 1 211 163 131
1 1 211 163 131
1 1 211 163 131
1 1 211 163 131
1 1 1 170 0
1 0 62 47 46
1 0 141 79 13
1 1 143 13 13
1 1 53 4 4
1 0 108 154 8
1 1 209 180 144
1 1 209 180 144
1 1 209 180 144
1 1 209 180 144
1 1 209 180 144
1 0 206 168 136
1 1 53 81 17
1 1 140 66 0
1 1 231 102 102
0 0 149 157 157
0 0 149 157 157
0 0 149 157 157
0 0 210 139 219
0 0 234 3 235
0 0 234 3 235
0 0 234 3 235
0 0 234 3 235
0 1 170 128 170
1 0 106 25 8
1 0 173 35 33
1 1 161 89 1
0 0 0 85 85
0 1 146 145 147
1 0 73 207 73
1 0 73 207 73
0 1 85 254 255
1 0 255 2 2
1 0 84 21 20
0 0 179 229 247
0 0 254 255 255
1 1 28 110 12
1 0 42 124 40
0 1 249 9 249
0 1 125 217 253
0 1 1 2 3
0 0 158 116 254
0 0 255 128 255
0 1 111 71 111
1 1 80 102 64
0 0 158 195 223
0 0 1 170 171
0 0 1 170 171
0 0 1 170 171
1 0 76 255 76
1 1 151 105 1
0 0 214 78 222
0 0 214 78 222
1 0 114 155 18
1 0 114 155 18
1 0 114 155 18
1 0 114 155 18
1 0 114 155 18
0 1 83 128 211
0 0 176 216 248
1 0 142 127 14
0 0 128 128 128
0 1 1 170 171
0 1 1 170 171
0 1 1 170 171
0 1 1 170 171
0 0 170 0 170
0 1 153 159 159
0 0 55 255 255
1 0 254 0 0
1 1 255 232 232
1 1 255 232 232
1 0 254 170 170
0 1 170 128 170
0 0 254 170 254
1 1 170 254 170
0 0 55 171 191
0 0 240 25 249
1 1 94 119 86
0 1 0 85 85
1 1 177 62 48
1 0 170 2 2
1 0 170 2 2
1 0 198 43 2
0 0 155 242 251
1 1 205 39 5
0 0 128 128 128
0 0 163 39 167
1 1 23 115 19
0 0 168 95 255
1 1 116 10 0
1 0 87 127 87
1 0 255 254 254
1 1 0 1 0
0 0 50 231 247
0 0 50 231 247
0 0 50 231 247
1 0 85 85 85
1 0 85 85 85
1 0 85 85 85
1 0 85 85 85
0 1 195 24 219
0 1 45 5 45
1 0 53 136 0
1 0 0 0 0
1 0 47 88 8
0 1 255 128 255
1 1 69 133 5
0 0 82 151 215
0 0 82 151 215
0 0 82 151 215
1 0 128 170 128
0 1 1 1 1
0 0 33 166 167
0 1 255 238 255
0 1 73 21 93
1 0 2 0 0
1 0 2 0 0
1 0 2 0 0
1 0 2 0 0
0 1 88 135 223
0 1 29 133 157
0 1 125 130 255
0 0 85 254 255
0 0 254 0 254
0 0 254 0 254
1 1 94 215 86
0 1 147 222 223
1 0 95 202 74
0 0 73 250 251
0 0 92 234 254
0 1 0 128 128
1 1 80 138 0
0 1 9 208 217
0 1 9 208 217
0 1 229 204 237
1 1 200 212 192
0 0 255 255 255
0 1 104 207 239
1 1 234 119 98
0 0 170 254 254
1 0 170 170 170
0 0 246 224 246
1 1 254 128 128
0 1 50 134 182
1 1 0 2 0
1 1 0 2 0
0 1 151 215 215
0 1 254 85 255
0 1 220 205 221
0 1 220 205 221
0 1 220 205 221
0 0 170 85 255
1 1 74 169 8
1 1 73 163 1
1 0 109 88 72
1 0 109 88 72
1 0 109 88 72
0 1 170 0 170
1 1 96 164 32
1 1 96 164 32
1 1 247 148 148
0 0 252 169 253
1 1 34 185 32
0 0 2 0 2
0 0 2 0 2
0 0 2 0 2
0 0 2 0 2
0 1 169 32 169
0 0 0 85 85
1 0 0 85 0
1 0 0 85 0
1 0 0 85 0
1 0 0 85 0
1 0 0 85 0
1 1 161 162 160
0 1 254 254 254
0 0 192 81 209
0 1 155 31 159
0 1 44 214 254
0 1 233 230 239
1 1 240 211 208
0 1 0 128 128
0 0 146 185 187
0 0 146 185 187
1 0 169 61 41
0 1 66 123 123
0 1 75 103 111
1 1 63 209 17
1 0 130 71 2
0 0 248 211 251
1 0 110 234 106
1 1 0 254 0
0 0 110 63 127
0 0 2 128 130
1 1 223 144 144
0 1 2 250 250
0 0 255 128 255
1 0 1 2 0
1 0 255 254 254
1 0 255 254 254
1 0 255 254 254
0 0 40 66 106
1 1 134 66 2
0 1 107 86 127
0 1 37 193 229
1 1 123 54 50
0 0 85 255 255
0 0 85 255 255
0 0 85 255 255
1 0 156 112 16
0 1 107 15 111
0 0 135 30 159
0 1 250 79 255
1 1 22 81 16
0 1 252 125 253
0 1 231 248 255
0 1 250 109 255
0 0 0 255 255
1 0 222 108 76
1 0 222 108 76
1 0 222 108 76
1 0 222 108 76
0 1 48 26 58
1 0 170 128 128
0 0 200 68 204
0 1 254 85 255
1 0 237 108 108
0 1 170 85 255
0 1 170 85 255
0 1 170 85 255
1 0 255 128 128
0 0 170 85 255
0 1 224 48 240
0 1 202 101 239
0 1 202 101 239
1 0 128 1 0
1 0 128 1 0
1 0 128 1 0
1 0 128 1 0
1 0 128 1 0
0 0 135 20 151
0 0 135 20 151
1 1 189 228 164
1 1 237 128 128
1 0 255 255 255
0 1 183 46 191
1 0 32 112 32
1 0 32 112 32
1 0 32 112 32
1 0 32 112 32
1 0 32 112 32
1 0 170 255 170
0 0 173 151 191
0 0 254 128 254
0 1 61 140 189
1 1 46 229 36
1 1 172 22 4
1 0 71 169 1
0 0 113 51 115
0 0 213 66 215
1 0 1 170 0
1 0 146 103 2
0 0 211 96 243
0 0 79 49 127
0 0 79 49 127
0 0 79 49 127
0 0 79 49 127
0 0 79 49 127
0 1 1 0 1
0 0 230 200 238
0 0 230 200 238
0 0 230 200 238
1 0 137 253 137
1 1 14 162 2
1 1 14 162 2
1 1 14 162 2
0 1 108 5 109
0 0 176 108 252
0 1 141 3 143
0 1 141 3 143
0 1 141 3 143
0 0 0 255 255
1 1 172 164 164
1 1 63 255 63
1 1 186 255 186
0 0 1 2 3
1 1 128 151 128
1 1 128 0 0
0 1 201 193 201
1 0 9 191 9
1 0 140 237 140
0 1 115 167 247
1 0 237 182 164
1 1 41 42 40
0 1 139 241 251
0 0 182 160 182
0 1 131 237 239
0 0 121 101 125
0 0 158 32 190
1 0 2 254 2
0 0 136 67 203
0 1 105 64 105
0 1 169 199 239
0 1 169 199 239
0 1 169 199 239
0 1 169 199 239
0 1 169 199 239
1 0 207 169 137
1 0 207 169 137
1 0 207 169 137
1 0 207 169 137
1 0 207 169 137
0 0 37 244 245
0 1 1 1 1
0 1 159 165 191
0 1 124 216 252
0 1 124 216 252
0 0 152 113 249
0 0 254 85 255
0 0 254 85 255
0 0 254 85 255
0 0 254 85 255
0 0 254 85 255
1 0 128 2 0
0 0 255 85 255
0 1 186 188 190
1 1 124 137 8
0 1 145 167 183
0 0 250 186 250
0 0 250 186 250
1 1 254 2 2
0 1 52 240 244
1 0 45 29 13
1 0 45 29 13
0 0 0 1 1
0 0 176 2 178
1 0 123 114 114
0 1 169 194 235
0 1 169 194 235
0 1 169 194 235
0 1 169 194 235
0 1 169 194 235
1 0 175 131 131
1 0 170 85 0
1 0 35 167 35
1 0 35 167 35
1 0 35 167 35
1 0 159 32 0
0 1 2 128 130
0 0 170 128 170
0 1 252 143 255
0 1 155 20 159
1 0 2 1 0
0 0 128 170 170
0 1 167 171 175
0 1 101 233 237
1 0 255 128 128
1 0 111 20 4
1 0 129 127 1
0 0 1 2 3
0 0 185 85 253
1 0 139 57 9
0 1 241 142 255
0 0 54 225 247
1 0 234 166 162
1 0 91 33 1
1 0 56 12 8
1 0 56 12 8
1 0 56 12 8
1 0 56 12 8
1 0 56 12 8
0 1 16 27 27
1 1 0 1 0
0 0 255 0 255
0 0 255 0 255
0 0 255 0 255
0 0 255 0 255
1 0 184 134 128
1 1 16 20 16
1 1 170 254 170
0 0 221 57 253
0 0 221 57 253
0 0 221 57 253
0 0 221 57 253
1 1 138 14 10
1 1 138 14 10
1 1 138 14 10
1 1 138 14 10
0 0 11 96 107
1 1 107 15 11
0 0 128 128 128
0 1 45 179 191
0 0 157 170 191
0 1 131 95 223
0 0 128 254 254
0 0 121 184 249
1 1 24 222 24
0 1 255 254 255
1 0 2 0 0
0 1 93 232 253
0 0 170 0 170
0 0 182 192 246
0 0 92 254 254
1 0 221 117 85
0 0 58 224 250
1 1 195 95 67
1 1 195 95 67
1 1 195 95 67
1 1 195 95 67
1 1 195 95 67
1 1 154 26 26
0 0 37 246 247
0 1 188 117 253
0 1 188 117 253
0 1 93 43 127
0 1 93 43 127
0 1 93 43 127
0 1 93 43 127
0 1 93 43 127
1 1 235 206 202
1 1 149 113 17
0 0 34 79 111
0 1 56 197 253
0 0 254 0 254
0 0 1 0 1
0 0 1 0 1
0 0 1 0 1
0 0 1 0 1
0 0 1 0 1
1 0 85 170 0
0 0 77 71 79
0 0 85 1 85
1 0 239 126 110
1 1 68 167 4
0 0 85 128 213
0 0 180 23 183
0 0 35 248 251
0 0 68 99 103
0 1 22 157 159
0 0 17 248 249
1 0 173 223 141
1 1 206 213 196
0 1 170 1 171
0 1 128 3 131
1 0 85 85 85
1 0 255 170 170
0 1 193 11 203
0 0 85 170 255
0 1 214 227 247
0 1 0 0 0
1 0 1 254 0
1 1 174 10 10
1 1 238 149 132
1 0 2 85 0
0 1 125 192 253
1 1 170 170 170
1 0 76 206 76
0 1 1 254 255
0 1 1 254 255
0 1 1 254 255
0 1 1 254 255
1 0 1 254 0
0 1 136 36 172
0 1 136 36 172
0 1 136 36 172
0 0 255 255 255
1 0 255 2 2
1 0 255 2 2
1 0 255 2 2
1 0 255 2 2
0 1 163 204 239
1 1 219 41 9
0 1 9 76 77
1 0 249 193 193
0 1 2 254 254
1 1 42 52 32
0 0 31 203 223
0 0 1 0 1
0 1 76 211 223
1 0 121 214 80
1 0 2 0 0
1 1 22 204 4
0 1 1 0 1
1 0 109 17 1
0 0 132 181 181
0 0 102 230 230
0 0 2 170 170
1 0 145 5 1
1 0 145 5 1
1 0 145 5 1
1 0 145 5 1
1 0 145 5 1
1 0 253 113 113
1 1 246 220 212
0 0 98 1 99
0 0 2 255 255
0 0 2 255 255
0 0 2 255 255
0 0 2 255 255
0 0 2 255 255
0 1 248 54 254
0 1 248 54 254
0 1 248 54 254
0 1 248 54 254
1 1 17 202 0
0 1 2 2 2
1 1 139 40 8
0 0 128 2 130
0 0 80 244 244
0 0 247 121 255
1 0 246 144 144
0 0 51 191 191
1 1 37 83 1
1 0 220 14 12
1 0 220 14 12
1 0 220 14 12
1 0 220 14 12
1 0 93 61 29
1 1 208 167 128
1 1 208 167 128
1 1 208 167 128
1 1 208 167 128
1 1 208 167 128
0 1 41 71 111
1 1 169 254 168
0 1 1 254 255
0 1 44 83 127
0 0 76 137 205
0 0 193 98 227
0 1 79 109 111
0 1 4 201 205
1 0 33 179 33
0 1 170 85 255
0 0 254 85 255
0 0 254 85 255
0 0 254 85 255
0 0 254 85 255
0 1 0 1 1
0 1 0 1 1
0 1 0 1 1
0 1 0 1 1
0 1 0 1 1
1 0 128 0 0
0 1 254 128 254
1 0 233 154 136
0 1 6 25 31
0 0 42 153 187
0 1 88 76 92
0 0 240 3 243
0 0 46 178 190
0 1 2 170 170
0 0 138 135 143
0 0 3 143 143
0 1 223 127 255
1 0 146 117 16
1 0 146 117 16
1 0 146 117 16
1 0 146 117 16
0 0 53 227 247
0 1 165 171 175
1 0 26 45 8
1 1 141 217 137
1 1 71 113 65
1 1 223 139 139
1 0 85 255 85
1 1 218 165 128
0 1 2 2 2
0 0 3 215 215
0 0 3 215 215
0 0 3 215 215
0 0 2 85 87
0 0 2 85 87
0 0 2 85 87
0 0 2 85 87
0 0 2 85 87
1 0 122 16 16
0 0 85 1 85
0 1 249 24 249
0 0 86 54 118
1 0 26 40 8
0 1 230 37 231
0 0 193 237 237
0 1 174 18 190
1 1 111 10 10
1 0 170 254 170
1 0 170 254 170
1 0 170 254 170
1 1 194 206 194
1 1 166 235 162
1 1 166 235 162
1 1 166 235 162
1 1 166 235 162
1 0 171 191 171
0 0 0 2 2
1 1 172 240 160
1 0 138 237 136
1 0 242 3 2
1 1 51 220 16
1 0 255 85 85
0 0 128 128 128
0 0 41 79 111
0 0 213 225 245
0 1 40 24 56
0 0 2 1 3
0 1 38 231 231
0 0 170 2 170
0 0 85 85 85
0 1 76 36 108
1 1 255 255 255
1 1 196 7 4
0 1 255 255 255
0 0 102 165 231
0 0 174 44 174
1 0 26 58 26
1 1 1 255 1
0 1 70 154 222
0 1 245 227 247
0 1 217 69 221
0 0 0 128 128
0 1 233 185 249
0 0 216 66 218
0 0 216 66 218
0 0 216 66 218
0 0 216 66 218
0 0 216 66 218
0 1 1 170 171
0 0 25 168 185
1 1 194 72 64
0 0 78 14 78
1 1 254 85 84
1 0 183 139 131
1 0 223 216 216
1 0 233 43 41
0 0 240 41 249
1 0 79 25 9
0 1 46 192 238
0 1 46 192 238
0 1 46 192 238
1 1 0 170 0
0 1 2 85 87
1 0 177 110 32
1 0 111 246 102
1 0 48 180 48
1 0 35 77 1
0 1 176 204 252
0 1 163 248 251
0 1 163 248 251
1 0 63 43 43
1 0 63 43 43
1 0 63 43 43
0 1 117 24 125
0 0 0 128 128
1 0 85 1 1
0 0 2 2 2
1 0 244 16 16
1 1 100 90 64
1 0 184 65 0
0 0 231 199 231
0 1 166 81 247
0 0 19 147 147
0 0 42 174 174
0 0 8 11 11
1 1 22 163 2
1 1 255 85 85
1 1 46 199 6
1 0 254 255 254
0 0 158 201 223
1 1 219 115 83
1 0 136 223 136
0 0 63 161 191
0 0 85 2 87
1 1 1 170 0
0 0 85 85 85
0 0 85 85 85
0 0 85 85 85
1 0 233 69 65
1 0 233 69 65
1 0 233 69 65
1 0 233 69 65
1 0 178 55 50
0 1 46 111 111
0 1 170 0 170
1 1 186 17 16
1 0 157 102 4
1 1 128 85 0
1 0 222 71 70
0 0 170 1 171
1 1 76 45 12
0 0 254 0 254
0 0 118 233 255
0 0 65 72 73
0 0 0 170 170
1 0 85 85 85
0 0 85 254 255
1 0 124 78 76
1 0 204 1 0
1 1 72 170 8
0 0 255 128 255
0 0 255 128 255
0 0 170 85 255
0 0 1 227 227
0 0 7 245 247
0 1 254 128 254
0 0 164 42 174
1 0 197 68 68
1 0 157 164 132
0 0 244 221 253
0 0 1 1 1
0 1 128 128 128
0 1 209 190 255
0 0 151 178 183
0 1 17 57 57
1 0 167 127 39
0 0 231 110 239
0 1 4 191 191
0 1 4 191 191
0 1 4 191 191
0 1 4 191 191
0 1 4 191 191
0 0 119 112 119
0 0 1 0 1
0 1 220 64 220
1 0 43 213 1
1 0 43 213 1
1 0 43 213 1
0 1 109 52 125
1 0 255 1 1
1 0 52 153 16
1 1 56 62 56
0 1 218 130 218
1 1 119 67 67
1 1 74 92 72
0 0 8 181 189
1 1 160 3 0
1 0 64 254 64
0 0 217 7 223
0 0 1 82 83
0 0 128 85 213
0 0 128 85 213
0 0 128 85 213
0 0 128 85 213
0 0 128 85 213
1 0 197 7 5
1 0 2 255 2
1 0 197 91 65
1 1 177 124 48
1 0 23 206 6
1 1 228 24 0
1 1 204 246 196
1 0 255 255 255
1 0 200 116 64
0 1 58 176 186
1 1 166 15 6
0 0 239 175 239
0 1 170 255 255
0 1 170 255 255
0 1 170 255 255
0 1 170 255 255
0 1 170 255 255
1 1 194 164 128
1 0 169 111 41
1 0 115 165 33
1 1 130 46 2
1 0 157 251 153
0 0 85 85 85
0 0 255 217 255
0 0 255 217 255
0 0 255 217 255
0 0 255 217 255
0 0 255 217 255
0 0 239 175 239
1 0 85 128 0
1 1 234 186 170
1 1 250 198 194
1 0 64 142 0
1 0 255 128 128
1 1 84 152 16
1 1 212 22 20
1 0 128 0 0
1 0 128 0 0
1 0 128 0 0
1 0 128 0 0
1 1 119 204 68
1 1 119 204 68
1 1 119 204 68
1 1 119 204 68
1 1 119 204 68
1 1 85 128 0
1 1 85 128 0
1 1 85 128 0
1 0 170 255 170
0 0 0 85 85
0 0 0 85 85
0 0 0 85 85
0 0 0 85 85
0 0 0 85 85
0 0 255 0 255
1 0 177 246 176
1 0 255 85 85
0 0 172 22 190
1 0 242 253 240
1 0 1 254 0
1 1 226 14 2
0 0 9 114 123
0 0 9 114 123
0 0 9 114 123
0 0 9 114 123
1 0 203 120 72
1 1 45 76 12
1 1 118 0 0
1 1 118 0 0
1 1 118 0 0
0 0 0 237 237
1 0 159 217 153
0 0 148 111 255
0 0 148 111 255
0 0 148 111 255
0 0 148 111 255
0 0 148 111 255
1 0 36 211 0
1 1 85 254 84
0 0 2 0 2
1 1 1 0 0
1 1 1 0 0
0 1 170 170 170
0 1 170 170 170
0 1 170 170 170
0 1 170 170 170
0 1 170 170 170
0 0 255 254 255
1 0 79 166 6
0 1 0 128 128
1 0 44 182 36
0 1 85 0 85
1 1 2 128 0
1 1 210 38 2
1 0 141 20 4
1 0 0 85 0
1 0 178 29 16
1 1 19 175 3
1 1 19 175 3
0 0 34 1 35
1 0 1 2 0
0 0 0 2 2
0 0 0 2 2
0 0 0 2 2
0 0 0 2 2
0 1 77 120 125
1 1 191 151 151
1 0 207 97 65
1 0 254 0 0
1 0 255 0 0
1 0 227 14 2
1 0 85 128 0
1 0 254 1 0
0 0 128 254 254
0 0 85 128 213
1 1 85 255 85
1 1 199 146 130
1 0 157 4 4
0 1 255 2 255
1 1 35 9 1
0 0 100 172 236
0 0 100 172 236
0 0 100 172 236
0 0 100 172 236
1 0 170 170 170
1 0 170 170 170
0 1 82 126 126
1 1 186 73 8
1 1 186 73 8
1 1 186 73 8
1 1 186 73 8
0 0 85 2 87
1 0 111 64 64
1 0 111 64 64
0 1 142 54 190
0 0 159 54 191
1 1 63 25 25
0 0 2 255 255
0 0 2 255 255
0 0 2 255 255
0 1 43 113 123
1 1 254 255 254
0 0 112 119 119
1 0 228 60 36
0 1 92 135 223
0 0 220 235 255
1 0 1 255 1
1 0 1 255 1
1 0 1 255 1
1 0 1 255 1
0 1 21 69 85
0 1 21 69 85
0 1 21 69 85
0 1 21 69 85
0 0 85 254 255
1 0 74 174 10
1 1 170 1 0
0 0 173 29 189
1 0 137 249 137
1 1 180 168 160
0 1 84 47 127
0 0 89 92 93
1 1 30 176 16
1 1 238 239 238
0 0 241 146 243
0 0 128 255 255
1 1 197 215 197
0 0 7 159 159
0 1 254 128 254
0 1 254 128 254
0 0 1 254 255
0 1 206 15 207
0 1 206 15 207
0 1 206 15 207
0 1 206 15 207
0 0 85 1 85
0 0 187 69 255
0 1 69 56 125
0 1 148 227 247
1 0 14 18 2
0 0 154 190 190
1 1 11 12 8
1 1 11 12 8
1 1 11 12 8
1 1 11 12 8
0 0 128 170 170
0 1 2 1 3
1 0 254 2 2
0 1 184 168 184
0 0 255 254 255
0 1 74 42 106
1 1 26 163 2
0 0 228 115 247
1 0 175 161 161
1 1 254 85 84
0 0 33 161 161
0 1 23 187 191
0 1 23 187 191
1 0 75 24 8
1 1 20 211 16
1 0 107 212 64
1 1 131 131 131
0 1 206 169 239
0 1 206 169 239
1 1 33 229 33
1 1 33 229 33
1 1 33 229 33
1 1 33 229 33
1 1 33 229 33
1 1 233 116 96
1 1 233 116 96
1 1 233 116 96
1 1 233 116 96
0 1 2 254 254
1 1 93 241 81
0 1 16 146 146
0 1 16 146 146
0 1 16 146 146
0 1 43 84 127
0 1 241 126 255
0 0 255 0 255
0 1 2 2 2
0 0 0 255 255
0 1 254 1 255
1 1 188 17 16
1 0 5 179 1
0 1 215 22 215
0 0 2 128 130
0 0 198 166 230
1 1 253 19 17
1 1 229 104 96
1 1 229 104 96
1 1 229 104 96
1 1 229 104 96
1 1 229 104 96
0 0 170 128 170
1 0 254 255 254
1 1 187 104 40
1 0 255 254 254
1 0 255 254 254
1 0 255 254 254
1 0 255 254 254
0 1 232 39 239
0 1 171 194 235
0 1 1 255 255
1 0 68 45 4
0 0 112 68 116
0 0 110 74 110
1 1 45 218 8
1 1 180 227 160
1 1 160 119 32
1 0 159 82 18
0 1 145 255 255
0 1 9 106 107
1 0 250 71 66
1 1 178 147 146
0 0 100 174 238
1 0 161 17 1
0 0 85 2 87
1 1 60 186 56
0 0 23 127 127
1 0 95 1 1
1 0 85 85 85
0 1 85 77 93
0 1 213 121 253
0 1 213 121 253
0 1 213 121 253
0 1 213 121 253
0 1 213 121 253
0 1 104 116 124
0 0 78 207 207
0 0 78 207 207
0 0 78 207 207
0 0 78 207 207
1 0 17 143 1
1 1 188 52 52
1 1 67 170 2
1 1 80 38 0
1 1 80 38 0
1 1 80 38 0
1 1 80 38 0
0 1 170 2 170
0 1 112 204 252
1 0 255 255 255
1 0 218 48 16
1 0 218 48 16
1 0 218 48 16
1 0 47 143 15
0 0 2 2 2
0 0 2 2 2
0 0 85 85 85
1 0 27 103 3
1 1 42 149 0
1 1 42 149 0
1 1 42 149 0
1 1 42 149 0
1 1 42 149 0
1 0 248 18 16
1 0 173 43 41
1 1 209 232 192
1 0 92 8 8
0 0 209 233 249
0 1 1 128 129
0 1 1 128 129
0 0 2 69 71
1 1 49 0 0
0 1 170 170 170
0 1 170 170 170
0 1 170 170 170
0 1 170 170 170
0 1 170 170 170
0 0 128 255 255
0 1 85 1 85
0 1 85 1 85
0 1 63 58 63
0 1 63 58 63
0 0 0 2 2
0 0 99 188 255
0 0 32 172 172
1 1 153 173 137
0 0 225 224 225
0 1 85 0 85
1 1 255 255 255
1 0 5 249 1
0 0 2 2 2
1 0 45 137 9
0 1 254 2 254
0 0 254 128 254
0 0 133 178 183
1 1 194 8 0
0 1 126 182 254
1 1 12 211 0
0 0 99 205 239
0 0 99 205 239
0 0 99 205 239
0 0 99 205 239
0 0 99 205 239
0 1 31 173 191
1 0 13 238 12
1 0 61 248 56
1 0 61 248 56
1 0 61 248 56
1 0 157 166 132
1 0 57 124 56
1 1 255 138 138
1 0 117 201 65
1 0 53 19 17
1 0 53 19 17
1 0 53 19 17
1 0 53 19 17
0 1 17 235 251
0 1 128 255 255
0 0 24 112 120
0 0 24 112 120
0 0 24 112 120
0 0 24 112 120
0 0 24 112 120
1 0 171 144 128
1 0 232 24 8
0 1 33 113 113
0 1 229 124 253
0 0 13 203 207
0 0 250 155 251
1 0 84 88 80
0 0 2 1 3
0 0 145 109 253
0 0 145 109 253
0 0 145 109 253
0 0 145 109 253
0 0 145 109 253
0 1 243 169 251
0 1 1 85 85
1 0 200 162 128
1 0 200 162 128
1 0 200 162 128
0 0 170 254 254
1 1 131 9 1
0 0 0 2 2
1 0 0 226 0
1 0 25 224 0
1 0 254 85 84
1 0 0 254 0
1 0 0 254 0
1 0 0 254 0
1 0 227 8 0
0 0 249 215 255
0 0 249 215 255
0 1 63 222 255
0 0 35 213 247
1 1 85 170 0
1 0 255 2 2
0 0 2 254 254
0 0 85 1 85
0 0 225 14 239
0 1 85 2 87
0 1 154 185 187
0 0 46 47 47
0 0 46 47 47
0 0 46 47 47
0 1 128 0 128
0 0 85 255 255
0 0 69 202 207
0 0 54 69 119
0 1 132 126 254
0 1 255 254 255
0 0 1 170 171
0 1 187 217 251
0 1 187 217 251
0 1 187 217 251
1 0 90 108 72
1 1 230 125 100
1 0 0 1 0
1 1 206 99 66
1 1 206 99 66
1 1 206 99 66
1 1 206 99 66
1 1 206 99 66
0 0 2 85 87
1 0 250 206 202
1 0 103 171 35
1 0 103 171 35
1 0 103 171 35
1 0 103 171 35
1 0 103 171 35
1 0 163 117 33
1 0 158 61 28
1 1 127 231 103
1 1 127 231 103
1 1 127 231 103
0 0 95 203 223
0 1 156 230 254
0 1 152 50 186
1 1 96 41 32
0 1 231 153 255
0 0 255 128 255
0 0 254 0 254
0 1 143 230 239
1 1 213 36 4
1 0 254 160 160
1 0 135 216 128
1 1 46 51 34
0 0 85 26 95
0 0 0 0 0
1 0 60 10 8
0 0 170 255 255
1 0 158 225 128
1 0 237 14 12
1 1 209 183 145
0 1 254 85 255
1 0 73 227 65
0 1 234 60 254
0 1 234 60 254
0 1 234 60 254
0 1 234 60 254
0 1 94 156 222
0 0 233 70 239
1 1 255 255 255
0 0 170 254 254
1 1 170 0 0
1 0 170 170 170
1 1 181 208 144
1 0 147 71 3
1 0 88 226 64
0 1 26 171 187
1 1 255 60 60
1 0 44 211 0
0 1 170 254 254
0 1 120 104 120
0 1 120 104 120
0 1 120 104 120
0 1 120 104 120
0 1 62 231 255
0 1 136 47 175
0 1 163 240 243
1 1 49 170 32
0 0 128 0 128
0 1 0 128 128
1 0 8 201 8
1 0 48 160 32
0 0 185 236 253
1 0 131 82 2
0 1 161 217 249
0 1 161 217 249
1 1 30 35 2
0 0 68 21 85
1 0 47 130 2
1 0 130 93 0
1 0 11 121 9
1 0 11 121 9
1 0 11 121 9
1 0 11 121 9
1 0 11 121 9
1 0 27 72 8
0 1 249 187 251
1 0 254 85 84
1 1 67 215 67
0 0 253 188 253
0 0 254 128 254
1 1 195 7 3
0 0 16 50 50
0 1 254 85 255
1 0 73 92 72
1 0 73 92 72
1 0 73 92 72
1 0 73 92 72
0 0 254 255 255
1 0 185 73 9
0 0 231 174 239
1 1 254 1 0
1 0 170 255 170
1 0 170 255 170
1 0 170 255 170
1 0 170 255 170
1 0 170 255 170
1 1 51 213 17
1 1 47 66 2
1 0 254 254 254
1 1 166 21 4
1 1 225 26 0
1 1 128 255 128
0 0 85 255 255
0 1 254 1 255
1 0 24 197 0
1 0 197 231 197
1 0 0 128 0
0 0 5 16 21
1 1 160 222 128
0 1 233 97 233
1 0 254 2 2
1 1 66 107 66
0 1 78 135 207
0 1 78 135 207
0 0 169 205 237
0 0 254 85 255
0 1 37 177 181
0 0 85 2 87
0 1 170 2 170
0 1 170 2 170
0 1 170 2 170
1 0 92 165 4
0 1 102 90 126
0 1 212 93 221
1 1 137 15 9
1 1 137 15 9
1 1 137 15 9
1 1 137 15 9
1 1 137 15 9
1 0 143 77 13
0 1 208 118 246
0 1 193 235 235
0 0 85 128 213
1 0 194 98 66
1 0 194 98 66
1 0 194 98 66
0 1 128 1 129
0 1 211 130 211
0 1 211 130 211
0 1 211 130 211
0 1 211 130 211
0 1 85 1 85
0 1 1 170 171
0 1 205 0 205
0 1 205 0 205
0 1 205 0 205
0 1 205 0 205
0 1 205 0 205
0 0 67 164 231
0 1 91 150 223
0 1 101 105 109
0 0 84 235 255
1 0 114 78 66
0 0 255 254 255
0 0 254 2 254
1 1 1 255 1
1 0 1 0 0
1 1 21 216 16
0 1 85 170 255
1 0 1 0 0
0 0 212 93 221
1 1 209 165 129
1 0 254 128 128
0 1 209 183 247
1 1 255 2 2
1 1 255 2 2
1 1 255 2 2
0 0 2 170 170
0 0 50 210 242
0 1 222 155 223
1 0 126 134 6
0 0 2 2 2
1 0 239 168 168
1 0 239 168 168
1 0 239 168 168
1 0 239 168 168
1 0 93 197 69
1 0 50 3 2
0 0 172 121 253
0 1 20 157 157
0 1 20 157 157
0 1 20 157 157
0 1 94 45 127
1 0 85 170 0
1 0 85 170 0
1 0 85 170 0
1 0 85 170 0
1 0 85 170 0
0 0 163 178 179
1 0 149 205 133
0 1 22 83 87
0 1 137 94 223
1 0 2 255 2
0 0 145 163 179
0 0 85 2 87
1 0 101 106 96
0 1 127 224 255
0 1 16 127 127
0 1 180 70 246
0 1 180 70 246
0 1 1 244 245
1 0 59 87 19
0 0 6 220 222
1 1 202 147 130
1 1 157 155 153
0 0 27 238 255
0 0 109 23 127
0 1 170 128 170
1 1 188 46 44
0 1 239 78 239
0 0 36 232 236
0 0 254 170 254
0 1 21 145 149
0 0 255 1 255
0 0 161 79 239
1 1 238 212 196
1 0 188 108 44
1 1 64 58 0
1 1 64 58 0
1 1 254 0 0
0 0 77 249 253
0 0 128 170 170
0 0 128 2 130
1 1 18 9 0
1 0 54 243 50
0 0 11 14 15
0 0 170 0 170
1 1 254 254 254
1 0 2 255 2
0 0 53 196 245
0 1 9 10 11
1 1 40 43 40
0 1 235 49 251
0 1 235 49 251
1 0 33 163 33
1 0 224 199 192
0 0 114 110 126
0 0 235 164 239
1 1 1 206 0
1 1 128 124 0
1 1 6 91 2
1 0 50 155 18
0 0 123 178 251
1 0 153 171 137
0 1 216 93 221
1 1 172 178 160
0 1 170 85 255
0 0 51 148 183
0 0 199 30 223
1 1 140 56 8
1 1 140 56 8
1 1 140 56 8
1 1 140 56 8
1 1 140 56 8
0 1 87 4 87
1 1 5 93 5
1 1 215 224 192
1 0 234 29 8
1 0 234 29 8
0 0 45 233 237
1 0 181 93 21
0 1 255 255 255
0 0 128 254 254
1 1 1 85 1
1 0 196 155 128
1 0 14 212 4
1 0 14 212 4
1 0 14 212 4
1 0 14 212 4
1 0 14 212 4
0 0 214 188 254
0 0 111 151 255
0 1 157 15 159
0 0 61 203 255
0 0 195 154 219
0 0 195 154 219
0 0 195 154 219
0 0 195 154 219
0 0 79 107 111
0 0 156 49 189
0 0 170 180 190
1 1 184 102 32
1 1 184 102 32
1 1 184 102 32
1 1 184 102 32
1 1 184 102 32
1 0 150 14 6
1 0 70 215 70
1 1 247 38 38
1 1 118 233 96
1 1 38 89 0
1 0 217 37 1
1 1 186 49 48
1 0 52 129 0
1 0 52 129 0
1 0 52 129 0
1 0 52 129 0
1 0 106 101 96
0 1 183 14 191
1 0 180 81 16
0 0 85 254 255
0 0 85 2 87
1 1 255 254 254
1 1 224 255 224
1 1 224 255 224
1 1 224 255 224
1 1 224 255 224
1 1 224 255 224
1 1 28 193 0
1 1 28 193 0
1 1 28 193 0
1 1 28 193 0
1 0 157 57 25
0 1 25 53 61
0 0 167 80 247
0 0 148 204 220
1 1 254 0 0
1 0 172 107 40
1 1 207 90 74
1 1 207 90 74
1 1 207 90 74
1 1 207 90 74
1 0 24 66 0
1 0 24 66 0
1 0 24 66 0
1 0 24 66 0
0 0 27 195 219
1 0 239 137 137
0 0 2 0 2
0 0 2 0 2
0 0 2 0 2
0 0 63 92 127
0 0 2 128 130
0 0 1 203 203
0 0 107 195 235
0 0 154 184 186
0 0 154 184 186
0 0 0 1 1
0 0 178 180 182
1 1 177 219 145
1 1 202 133 128
1 1 229 93 69
1 1 229 93 69
0 1 27 60 63
1 1 87 158 22
0 1 131 192 195
0 0 106 202 234
1 0 253 46 44
1 0 253 46 44
1 0 253 46 44
1 0 176 37 32
0 1 13 219 223
0 1 125 191 255
1 1 49 189 49
1 0 201 86 64
1 0 254 2 2
1 1 77 109 77
1 1 77 109 77
1 1 77 109 77
1 1 77 109 77
0 0 170 255 255
0 1 254 85 255
0 1 254 85 255
0 1 254 85 255
0 1 254 85 255
1 1 81 133 1
1 0 23 142 6
0 0 0 0 0
1 1 85 170 0
1 1 85 170 0
1 1 107 213 65
0 1 117 180 245
0 1 117 180 245
0 0 227 247 247
0 0 254 0 254
0 1 71 182 247
1 1 7 41 1
1 0 57 123 57
0 1 255 255 255
0 0 80 174 254
1 0 179 229 161
1 0 78 56 8
0 0 98 222 254
1 0 98 122 98
1 0 207 234 202
0 0 66 159 223
1 0 137 153 137
0 1 0 0 0
1 0 255 170 170
1 1 52 122 48
1 1 52 122 48
1 1 52 122 48
1 1 52 122 48
1 1 52 122 48
1 1 170 170 170
0 0 170 170 170
0 1 174 245 255
0 1 174 245 255
0 1 174 245 255
0 1 174 245 255
1 1 178 221 144
0 1 248 22 254
1 0 52 126 52
0 1 226 106 234
0 1 81 194 211
0 1 1 170 171
0 1 1 170 171
0 1 1 170 171
0 1 1 170 171
0 1 1 170 171
1 0 255 255 255
0 0 90 121 123
0 0 65 213 213
1 0 128 255 128
0 0 244 203 255
1 0 191 178 178
1 1 174 159 142
0 0 229 221 253
0 1 143 16 159
0 0 108 229 237
0 0 217 21 221
1 0 255 170 170
1 0 190 33 32
1 0 190 33 32
0 1 99 49 115
0 1 99 49 115
0 1 99 49 115
0 1 99 49 115
0 1 99 49 115
0 0 255 85 255
0 0 22 217 223
0 0 219 148 223
1 0 1 128 0
1 1 254 255 254
1 1 254 255 254
1 1 254 255 254
0 0 1 170 171
1 0 58 86 18
0 1 0 85 85
0 1 0 85 85
0 1 0 85 85
0 1 0 85 85
1 1 254 2 2
0 1 156 81 221
1 0 255 170 170
1 0 170 170 170
1 0 170 170 170
1 0 170 170 170
1 1 35 221 1
0 0 85 0 85
1 1 251 253 249
1 1 10 163 2
1 1 10 163 2
0 1 230 186 254
0 1 241 240 241
0 0 47 162 175
0 1 217 128 217
0 0 0 254 254
1 0 85 2 0
1 0 85 2 0
1 0 85 2 0
1 0 85 2 0
1 0 85 2 0
0 0 255 254 255
1 1 20 93 20
1 0 128 255 128
0 1 2 170 170
0 0 224 64 224
0 0 41 22 63
0 1 41 4 45
1 0 222 78 78
1 1 1 254 0
1 1 172 199 132
0 0 164 117 245
1 0 240 6 0
0 1 167 23 183
0 0 254 85 255
0 0 254 85 255
0 0 254 85 255
0 0 254 85 255
0 0 254 85 255
0 0 56 191 191
0 0 0 64 64
1 1 204 116 68
1 1 126 161 32
0 1 128 1 129
0 1 124 124 124
0 1 124 124 124
1 1 2 85 0
0 1 128 0 128
1 0 217 135 129
1 0 139 67 3
0 1 78 194 206
0 1 85 255 255
0 0 0 85 85
0 0 128 2 130
1 1 236 173 172
1 1 243 195 195
1 1 225 197 193
1 1 174 11 10
1 0 75 177 1
0 1 170 85 255
1 0 160 78 0
1 0 124 39 36
0 0 0 128 128
0 0 13 87 95
0 0 156 165 189
0 1 137 10 139
1 1 216 198 192
0 0 0 255 255
1 0 142 203 138
0 1 36 130 166
0 0 170 170 170
1 0 1 128 0
0 1 99 190 255
1 1 112 59 48
0 1 162 133 167
0 0 232 116 252
0 1 8 210 218
1 0 47 141 13
1 1 139 245 129
0 0 128 85 213
0 1 110 144 254
0 0 254 0 254
0 0 85 128 213
0 1 171 209 251
1 0 54 108 36
1 0 54 108 36
0 0 128 2 130
1 1 29 204 12
1 1 194 75 66
0 0 220 231 255
1 0 85 254 84
1 0 85 254 84
1 0 85 254 84
1 0 85 254 84
0 1 76 121 125
0 0 170 254 254
1 1 168 144 128
1 1 168 144 128
1 1 168 144 128
1 1 168 144 128
1 0 70 209 64
1 0 128 254 128
1 1 47 39 39
1 1 47 39 39
1 1 47 39 39
1 0 85 254 84
1 0 85 254 84
1 0 85 254 84
0 1 104 35 107
0 1 206 100 238
0 1 96 49 113
0 0 128 85 213
1 0 79 26 10
1 0 85 170 0
1 0 85 170 0
1 0 85 170 0
1 0 255 128 128
0 1 2 0 2
0 1 255 254 255
1 1 90 73 72
1 0 21 170 0
1 0 2 1 0
1 0 2 1 0
0 1 202 49 251
0 1 202 49 251
0 1 202 49 251
1 0 49 24 16
0 0 170 254 254
1 1 158 39 6
0 1 20 192 212
0 0 128 255 255
1 0 184 2 0
1 0 116 178 48
0 0 170 128 170
1 0 214 112 80
1 0 170 255 170
0 1 237 16 253
0 0 254 85 255
0 1 235 54 255
0 0 201 170 235
0 1 9 172 173
0 0 0 255 255
1 1 137 178 128
1 1 137 178 128
1 1 137 178 128
1 1 137 178 128
0 0 56 189 189
0 0 56 189 189
0 0 56 189 189
0 0 56 189 189
0 0 56 189 189
1 0 185 96 32
0 0 255 85 255
0 0 254 2 254
0 1 231 250 255
1 0 107 45 41
1 0 95 12 12
0 1 85 85 85
1 0 243 174 162
1 0 243 174 162
1 1 57 207 9
1 1 57 207 9
1 1 100 171 32
1 1 100 171 32
1 1 100 171 32
1 1 100 171 32
1 1 100 171 32
0 0 176 168 184
1 1 91 213 81
1 0 170 2 2
1 0 227 22 2
0 0 170 170 170
0 0 85 2 87
0 0 85 2 87
0 0 85 2 87
0 0 128 1 129
0 0 128 1 129
0 0 128 1 129
0 0 128 1 129
0 0 170 255 255
0 1 247 29 255
0 0 25 147 155
0 1 85 91 95
1 1 82 46 2
0 1 254 254 254
0 1 254 254 254
0 1 254 254 254
1 0 14 214 6
1 0 170 254 170
0 1 94 121 127
0 0 142 137 143
0 1 93 220 221
0 1 195 0 195
0 0 195 217 219
1 1 240 159 144
1 1 240 159 144
1 1 240 159 144
1 1 240 159 144
1 0 255 255 255
1 0 176 24 16
1 1 45 45 45
1 1 90 98 66
1 1 90 98 66
1 1 90 98 66
1 1 90 98 66
1 1 90 98 66
1 1 243 96 96
1 1 142 187 138
1 1 142 187 138
1 1 142 187 138
1 1 142 187 138
1 1 142 187 138
1 0 212 37 4
1 1 254 85 84
0 1 255 128 255
1 1 133 36 4
1 0 2 41 0
0 1 103 223 255
0 1 162 213 247
0 1 162 213 247
0 1 162 213 247
0 1 162 213 247
0 0 254 170 254
0 0 128 128 128
0 0 128 128 128
0 0 128 128 128
0 0 128 128 128
0 1 195 214 215
1 1 254 85 84
0 1 128 112 240
0 1 1 1 1
0 0 236 119 255
1 0 19 104 0
0 1 240 79 255
1 1 208 180 144
0 1 225 53 245
1 0 17 190 16
0 0 43 36 47
1 0 58 20 16
1 0 58 20 16
1 0 58 20 16
0 0 255 85 255
0 0 13 152 157
0 0 13 152 157
0 0 13 152 157
0 0 13 152 157
0 0 13 152 157
1 1 107 190 42
1 0 85 85 85
0 0 140 221 221
0 1 248 150 254
0 0 176 162 178
0 0 180 179 183
0 0 180 179 183
0 0 180 179 183
0 0 180 179 183
0 0 180 179 183
1 1 56 104 40
0 1 53 94 127
1 1 232 253 232
1 1 232 253 232
1 1 232 253 232
1 1 232 253 232
1 1 232 253 232
0 1 77 91 95
0 0 1 2 3
0 0 1 2 3
0 1 0 255 255
1 1 11 140 8
1 1 11 140 8
0 1 185 120 249
0 1 185 120 249
0 1 185 120 249
1 0 255 170 170
1 0 9 41 9
0 0 237 124 253
0 0 254 0 254
0 1 0 255 255
0 0 128 128 128
0 0 0 128 128
0 1 85 170 255
1 0 118 91 82
1 0 1 2 0
1 0 1 2 0
0 1 73 185 249
0 1 53 116 117
0 1 106 114 122
1 0 255 1 1
1 0 115 37 33
1 0 115 37 33
1 0 115 37 33
1 1 229 238 228
0 0 2 85 87
1 1 2 85 0
0 0 213 125 253
0 0 47 12 47
1 1 125 180 52
1 0 232 121 104
1 1 59 6 2
0 1 0 170 170
0 1 2 255 255
0 1 59 246 255
1 1 94 231 70
1 0 128 2 0
1 0 128 2 0
1 0 128 2 0
1 0 128 2 0
1 0 206 138 138
1 0 253 160 160
1 1 215 234 194
1 1 215 234 194
1 1 215 234 194
1 1 215 234 194
1 1 215 234 194
0 1 226 132 230
0 1 226 132 230
0 1 226 132 230
0 1 226 132 230
0 1 226 132 230
1 1 189 193 129
1 1 130 193 128
1 1 235 202 202
1 0 2 255 2
0 0 76 26 94
1 0 235 131 131
1 1 255 1 1
1 0 255 254 254
1 1 63 226 34
0 0 208 97 241
0 0 208 97 241
0 0 208 97 241
0 0 208 97 241
0 0 234 234 234
1 0 208 12 0
1 0 247 189 181
0 1 1 85 85
0 1 202 210 218
1 0 128 128 128
1 1 160 251 160
0 0 167 140 175
1 1 4 204 4
0 0 99 65 99
1 1 46 176 32
0 1 27 159 159
1 0 209 40 0
1 0 209 40 0
0 0 58 121 123
1 0 187 190 186
1 0 98 176 32
0 0 85 254 255
1 0 124 97 96
1 1 246 230 230
0 1 128 0 128
0 0 170 2 170
0 0 170 2 170
0 0 170 2 170
0 0 170 2 170
0 0 170 2 170
0 0 193 230 231
0 1 120 19 123
0 0 105 254 255
0 1 170 254 254
1 0 195 178 130
0 0 232 129 233
1 1 131 190 130
1 1 37 168 32
0 1 255 254 255
0 1 255 254 255
0 1 255 254 255
0 1 255 254 255
0 1 54 160 182
1 1 175 0 0
1 0 85 0 0
1 0 248 68 64
1 0 248 68 64
1 0 248 68 64
1 0 248 68 64
1 0 248 68 64
1 1 252 99 96
1 1 175 132 132
0 1 85 0 85
0 1 85 0 85
0 1 47 145 191
0 1 47 145 191
0 1 47 145 191
1 1 124 21 20
1 0 11 53 1
0 0 108 242 254
0 1 158 41 191
1 0 189 18 16
1 0 0 255 0
1 0 0 255 0
1 0 0 255 0
1 0 0 255 0
1 0 0 255 0
1 0 163 14 2
0 0 198 141 207
0 1 212 194 214
0 0 137 15 143
0 0 85 170 255
0 0 85 170 255
0 0 85 170 255
0 0 85 170 255
1 0 98 30 2
0 0 186 251 251
0 0 46 191 191
0 0 46 191 191
0 0 46 191 191
1 0 85 170 0
0 0 85 128 213
1 0 233 147 129
0 0 254 2 254
0 0 219 16 219
0 1 254 2 254
0 0 48 220 252
0 0 252 61 253
0 0 162 154 186
0 0 255 170 255
1 0 132 185 128
1 0 191 1 1
1 0 191 1 1
1 0 85 2 0
0 0 25 208 217
0 0 56 65 121
0 0 153 30 159
0 0 254 1 255
1 1 187 37 33
0 1 85 254 255
0 1 85 254 255
0 1 170 170 170
0 1 170 170 170
0 1 170 170 170
1 0 12 57 8
0 0 128 85 213
0 0 85 128 213
0 0 85 128 213
0 0 85 128 213
0 0 85 128 213
0 0 85 128 213
1 1 173 134 132
0 0 1 85 85
1 1 80 252 80
0 0 4 54 54
1 0 188 94 28
0 1 143 227 239
1 0 213 234 192
1 0 213 234 192
1 0 42 197 0
1 1 2 1 0
1 0 40 154 8
0 0 3 5 7
0 1 254 1 255
1 1 249 58 56
1 0 85 170 0
0 1 34 54 54
1 0 243 205 193
1 0 244 198 196
0 1 9 206 207
0 0 116 113 117
0 1 45 205 237
1 0 2 254 2
1 1 115 45 33
0 0 0 1 1
0 1 0 85 85
0 1 0 85 85
0 1 0 85 85
0 1 0 85 85
0 1 0 85 85
1 0 128 254 128
0 1 233 112 249
1 1 169 86 0
1 0 142 132 132
0 1 103 166 231
1 1 130 105 0
1 0 50 95 18
0 0 2 170 170
0 0 60 188 188
0 0 60 188 188
0 0 60 188 188
0 0 60 188 188
1 0 47 61 45
0 0 230 68 230
1 0 254 2 2
1 0 32 27 0
1 0 176 25 16
1 0 176 25 16
1 0 176 25 16
0 1 185 232 249
0 0 71 214 215
1 1 205 43 9
0 0 133 82 215
0 0 133 82 215
0 0 133 82 215
0 0 133 82 215
0 0 2 0 2
0 0 254 0 254
0 0 254 0 254
0 0 254 0 254
0 1 188 65 253
0 0 170 170 170
0 0 170 170 170
0 0 170 170 170
0 0 170 170 170
0 0 163 223 255
1 0 53 143 5
1 0 105 132 0
1 0 105 132 0
1 0 105 132 0
0 0 101 99 103
1 0 1 128 0
0 0 171 189 191
1 0 107 219 75
0 0 170 85 255
0 0 130 129 131
1 0 244 183 180
0 0 0 0 0
1 0 145 121 17
1 1 1 85 1
1 1 1 85 1
1 1 1 85 1
1 1 59 172 40
0 0 85 0 85
0 1 255 1 255
1 1 40 13 8
1 0 18 110 2
1 1 189 179 177
1 1 189 179 177
1 1 189 179 177
0 1 139 131 139
1 0 103 68 68
1 0 103 68 68
1 0 71 70 70
1 0 130 138 130
1 0 130 138 130
1 0 130 138 130
1 0 130 138 130
0 1 183 215 247
1 1 248 140 136
1 1 248 140 136
1 1 248 140 136
0 1 220 208 220
1 0 255 254 254
1 1 93 62 28
1 1 243 242 242
1 1 243 242 242
1 1 243 242 242
0 0 148 219 223
1 1 53 37 37
0 1 49 53 53
0 0 254 255 255
0 0 254 255 255
0 0 254 255 255
0 0 254 255 255
0 0 254 255 255
1 1 85 0 0
0 0 0 85 85
0 0 0 85 85
0 0 0 85 85
0 0 0 85 85
0 0 0 85 85
0 1 219 103 255
1 0 41 3 1
1 0 172 246 164
1 1 179 20 16
0 0 0 2 2
0 0 205 73 205
1 1 82 179 18
0 1 254 85 255
1 0 85 128 0
0 0 208 150 214
1 1 207 34 2
0 1 28 11 31
1 0 1 1 1
1 0 145 198 128
1 0 145 198 128
1 0 145 198 128
1 0 145 198 128
1 0 145 198 128
1 1 60 28 28
0 1 228 232 236
0 1 215 199 215
1 0 242 60 48
1 1 255 2 2
0 0 54 38 54
0 0 54 38 54
0 0 54 38 54
1 0 189 16 16
1 0 251 103 99
1 0 19 203 3
1 0 94 12 12
1 0 35 183 35
1 0 2 1 0
0 0 122 77 127
0 0 196 226 230
0 0 196 226 230
1 0 110 91 74
1 1 59 209 17
1 0 0 128 0
0 0 96 73 105
1 1 1 0 0
0 1 106 74 106
1 1 121 76 72
0 0 92 144 220
0 1 0 254 254
1 0 139 210 130
0 0 184 37 189
0 0 163 1 163
1 0 161 156 128
1 0 144 81 16
0 0 135 62 191
1 1 173 174 172
1 0 255 254 254
1 0 187 247 179
1 1 172 61 44
0 0 185 57 185
0 0 0 1 1
0 0 0 1 1
0 1 95 249 255
0 1 127 20 127
0 0 244 223 255
1 1 147 35 3
0 0 7 24 31
0 1 255 128 255
0 1 255 128 255
1 0 164 32 32
1 1 2 1 0
0 1 114 205 255
1 1 11 176 0
1 0 168 27 8
0 0 129 82 211
0 0 129 82 211
0 0 129 82 211
0 0 129 82 211
0 0 128 170 170
0 0 58 251 251
0 1 182 47 191
0 1 109 101 109
0 0 254 0 254
0 1 151 23 151
0 0 33 216 249
0 0 33 216 249
0 0 33 216 249
0 0 4 90 94
1 1 79 230 70
0 1 91 8 91
1 0 125 247 117
0 1 249 188 253
0 1 84 86 86
0 0 2 255 255
1 0 191 89 25
1 0 0 128 0
0 0 14 231 239
1 1 255 255 255
0 1 224 250 250
0 1 224 250 250
0 0 22 66 86
0 1 22 46 62
0 0 254 1 255
0 0 170 128 170
1 1 151 147 147
1 0 69 81 65
1 0 1 85 1
1 0 0 2 0
1 0 0 2 0
1 0 0 2 0
1 0 0 2 0
1 0 0 2 0
0 1 239 209 255
0 0 243 34 243
0 1 172 134 174
0 1 172 134 174
0 1 172 134 174
0 1 172 134 174
1 1 253 246 244
1 1 140 59 8
0 0 1 1 1
0 0 196 207 207
1 1 75 112 64
0 0 1 170 171
1 1 23 104 0
1 0 54 206 6
0 0 242 118 246
0 0 33 250 251
1 0 128 1 0
0 0 83 86 87
1 1 132 234 128
0 0 255 254 255
0 0 255 2 255
0 0 255 2 255
0 0 255 2 255
0 0 255 2 255
0 0 255 2 255
0 0 255 170 255
0 1 17 156 157
0 1 17 156 157
0 0 148 95 223
1 1 44 50 32
1 1 193 72 64
1 0 238 147 130
1 0 242 224 224
0 1 235 220 255
0 1 235 220 255
0 0 128 85 213
1 0 103 187 35
1 0 235 244 224
1 0 235 244 224
1 0 235 244 224
1 0 235 244 224
1 0 171 110 42
1 1 197 29 5
1 1 197 29 5
1 1 197 29 5
0 1 209 94 223
1 1 52 165 36
1 1 157 87 21
1 0 44 174 44
1 0 64 130 0
1 0 254 85 84
1 0 254 85 84
0 1 65 96 97
0 0 86 149 215
0 1 169 39 175
0 1 140 131 143
1 1 155 249 153
1 1 155 249 153
1 1 155 249 153
1 1 155 249 153
1 1 155 249 153
1 1 187 115 51
0 0 63 242 255
1 0 16 175 0
0 0 223 25 223
0 0 190 231 255
0 0 190 231 255
0 0 190 231 255
0 1 29 249 253
0 0 24 131 155
0 0 0 255 255
0 1 73 192 201
0 0 8 76 76
1 0 102 61 36
0 0 76 159 223
0 1 93 77 93
0 0 72 190 254
0 0 128 170 170
0 0 96 138 234
1 0 159 73 9
0 1 254 128 254
0 1 254 128 254
0 1 254 128 254
0 1 254 128 254
0 1 254 128 254
0 0 1 255 255
0 0 1 255 255
0 0 1 255 255
0 1 128 85 213
0 1 0 254 254
0 0 71 51 119
1 1 135 174 134
0 1 171 164 175
0 0 79 154 223
1 1 202 237 200
0 0 1 0 1
0 0 251 84 255
0 0 251 84 255
1 1 141 5 5
0 1 148 190 190
0 1 100 189 253
1 0 255 255 255
0 1 254 254 254
0 0 192 208 208
1 1 97 136 0
1 1 144 76 0
0 1 36 236 236
0 1 36 236 236
1 0 74 253 72
0 0 128 170 170
0 0 128 170 170
0 0 128 170 170
0 0 128 170 170
0 0 128 170 170
1 0 179 151 147
0 0 138 141 143
1 0 123 172 40
0 0 248 237 253
0 1 170 2 170
0 1 170 2 170
0 1 38 205 239
1 1 164 180 164
0 0 85 85 85
0 1 170 254 254
0 1 170 254 254
1 0 228 40 32
0 0 85 1 85
0 0 85 1 85
0 0 128 1 129
1 1 63 234 42
0 0 159 185 191
1 1 63 31 31
0 1 132 161 165
0 1 76 19 95
0 1 254 243 255
1 0 0 83 0
1 1 34 91 2
0 0 1 1 1
0 1 4 142 142
0 1 4 142 142
0 0 15 121 127
0 0 15 121 127
0 0 15 121 127
1 1 185 7 1
1 0 200 49 0
0 1 58 6 62
0 1 58 6 62
0 1 58 6 62
0 1 231 80 247
0 1 231 80 247
0 1 231 80 247
0 1 231 80 247
0 1 166 66 230
1 1 133 90 0
0 0 170 0 170
1 0 100 188 36
0 1 32 98 98
0 1 32 98 98
0 1 32 98 98
0 1 32 98 98
1 1 174 226 162
0 0 245 3 247
0 0 122 62 126
1 1 142 176 128
0 1 212 137 221
1 1 9 191 9
0 0 139 159 159
1 1 29 81 17
1 0 51 176 48
1 0 0 255 0
1 0 0 255 0
1 0 0 255 0
1 0 0 255 0
0 0 248 245 253
1 0 35 206 2
0 0 40 24 56
1 1 203 182 130
0 0 255 1 255
0 0 255 1 255
0 0 255 1 255
0 0 255 1 255
0 0 255 1 255
0 1 239 189 255
0 1 239 189 255
0 1 81 202 219
0 1 206 205 207
0 1 68 170 238
0 1 68 170 238
0 1 68 170 238
0 1 68 170 238
0 0 85 2 87
0 0 232 90 250
0 0 232 90 250
0 0 85 254 255
0 0 196 35 231
0 1 131 231 231
0 0 126 246 254
0 0 126 246 254
0 0 126 246 254
0 0 126 246 254
1 0 29 173 13
1 0 170 109 40
1 0 170 109 40
1 0 170 109 40
1 1 99 27 3
1 1 0 85 0
0 1 102 65 103
0 1 39 169 175
0 0 209 154 219
0 1 170 1 171
1 1 85 0 0
1 1 212 57 16
1 1 93 172 12
1 0 255 170 170
1 0 255 170 170
1 0 255 170 170
1 0 255 170 170
0 1 38 44 46
0 1 57 67 123
1 0 2 2 2
0 1 60 212 252
0 1 60 212 252
0 1 60 212 252
0 1 60 212 252
0 1 60 212 252
1 0 234 55 34
1 0 222 150 150
1 0 12 102 4
0 1 85 246 247
1 1 156 134 132
1 1 156 134 132
1 1 156 134 132
0 1 163 29 191
0 0 98 53 119
1 0 22 36 4
0 0 107 157 255
1 0 255 255 255
0 0 2 2 2
0 0 2 2 2
1 1 186 122 58
1 0 170 85 0
0 1 250 48 250
0 1 250 48 250
1 0 85 128 0
1 0 85 128 0
1 0 85 128 0
1 0 85 128 0
0 0 209 18 211
1 1 59 32 32
0 1 1 254 255
1 0 245 78 68
1 0 255 170 170
1 1 64 98 64
0 0 43 161 171
1 1 93 7 5
0 0 128 85 213
1 1 255 254 254
1 0 17 122 16
1 0 76 138 8
1 0 76 138 8
1 0 76 138 8
0 1 148 81 213
1 1 85 85 85
0 1 98 235 235
0 0 2 128 130
1 1 212 5 4
0 1 255 187 255
1 0 157 104 8
0 1 139 74 203
1 0 141 137 137
1 1 220 67 64
1 1 220 67 64
1 1 220 67 64
1 1 220 67 64
1 1 220 67 64
0 1 0 254 254
0 0 17 56 57
0 0 206 215 223
1 0 255 170 170
0 0 128 255 255
0 1 37 88 125
1 0 176 110 32
1 0 176 110 32
1 0 176 110 32
1 0 176 110 32
1 0 176 110 32
0 1 194 129 195
0 1 194 129 195
0 1 194 129 195
0 1 194 129 195
1 0 165 113 33
1 0 165 113 33
1 1 175 116 36
0 1 208 27 219
1 1 80 87 80
1 0 28 152 24
1 0 28 152 24
0 0 37 215 247
0 0 1 170 171
1 0 170 254 170
1 1 241 62 48
0 1 197 1 197
1 1 128 170 128
1 1 128 170 128
1 0 110 32 32
0 0 48 12 60
0 0 128 1 129
1 1 37 113 33
0 1 151 48 183
1 0 151 247 151
0 0 114 61 127
1 0 0 1 0
0 0 255 1 255
0 0 0 170 170
0 1 0 128 128
0 0 236 28 252
0 0 236 28 252
1 0 170 1 0
1 1 175 17 1
1 1 254 85 84
0 1 13 71 79
0 0 95 105 127
1 1 28 246 20
0 0 255 170 255
0 1 111 227 239
1 1 25 124 24
1 0 83 37 1
0 1 83 154 219
1 0 56 8 8
1 0 56 8 8
0 0 1 128 129
1 1 50 215 18
1 0 242 251 242
0 1 120 240 248
0 0 170 128 170
0 0 128 255 255
0 0 128 85 213
0 1 165 162 167
0 0 254 255 255
0 0 163 177 179
0 1 178 131 179
1 0 204 11 8
0 1 60 196 252
0 1 75 167 239
1 1 122 60 56
0 1 153 28 157
1 0 114 165 32
0 1 128 2 130
0 0 255 255 255
0 1 128 170 170
0 0 254 0 254
0 0 88 108 124
0 1 170 255 255
1 0 175 178 162
0 0 175 75 239
1 0 162 247 162
1 0 130 144 128
0 1 227 104 235
0 1 222 133 223
0 1 222 133 223
0 1 222 133 223
0 1 222 133 223
0 0 85 254 255
0 0 85 254 255
0 0 85 254 255
0 0 254 254 254
1 0 191 250 186
1 0 42 176 32
1 1 101 183 37
0 1 198 222 222
1 1 231 92 68
0 0 159 86 223
0 0 162 224 226
1 1 144 87 16
0 0 85 255 255
1 1 158 144 144
0 1 24 132 156
0 1 1 2 3
0 1 216 246 254
0 1 216 246 254
0 1 216 246 254
0 1 22 33 55
0 1 22 33 55
0 0 213 132 213
0 1 224 195 227
0 0 85 0 85
0 0 213 173 253
0 0 0 255 255
0 0 100 206 238
1 0 254 254 254
1 1 89 172 8
1 1 89 172 8
1 1 89 172 8
0 1 78 146 222
0 0 254 255 255
1 0 255 106 106
1 0 255 106 106
1 0 255 106 106
0 1 134 59 191
1 1 85 1 1
0 1 144 52 180
0 1 114 137 251
0 1 47 191 191
1 1 231 144 128
1 1 231 144 128
1 1 231 144 128
1 0 15 183 7
0 1 85 128 213
1 1 253 53 53
1 0 70 73 64
0 0 93 227 255
1 1 13 230 4
0 0 190 122 254
0 0 2 2 2
0 0 2 2 2
0 0 2 2 2
0 0 2 2 2
0 1 0 0 0
0 1 2 48 50
1 0 149 141 133
1 0 149 141 133
0 1 242 205 255
0 0 239 225 239
0 1 170 1 171
1 1 39 78 6
0 0 167 140 175
1 1 235 120 104
1 1 235 120 104
1 1 235 120 104
1 1 235 120 104
1 1 235 120 104
0 0 1 85 85
0 1 254 254 254
1 1 162 143 130
1 1 85 255 85
1 0 239 83 67
1 0 41 72 8
1 1 1 1 1
1 1 239 161 161
0 0 128 255 255
1 1 100 21 4
0 0 229 182 247
1 0 114 209 80
0 0 170 85 255
0 1 44 235 239
0 1 1 254 255
0 0 91 54 127
0 1 245 119 247
0 0 130 50 178
1 0 0 254 0
0 0 161 254 255
0 0 1 187 187
0 0 1 187 187
0 0 1 187 187
1 0 254 85 84
1 1 189 207 141
1 1 107 239 107
1 0 75 66 66
0 0 100 3 103
1 0 1 255 1
1 1 0 170 0
1 1 0 170 0
1 1 0 170 0
0 1 255 85 255
1 1 74 40 8
1 0 0 254 0
0 0 150 168 190
0 0 0 85 85
0 0 1 1 1
0 1 118 71 119
1 0 0 170 0
1 1 58 205 8
0 0 85 2 87
0 1 49 82 115
0 0 85 128 213
1 1 238 62 46
1 1 238 62 46
1 1 238 62 46
0 1 2 0 2
1 0 39 18 2
0 0 145 83 211
1 1 173 166 164
0 0 57 136 185
0 1 76 164 236
0 0 170 170 170
0 0 105 46 111
0 0 170 255 255
1 0 83 169 1
0 1 130 114 242
0 1 188 5 189
0 1 130 182 182
1 1 85 255 85
0 1 39 99 103
1 1 196 172 132
1 1 196 172 132
1 1 196 172 132
1 1 196 172 132
1 1 196 172 132
0 1 142 68 206
1 0 184 194 128
1 0 168 92 8
0 0 173 74 239
0 0 255 255 255
0 1 202 96 234
0 1 202 96 234
0 1 202 96 234
0 0 2 255 255
1 0 128 169 128
0 0 1 255 255
0 0 1 255 255
0 0 1 255 255
0 0 1 255 255
0 0 1 255 255
1 0 126 211 82
1 0 88 37 0
0 1 16 152 152
0 1 16 152 152
0 1 16 152 152
0 1 16 152 152
0 1 254 255 255
1 0 108 39 36
1 0 108 39 36
1 0 108 39 36
1 0 108 39 36
1 0 108 39 36
1 0 229 55 37
0 0 77 127 127
0 0 254 255 255
0 0 254 255 255
0 0 254 255 255
0 0 254 255 255
0 0 255 2 255
0 0 0 35 35
0 0 1 0 1
0 1 146 181 183
1 0 94 167 6
0 0 221 206 223
1 1 184 0 0
1 1 90 21 16
0 1 195 201 203
1 1 18 151 18
1 1 18 151 18
1 1 18 151 18
0 0 188 155 191
0 0 254 85 255
1 1 212 39 4
1 1 212 39 4
1 1 212 39 4
1 0 94 17 16
1 1 115 6 2
0 1 107 31 127
1 0 98 4 0
1 1 19 194 2
0 1 174 30 190
0 0 41 25 57
0 0 85 1 85
0 0 255 128 255
1 0 2 128 0
0 1 170 0 170
1 0 133 77 5
0 0 111 52 127
0 1 252 58 254
1 0 1 128 0
0 0 178 91 251
1 0 128 254 128
1 0 163 167 163
1 1 0 1 0
0 0 1 85 85
0 0 254 0 254
1 0 95 49 17
0 1 220 156 220
0 1 220 156 220
0 1 220 156 220
0 1 220 156 220
0 0 132 197 197
0 0 170 0 170
1 0 237 194 192
0 0 170 255 255
0 0 18 218 218
1 1 85 254 84
0 0 253 9 253
0 1 151 178 183
1 0 168 56 40
0 0 176 68 244
1 1 228 55 36
1 0 209 182 144
0 0 60 46 62
0 1 128 255 255
0 0 85 1 85
0 0 85 1 85
0 0 85 1 85
0 0 85 1 85
0 0 85 1 85
0 1 195 135 199
0 1 195 135 199
0 1 195 135 199
0 1 171 187 187
0 1 171 187 187
0 1 171 187 187
1 1 212 80 80
0 1 170 128 170
0 0 156 45 189
0 0 156 45 189
0 0 156 45 189
0 0 156 45 189
0 0 255 0 255
0 0 20 58 62
0 1 203 242 251
0 1 203 242 251
0 1 203 242 251
1 1 104 235 104
1 1 83 29 17
1 1 15 199 7
0 0 213 74 223
0 0 128 71 199
0 1 52 181 181
0 0 2 170 170
0 0 133 193 197
0 1 159 137 159
1 1 76 180 4
0 0 36 238 238
1 0 198 116 68
0 1 1 170 171
0 1 128 1 129
0 0 82 226 242
0 1 211 90 219
1 1 181 187 177
1 1 82 107 66
0 0 238 193 239
0 0 254 0 254
0 0 112 40 120
1 0 178 77 0
0 0 74 113 123
0 1 255 255 255
0 1 255 255 255
0 1 255 255 255
0 1 255 255 255
0 1 255 255 255
0 1 6 178 182
1 0 238 142 142
0 0 255 1 255
1 0 30 33 0
1 1 170 137 136
0 0 183 244 247
1 0 255 1 1
1 0 196 160 128
0 0 76 215 223
0 0 2 0 2
1 1 61 54 52
1 0 85 107 65
1 1 1 255 1
0 1 85 0 85
1 0 255 0 0
0 1 62 26 62
1 1 188 216 152
1 1 1 2 0
1 0 52 19 16
1 0 45 221 13
0 0 159 38 191
0 1 239 194 239
0 1 158 66 222
1 1 3 177 1
1 0 254 128 128
1 0 239 242 226
1 0 239 242 226
0 1 201 116 253
0 1 201 116 253
0 1 201 116 253
0 1 10 252 254
0 1 213 128 213
0 1 1 170 171
1 1 216 40 8
0 0 196 221 221
0 0 0 170 170
0 1 254 2 254
0 1 85 85 85
0 0 255 85 255
0 0 255 85 255
0 0 23 39 55
1 1 96 50 32
0 1 90 112 122
1 0 110 4 4
0 1 211 71 215
0 1 2 255 255
1 1 128 85 0
0 0 185 64 249
0 0 206 181 255
0 0 32 216 248
0 0 170 128 170
1 1 64 49 0
1 0 142 156 140
1 0 173 118 36
0 0 255 255 255
1 0 41 111 41
0 0 170 128 170
0 1 55 37 55
1 1 19 122 18
0 0 254 0 254
0 1 52 226 246
0 0 88 63 127
1 1 255 254 254
1 1 173 13 13
1 0 2 255 2
0 0 155 166 191
0 1 2 255 255
1 1 161 1 1
1 1 127 133 5
1 0 211 92 80
0 1 0 155 155
0 1 170 2 170
1 0 170 254 170
1 1 0 0 0
1 1 0 0 0
1 1 0 0 0
1 1 199 192 192
0 0 128 1 129
0 1 159 96 255
1 1 91 208 80
0 1 217 125 253
1 1 249 53 49
1 1 80 79 64
0 0 154 62 190
0 0 154 62 190
1 1 252 155 152
0 1 180 97 245
0 1 86 102 118
0 1 86 102 118
0 1 86 102 118
0 1 67 44 111
0 1 1 2 3
0 0 1 128 129
1 1 2 254 2
0 1 2 128 130
1 0 254 2 2
1 1 83 90 82
0 0 128 255 255
0 1 2 2 2
0 0 254 254 254
0 0 169 184 185
1 0 255 128 128
0 0 11 14 15
0 0 11 14 15
1 0 183 25 17
0 0 129 106 235
0 1 0 0 0
1 0 68 187 0
1 0 159 169 137
0 1 61 121 125
0 1 233 74 235
0 1 141 131 143
0 1 203 65 203
1 0 241 35 33
0 1 170 0 170
0 1 170 0 170
0 0 127 68 127
0 0 229 127 255
0 0 142 88 222
0 0 142 88 222
0 0 255 255 255
1 1 154 170 138
1 1 114 217 80
1 0 46 125 44
1 0 46 125 44
1 0 46 125 44
1 1 239 44 44
0 0 246 141 255
0 0 246 141 255
0 1 146 192 210
0 1 46 89 127
1 1 236 116 100
1 1 134 92 4
0 1 105 251 251
1 0 0 0 0
1 0 207 159 143
0 1 170 0 170
0 1 170 0 170
0 1 170 0 170
0 1 170 0 170
0 1 170 0 170
1 1 217 149 145
0 1 168 38 174
1 0 163 116 32
0 1 140 115 255
1 0 254 85 84
0 1 41 145 185
1 1 171 38 34
0 0 15 44 47
1 1 53 33 33
0 0 255 2 255
0 0 255 2 255
0 0 255 2 255
0 0 1 2 3
1 1 47 56 40
0 1 83 201 219
0 1 83 201 219
0 1 83 201 219
0 0 64 209 209
0 0 85 1 85
0 1 64 104 104
0 1 42 121 123
1 1 182 186 178
0 1 76 73 77
0 1 97 115 115
0 1 97 115 115
0 1 97 115 115
0 1 97 115 115
1 0 68 168 0
1 0 28 212 20
0 0 229 186 255
0 1 71 189 255
1 1 54 107 34
0 0 89 233 249
1 0 82 31 18
0 0 255 1 255
0 1 7 191 191
0 1 2 30 30
1 0 216 51 16
1 1 72 194 64
0 0 1 255 255
1 0 78 120 72
0 0 191 14 191
0 0 191 14 191
0 0 191 14 191
0 0 191 14 191
0 0 29 240 253
1 0 133 44 4
1 0 1 254 0
1 1 1 128 0
0 1 0 2 2
1 0 170 254 170
1 1 85 2 0
1 1 104 92 72
1 0 57 39 33
1 1 117 8 0
1 1 60 154 24
0 1 85 85 85
0 0 58 98 122
0 1 151 29 159
0 0 80 125 125
0 0 143 118 255
1 1 163 100 32
0 1 127 92 127
0 0 19 196 215
0 0 85 1 85
0 0 85 1 85
0 0 254 101 255
0 1 221 206 223
1 0 43 44 40
1 0 124 7 4
0 0 42 109 111
1 0 255 0 0
1 0 85 85 85
0 0 0 85 85
0 1 118 21 119
0 1 118 21 119
0 1 118 21 119
0 1 118 21 119
0 1 118 21 119
0 0 20 211 215
1 1 85 85 85
0 1 249 219 251
0 1 93 21 93
0 0 170 85 255
1 1 69 150 4
1 0 85 255 85
1 0 85 255 85
0 1 87 152 223
0 0 254 2 254
0 0 128 1 129
0 0 170 255 255
1 1 21 138 0
1 1 21 138 0
1 1 21 138 0
1 1 21 138 0
1 1 21 138 0
1 1 243 164 160
0 1 128 85 213
0 1 0 225 225
0 1 247 7 247
1 1 207 78 78
1 0 134 189 132
1 1 171 106 42
1 0 254 128 128
0 0 127 60 127
0 0 127 60 127
0 0 127 60 127
1 0 180 18 16
0 1 80 155 219
1 0 213 116 84
0 0 254 255 255
0 1 254 2 254
1 1 206 79 78
1 1 206 79 78
1 1 206 79 78
0 0 254 2 254
0 1 154 241 251
0 1 73 109 109
0 1 73 109 109
0 1 73 109 109
0 1 38 20 54
1 0 128 0 0
1 1 66 123 66
0 1 255 85 255
0 1 255 85 255
0 1 255 85 255
0 1 255 85 255
1 1 193 34 0
0 0 2 1 3
1 1 248 156 152
1 0 1 2 0
0 1 128 170 170
1 1 147 99 3
0 0 91 181 255
1 0 254 255 254
0 1 151 98 247
1 0 2 255 2
0 0 81 23 87
0 1 159 25 159
0 0 1 167 167
0 1 16 69 85
0 1 0 2 2
1 0 85 1 1
0 1 142 62 190
1 0 233 90 72
0 0 108 173 237
0 0 108 173 237
0 0 2 255 255
1 0 60 107 40
1 1 1 254 0
1 1 1 254 0
1 1 1 254 0
1 1 1 254 0
1 1 1 254 0
0 1 85 85 85
0 1 179 39 183
1 0 184 190 184
0 0 170 170 170
1 1 200 136 136
0 0 2 255 255
1 1 241 0 0
0 1 227 116 247
0 1 2 2 2
1 1 1 0 0
1 1 1 0 0
1 1 1 0 0
0 0 111 221 255
0 0 111 221 255
0 1 85 170 255
1 1 85 254 84
1 0 203 135 131
1 0 203 135 131
1 0 203 135 131
1 0 203 135 131
1 0 0 170 0
1 1 214 18 18
0 0 120 112 120
1 1 50 45 32
0 0 3 95 95
1 1 214 180 148
0 0 128 254 254
0 0 128 254 254
0 0 128 254 254
0 1 26 31 31
1 1 128 1 0
1 1 128 1 0
1 1 128 1 0
1 0 77 182 4
1 0 77 182 4
0 1 90 235 251
0 1 248 143 255
0 1 196 44 236
1 1 0 149 0
1 1 0 149 0
0 0 128 255 255
0 0 128 255 255
1 0 56 245 48
1 0 128 1 0
1 1 75 152 8
1 1 75 152 8
1 1 75 152 8
1 1 75 152 8
1 1 75 152 8
1 0 26 179 18
0 1 34 52 54
0 1 1 170 171
0 1 94 230 254
1 1 12 178 0
0 1 250 74 250
1 0 184 230 160
1 1 138 20 0
1 1 21 229 5
0 0 232 61 253
0 1 85 2 87
0 1 30 71 95
0 1 251 174 255
0 1 251 174 255
0 0 255 1 255
0 1 40 212 252
0 1 158 199 223
1 1 123 2 2
1 1 123 2 2
1 1 123 2 2
1 1 123 2 2
1 1 123 2 2
1 0 254 170 170
0 0 54 31 63
0 1 59 115 123
0 0 242 116 246
0 0 87 209 215
1 1 10 36 0
1 1 184 232 168
0 1 242 57 251
0 1 242 57 251
0 1 242 57 251
1 0 1 85 1
1 1 2 216 0
0 0 254 1 255
0 1 215 144 215
0 1 215 144 215
0 1 215 144 215
1 0 238 184 168
1 1 42 29 8
1 1 106 207 74
0 1 194 31 223
0 0 0 170 170
0 0 0 170 170
0 0 0 170 170
0 0 0 170 170
0 0 0 170 170
0 1 114 246 246
0 0 6 175 175
1 1 2 128 0
0 0 255 1 255
1 1 6 214 6
0 0 80 210 210
1 1 2 255 2
1 0 255 254 254
0 0 43 30 63
0 0 214 32 246
0 0 87 166 247
0 0 80 39 119
1 0 255 254 254
1 0 255 254 254
1 0 255 254 254
1 0 255 254 254
0 0 88 128 216
0 0 85 0 85
0 1 125 144 253
1 0 122 21 16
0 1 108 98 110
1 1 68 213 68
1 1 68 213 68
1 1 68 213 68
1 1 68 213 68
1 1 68 213 68
1 1 130 3 2
1 0 178 180 176
1 0 1 128 0
1 1 137 206 136
0 0 0 254 254
0 1 227 233 235
0 1 227 233 235
0 1 227 233 235
0 1 227 233 235
0 1 45 83 127
1 0 250 220 216
1 0 85 1 1
1 0 140 67 0
0 1 128 2 130
1 1 192 172 128
0 0 1 255 255
0 0 1 255 255
0 0 1 255 255
0 0 1 255 255
1 0 128 220 128
0 1 0 254 254
0 0 199 152 223
0 0 135 162 167
1 1 212 197 196
1 0 134 109 4
0 1 85 2 87
0 1 85 2 87
0 1 85 2 87
0 1 85 2 87
0 1 85 2 87
0 0 185 249 249
0 0 76 5 77
0 0 76 5 77
0 0 76 5 77
0 0 76 5 77
0 0 76 5 77
1 1 108 133 4
0 0 255 1 255
1 0 254 170 170
0 0 80 16 80
1 0 85 128 0
1 1 209 164 128
1 1 209 164 128
1 1 206 21 4
0 0 85 170 255
1 1 85 2 0
0 1 85 255 255
0 1 85 255 255
0 1 85 255 255
0 1 85 255 255
0 1 85 255 255
1 1 99 147 3
0 1 229 149 245
0 0 2 0 2
1 0 124 42 40
0 1 113 2 115
1 1 30 245 20
1 1 30 245 20
1 1 30 245 20
1 1 30 245 20
1 1 30 245 20
1 0 6 179 2
1 0 6 179 2
0 1 5 252 253
0 1 158 152 158
0 0 137 159 159
0 0 208 107 251
0 0 130 142 142
1 0 34 90 2
1 0 166 101 36
1 1 93 106 72
0 0 255 2 255
0 0 64 185 249
1 1 249 199 193
1 1 2 170 2
0 1 141 130 143
1 0 237 186 168
1 1 104 66 64
0 1 16 108 124
1 1 125 197 69
0 0 170 255 255
1 1 150 105 0
0 1 16 207 223
0 0 172 9 173
1 0 180 39 36
1 1 77 44 12
1 0 109 125 109
0 1 145 9 153
0 0 9 69 77
1 0 1 2 0
1 0 1 2 0
0 0 125 131 255
0 0 125 131 255
1 0 134 3 2
1 0 166 105 32
1 0 2 2 2
1 0 2 2 2
1 0 2 2 2
1 0 2 2 2
0 1 179 6 183
0 1 39 202 239
0 1 158 167 191
0 1 19 7 23
1 0 72 11 8
0 0 13 133 141
0 0 85 128 213
0 1 117 57 125
1 0 73 189 9
0 0 128 255 255
0 1 69 58 127
1 1 192 113 64
1 1 192 113 64
1 1 192 113 64
1 1 192 113 64
0 1 202 222 222
1 1 244 199 196
0 1 115 44 127
1 0 129 200 128
0 0 254 85 255
0 0 128 1 129
1 0 196 227 192
1 0 196 227 192
0 1 103 225 231
1 0 247 223 215
0 1 254 186 254
1 1 1 254 0
0 1 201 132 205
0 1 201 132 205
0 1 201 132 205
0 1 201 132 205
0 1 201 132 205
1 1 0 254 0
0 0 107 63 127
1 1 246 50 50
0 0 52 202 254
0 1 63 115 127
1 1 18 146 18
1 1 18 146 18
1 1 18 146 18
1 0 157 32 0
1 0 201 229 193
0 1 55 161 183
0 0 170 170 170
0 0 255 170 255
1 0 216 119 80
1 0 2 170 2
1 0 239 246 230
1 0 239 246 230
0 0 216 132 220
0 0 207 223 223
1 0 85 0 0
1 0 85 0 0
0 1 143 19 159
0 1 85 1 85
0 1 85 1 85
0 1 85 1 85
1 1 128 170 128
1 1 128 170 128
1 1 128 170 128
1 1 128 170 128
1 0 58 102 34
1 0 58 102 34
1 0 58 102 34
1 0 58 102 34
1 0 88 8 8
0 0 221 12 221
0 0 117 128 245
0 1 2 255 255
0 1 2 255 255
0 1 74 160 234
0 0 170 2 170
0 0 128 2 130
0 0 12 168 172
0 1 59 179 187
1 0 67 173 1
1 0 249 129 129
0 0 218 135 223
1 0 96 38 32
0 0 196 176 244
1 1 58 78 10
1 1 58 78 10
1 1 58 78 10
1 1 58 78 10
1 1 58 78 10
0 1 40 10 42
0 1 29 14 31
0 1 29 14 31
0 1 29 14 31
0 1 29 14 31
0 1 29 14 31
0 1 0 0 0
0 0 0 1 1
0 1 9 184 185
1 0 173 91 9
1 0 173 91 9
1 0 173 91 9
0 1 255 0 255
0 1 255 0 255
0 1 255 0 255
1 1 184 129 128
0 1 92 143 223
0 1 255 255 255
1 1 253 29 29
1 0 120 124 120
0 1 217 245 253
0 0 251 119 255
1 1 90 226 66
1 1 202 183 130
0 0 171 80 251
1 0 234 204 200
1 0 1 128 0
1 1 220 166 132
1 1 8 216 8
1 1 9 110 8
0 0 190 146 190
0 0 1 254 255
0 0 1 128 129
1 1 194 122 66
1 0 165 201 129
0 1 136 119 255
0 1 161 229 229
1 0 175 166 166
1 0 209 142 128
1 1 205 34 0
0 1 49 169 185
0 1 49 169 185
0 1 49 169 185
0 1 49 169 185
0 0 10 6 14
1 0 1 128 0
0 0 213 124 253
0 0 0 255 255
0 1 152 52 188
1 1 165 225 161
0 0 254 128 254
0 0 33 197 229
0 0 236 65 237
0 0 191 220 255
1 0 2 170 2
0 1 200 136 200
0 0 41 123 123
1 1 35 35 35
0 0 85 128 213
0 0 85 128 213
0 0 85 128 213
0 0 85 128 213
0 0 85 128 213
0 0 2 1 3
0 1 221 117 253
0 1 185 76 253
1 0 1 254 0
0 0 241 73 249
1 1 254 85 84
0 0 254 254 254
1 1 46 43 42
0 1 254 2 254
0 1 254 2 254
0 1 254 2 254
0 1 254 2 254
0 0 31 105 127
1 1 176 241 176
0 0 77 59 127
0 1 168 40 168
1 1 6 95 6
1 0 128 1 0
0 1 207 47 239
0 1 207 47 239
0 1 22 101 119
0 1 65 74 75
1 1 0 175 0
0 1 219 166 255
1 1 54 108 36
1 1 54 108 36
1 1 54 108 36
1 1 54 108 36
1 1 54 108 36
1 0 45 15 13
1 0 45 15 13
1 0 45 15 13
1 0 45 15 13
1 0 45 15 13
0 0 248 67 251
0 0 248 67 251
1 1 193 116 64
0 0 105 252 253
0 0 1 85 85
0 0 59 75 123
1 0 255 170 170
1 1 31 135 7
1 0 232 21 0
0 0 128 85 213
0 0 95 131 223
0 0 95 131 223
0 0 95 131 223
0 0 95 131 223
0 0 2 170 170
0 0 255 1 255
0 0 255 1 255
0 0 255 1 255
0 0 255 1 255
0 0 193 72 201
1 0 113 44 32
1 0 128 117 0
1 1 177 28 16
0 1 128 254 254
0 1 128 254 254
0 1 128 254 254
0 1 128 254 254
0 1 128 254 254
0 0 197 10 207
1 0 235 110 106
1 0 61 128 0
0 0 172 56 188
0 0 255 2 255
1 0 13 181 5
1 1 128 145 128
1 1 222 171 138
0 1 170 254 254
0 1 75 101 111
1 0 255 128 128
0 0 8 234 234
1 0 79 6 6
1 1 140 16 0
1 1 140 16 0
1 1 140 16 0
1 1 140 16 0
1 1 140 16 0
0 0 255 128 255
0 0 255 128 255
0 0 255 128 255
0 0 255 128 255
0 0 255 128 255
0 0 0 2 2
0 0 172 237 237
1 1 180 146 144
0 1 128 0 128
0 0 149 42 191
0 0 52 121 125
1 0 115 150 18
0 0 19 22 23
1 0 15 92 12
0 0 1 170 171
1 1 236 29 12
0 1 186 175 191
0 0 53 48 53
1 1 26 73 8
1 0 104 106 104
1 1 0 170 0
1 1 0 170 0
1 1 0 170 0
1 1 254 254 254
0 0 41 70 111
0 0 214 23 215
0 0 214 23 215
0 0 214 23 215
0 0 214 23 215
0 1 96 156 252
0 1 2 48 50
0 0 123 0 123
0 0 254 1 255
0 0 254 1 255
0 0 254 1 255
0 0 254 1 255
0 1 58 148 190
1 0 228 192 192
1 0 254 1 0
0 0 150 180 182
1 0 85 170 0
1 0 221 228 196
0 1 93 26 95
1 1 254 170 170
0 0 147 139 155
0 1 170 2 170
0 0 90 166 254
0 0 0 0 0
1 1 15 233 9
1 1 60 115 48
1 0 128 0 0
0 1 2 254 254
0 0 85 254 255
1 0 136 91 8
1 0 118 252 116
0 1 170 128 170
1 1 241 222 208
1 1 241 222 208
1 1 169 58 40
1 1 169 58 40
1 1 169 58 40
1 1 169 58 40
1 1 169 58 40
0 1 23 21 23
1 1 168 96 32
1 1 218 182 146
1 1 158 46 14
1 1 158 46 14
1 1 158 46 14
1 1 113 99 97
0 0 21 114 119
0 1 179 120 251
0 1 101 134 231
1 1 47 42 42
0 1 124 19 127
1 1 170 0 0
1 1 4 92 4
1 0 170 85 0
1 0 170 85 0
1 0 170 85 0
1 0 170 85 0
1 0 170 85 0
0 1 112 22 118
1 0 103 187 35
0 0 60 206 254
0 1 140 118 254
1 0 4 162 0
1 1 13 202 8
1 0 104 209 64
1 0 172 161 160
1 0 172 161 160
1 0 172 161 160
1 0 172 161 160
1 0 172 161 160
0 1 83 227 243
1 1 153 227 129
0 0 220 9 221
0 1 128 128 128
0 1 128 128 128
0 1 128 128 128
0 1 128 128 128
0 0 170 128 170
0 0 205 148 221
0 0 170 0 170
0 0 170 170 170
0 1 2 85 87
0 1 2 85 87
0 1 2 85 87
0 1 2 85 87
0 1 2 85 87
0 1 159 70 223
0 0 255 254 255
0 0 179 21 183
1 1 95 222 94
1 1 240 239 224
0 0 81 191 255
0 0 220 37 253
0 1 111 28 127
0 1 237 159 255
0 1 219 28 223
0 1 219 28 223
0 1 219 28 223
0 1 219 28 223
0 1 219 28 223
0 0 203 123 251
0 1 92 14 94
0 1 141 79 207
1 1 2 128 0
1 1 72 131 0
0 0 1 0 1
0 1 1 128 129
0 0 254 170 254
0 0 254 170 254
0 0 255 2 255
0 0 180 175 191
0 0 82 50 114
0 1 28 253 253
0 1 28 253 253
0 1 28 253 253
0 1 28 253 253
1 0 101 85 69
0 1 85 128 213
0 1 130 76 206
1 1 0 1 0
1 0 128 128 128
1 0 128 128 128
1 0 128 128 128
0 1 85 2 87
0 0 4 214 214
0 0 55 229 247
1 0 2 255 2
1 0 89 236 72
1 0 186 182 178
1 0 186 182 178
1 0 186 182 178
1 0 186 182 178
0 0 2 170 170
1 0 2 170 2
1 0 52 7 4
1 0 39 9 1
0 0 85 2 87
0 1 178 11 187
1 1 16 156 16
0 0 128 255 255
0 0 178 241 243
1 0 148 166 132
0 1 1 85 85
1 0 216 238 200
0 0 227 7 231
0 1 170 85 255
0 0 108 125 125
0 1 83 47 127
0 0 75 243 251
0 0 0 254 254
1 0 145 218 144
0 1 72 70 78
0 1 72 70 78
0 1 72 70 78
1 0 31 79 15
1 0 64 50 0
1 0 64 50 0
1 0 64 50 0
1 0 64 50 0
1 0 64 50 0
0 0 170 1 171
1 1 204 138 136
1 0 0 170 0
0 0 85 128 213
0 1 85 1 85
0 1 85 1 85
0 1 85 1 85
0 1 2 85 87
1 1 119 101 101
1 0 150 242 146
1 0 32 87 0
1 1 171 152 136
1 1 171 152 136
1 1 171 152 136
0 1 85 1 85
0 1 85 1 85
0 0 220 203 223
1 0 254 254 254
1 0 4 55 4
0 0 1 85 85
1 0 255 255 255
1 1 106 112 96
0 1 203 75 203
0 1 130 5 135
1 1 200 209 192
1 1 1 0 0
1 1 238 57 40
0 0 234 215 255
0 0 236 149 253
1 0 27 167 3
0 1 170 155 187
1 1 213 223 213
1 0 2 170 2
1 1 223 138 138
0 1 2 255 255
1 1 255 255 255
0 0 128 255 255
0 0 128 255 255
0 0 128 255 255
0 0 128 255 255
0 0 125 213 253
0 0 125 213 253
0 0 125 213 253
0 1 1 85 85
1 0 255 0 0
1 0 55 12 4
1 0 55 12 4
1 0 55 12 4
1 1 209 165 129
0 0 44 161 173
1 0 72 37 0
1 0 72 37 0
1 0 72 37 0
1 0 72 37 0
1 0 72 37 0
1 0 89 51 17
1 0 1 2 0
0 1 0 247 247
0 0 62 140 190
1 1 67 66 66
0 0 218 82 218
1 0 212 88 80
1 0 212 88 80
0 1 2 1 3
0 0 182 190 190
0 1 115 52 119
0 0 225 188 253
1 1 246 64 64
1 1 195 197 193
0 0 85 255 255
1 0 204 162 128
0 1 56 27 59
0 0 254 1 255
1 1 99 57 33
0 1 214 99 247
1 0 131 19 3
0 1 230 91 255
0 1 230 91 255
0 1 230 91 255
1 1 170 128 128
1 1 170 128 128
1 1 170 128 128
1 1 170 128 128
1 1 170 128 128
0 0 2 1 3
1 1 64 122 64
0 0 255 1 255
0 0 255 1 255
0 0 255 1 255
0 0 255 1 255
1 0 146 198 130
1 0 226 42 34
1 0 211 248 208
1 1 184 10 8
1 1 184 10 8
1 1 184 10 8
1 1 184 10 8
1 0 236 26 8
1 0 236 26 8
1 0 236 26 8
1 1 94 182 22
0 0 128 1 129
0 0 128 1 129
0 0 128 1 129
0 0 128 1 129
0 0 128 1 129
0 1 105 138 235
1 1 237 52 36
0 1 239 58 255
0 1 228 193 229
1 0 116 148 20
1 1 23 120 16
0 0 41 146 187
1 0 148 214 148
1 0 148 214 148
1 0 148 214 148
1 0 148 214 148
1 0 141 124 12
0 1 131 85 215
0 0 166 197 231
0 1 42 182 190
1 0 0 170 0
0 0 204 160 236
1 0 65 94 64
0 0 218 135 223
0 0 218 135 223
0 0 218 135 223
0 0 218 135 223
1 0 152 134 128
0 1 90 193 219
0 1 90 193 219
0 1 90 193 219
0 0 2 128 130
0 0 236 28 252
1 0 206 92 76
0 1 12 50 62
0 0 85 254 255
0 0 85 254 255
0 0 85 254 255
1 1 137 93 9
0 0 141 59 191
0 0 128 255 255
0 1 2 40 42
0 1 2 40 42
1 1 254 255 254
0 0 171 33 171
1 1 170 64 0
0 1 170 1 171
1 0 2 128 0
0 0 228 9 237
1 0 135 93 5
1 0 135 93 5
1 0 135 93 5
0 1 170 0 170
0 1 254 0 254
0 1 230 66 230
0 1 230 66 230
0 1 230 66 230
0 1 230 66 230
0 1 230 66 230
0 1 135 180 183
0 0 170 85 255
0 0 157 137 157
1 1 61 136 8
1 0 186 92 24
0 0 128 255 255
1 1 7 154 2
1 1 7 154 2
1 1 7 154 2
1 1 7 154 2
0 1 2 128 130
0 1 254 170 254
1 0 51 45 33
0 0 128 170 170
1 1 1 170 0
0 0 239 225 239
1 1 84 247 84
1 1 144 203 128
1 1 144 203 128
1 1 144 203 128
1 1 29 8 8
0 0 4 166 166
0 1 202 73 203
0 0 221 253 253
1 0 129 193 129
1 1 205 33 1
1 0 160 132 128
0 1 62 78 126
0 0 128 254 254
0 1 154 179 187
0 1 154 179 187
0 1 154 179 187
0 1 154 179 187
1 0 64 166 0
0 1 197 164 229
0 1 128 170 170
1 1 184 19 16
1 1 197 28 4
0 0 83 128 211
1 0 184 25 24
1 1 246 181 180
1 1 246 181 180
1 0 163 152 128
0 1 85 254 255
0 0 1 170 171
0 0 138 200 202
1 1 152 14 8
1 1 85 166 4
0 1 16 185 185
0 1 170 123 251
0 1 1 255 255
0 1 239 179 255
0 1 189 129 189
0 0 1 2 3
1 1 166 177 160
1 0 5 99 1
0 0 29 46 63
1 1 71 122 66
0 0 97 83 115
0 1 67 154 219
1 1 86 121 80
1 1 86 121 80
1 1 86 121 80
1 0 1 128 0
0 0 255 128 255
0 1 103 64 103
0 0 43 84 127
1 0 151 59 19
1 0 254 254 254
0 1 145 38 183
1 1 240 69 64
0 0 160 42 170
1 1 235 74 74
0 0 254 0 254
1 1 255 2 2
0 0 210 128 210
1 0 224 153 128
0 0 1 0 1
0 1 1 1 1
0 0 216 252 252
1 1 38 23 6
0 0 128 2 130
1 1 179 255 179
0 0 239 49 255
0 1 218 37 255
0 0 79 188 255
1 1 209 142 128
0 1 124 129 253
0 1 206 155 223
0 1 243 2 243
1 1 135 192 128
0 0 105 152 249
0 1 185 53 189
1 1 56 100 32
0 0 85 254 255
0 0 85 254 255
1 1 250 131 130
0 0 107 90 123
1 0 0 255 0
1 0 0 255 0
1 0 0 255 0
1 0 0 255 0
1 0 0 255 0
0 0 1 254 255
0 0 1 254 255
0 0 1 254 255
0 0 1 254 255
0 0 1 254 255
0 1 254 0 254
1 1 77 180 4
1 1 104 232 104
1 0 53 103 37
0 0 160 6 166
0 0 82 49 115
1 0 254 0 0
1 0 5 57 1
0 1 150 195 215
0 0 227 125 255
0 0 254 254 254
0 0 254 128 254
1 0 1 170 0
0 1 81 165 245
0 1 81 165 245
0 1 81 165 245
0 1 81 165 245
1 0 1 1 1
1 0 1 1 1
1 0 1 1 1
1 0 1 1 1
1 0 1 1 1
0 0 170 170 170
0 0 170 85 255
1 0 126 69 68
0 1 255 0 255
0 1 66 113 115
0 1 183 151 183
0 0 128 1 129
0 0 128 85 213
1 0 243 4 0
0 0 0 255 255
0 0 123 57 123
0 0 123 57 123
0 0 123 57 123
0 0 149 97 245
1 1 217 18 16
0 0 1 2 3
1 0 197 194 192
1 0 197 194 192
1 0 128 0 0
0 0 196 128 196
0 0 85 2 87
0 0 85 2 87
1 1 255 2 2
0 0 51 15 63
0 1 244 132 244
1 1 240 235 224
1 1 240 235 224
1 1 240 235 224
1 1 240 235 224
1 1 240 235 224
1 1 24 194 0
0 1 128 1 129
0 1 38 43 47
0 0 199 138 207
1 1 255 1 1
0 0 241 22 247
1 1 236 62 44
0 1 131 0 131
0 0 21 207 223
0 0 21 207 223
0 0 21 207 223
0 0 21 207 223
0 0 13 51 63
1 0 14 39 6
0 0 170 128 170
0 0 170 254 254
0 1 112 213 245
0 0 234 61 255
1 0 177 203 129
1 1 141 164 132
1 0 222 164 132
0 0 1 0 1
1 1 75 81 65
0 1 147 93 223
0 1 52 94 126
1 0 7 105 1
1 1 238 23 6
0 0 188 121 253
1 1 48 75 0
1 1 48 75 0
1 1 48 75 0
1 1 48 75 0
0 0 176 182 182
0 0 0 128 128
0 0 0 128 128
0 0 0 128 128
0 0 0 128 128
0 0 0 128 128
1 0 37 169 33
1 0 181 24 16
0 0 32 100 100
1 0 174 143 142
1 1 182 43 34
0 0 18 51 51
0 1 231 72 239
1 1 147 233 129
1 1 147 233 129
1 1 104 151 0
1 0 117 97 97
1 1 27 209 17
0 0 170 128 170
0 1 225 90 251
0 0 85 1 85
0 1 237 160 237
0 1 118 237 255
1 0 169 139 137
1 1 79 95 79
1 1 79 95 79
1 1 79 95 79
1 1 79 95 79
0 0 188 0 188
0 0 12 9 13
0 0 163 252 255
0 0 163 252 255
0 0 163 252 255
1 1 1 0 0
1 1 202 197 192
1 1 136 27 8
1 1 136 27 8
1 1 136 27 8
1 0 54 113 48
1 0 54 113 48
1 0 54 113 48
1 0 54 113 48
1 1 255 255 255
1 1 2 83 2
0 0 254 1 255
1 0 235 58 42
0 1 112 191 255
1 0 81 11 1
0 0 199 14 207
1 0 227 31 3
1 0 227 31 3
1 0 213 11 1
0 0 210 175 255
0 1 2 64 66
0 0 137 128 137
0 1 63 242 255
0 1 63 242 255
0 1 63 242 255
0 1 63 242 255
0 0 142 180 190
0 0 142 180 190
0 0 142 180 190
0 1 13 151 159
0 1 128 255 255
1 1 59 17 17
1 0 170 254 170
1 1 225 100 96
0 1 166 34 166
0 1 207 113 255
0 0 200 111 239
0 0 37 92 125
1 1 174 195 130
1 0 52 139 0
1 0 2 255 2
1 0 2 255 2
1 0 2 255 2
1 0 2 255 2
1 0 2 255 2
1 0 13 147 1
1 0 255 0 0
1 1 207 16 0
0 1 154 97 251
0 0 170 2 170
0 1 152 126 254
0 1 255 0 255
1 0 170 128 128
1 1 63 76 12
0 0 1 128 129
1 1 128 21 0
0 1 87 14 95
0 0 255 1 255
1 0 80 206 64
0 0 150 61 191
0 0 150 61 191
0 0 150 61 191
0 0 150 61 191
1 0 173 24 8
0 0 2 0 2
0 0 2 0 2
0 0 2 0 2
0 0 2 0 2
1 1 246 244 244
0 1 176 180 180
1 1 171 117 33
0 1 92 246 254
1 0 255 2 2
0 0 37 202 239
0 1 229 212 245
0 1 216 102 254
1 0 126 131 2
1 1 182 182 182
0 0 3 176 179
1 1 67 253 65
0 0 1 170 171
0 1 0 254 254
1 1 20 251 16
0 0 12 77 77
0 0 2 170 170
0 1 102 160 230
0 0 192 209 209
0 1 170 85 255
0 1 102 223 255
0 0 170 85 255
0 0 174 200 238
0 1 254 170 254
0 1 11 41 43
0 1 11 41 43
0 1 11 41 43
0 1 11 41 43
0 1 11 41 43
1 1 1 231 1
1 1 1 231 1
1 1 236 5 4
0 0 255 85 255
0 0 255 85 255
0 1 78 32 110
0 0 90 200 218
0 1 22 79 95
0 1 188 11 191
1 0 152 99 0
1 0 212 217 208
0 0 2 1 3
0 0 1 128 129
0 1 212 178 246
1 1 80 161 0
0 1 202 140 206
0 0 255 0 255
0 0 0 1 1
0 0 0 1 1
0 0 0 1 1
0 0 2 128 130
1 0 240 128 128
0 0 211 103 247
0 0 254 85 255
1 0 254 1 0
1 0 231 98 98
1 0 231 98 98
1 0 94 209 80
1 1 85 85 85
0 1 85 254 255
1 0 170 255 170
1 1 129 210 128
0 0 2 1 3
0 0 85 1 85
0 0 242 110 254
1 1 123 199 67
0 0 218 34 250
0 0 234 158 254
1 0 117 173 37
0 0 170 255 255
1 0 58 193 0
0 1 2 2 2
1 0 170 170 170
1 1 85 128 0
1 0 145 62 16
0 1 232 12 236
0 1 232 12 236
0 1 232 12 236
0 1 232 12 236
1 1 22 32 0
1 1 22 32 0
0 0 128 128 128
0 0 154 136 154
0 0 85 85 85
1 1 119 192 64
1 1 119 192 64
1 1 119 192 64
1 1 119 192 64
1 1 119 192 64
0 1 136 80 216
0 1 74 216 218
1 1 236 168 168
1 1 236 168 168
1 1 236 168 168
1 1 236 168 168
1 1 188 146 144
1 0 63 116 52
1 0 63 116 52
1 0 63 116 52
1 0 170 255 170
0 0 194 37 231
1 1 111 44 44
0 1 49 246 247
1 0 94 114 82
1 0 160 173 160
1 1 104 176 32
0 1 132 131 135
0 1 132 131 135
0 1 132 131 135
0 1 132 131 135
0 1 132 131 135
0 0 170 1 171
1 0 41 104 40
1 0 170 255 170
1 1 225 22 0
1 1 222 50 18
1 1 222 50 18
0 1 77 50 127
1 0 87 45 5
1 1 108 223 76
0 0 147 163 179
1 0 84 62 20
0 0 0 1 1
0 1 163 186 187
0 1 163 186 187
0 1 163 186 187
0 0 176 93 253
1 0 212 85 84
0 1 170 2 170
0 1 0 255 255
0 1 0 255 255
0 1 0 255 255
0 1 0 255 255
0 1 0 255 255
0 0 255 254 255
1 0 148 57 16
0 1 220 64 220
0 1 220 64 220
0 1 220 64 220
0 0 85 255 255
0 0 85 255 255
0 0 85 255 255
0 0 0 0 0
0 1 170 254 254
0 0 225 78 239
0 0 218 118 254
0 0 176 70 246
1 0 0 85 0
0 0 128 0 128
0 0 212 75 223
0 0 31 202 223
0 0 31 202 223
0 0 31 202 223
0 0 31 202 223
0 0 31 202 223
0 0 97 205 237
1 0 155 110 10
1 0 155 110 10
0 0 255 170 255
0 0 112 16 112
1 0 85 170 0
0 1 119 56 127
0 1 192 183 247
0 0 254 128 254
1 0 231 145 129
0 0 255 170 255
0 0 126 41 127
0 0 254 2 254
0 1 180 19 183
0 1 180 19 183
0 1 180 19 183
1 1 69 120 64
1 0 0 0 0
1 0 0 0 0
1 0 0 0 0
1 0 0 0 0
1 0 0 0 0
0 0 109 14 111
0 0 85 255 255
0 0 253 122 255
0 0 122 199 255
1 0 251 198 194
1 0 251 198 194
1 0 251 198 194
1 0 251 198 194
1 1 255 161 161
1 1 255 161 161
1 1 255 161 161
1 1 255 161 161
1 1 255 161 161
1 1 85 85 85
0 0 0 255 255
0 1 250 33 251
1 0 2 128 0
1 0 2 128 0
1 1 138 124 8
1 0 0 85 0
1 0 177 112 48
0 1 107 164 239
1 0 170 0 0
0 1 25 205 221
1 1 93 150 20
1 1 4 108 4
0 0 188 29 189
1 0 128 255 128
0 0 163 81 243
0 1 0 170 170
1 1 31 22 22
0 0 51 172 191
0 0 51 172 191
0 0 51 172 191
0 1 170 254 254
1 1 172 92 12
0 0 170 1 171
0 0 1 170 171
0 0 1 170 171
0 1 165 243 247
1 0 172 70 4
0 0 238 53 255
1 0 236 167 164
1 0 42 175 42
1 1 226 248 224
1 0 197 249 193
0 0 159 102 255
0 0 246 73 255
1 1 254 230 230
1 1 164 4 4
0 1 0 254 254
1 1 2 135 2
1 1 2 135 2
0 0 128 0 128
0 0 87 207 223
0 0 87 207 223
0 0 87 207 223
0 0 87 207 223
0 1 38 40 46
0 1 128 85 213
0 0 89 181 253
0 0 0 2 2
0 0 96 125 125
0 0 1 2 3
0 0 1 2 3
0 0 1 2 3
0 0 1 2 3
0 1 189 201 253
0 0 38 244 246
0 0 205 230 239
1 0 231 210 194
0 0 45 67 111
0 0 170 2 170
0 1 180 102 246
0 0 254 2 254
0 1 93 220 221
0 1 85 255 255
0 1 1 170 171
0 0 153 130 155
1 0 0 85 0
1 0 0 138 0
1 0 22 104 0
1 0 254 2 2
1 0 2 170 2
1 1 194 218 194
0 1 2 170 170
1 1 137 75 9
0 0 85 1 85
0 0 170 170 170
0 1 145 244 245
0 1 140 25 157
1 0 128 128 128
0 1 213 111 255
0 0 255 128 255
0 1 2 254 254
0 1 0 255 255
0 0 128 170 170
1 1 87 91 83
0 1 170 85 255
1 1 236 132 132
1 1 254 85 84
1 0 255 2 2
0 1 218 87 223
0 1 218 87 223
0 1 218 87 223
1 0 135 155 131
1 1 223 216 216
0 0 57 156 189
0 1 200 1 201
1 1 28 74 8
1 1 180 69 4
0 0 128 2 130
1 1 140 35 0
1 1 153 76 8
0 1 245 110 255
0 1 237 174 239
0 1 1 2 3
0 0 237 248 253
1 0 129 108 0
1 0 128 0 0
1 0 68 247 68
0 1 94 125 127
0 1 247 143 255
1 0 1 128 0
1 0 1 128 0
1 0 1 128 0
1 0 1 1 1
0 1 85 128 213
1 0 163 112 32
1 0 163 112 32
1 0 163 112 32
1 0 2 99 2
1 0 2 99 2
1 0 2 99 2
1 0 2 99 2
1 0 2 99 2
0 1 0 255 255
0 0 0 85 85
1 0 81 71 65
0 0 206 99 239
0 0 128 85 213
0 0 128 85 213
0 0 128 85 213
0 0 85 170 255
1 1 128 170 128
0 0 25 128 153
0 1 170 0 170
0 0 254 170 254
0 0 1 170 171
1 1 187 21 17
0 1 55 60 63
0 0 2 1 3
0 0 2 1 3
0 0 2 1 3
0 1 232 139 235
1 0 170 85 0
1 0 83 95 83
0 0 39 124 127
1 1 160 121 32
1 1 160 121 32
0 1 222 232 254
0 1 248 152 248
0 0 101 75 111
1 1 254 128 128
1 0 1 1 1
1 0 1 1 1
1 1 58 73 8
1 0 170 35 34
1 0 1 170 0
0 0 254 255 255
0 0 0 85 85
0 1 250 18 250
1 1 51 135 3
1 1 51 135 3
0 0 128 128 128
1 0 128 1 0
0 1 110 241 255
1 1 7 216 0
0 0 253 180 253
1 1 254 254 254
0 0 125 22 127
1 1 171 55 35
1 1 171 55 35
1 1 171 55 35
1 1 191 98 34
1 0 254 0 0
0 1 66 183 247
0 0 85 254 255
1 1 205 46 12
1 1 126 160 32
0 1 100 52 116
0 1 116 106 126
0 1 116 106 126
0 1 116 106 126
0 1 116 106 126
0 1 89 38 127
0 1 254 1 255
0 0 85 0 85
0 0 251 213 255
0 0 251 213 255
0 0 251 213 255
1 0 46 141 12
1 0 46 141 12
1 0 46 141 12
0 1 120 128 248
1 1 50 203 2
0 0 58 138 186
0 1 88 58 122
0 1 94 254 254
1 1 255 85 85
0 1 199 233 239
1 0 175 82 2
1 0 216 222 216
0 1 23 165 183
0 0 153 175 191
0 0 152 212 220
0 0 219 61 255
0 1 113 95 127
0 1 238 120 254
0 0 254 255 255
1 1 73 104 72
0 1 2 255 255
0 1 33 134 167
0 1 255 170 255
0 0 43 171 171
0 0 254 1 255
0 0 240 99 243
0 1 170 255 255
1 1 109 232 104
0 1 161 17 177
0 0 247 140 255
1 1 239 95 79
1 0 117 182 52
0 0 255 85 255
0 1 234 90 250
1 0 242 66 66
0 1 254 255 255
0 1 254 255 255
0 1 170 85 255
0 0 108 142 238
0 0 74 67 75
1 1 6 96 0
1 1 114 20 16
1 1 214 29 20
0 1 51 44 63
1 1 117 121 113
1 0 184 216 152
0 0 1 255 255
0 0 234 172 238
0 0 165 85 245
1 1 81 105 65
0 1 232 121 249
1 1 253 247 245
0 0 146 71 215
1 1 215 21 21
0 0 120 140 252
1 1 57 204 8
1 0 246 66 66
1 0 246 66 66
1 0 246 66 66
1 1 76 149 4
0 1 251 227 251
0 1 68 221 221
0 1 68 221 221
1 0 14 156 12
0 1 20 89 93
1 0 0 128 0
1 0 211 217 209
0 0 94 106 126
0 1 111 37 111
0 1 0 254 254
0 1 55 121 127
1 1 79 241 65
0 1 241 108 253
1 0 90 88 88
1 0 90 88 88
1 0 90 88 88
0 0 166 176 182
1 0 33 11 1
1 0 229 172 164
1 1 216 43 8
1 1 214 253 212
1 1 78 134 6
1 1 1 85 1
0 0 20 216 220
1 0 170 1 0
1 0 228 33 32
1 0 27 8 8
1 0 2 64 0
0 0 121 19 123
1 1 71 17 1
1 1 71 17 1
1 1 71 17 1
1 1 71 17 1
1 1 71 17 1
0 0 1 2 3
0 0 198 33 231
0 1 45 118 127
1 1 128 2 0
0 0 113 55 119
0 0 1 255 255
1 1 128 208 128
1 1 128 208 128
1 1 128 208 128
1 1 128 208 128
1 1 128 208 128
0 1 209 120 249
1 1 192 153 128
0 1 2 254 254
1 0 255 85 85
0 0 232 65 233
0 0 211 195 211
1 0 255 255 255
0 1 254 94 254
0 0 85 0 85
0 0 0 200 200
1 1 133 223 133
0 0 1 0 1
0 0 85 128 213
0 0 30 207 223
0 0 128 1 129
1 1 133 75 1
0 1 227 65 227
0 0 39 185 191
1 0 27 241 17
0 0 221 254 255
1 0 98 176 32
1 1 123 42 42
0 0 170 1 171
1 1 91 29 25
1 0 130 87 2
1 0 130 87 2
0 1 109 114 127
1 0 21 227 1
0 0 128 255 255
0 1 66 65 67
0 1 27 61 63
0 1 0 1 1
1 1 76 190 12
0 0 85 1 85
0 0 0 128 128
0 1 204 210 222
0 0 2 170 170
1 1 71 180 4
0 0 72 75 75
0 1 71 234 239
0 1 46 200 238
0 0 199 194 199
0 0 199 194 199
0 0 199 194 199
0 0 199 194 199
0 1 32 148 180
0 0 254 255 255
1 1 16 215 16
0 1 0 1 1
1 0 247 227 227
1 1 221 52 20
0 1 254 254 254
0 1 74 121 123
0 1 74 121 123
0 1 74 121 123
0 1 74 121 123
0 1 74 121 123
1 1 105 225 97
0 1 44 18 62
0 0 1 128 129
1 0 0 254 0
0 0 70 222 222
0 0 70 222 222
0 0 70 222 222
0 0 70 222 222
0 0 70 222 222
1 0 82 45 0
0 1 11 216 219
0 1 16 222 222
0 1 16 222 222
0 1 16 222 222
0 1 5 135 135
0 1 237 51 255
0 0 177 172 189
0 0 177 172 189
0 0 177 172 189
0 0 177 172 189
1 0 157 96 0
1 0 157 96 0
1 0 157 96 0
0 1 164 163 167
1 1 210 140 128
0 0 98 152 250
0 0 195 213 215
0 0 128 255 255
0 1 164 81 245
0 1 248 95 255
1 1 1 1 1
1 0 216 61 24
0 1 2 255 255
0 1 2 255 255
0 1 2 255 255
1 0 84 46 4
1 0 84 46 4
1 0 84 46 4
1 0 89 250 88
1 1 73 43 9
1 1 73 43 9
1 1 14 12 12
1 1 14 12 12
1 1 14 12 12
0 0 2 0 2
0 0 159 100 255
0 0 159 100 255
0 0 159 100 255
1 0 10 73 8
0 1 128 1 129
0 0 2 1 3
1 0 0 255 0
1 0 0 255 0
0 1 228 182 246
1 1 13 243 1
1 0 6 57 0
0 1 116 222 254
1 1 139 221 137
1 1 32 95 0
0 1 255 0 255
0 0 203 173 239
0 0 30 37 63
1 1 15 244 4
0 0 110 137 239
1 0 238 56 40
0 0 170 254 254
1 1 88 122 88
1 1 88 122 88
1 1 88 122 88
1 1 88 122 88
1 1 88 122 88
1 1 103 72 64
0 0 128 0 128
0 0 202 39 239
0 0 190 169 191
0 1 94 230 254
0 1 76 225 237
0 1 76 225 237
1 1 5 21 5
0 1 0 85 85
0 1 255 128 255
0 1 228 205 237
1 1 3 95 3
1 0 71 65 65
0 0 166 6 166
0 0 166 6 166
0 0 166 6 166
0 0 166 6 166
0 0 166 6 166
0 1 228 251 255
0 1 195 168 235
1 0 189 78 12
0 0 39 242 247
0 1 106 1 107
1 1 66 64 64
0 0 42 16 58
0 1 130 176 178
0 1 130 176 178
0 1 130 176 178
0 1 130 176 178
0 1 130 176 178
0 1 184 136 184
0 0 85 2 87
0 0 0 255 255
0 1 199 62 255
0 0 55 77 127
0 0 55 77 127
0 0 55 77 127
0 0 55 77 127
0 0 55 77 127
0 1 31 41 63
1 0 85 85 85
0 1 27 78 95
0 1 1 170 171
1 1 194 86 66
1 0 85 170 0
1 0 85 170 0
1 0 85 170 0
1 0 85 170 0
1 1 52 184 48
1 1 20 135 4
1 0 210 206 194
0 1 46 199 239
0 0 92 211 223
1 0 224 145 128
0 1 145 186 187
0 0 158 113 255
0 0 56 181 189
0 0 128 0 128
0 0 254 254 254
0 1 190 69 255
0 0 1 255 255
0 1 141 241 253
1 0 154 206 138
1 0 154 206 138
1 0 154 206 138
1 0 154 206 138
0 1 85 85 85
0 1 254 170 254
0 1 231 146 247
1 0 103 53 37
0 0 222 170 254
0 1 235 14 239
0 1 235 14 239
0 1 235 14 239
0 1 235 14 239
0 1 235 14 239
0 0 38 26 62
1 0 85 1 1
0 0 170 2 170
0 0 107 30 127
0 1 1 170 171
0 1 34 23 55
0 0 245 138 255
1 0 70 169 0
1 0 83 166 2
0 1 16 192 208
1 1 42 125 40
0 1 1 255 255
1 1 33 32 32
0 1 164 104 236
1 1 183 223 151
0 0 65 167 231
1 1 85 0 0
0 0 253 5 253
0 0 253 5 253
0 0 253 5 253
0 0 253 5 253
0 0 253 5 253
1 0 251 47 43
1 1 216 194 192
0 1 108 101 109
0 1 128 2 130
1 1 55 60 52
1 0 85 2 0
0 0 170 170 170
1 0 59 220 24
1 0 255 170 170
1 0 255 170 170
1 0 255 170 170
1 0 255 170 170
1 0 255 170 170
0 1 194 68 198
1 0 177 252 176
1 0 182 223 150
1 1 127 229 101
0 0 254 170 254
1 0 101 67 65
1 0 101 67 65
1 0 101 67 65
1 0 101 67 65
1 0 101 67 65
1 0 85 0 0
0 0 85 255 255
1 1 180 188 180
1 1 193 50 0
1 1 82 71 66
1 0 1 85 1
1 0 142 204 140
1 1 169 176 160
0 1 46 127 127
0 1 46 127 127
0 1 46 127 127
0 0 17 245 245
0 1 0 221 221
0 1 0 221 221
0 1 0 221 221
0 1 0 221 221
0 1 255 2 255
0 1 255 2 255
0 1 255 2 255
0 0 255 2 255
0 0 254 170 254
1 1 163 79 3
0 1 34 53 55
0 1 34 53 55
0 1 34 53 55
1 1 242 63 50
1 1 40 94 8
1 1 205 161 129
1 1 205 161 129
1 1 205 161 129
1 1 205 161 129
1 1 205 161 129
0 0 254 0 254
0 0 254 0 254
0 0 254 0 254
0 0 254 0 254
0 0 254 0 254
1 1 16 95 16
1 1 0 170 0
0 0 216 179 251
1 0 109 53 37
0 1 19 208 211
0 1 194 170 234
0 0 236 66 238
1 1 233 242 224
1 1 233 242 224
0 1 133 118 247
0 0 254 1 255
0 0 64 98 98
1 0 69 232 64
0 1 49 160 177
1 1 161 118 32
1 0 2 254 2
1 1 140 136 136
1 0 192 148 128
1 0 128 254 128
0 0 170 128 170
0 0 134 72 206
1 1 247 137 129
1 1 164 197 132
0 1 132 161 165
0 1 115 233 251
0 0 159 248 255
0 0 159 248 255
0 0 159 248 255
1 1 255 128 128
1 1 208 134 128
1 1 254 238 238
1 0 254 0 0
0 1 170 1 171
1 0 57 244 48
1 0 50 41 32
1 1 254 254 254
1 0 151 7 7
1 1 254 2 2
0 0 2 254 254
0 0 254 1 255
0 1 251 206 255
0 0 51 49 51
0 0 102 162 230
0 0 102 162 230
0 1 2 0 2
1 0 157 134 132
1 0 76 211 64
1 0 55 252 52
1 0 55 252 52
1 0 55 252 52
1 0 55 252 52
1 0 55 252 52
1 0 190 148 148
1 0 109 151 5
0 0 85 255 255
1 0 221 231 197
0 1 255 128 255
0 0 255 170 255
0 0 158 62 190
0 0 254 128 254
0 0 254 128 254
0 0 254 128 254
0 0 254 128 254
0 0 254 128 254
0 0 171 178 187
0 0 171 178 187
0 0 171 178 187
0 0 171 178 187
0 0 171 178 187
0 1 246 195 247
0 0 187 7 191
1 1 85 2 0
1 1 155 132 128
0 1 2 88 90
1 1 204 141 140
1 0 0 1 0
1 0 0 1 0
0 1 22 111 127
0 0 254 128 254
1 0 0 170 0
1 0 0 170 0
1 0 162 3 2
0 0 193 33 225
0 1 23 158 159
0 0 2 255 255
0 1 37 192 229
0 0 0 2 2
0 1 255 254 255
0 0 111 248 255
0 0 111 248 255
0 1 166 95 255
0 0 85 128 213
0 0 85 128 213
0 0 85 128 213
0 0 85 128 213
0 0 85 128 213
1 0 66 219 66
1 0 204 126 76
1 1 201 212 192
0 1 92 19 95
0 0 59 156 191
0 1 157 124 253
1 0 255 128 128
0 0 251 162 251
0 0 133 17 149
0 0 133 17 149
0 0 133 17 149
0 0 133 17 149
0 0 133 17 149
1 0 2 255 2
0 0 128 114 242
0 1 153 211 219
1 0 249 234 232
1 0 249 234 232
1 0 249 234 232
1 0 249 234 232
1 1 154 125 24
0 0 146 104 250
1 0 30 62 30
0 0 0 85 85
0 0 0 85 85
0 0 0 85 85
0 0 0 85 85
0 0 0 85 85
0 1 64 236 236
0 1 147 42 187
1 1 0 255 0
0 0 85 255 255
0 1 128 2 130
1 0 85 255 85
1 1 126 246 118
1 1 126 246 118
1 1 126 246 118
1 1 126 246 118
0 0 128 254 254
0 0 128 254 254
0 0 128 254 254
0 0 128 254 254
0 0 2 21 23
0 0 2 21 23
0 0 2 21 23
0 1 169 163 171
1 1 39 121 33
1 1 39 121 33
0 0 93 188 253
0 1 52 8 60
0 0 164 4 164
0 1 2 170 170
0 1 2 170 170
0 1 2 170 170
1 1 87 4 4
0 1 254 0 254
0 0 85 2 87
0 0 85 2 87
0 0 85 2 87
1 0 128 85 0
1 1 128 165 128
1 1 128 165 128
1 1 128 165 128
1 1 93 81 81
1 0 164 138 128
0 0 116 26 126
1 1 38 174 38
0 0 129 190 191
0 0 25 236 253
0 0 254 254 254
1 1 226 38 34
1 1 233 118 96
0 0 85 128 213
1 1 128 170 128
1 0 147 118 18
1 1 183 55 55
0 0 111 3 111
0 0 160 170 170
1 0 187 53 49
1 0 187 53 49
1 0 187 53 49
1 0 187 53 49
0 0 0 2 2
1 1 138 155 138
1 1 138 155 138
1 1 138 155 138
1 1 52 158 20
1 0 85 254 84
0 0 62 228 254
0 0 62 228 254
0 1 21 229 245
1 0 56 155 24
1 0 56 155 24
0 0 51 208 243
0 1 141 243 255
0 1 141 243 255
0 1 141 243 255
0 1 141 243 255
0 1 141 243 255
1 0 67 52 0
1 1 229 254 228
0 0 138 147 155
0 0 109 96 109
0 0 0 0 0
1 1 227 75 67
0 0 2 1 3
1 0 219 136 136
1 1 95 120 88
0 0 1 255 255
1 0 177 196 128
0 0 138 194 202
1 1 73 83 65
1 1 124 69 68
1 1 85 156 20
1 1 85 156 20
1 1 85 156 20
1 0 52 74 0
0 1 178 157 191
0 0 136 12 140
0 0 136 12 140
0 1 106 103 111
0 1 106 103 111
0 1 106 103 111
0 1 106 103 111
0 1 106 103 111
1 1 123 151 19
1 1 107 84 64
0 0 219 222 223
0 1 150 223 223
0 1 86 227 247
1 0 187 22 18
1 0 150 60 20
1 1 250 166 162
1 1 250 166 162
1 1 250 166 162
1 1 201 171 137
0 1 255 88 255
1 1 230 254 230
0 0 170 170 170
1 1 85 2 0
0 1 214 196 214
1 1 130 226 130
1 1 43 154 10
1 1 170 255 170
1 0 254 170 170
0 0 1 0 1
0 0 1 0 1
0 0 1 0 1
0 0 1 0 1
0 1 127 80 127
1 0 85 128 0
1 1 190 109 44
0 1 1 1 1
0 1 181 241 245
0 1 181 241 245
0 1 181 241 245
0 1 181 241 245
0 1 181 241 245
1 1 37 226 32
0 1 220 178 254
0 0 46 36 46
1 0 199 130 130
1 1 180 205 132
0 0 2 2 2
1 0 178 31 18
1 1 11 22 2
0 0 37 155 191
0 1 238 59 255
0 1 85 85 85
0 0 44 227 239
0 0 171 212 255
1 0 30 17 16
1 0 1 1 1
1 0 170 2 2
1 0 170 2 2
1 0 250 164 160
1 1 244 112 112
1 0 198 210 194
0 1 109 186 255
0 1 255 1 255
1 1 120 213 80
1 0 15 235 11
1 0 15 235 11
1 0 15 235 11
1 0 15 235 11
0 0 182 39 183
1 0 30 42 10
1 0 2 85 0
0 0 142 157 159
1 0 85 85 85
0 1 69 145 213
0 0 77 25 93
0 1 24 48 56
0 1 24 48 56
0 1 24 48 56
0 1 24 48 56
0 1 24 48 56
1 0 98 196 64
0 1 72 26 90
0 0 242 133 247
0 0 242 133 247
0 0 242 133 247
0 0 242 133 247
0 0 242 133 247
0 0 198 219 223
0 0 198 219 223
0 0 198 219 223
0 0 198 219 223
0 0 198 219 223
1 1 83 193 65
1 1 44 12 12
0 1 246 76 254
0 0 114 6 118
0 0 114 6 118
0 0 114 6 118
0 0 114 6 118
1 1 0 0 0
0 0 254 0 254
0 0 85 1 85
0 0 85 1 85
0 0 0 2 2
1 1 180 150 148
0 0 235 233 235
0 1 170 85 255
1 1 188 134 132
1 0 65 152 0
1 0 65 152 0
0 0 43 169 171
1 1 87 138 2
0 0 255 1 255
0 0 255 170 255
1 0 2 170 2
1 0 2 170 2
1 0 2 170 2
0 0 92 126 126
0 1 232 204 236
1 0 251 112 112
1 0 167 151 135
0 1 77 232 237
1 1 77 144 0
1 1 93 148 20
0 1 182 131 183
0 0 254 255 255
0 0 255 0 255
0 1 183 52 183
0 1 183 52 183
0 1 183 52 183
1 0 48 60 48
1 0 168 66 0
1 0 168 66 0
1 1 123 47 43
0 1 61 214 255
0 0 97 246 247
0 0 97 246 247
0 0 97 246 247
1 0 16 198 0
1 1 255 255 255
1 0 2 255 2
0 1 146 119 247
0 0 249 118 255
0 1 74 44 110
1 0 149 78 4
1 0 237 246 228
1 1 240 182 176
1 1 90 247 82
0 1 254 85 255
0 1 227 122 251
1 0 3 206 2
0 0 41 189 189
0 0 41 189 189
0 0 41 189 189
1 1 120 65 64
0 0 254 2 254
0 0 151 181 183
0 1 1 128 129
0 0 14 246 254
0 0 215 189 255
0 1 8 68 76
1 0 95 0 0
1 1 81 216 80
0 0 255 85 255
1 0 254 254 254
1 0 137 56 8
1 0 112 118 112
0 0 62 200 254
1 0 4 227 0
0 0 170 0 170
0 1 170 170 170
0 0 236 167 239
1 0 254 1 0
1 1 2 255 2
0 0 254 85 255
0 0 254 85 255
0 0 254 85 255
0 0 254 85 255
1 0 79 125 77
0 0 0 2 2
0 1 128 85 213
0 1 86 225 247
0 0 210 233 251
0 0 210 233 251
0 0 210 233 251
0 0 62 132 190
1 1 4 31 4
1 0 110 241 96
1 0 85 1 1
0 1 205 164 237
1 1 50 106 34
1 0 226 227 226
0 0 124 228 252
0 0 175 4 175
0 0 175 4 175
0 0 175 4 175
0 0 175 4 175
1 0 80 209 80
1 0 80 209 80
1 0 80 209 80
1 0 80 209 80
0 0 29 193 221
0 1 0 1 1
1 0 184 1 0
0 1 128 1 129
0 0 85 128 213
1 0 165 211 129
1 1 194 45 0
0 1 3 189 191
1 1 73 132 0
0 0 85 128 213
1 1 247 167 167
1 0 1 254 0
1 0 209 221 209
1 0 209 221 209
1 0 209 221 209
1 0 209 221 209
1 1 99 40 32
1 1 178 189 176
1 1 178 189 176
1 1 178 189 176
1 1 178 189 176
0 0 254 128 254
0 0 254 128 254
0 0 254 128 254
1 1 5 124 4
1 0 238 122 106
1 1 2 229 0
1 0 37 55 37
0 1 85 128 213
0 0 170 2 170
0 1 61 11 63
1 1 245 38 36
0 0 254 254 254
0 1 182 218 254
1 0 148 87 20
1 0 148 87 20
1 0 148 87 20
1 0 148 87 20
0 0 2 0 2
0 0 254 1 255
0 0 70 29 95
0 0 154 112 250
1 1 85 170 0
0 0 1 85 85
1 1 183 145 145
0 0 2 255 255
0 0 105 34 107
0 1 1 103 103
1 1 254 1 0
0 0 85 0 85
0 1 243 11 251
0 0 235 31 255
0 1 3 206 207
1 0 139 67 3
0 0 239 168 239
0 1 85 2 87
0 0 136 95 223
1 0 178 78 2
0 0 8 62 62
0 0 8 62 62
0 0 8 62 62
0 0 170 0 170
1 1 37 191 37
0 0 51 207 255
1 1 81 126 80
0 0 222 206 222
1 1 8 201 8
1 1 8 201 8
1 1 8 201 8
1 1 8 201 8
1 1 8 201 8
0 1 187 163 187
0 1 62 147 191
0 1 62 147 191
0 0 28 92 92
0 0 1 0 1
0 0 128 254 254
1 0 201 53 1
1 0 237 185 169
1 0 237 185 169
1 0 237 185 169
1 0 237 185 169
1 1 148 20 20
1 1 40 240 32
1 0 172 156 140
1 0 172 156 140
1 0 186 230 162
1 1 54 38 38
0 0 40 250 250
0 1 254 170 254
1 1 148 98 0
1 1 148 98 0
1 1 148 98 0
1 1 148 98 0
1 1 148 98 0
1 1 158 9 8
1 0 235 129 129
0 1 238 238 238
0 1 110 246 254
0 1 255 2 255
1 0 1 1 1
1 1 254 254 254
1 1 1 170 0
1 1 184 165 160
0 1 71 102 103
1 1 60 255 60
1 0 47 110 46
1 1 146 146 146
1 0 2 162 2
0 0 60 254 254
0 0 6 148 150
0 0 6 148 150
0 0 6 148 150
0 0 6 148 150
0 1 254 0 254
0 1 52 33 53
0 1 28 126 126
1 0 254 170 170
1 1 170 128 128
1 1 141 3 1
1 1 86 72 64
0 0 74 202 202
0 0 216 217 217
1 0 115 64 64
1 1 128 1 0
0 1 35 18 51
1 1 39 217 1
1 0 8 64 0
0 1 112 253 253
0 0 188 163 191
1 1 236 194 192
1 1 2 254 2
1 1 109 95 77
0 0 66 62 126
0 0 66 62 126
0 0 66 62 126
0 1 249 205 253
1 0 250 175 170
0 1 180 153 189
0 1 88 199 223
0 0 169 192 233
0 1 224 223 255
1 1 152 196 128
1 1 219 103 67
0 1 122 120 122
0 1 31 201 223
1 1 246 184 176
1 0 128 0 0
0 0 34 146 178
1 1 254 217 216
1 1 139 107 11
1 1 136 104 8
1 1 254 0 0
0 1 170 170 170
1 0 247 142 134
1 1 52 19 16
1 1 52 19 16
1 1 52 19 16
0 0 244 77 253
1 1 2 2 2
0 0 133 24 157
1 0 128 128 128
0 1 41 2 43
1 1 149 160 128
1 0 163 125 33
1 1 164 106 32
0 0 133 79 207
0 0 9 236 237
1 0 67 77 65
0 0 128 2 130
0 0 2 1 3
0 0 2 1 3
0 0 2 1 3
0 0 2 1 3
0 0 2 1 3
0 1 187 63 191
0 0 33 164 165
0 0 145 140 157
0 1 19 153 155
0 0 30 167 191
