# multiplicandA multiplierB multiplicandC multiplierD sel product
0 0 0 0 0 0
255 255 255 255 1 65025
222 125 91 189 1 27750
188 251 182 122 0 22204
121 247 109 245 1 29887
243 238 219 234 1 57834
231 221 183 213 0 38979
206 187 111 171 0 18981
157 119 223 86 0 19178
59 239 190 173 1 14101
118 222 125 91 0 11375
236 188 251 182 1 44368
216 121 247 109 0 26923
177 243 238 219 0 52122
99 231 221 183 0 40443
199 206 187 111 1 40994
143 157 119 223 0 26537
30 59 239 190 0 45410
61 118 222 125 1 7198
123 236 188 251 1 29028
246 216 121 247 1 53136
237 177 243 238 0 57834
219 99 231 221 0 51051
182 199 206 187 0 38522
108 143 157 119 1 15444
216 30 59 239 1 6480
176 61 118 222 0 26196
96 123 236 188 1 11808
192 246 216 121 1 47232
128 237 177 243 1 30336
0 219 99 231 1 0
0 182 199 206 1 0
1 108 143 157 1 108
2 216 30 59 1 432
5 176 61 118 1 880
10 96 123 236 0 29028
21 192 246 216 0 53136
43 128 237 177 0 41949
86 0 219 99 0 21681
173 0 182 199 0 36218
91 1 108 143 0 15444
182 2 216 30 1 364
109 5 176 61 1 545
218 10 96 123 1 2180
180 21 192 246 1 3780
105 43 128 237 1 4515
210 86 0 219 1 18060
164 173 0 182 0 0
73 91 1 108 1 6643
147 182 2 216 1 26754
39 109 5 176 0 880
79 218 10 96 0 960
158 180 21 192 1 28440
60 105 43 128 0 5504
120 210 86 0 0 0
240 164 173 0 0 0
225 73 91 1 0 91
195 147 182 2 1 28665
135 39 109 5 1 5265
15 79 218 10 1 1185
30 158 180 21 0 3780
60 60 105 43 0 4515
121 120 210 86 0 18060
243 240 164 173 0 28372
230 225 73 91 1 51750
205 195 147 182 0 26754
154 135 39 109 0 4251
52 15 79 218 0 17222
105 30 158 180 0 28440
210 60 60 105 1 12600
164 121 120 210 0 25200
72 243 240 164 0 39360
144 230 225 73 1 33120
33 205 195 147 1 6765
66 154 135 39 1 10164
133 52 15 79 0 1185
11 105 30 158 1 1155
23 210 60 60 0 3600
47 164 121 120 0 14520
95 72 243 240 1 6840
190 144 230 225 0 51750
125 33 205 195 1 4125
250 66 154 135 0 20790
244 133 52 15 1 32452
233 11 105 30 1 2563
210 23 210 60 1 4830
165 47 164 121 1 7755
74 95 72 243 1 7030
148 190 144 230 0 33120
41 125 33 205 1 5125
83 250 66 154 1 20750
167 244 133 52 1 40748
78 233 11 105 1 18174
157 210 23 210 0 4830
58 165 47 164 1 9570
117 74 95 72 0 6840
235 148 190 144 1 34780
214 41 125 33 0 4125
172 83 250 66 0 16500
89 167 244 133 0 32452
179 78 233 11 1 13962
103 157 210 23 0 4830
206 58 165 47 1 11948
156 117 74 95 0 7030
56 235 148 190 0 28120
113 214 41 125 0 5125
226 172 83 250 0 20750
196 89 167 244 1 17444
136 179 78 233 0 18174
17 103 157 210 0 32970
34 206 58 165 1 7004
69 156 117 74 0 8658
138 56 235 148 1 7728
21 113 214 41 0 8774
43 226 172 83 1 9718
87 196 89 167 0 14863
175 136 179 78 0 13962
95 17 103 157 1 1615
190 34 206 58 1 6460
125 69 156 117 1 8625
251 138 56 235 0 13160
246 21 113 214 1 5166
237 43 226 172 0 38872
219 87 196 89 1 19053
182 175 136 179 0 24344
108 95 17 103 1 10260
216 190 34 206 0 7004
176 125 69 156 0 10764
97 251 138 56 0 7728
195 246 21 113 0 2373
134 237 43 226 0 9718
13 219 87 196 1 2847
26 182 175 136 1 4732
53 108 95 17 0 1615
107 216 190 34 1 23112
215 176 125 69 0 8625
175 97 251 138 0 34638
94 195 246 21 1 18330
188 134 237 43 0 10191
121 13 219 87 1 1573
243 26 182 175 0 31850
230 53 108 95 1 12190
204 107 216 190 1 21828
153 215 176 125 0 22000
50 175 97 251 1 8750
101 94 195 246 1 9494
202 188 134 237 1 37976
148 121 13 219 0 2847
41 243 26 182 1 9963
82 230 53 108 1 18860
164 204 107 216 1 33456
72 153 215 176 1 11016
145 50 175 97 1 7250
34 101 94 195 1 3434
68 202 188 134 1 13736
136 148 121 13 1 20128
17 41 243 26 0 6318
34 82 230 53 1 2788
68 164 204 107 0 21828
136 72 153 215 1 9792
17 145 50 175 0 8750
35 34 101 94 0 9494
71 68 202 188 1 4828
143 136 148 121 1 19448
30 17 41 243 1 510
61 34 82 230 0 18860
122 68 164 204 0 33456
245 136 72 153 1 33320
234 17 145 50 0 7250
213 35 34 101 1 7455
170 71 68 202 0 13736
84 143 136 148 0 20128
169 30 17 41 0 697
83 61 34 82 1 5063
167 122 68 164 0 11152
79 245 136 72 0 9792
158 234 17 145 0 2465
60 213 35 34 1 12780
121 170 71 68 1 20570
243 84 143 136 0 19448
231 169 30 17 1 39039
206 83 61 34 1 17098
156 167 122 68 1 26052
57 79 245 136 1 4503
115 158 234 17 1 18170
231 60 213 35 0 7455
206 121 170 71 1 24926
156 243 84 143 0 12012
57 231 169 30 0 5070
114 206 83 61 0 5063
229 156 167 122 0 20374
202 57 79 245 0 19355
148 115 158 234 0 36972
41 231 60 213 0 12780
83 206 121 170 1 17098
166 156 243 84 1 25896
76 57 231 169 1 4332
152 114 206 83 1 17328
48 229 156 167 0 26052
97 202 57 79 0 4503
194 148 115 158 0 18170
133 41 231 60 0 13860
10 83 206 121 0 24926
21 166 156 243 1 3486
42 76 57 231 0 13167
85 152 114 206 1 12920
171 48 229 156 0 35724
86 97 202 57 1 8342
173 194 148 115 0 17020
91 133 41 231 0 9471
182 10 83 206 0 17098
108 21 166 156 1 2268
216 42 76 57 1 9072
176 85 152 114 0 17328
96 171 48 229 1 16416
192 86 97 202 1 16512
128 173 194 148 0 28712
1 91 133 41 1 91
3 182 10 83 1 546
6 108 21 166 1 648
12 216 42 76 0 3192
25 176 85 152 0 12920
50 96 171 48 0 8208
100 192 86 97 1 19200
200 128 173 194 0 33562
144 1 91 133 1 144
33 3 182 10 0 1820
66 6 108 21 0 2268
132 12 216 42 0 9072
8 25 176 85 0 14960
17 50 96 171 0 16416
35 100 192 86 0 16512
70 200 128 173 1 14000
140 144 1 91 0 91
24 33 3 182 0 546
49 66 6 108 0 648
99 132 12 216 1 13068
199 8 25 176 1 1592
143 17 50 96 0 4800
31 35 100 192 0 19200
62 70 200 128 0 25600
124 140 144 1 1 17360
248 24 33 3 0 99
241 49 66 6 1 11809
227 99 132 12 1 22473
198 199 8 25 0 200
141 143 17 50 1 20163
27 31 35 100 0 3500
55 62 70 200 0 14000
111 124 140 144 0 20160
223 248 24 33 0 792
190 241 49 66 0 3234
124 227 99 132 0 13068
248 198 199 8 1 49104
240 141 143 17 1 33840
224 27 31 35 1 6048
192 55 62 70 0 4340
129 111 124 140 1 14319
3 223 248 24 1 669
7 190 241 49 0 11809
15 124 227 99 1 1860
31 248 198 199 1 7688
63 240 141 143 1 15120
127 224 27 31 1 28448
254 192 55 62 0 3410
252 129 111 124 1 32508
249 3 223 248 1 747
242 7 190 241 0 45790
229 15 124 227 0 28148
203 31 248 198 1 6293
150 63 240 141 0 33840
45 127 224 27 0 6048
90 254 192 55 0 10560
181 252 129 111 1 45612
107 249 3 223 0 669
215 242 7 190 0 1330
175 229 15 124 1 40075
94 203 31 248 1 19082
188 150 63 240 0 15120
120 45 127 224 1 5400
240 90 254 192 1 21600
224 181 252 129 0 32508
192 107 249 3 0 747
129 215 242 7 1 27735
2 175 229 15 1 350
4 94 203 31 1 376
8 188 150 63 1 1504
16 120 45 127 0 5715
33 240 90 254 1 7920
66 224 181 252 0 45612
133 192 107 249 1 25536
11 129 215 242 1 1419
23 2 175 229 1 46
46 4 94 203 0 19082
92 8 188 150 0 28200
184 16 120 45 0 5400
113 33 240 90 0 21600
226 66 224 181 1 14916
197 133 192 107 1 26201
139 11 129 215 0 27735
23 23 2 175 0 350
47 46 4 94 0 376
94 92 8 188 1 8648
188 184 16 120 1 34592
120 113 33 240 1 13560
240 226 66 224 0 14784
225 197 133 192 1 44325
194 139 11 129 0 1419
132 23 23 2 1 3036
8 47 46 4 0 184
17 94 92 8 1 1598
35 188 184 16 1 6580
71 120 113 33 1 8520
143 240 226 66 1 34320
31 225 197 133 0 26201
63 194 139 11 0 1529
126 132 23 23 0 529
253 8 47 46 1 2024
250 17 94 92 0 8648
245 35 188 184 1 8575
235 71 120 113 1 16685
215 143 240 226 0 54240
174 31 225 197 1 5394
93 63 194 139 1 5859
186 126 132 23 1 23436
117 253 8 47 0 376
235 250 17 94 0 1598
214 245 35 188 0 6580
173 235 71 120 0 8520
91 215 143 240 1 19565
183 174 31 225 1 31842
111 93 63 194 0 12222
222 186 126 132 1 41292
189 117 253 8 1 22113
122 235 250 17 1 28670
244 214 245 35 1 52216
233 173 235 71 0 16685
210 91 215 143 0 30745
164 183 174 31 1 30012
73 111 93 63 1 8103
147 222 186 126 1 32634
39 189 117 253 1 7371
78 122 235 250 1 9516
157 244 214 245 1 38308
58 233 173 235 1 13514
117 210 91 215 1 24570
234 164 183 174 1 38376
213 73 111 93 1 15549
170 147 222 186 0 41292
84 39 189 117 1 3276
169 78 122 235 1 13182
83 157 244 214 0 52216
166 58 233 173 1 9628
77 117 210 91 0 19110
155 234 164 183 0 30012
54 213 73 111 0 8103
109 170 147 222 1 18530
218 84 39 189 0 7371
181 169 78 122 1 30589
107 83 157 244 1 8881
215 166 58 233 0 13514
174 77 117 210 1 13398
93 155 234 164 0 38376
187 54 213 73 0 15549
118 109 170 147 0 24990
237 218 84 39 0 3276
219 181 169 78 1 39639
183 107 83 157 0 13031
111 215 166 58 0 9628
223 174 77 117 1 38802
190 93 155 234 1 17670
124 187 54 213 1 23188
248 118 109 170 0 18530
240 237 218 84 1 56880
224 219 181 169 0 30589
192 183 107 83 1 35136
129 111 215 166 1 14319
2 223 174 77 1 446
4 190 93 155 0 14415
9 124 187 54 1 1116
18 248 118 109 1 4464
36 240 237 218 1 8640
72 224 219 181 1 16128
145 192 183 107 1 27840
34 129 111 215 1 4386
69 2 223 174 0 38802
138 4 190 93 1 552
20 9 124 187 1 180
40 18 248 118 1 720
81 36 240 237 0 56880
163 72 224 219 1 11736
70 145 192 183 0 35136
140 34 129 111 1 4760
24 69 2 223 0 446
49 138 4 190 0 760
98 20 9 124 0 1116
197 40 18 248 0 4464
138 81 36 240 1 11178
21 163 72 224 0 16128
42 70 145 192 0 27840
84 140 34 129 1 11760
168 24 69 2 1 4032
80 49 138 4 1 3920
160 98 20 9 1 15680
64 197 40 18 1 12608
129 138 81 36 0 2916
3 21 163 72 1 63
7 42 70 145 1 294
15 84 140 34 0 4760
30 168 24 69 1 5040
61 80 49 138 0 6762
123 160 98 20 0 1960
247 64 197 40 0 7880
238 129 138 81 0 11178
221 3 21 163 1 663
186 7 42 70 1 1302
116 15 84 140 0 11760
233 30 168 24 0 4032
210 61 80 49 1 12810
165 123 160 98 0 15680
74 247 64 197 0 12608
148 238 129 138 0 17802
41 221 3 21 1 9061
83 186 7 42 0 294
166 116 15 84 1 19256
77 233 30 168 1 17941
154 210 61 80 1 32340
52 165 123 160 0 19680
104 74 247 64 0 15808
209 148 238 129 0 30702
163 41 221 3 1 6683
70 83 186 7 1 5810
140 166 116 15 1 23240
25 77 233 30 1 1925
50 154 210 61 0 12810
101 52 165 123 1 5252
202 104 74 247 1 21008
148 209 148 238 0 35224
41 163 41 221 0 9061
83 70 83 186 1 5810
167 140 166 116 1 23380
79 25 77 233 0 17941
159 50 154 210 0 32340
63 101 52 165 1 6363
126 202 104 74 1 25452
252 148 209 148 1 37296
249 41 163 41 1 10209
242 83 70 83 0 5810
229 167 140 166 0 23240
202 79 25 77 0 1925
149 159 50 154 0 7700
43 63 101 52 0 5252
87 126 202 104 1 10962
174 252 148 209 0 30932
92 249 41 163 1 22908
184 242 83 70 1 44528
112 229 167 140 0 23380
224 202 79 25 1 45248
192 149 159 50 0 7950
128 43 63 101 1 5504
1 87 126 202 1 87
3 174 252 148 1 522
6 92 249 41 0 10209
12 184 242 83 0 20086
25 112 229 167 1 2800
51 224 202 79 1 11424
102 192 149 159 0 23691
204 128 43 63 1 26112
153 1 87 126 1 153
51 3 174 252 0 43848
102 6 92 249 1 612
204 12 184 242 0 44528
152 25 112 229 1 3800
48 51 224 202 1 2448
96 102 192 149 1 9792
193 204 128 43 0 5504
131 153 1 87 0 87
6 51 3 174 1 306
12 102 6 92 1 1224
24 204 12 184 1 4896
49 152 25 112 0 2800
99 48 51 224 0 11424
198 96 102 192 1 19008
141 193 204 128 0 26112
26 131 153 1 1 3406
53 6 51 3 0 153
106 12 102 6 1 1272
212 24 204 12 1 5088
168 49 152 25 0 3800
80 99 48 51 1 7920
161 198 96 102 1 31878
66 141 193 204 0 39372
132 26 131 153 1 3432
9 53 6 51 1 477
19 106 12 102 1 2014
38 212 24 204 1 8056
76 168 49 152 1 12768
152 80 99 48 1 12160
49 161 198 96 1 7889
99 66 141 193 0 27213
199 132 26 131 1 26268
143 9 53 6 1 1287
31 19 106 12 1 589
63 38 212 24 0 5088
126 76 168 49 1 9576
252 152 80 99 1 38304
248 49 161 198 0 31878
240 99 66 141 1 23760
225 199 132 26 0 3432
195 143 9 53 0 477
134 31 19 106 0 2014
13 63 38 212 1 819
27 126 76 168 0 12768
55 252 152 80 0 12160
110 248 49 161 1 27280
221 240 99 66 1 53040
186 225 199 132 0 26268
116 195 143 9 0 1287
232 134 31 19 0 589
208 13 63 38 1 2704
161 27 126 76 0 9576
66 55 252 152 1 3630
133 110 248 49 1 14630
10 221 240 99 0 23760
20 186 225 199 1 3720
40 116 195 143 1 4640
81 232 134 31 0 4154
163 208 13 63 1 33904
70 161 27 126 0 3402
141 66 55 252 0 13860
27 133 110 248 1 3591
54 10 221 240 0 53040
108 20 186 225 0 41850
216 40 116 195 1 8640
176 81 232 134 1 14256
96 163 208 13 1 15648
192 70 161 27 0 4347
129 141 66 55 0 3630
3 27 133 110 0 14630
6 54 10 221 1 324
12 108 20 186 0 3720
25 216 40 116 0 4640
50 176 81 232 0 18792
100 96 163 208 0 33904
200 192 70 161 1 38400
145 129 141 66 1 18705
35 3 27 133 1 105
71 6 54 10 1 426
143 12 108 20 1 1716
31 25 216 40 0 8640
62 50 176 81 1 3100
124 100 96 163 0 15648
248 200 192 70 0 13440
240 145 129 141 1 34800
225 35 3 27 1 7875
195 71 6 54 0 324
134 143 12 108 0 1296
13 31 25 216 1 403
26 62 50 176 0 8800
53 124 100 96 0 9600
106 248 200 192 1 26288
212 240 145 129 0 18705
169 225 35 3 0 105
82 195 71 6 0 426
165 134 143 12 0 1716
75 13 31 25 0 775
150 26 62 50 1 3900
44 53 124 100 1 2332
89 106 248 200 1 9434
179 212 240 145 1 37948
102 169 225 35 0 7875
204 82 195 71 0 13845
152 165 134 143 1 25080
49 75 13 31 0 403
99 150 26 62 1 14850
198 44 53 124 0 6572
140 89 106 248 1 12460
24 179 212 240 0 50880
49 102 169 225 0 38025
99 204 82 195 1 20196
199 152 165 134 0 22110
142 49 75 13 0 975
29 99 150 26 0 3900
59 198 44 53 1 11682
119 140 89 106 0 9434
238 24 179 212 0 37948
221 49 102 169 1 10829
187 99 204 82 0 16728
118 199 152 165 1 23482
236 142 49 75 0 3675
217 29 99 150 0 14850
179 59 198 44 0 8712
102 119 140 89 0 12460
205 238 24 179 0 4296
154 221 49 102 0 4998
52 187 99 204 1 9724
104 118 199 152 0 30248
209 236 142 49 0 6958
163 217 29 99 1 35371
70 179 59 198 1 12530
141 102 119 140 1 14382
27 205 238 24 1 5535
55 154 221 49 0 10829
110 52 187 99 1 5720
220 104 118 199 1 22880
184 209 236 142 0 33512
112 163 217 29 1 18256
224 70 179 59 0 10561
193 141 102 119 1 27213
130 27 205 238 1 3510
4 55 154 221 1 220
9 110 52 187 1 990
19 220 104 118 1 4180
39 184 209 236 1 7176
79 112 163 217 1 8848
158 224 70 179 1 35392
60 193 141 102 1 11580
120 130 27 205 0 5535
241 4 55 154 1 964
227 9 110 52 1 2043
199 19 220 104 1 3781
142 39 184 209 1 5538
29 79 112 163 0 18256
59 158 224 70 1 9322
119 60 193 141 1 7140
239 120 130 27 1 28680
222 241 4 55 0 220
189 227 9 110 0 990
123 199 19 220 0 4180
247 142 39 184 0 7176
238 29 79 112 1 6902
221 59 158 224 0 35392
186 119 60 193 1 22134
117 239 120 130 0 15600
235 222 241 4 0 964
215 189 227 9 0 2043
175 123 199 19 0 3781
94 247 142 39 1 23218
189 238 29 79 0 2291
123 221 59 158 1 27183
246 186 119 60 1 45756
236 117 239 120 0 28680
217 235 222 241 1 50995
178 215 189 227 1 38270
101 175 123 199 0 24477
203 94 247 142 1 19082
150 189 238 29 0 6902
44 123 221 59 0 13039
88 246 186 119 1 21648
177 236 117 239 0 27963
99 217 235 222 0 52170
198 178 215 189 1 35244
140 101 175 123 0 21525
25 203 94 247 0 23218
50 150 189 238 1 7500
101 44 123 221 0 27183
203 88 246 186 1 17864
150 177 236 117 0 27612
44 99 217 235 0 50995
89 198 178 215 1 17622
179 140 101 175 0 17675
102 25 203 94 0 19082
205 50 150 189 0 28350
154 101 44 123 0 5412
52 203 88 246 1 10556
105 150 177 236 0 41772
211 44 99 217 0 21483
166 89 198 178 0 35244
76 179 140 101 1 13604
152 102 25 203 1 15504
49 205 50 150 0 7500
99 154 101 44 1 15246
199 52 203 88 0 17864
142 105 150 177 1 14910
28 211 44 99 0 4356
57 166 89 198 0 17622
114 76 179 140 1 8664
229 152 102 25 0 2550
202 49 205 50 1 9898
149 99 154 101 1 14751
43 199 52 203 0 10556
86 142 105 150 0 15750
173 28 211 44 1 4844
91 57 166 89 0 14774
183 114 76 179 0 13604
111 229 152 102 0 15504
222 202 49 205 1 44844
189 149 99 154 0 15246
123 43 199 52 1 5289
246 86 142 105 1 21156
237 173 28 211 0 5908
218 91 57 166 0 9462
181 183 114 76 0 8664
106 111 229 152 0 34808
213 222 202 49 1 47286
171 189 149 99 0 14751
86 123 43 199 0 8557
173 246 86 142 0 12212
90 237 173 28 0 4844
180 218 91 57 0 5187
104 181 183 114 1 18824
209 106 111 229 1 22154
163 213 222 202 0 44844
71 171 189 149 1 12141
142 86 123 43 1 12212
28 173 246 86 0 21156
57 90 237 173 0 41001
115 180 218 91 0 19838
230 104 181 183 0 33123
205 209 106 111 0 11766
154 163 213 222 0 47286
52 71 171 189 1 3692
104 142 86 123 0 10578
208 28 173 246 0 42558
160 57 90 237 0 21330
65 115 180 218 0 39240
131 230 104 181 1 30130
6 205 209 106 1 1230
13 154 163 213 0 34719
27 52 71 171 0 12141
55 104 142 86 1 5720
110 208 28 173 1 22880
220 160 57 90 0 5130
185 65 115 180 0 20700
115 131 230 104 1 15065
231 6 205 209 0 42845
207 13 154 163 0 25102
159 27 52 71 1 4293
63 55 104 142 1 3465
126 110 208 28 0 5824
253 220 160 57 1 55660
250 185 65 115 0 7475
245 115 131 230 1 28175
234 231 6 205 1 54054
212 207 13 154 1 43884
169 159 27 52 0 1404
83 63 55 104 1 5229
167 126 110 208 0 22880
78 253 220 160 0 35200
156 250 185 65 0 12025
57 245 115 131 1 13965
115 234 231 6 0 1386
231 212 207 13 0 2691
206 169 159 27 1 34814
157 83 63 55 0 3465
58 167 126 110 0 13860
116 78 253 220 0 55660
232 156 250 185 0 46250
208 57 245 115 0 28175
161 115 234 231 0 54054
67 231 212 207 1 15477
135 206 169 159 1 27810
14 157 83 63 0 5229
29 58 167 126 1 1682
58 116 78 253 0 19734
116 232 156 250 1 26912
233 208 57 245 1 48464
211 161 115 234 0 26910
166 67 231 212 0 48972
77 135 206 169 1 10395
154 14 157 83 0 13031
53 29 58 167 1 1537
107 58 116 78 1 6206
215 116 232 156 1 24940
174 233 208 57 1 40542
93 211 161 115 0 18515
186 166 67 231 1 30876
116 77 135 206 0 27810
233 154 14 157 1 35882
210 53 29 58 0 1682
165 107 58 116 0 6728
74 215 116 232 1 15910
149 174 233 208 0 48464
43 93 211 161 1 3999
87 186 166 67 1 16182
175 116 77 135 0 10395
95 233 154 14 0 2156
190 210 53 29 0 1537
124 165 107 58 0 6206
249 74 215 116 1 18426
243 149 174 233 1 36207
230 43 93 211 1 9890
204 87 186 166 0 30876
152 175 116 77 1 26600
49 95 233 154 0 35882
99 190 210 53 0 11130
198 124 165 107 1 24552
140 249 74 215 0 15910
25 243 149 174 1 6075
50 230 43 93 0 3999
100 204 87 186 1 20400
201 152 175 116 1 30552
146 49 95 233 0 22135
36 99 190 210 0 39900
72 198 124 165 1 14256
144 140 249 74 1 20160
33 25 243 149 0 36207
67 50 230 43 1 3350
135 100 204 87 1 13500
14 201 152 175 1 2814
28 146 49 95 0 4655
57 36 99 190 0 18810
115 72 198 124 1 8280
230 144 140 249 1 33120
204 33 25 243 0 6075
153 67 50 230 1 10251
51 135 100 204 1 6885
102 14 201 152 0 30552
204 28 146 49 0 7154
152 57 36 99 1 8664
49 115 72 198 1 5635
98 230 144 140 1 22540
196 204 33 25 1 39984
137 153 67 50 0 3350
19 51 135 100 1 969
38 102 14 201 1 3876
76 204 28 146 1 15504
153 152 57 36 0 2052
50 49 115 72 0 8280
100 98 230 144 1 9800
200 196 204 33 1 39200
144 137 153 67 0 10251
32 19 51 135 1 608
64 38 102 14 1 2432
129 76 204 28 0 5712
3 153 152 57 1 459
6 50 49 115 0 5635
12 100 98 230 1 1200
24 200 196 204 0 39984
49 144 137 153 1 7056
98 32 19 51 1 3136
197 64 38 102 1 12608
138 129 76 204 1 17802
20 3 153 152 0 23256
41 6 50 49 0 2450
82 12 100 98 1 984
164 24 200 196 1 3936
73 49 144 137 0 19728
146 98 32 19 0 608
36 197 64 38 1 7092
72 138 129 76 0 9804
144 20 3 153 1 2880
33 41 6 50 0 300
67 82 12 100 1 5494
134 164 24 200 1 21976
12 73 49 144 0 7056
24 146 98 32 0 3136
49 36 197 64 1 1764
99 72 138 129 0 17802
199 144 20 3 0 60
142 33 41 6 0 246
28 67 82 12 0 984
56 134 164 24 1 7504
113 12 73 49 1 1356
227 24 146 98 1 5448
198 49 36 197 1 9702
141 99 72 138 0 9936
26 199 144 20 0 2880
53 142 33 41 0 1353
106 28 67 82 0 5494
213 56 134 164 1 11928
170 113 12 73 0 876
85 227 24 146 1 19295
170 198 49 36 1 33660
84 141 99 72 1 11844
169 26 199 144 0 28656
82 53 142 33 0 4686
165 106 28 67 1 17490
75 213 56 134 1 15975
150 170 113 12 1 25500
44 85 227 24 1 3740
89 170 198 49 0 9702
179 84 141 99 1 15036
102 169 26 199 1 17238
204 82 53 142 0 7526
152 165 106 28 0 2968
49 75 213 56 1 3675
99 150 170 113 0 19210
199 44 85 227 1 8756
143 89 170 198 1 12727
30 179 84 141 0 11844
60 102 169 26 0 4394
121 204 82 53 0 4346
243 152 165 106 1 36936
231 49 75 213 0 15975
207 99 150 170 1 20493
159 199 44 85 0 3740
63 143 89 170 1 9009
127 30 179 84 1 3810
255 60 102 169 1 15300
254 121 204 82 1 30734
253 243 152 165 0 25080
250 231 49 75 1 57750
244 207 99 150 0 14850
232 159 199 44 0 8756
208 63 143 89 1 13104
160 127 30 179 1 20320
65 255 60 102 1 16575
130 254 121 204 0 24684
5 253 243 152 1 1265
11 250 231 49 0 11319
23 244 207 99 1 5612
46 232 159 199 0 31641
92 208 63 143 1 19136
184 160 127 30 1 29440
113 65 255 60 1 7345
226 130 254 121 1 29380
196 5 253 243 0 61479
136 11 250 231 1 1496
16 23 244 207 0 50508
32 46 232 159 0 36888
64 92 208 63 0 13104
128 184 160 127 1 23552
1 113 65 255 0 16575
2 226 130 254 0 33020
4 196 5 253 1 784
9 136 11 250 1 1224
18 16 23 244 0 5612
36 32 46 232 0 10672
72 64 92 208 0 19136
145 128 184 160 0 29440
35 1 113 65 0 7345
71 2 226 130 1 142
142 4 196 5 0 980
29 9 136 11 1 261
59 18 16 23 0 368
118 36 32 46 0 1472
236 72 64 92 0 5888
216 145 128 184 1 31320
177 35 1 113 0 113
99 71 2 226 0 452
199 142 4 196 1 28258
143 29 9 136 1 4147
31 59 18 16 0 288
62 118 36 32 0 1152
124 236 72 64 0 4608
248 216 145 128 0 18560
241 177 35 1 0 35
226 99 71 2 1 22374
197 199 142 4 0 568
139 143 29 9 1 19877
22 31 59 18 0 1062
44 62 118 36 1 2728
89 124 236 72 0 16992
178 248 216 145 1 44144
100 241 177 35 0 6195
201 226 99 71 0 7029
146 197 199 142 1 28762
36 139 143 29 0 4147
72 22 31 59 1 1584
144 44 62 118 0 7316
33 89 124 236 0 29264
67 178 248 216 1 11926
134 100 241 177 1 13400
13 201 226 99 1 2613
26 146 197 199 0 39203
52 36 139 143 0 19877
105 72 22 31 1 7560
211 144 44 62 1 30384
167 33 89 124 0 11036
78 67 178 248 0 44144
157 134 100 241 1 21038
59 13 201 226 0 45426
119 26 146 197 1 3094
239 52 36 139 1 12428
222 105 72 22 0 1584
189 211 144 44 0 6336
123 167 33 89 0 2937
247 78 67 178 0 11926
239 157 134 100 0 13400
222 59 13 201 1 13098
188 119 26 146 0 3796
121 239 52 36 1 28919
242 222 105 72 1 53724
228 189 211 144 1 43092
201 123 167 33 1 24723
146 247 78 67 1 36062
37 239 157 134 1 8843
74 222 59 13 1 16428
148 188 119 26 1 27824
41 121 239 52 0 12428
82 242 222 105 1 19844
165 228 189 211 0 39879
75 201 123 167 0 20541
150 146 247 78 1 21900
44 37 239 157 0 37523
88 74 222 59 1 6512
176 148 188 119 0 22372
97 41 121 239 1 3977
195 82 242 222 0 53724
134 165 228 189 1 22110
13 75 201 123 0 24723
27 150 146 247 0 36062
55 44 37 239 0 8843
110 88 74 222 1 9680
220 176 148 188 1 38720
185 97 41 121 1 17945
114 195 82 242 0 19844
228 134 165 228 1 30552
200 13 75 201 1 2600
145 27 150 146 0 21900
34 55 44 37 0 1628
68 110 88 74 1 7480
136 220 176 148 1 29920
16 185 97 41 1 2960
33 114 195 82 1 3762
67 228 134 165 1 15276
135 200 13 75 1 27000
14 145 27 150 1 2030
28 34 55 44 0 2420
57 68 110 88 0 9680
114 136 220 176 0 38720
228 16 185 97 1 3648
201 33 114 195 0 22230
147 67 228 134 0 30552
38 135 200 13 0 2600
77 14 145 27 0 3915
155 28 34 55 0 1870
55 57 68 110 0 7480
110 114 136 220 0 29920
220 228 16 185 0 2960
185 201 33 114 1 37185
114 147 67 228 0 15276
228 38 135 200 1 8664
201 77 14 145 0 2030
146 155 28 34 0 952
37 55 57 68 0 3876
74 110 114 136 1 8140
149 220 228 16 0 3648
42 185 201 33 0 6633
85 114 147 67 0 9849
171 228 38 135 0 5130
86 201 77 14 1 17286
173 146 155 28 1 25258
91 37 55 57 1 3367
183 74 110 114 0 12540
111 149 220 228 0 50160
223 42 185 201 0 37185
190 85 114 147 0 16758
125 171 228 38 1 21375
250 86 201 77 1 21500
245 173 146 155 0 22630
234 91 37 55 1 21294
212 183 74 110 1 38796
168 111 149 220 0 32780
81 223 42 185 0 7770
163 190 85 114 1 30970
70 125 171 228 0 38988
141 250 86 201 0 17286
26 245 173 146 1 6370
53 234 91 37 1 12402
107 212 183 74 0 13542
215 168 111 149 0 16539
174 81 223 42 1 14094
93 163 190 85 0 16150
186 70 125 171 0 21375
117 141 250 86 1 16497
234 26 245 173 1 6084
213 53 234 91 1 11289
170 107 212 183 1 18190
84 215 168 111 0 18648
169 174 81 223 0 18063
82 93 163 190 1 7626
165 186 70 125 1 30690
75 117 141 250 0 35250
151 234 26 245 1 35334
47 213 53 234 1 10011
94 170 107 212 0 22684
189 84 215 168 0 36120
122 169 174 81 1 20618
244 82 93 163 1 20008
233 165 186 70 1 38445
210 75 117 141 0 16497
165 151 234 26 1 24915
74 47 213 53 0 11289
149 94 170 107 0 18190
42 189 84 215 0 18060
84 122 169 174 0 29406
168 244 82 93 0 7626
80 233 165 186 0 30690
160 210 75 117 0 8775
64 165 151 234 1 10560
129 74 47 213 0 10011
3 149 94 170 1 447
7 42 189 84 1 294
15 84 122 169 1 1260
30 168 244 82 0 20008
60 80 233 165 0 38445
120 160 210 75 1 19200
240 64 165 151 0 24915
224 129 74 47 0 3478
192 3 149 94 1 576
128 7 42 189 1 896
0 15 84 122 1 0
0 30 168 244 0 40992
0 60 80 233 0 18640
1 120 160 210 0 33600
3 240 64 165 0 10560
7 224 129 74 0 9546
14 192 3 149 1 2688
28 128 7 42 0 294
56 0 15 84 0 1260
112 0 30 168 1 0
225 0 60 80 0 4800
194 1 120 160 1 194
133 3 240 64 0 15360
10 7 224 129 0 28896
21 14 192 3 1 294
43 28 128 7 0 896
86 56 0 15 1 4816
173 112 0 30 0 0
91 225 0 60 0 0
182 194 1 120 0 120
109 133 3 240 0 720
218 10 7 224 1 2180
180 21 14 192 1 3780
105 43 28 128 1 4515
210 86 56 0 1 18060
164 173 112 0 1 28372
73 91 225 0 1 6643
146 182 194 1 0 194
37 109 133 3 1 4033
75 218 10 7 1 16350
150 180 21 14 0 294
45 105 43 28 0 1204
90 210 86 56 1 18900
181 164 173 112 0 19376
106 73 91 225 0 20475
212 146 182 194 1 30952
168 37 109 133 1 6216
80 75 218 10 1 6000
160 150 180 21 1 24000
65 45 105 43 0 4515
130 90 210 86 1 11700
5 181 164 173 1 905
11 106 73 91 0 6643
22 212 146 182 1 4664
44 168 37 109 1 7392
89 80 75 218 0 16350
178 160 150 180 0 27000
100 65 45 105 0 4725
201 130 90 210 0 18900
146 5 181 164 1 730
37 11 106 73 1 407
74 22 212 146 0 30952
148 44 168 37 0 6216
41 89 80 75 1 3649
83 178 160 150 0 24000
166 100 65 45 1 16600
77 201 130 90 0 11700
155 146 5 181 1 22630
55 37 11 106 1 2035
110 74 22 212 0 4664
220 148 44 168 0 7392
184 41 89 80 0 7120
112 83 178 160 0 28480
224 166 100 65 0 6500
193 77 201 130 1 14861
130 155 146 5 1 20150
5 55 37 11 0 407
10 110 74 22 0 1628
21 220 148 44 1 4620
43 184 41 89 0 3649
87 112 83 178 0 14774
175 224 166 100 0 16600
95 193 77 201 0 15477
191 130 155 146 1 24830
127 5 55 37 1 635
255 10 110 74 1 2550
255 21 220 148 1 5355
255 43 184 41 1 10965
255 87 112 83 0 9296
255 175 224 166 0 37184
254 95 193 77 1 24130
253 191 130 155 1 48323
250 127 5 55 1 31750
245 255 10 110 0 1100
235 255 21 220 1 59925
215 255 43 184 1 54825
174 255 87 112 1 44370
93 255 175 224 1 23715
187 254 95 193 1 47498
119 253 191 130 0 24830
238 250 127 5 0 635
220 245 255 10 0 2550
185 235 255 21 0 5355
114 215 255 43 0 10965
228 174 255 87 1 39672
201 93 255 175 0 44625
147 187 254 95 0 24130
39 119 253 191 0 48323
78 238 250 127 0 31750
156 220 245 255 0 62475
56 185 235 255 0 59925
112 114 215 255 1 12768
225 228 174 255 0 44370
195 201 93 255 1 39195
135 147 187 254 1 19845
14 39 119 253 0 30107
29 78 238 250 1 2262
59 156 220 245 1 9204
119 56 185 235 0 43475
238 112 114 215 0 24510
221 225 228 174 1 49725
187 195 201 93 1 36465
118 135 147 187 1 15930
236 14 39 119 1 3304
217 29 78 238 0 18564
178 59 156 220 1 10502
100 119 56 185 0 10360
200 238 112 114 0 12768
145 221 225 228 1 32045
35 187 195 201 0 39195
71 118 135 147 1 8378
143 236 14 39 0 546
30 217 29 78 0 2262
61 178 59 156 1 10858
123 100 119 56 0 6664
247 200 238 112 0 26656
239 145 221 225 0 49725
223 35 187 195 1 7805
190 71 118 135 1 13490
125 143 236 14 1 17875
250 30 217 29 0 6293
245 61 178 59 1 14945
234 123 100 119 0 11900
212 247 200 238 0 47600
169 239 145 221 1 40391
82 223 35 187 0 6545
165 190 71 118 1 31350
75 125 143 236 1 9375
151 250 30 217 1 37750
47 245 61 178 0 10858
94 234 123 100 1 21996
188 212 247 200 1 39856
120 169 239 145 1 20280
240 82 223 35 0 7805
224 165 190 71 1 36960
193 75 125 143 0 17875
131 151 250 30 1 19781
7 47 245 61 0 14945
15 94 234 123 0 28782
31 188 212 247 1 5828
63 120 169 239 0 40391
126 240 82 223 0 18286
252 224 165 190 0 31350
248 193 75 125 1 47864
240 131 151 250 0 37750
225 7 47 245 1 1575
195 15 94 234 1 2925
135 31 188 212 1 4185
14 63 120 169 1 882
29 126 240 82 0 19680
58 252 224 165 0 36960
117 248 193 75 1 29016
235 240 131 151 1 56400
215 225 7 47 1 48375
174 195 15 94 0 1410
93 135 31 188 1 12555
186 14 63 120 1 2604
116 29 126 240 1 3364
232 58 252 224 0 56448
208 117 248 193 1 24336
160 235 240 131 0 31440
64 215 225 7 1 13760
129 174 195 15 1 22446
3 93 135 31 1 279
6 186 14 63 1 1116
13 116 29 126 0 3654
27 232 58 252 1 6264
54 208 117 248 0 29016
109 160 235 240 1 17440
219 64 215 225 0 48375
183 129 174 195 1 23607
110 3 93 135 0 12555
220 6 186 14 1 1320
185 13 116 29 0 3364
114 27 232 58 0 13456
228 54 208 117 0 24336
200 109 160 235 1 21800
144 219 64 215 1 31536
33 183 129 174 0 22446
66 110 3 93 1 7260
133 220 6 186 0 1116
10 185 13 116 0 1508
21 114 27 232 0 6264
42 228 54 208 0 11232
85 200 109 160 1 17000
171 144 219 64 0 14016
86 33 183 129 1 2838
173 66 110 3 1 11418
90 133 220 6 0 1320
181 10 185 13 0 2405
106 21 114 27 1 2226
212 42 228 54 0 12312
169 85 200 109 1 14365
83 171 144 219 0 31536
167 86 33 183 1 14362
78 173 66 110 0 7260
157 90 133 220 1 14130
58 181 10 185 1 10498
116 106 21 114 1 12296
232 212 42 228 0 9576
208 169 85 200 1 35152
161 83 171 144 1 13363
67 167 86 33 0 2838
134 78 173 66 0 11418
12 157 90 133 1 1884
25 58 181 10 0 1810
50 116 106 21 0 2226
100 232 212 42 0 8904
200 208 169 85 0 14365
145 161 83 171 1 23345
34 67 167 86 1 2278
68 134 78 173 0 13494
137 12 157 90 1 1644
19 25 58 181 0 10498
38 50 116 106 0 12296
76 100 232 212 0 49184
152 200 208 169 1 30400
49 145 161 83 1 7105
98 34 67 167 0 11189
196 68 134 78 0 10452
136 137 12 157 0 1884
17 19 25 58 0 1450
35 38 50 116 1 1330
71 76 100 232 0 23200
142 152 200 208 0 41600
28 49 145 161 1 1372
57 98 34 67 0 2278
114 196 68 134 1 22344
228 136 137 12 1 31008
200 17 19 25 1 3400
144 35 38 50 0 1900
33 71 76 100 0 7600
67 142 152 200 1 9514
135 28 49 145 1 3780
14 57 98 34 1 798
28 114 196 68 1 3192
56 228 136 137 0 18632
113 200 17 19 0 323
227 144 35 38 1 32688
199 33 71 76 0 5396
142 67 142 152 0 21584
28 135 28 49 0 1372
56 14 57 98 1 784
113 28 114 196 0 22344
227 56 228 136 1 12712
198 113 200 17 1 22374
141 227 144 35 1 32007
27 199 33 71 1 5373
55 142 67 142 0 9514
111 28 135 28 1 3108
222 56 14 57 1 12432
189 113 28 114 1 21357
123 227 56 228 1 27921
246 198 113 200 1 48708
237 141 227 144 1 33417
219 27 199 33 0 6567
182 55 142 67 0 9514
109 111 28 135 0 3780
218 222 56 14 1 48396
180 189 113 28 1 34020
105 123 227 56 1 12915
210 246 198 113 0 22374
165 237 141 227 1 39105
74 219 27 199 0 5373
148 182 55 142 1 26936
40 109 111 28 1 4360
81 218 222 56 1 17658
163 180 189 113 1 29340
71 105 123 227 1 7455
142 210 246 198 0 48708
29 165 237 141 0 33417
59 74 219 27 0 5913
118 148 182 55 0 10010
236 40 109 111 1 9440
217 81 218 222 1 17577
178 163 180 189 1 29014
101 71 105 123 0 12915
202 142 210 246 0 51660
148 29 165 237 0 39105
40 59 74 219 1 2360
81 118 148 182 1 9558
162 236 40 109 1 38232
68 217 81 218 1 14756
137 178 163 180 0 29340
19 101 71 105 1 1919
38 202 142 210 0 29820
76 148 29 165 1 11248
153 40 59 74 0 4366
50 81 118 148 0 17464
101 162 236 40 1 16362
202 68 217 81 1 13736
149 137 178 163 0 29014
43 19 101 71 1 817
87 38 202 142 0 28684
175 76 148 29 0 4292
94 153 40 59 0 2360
188 50 81 118 0 9558
120 101 162 236 1 12120
240 202 68 217 1 48480
225 149 137 178 1 33525
194 43 19 101 1 8342
133 87 38 202 1 11571
11 175 76 148 0 11248
23 94 153 40 0 6120
46 188 50 81 1 8648
92 120 101 162 1 11040
184 240 202 68 0 13736
112 225 149 137 0 20413
225 194 43 19 1 43650
194 133 87 38 1 25802
133 11 175 76 1 1463
10 23 94 153 1 230
20 46 188 50 1 920
41 92 120 101 1 3772
82 184 240 202 0 48480
165 112 225 149 0 33525
75 225 194 43 0 8342
150 194 133 87 1 29100
45 133 11 175 0 1925
90 10 23 94 0 2162
181 20 46 188 0 8648
107 41 92 120 1 4387
214 82 184 240 1 17548
173 165 112 225 0 25200
91 75 225 194 0 43650
182 150 194 133 0 25802
108 45 133 11 1 4860
216 90 10 23 1 19440
176 181 20 46 1 31856
96 107 41 92 1 10272
193 214 82 184 0 15088
130 173 165 112 1 22490
4 91 75 225 0 16875
9 182 150 194 1 1638
18 108 45 133 0 5985
37 216 90 10 1 7992
75 176 181 20 1 13200
151 96 107 41 1 14496
47 193 214 82 1 9071
94 130 173 165 0 28545
189 4 91 75 0 6825
123 9 182 150 0 27300
246 18 108 45 1 4428
236 37 216 90 1 8732
216 75 176 181 1 16200
176 151 96 107 0 10272
97 47 193 214 1 4559
194 94 130 173 1 18236
132 189 4 91 1 24948
8 123 9 182 1 984
17 246 18 108 0 1944
35 236 37 216 1 8260
70 216 75 176 0 13200
140 176 151 96 0 14496
24 97 47 193 0 9071
48 194 94 130 1 9312
97 132 189 4 0 756
194 8 123 9 0 1107
132 17 246 18 0 4428
9 35 236 37 1 315
18 70 216 75 0 16200
37 140 176 151 1 5180
75 24 97 47 0 4559
151 48 194 94 1 7248
46 97 132 189 0 24948
92 194 8 123 1 17848
184 132 17 246 1 24288
113 9 35 236 0 8260
227 18 70 216 0 15120
199 37 140 176 1 7363
143 75 24 97 0 2328
30 151 48 194 0 9312
61 46 97 132 1 2806
123 92 194 8 0 1552
246 184 132 17 1 45264
237 113 9 35 1 26781
219 227 18 70 0 1260
182 199 37 140 1 36218
109 143 75 24 1 15587
219 30 151 48 0 7248
182 61 46 97 1 11102
108 123 92 194 1 13284
217 246 184 132 0 24288
179 237 113 9 0 1017
103 219 227 18 1 22557
207 182 199 37 0 7363
158 109 143 75 1 17222
61 219 30 151 1 13359
122 182 61 46 0 2806
244 108 123 92 0 11316
233 217 246 184 1 50561
211 179 237 113 0 26781
167 103 219 227 1 17201
79 207 182 199 1 16353
158 158 109 143 1 24964
61 61 219 30 0 6570
123 122 182 61 0 11102
247 244 108 123 1 60268
239 233 217 246 1 55687
223 211 179 237 1 47053
190 167 103 219 1 31730
125 79 207 182 0 37674
250 158 158 109 0 17222
245 61 61 219 0 13359
235 123 122 182 0 22204
214 247 244 108 1 52858
172 239 233 217 0 50561
88 223 211 179 0 37769
177 190 167 103 1 33630
98 125 79 207 1 12250
196 250 158 158 0 24964
137 245 61 61 0 3721
18 235 123 122 0 15006
36 214 247 244 1 7704
72 172 239 233 1 12384
144 88 223 211 1 12672
33 177 190 167 0 31730
67 98 125 79 0 9875
135 196 250 158 0 39500
14 137 245 61 1 1918
28 18 235 123 0 28905
57 36 214 247 1 2052
114 72 172 239 1 8208
229 144 88 223 0 19624
202 33 177 190 1 6666
149 67 98 125 1 9983
42 135 196 250 1 5670
84 14 137 245 0 33565
169 28 18 235 1 4732
82 57 36 214 1 4674
165 114 72 172 1 18810
74 229 144 88 0 12672
149 202 33 177 0 5841
43 149 67 98 0 6566
86 42 135 196 1 3612
172 84 14 137 0 1918
89 169 28 18 1 15041
179 82 57 36 1 14678
103 165 114 72 1 16995
207 74 229 144 1 15318
158 149 202 33 0 6666
61 43 149 67 1 2623
123 86 42 135 1 10578
246 172 84 14 1 42312
237 89 169 28 0 4732
218 179 82 57 1 39022
181 103 165 114 1 18643
106 207 74 229 0 16946
212 158 149 202 1 33496
169 61 43 149 1 10309
83 123 86 42 0 3612
166 246 172 84 0 14448
76 237 89 169 0 15041
153 218 179 82 1 33354
50 181 103 165 1 9050
101 106 207 74 1 10706
203 212 158 149 1 43036
151 169 61 43 0 2623
47 83 123 86 0 10578
95 166 246 172 0 42312
190 76 237 89 1 14440
124 153 218 179 1 18972
249 50 181 103 0 18643
242 101 106 207 0 21942
229 203 212 158 0 33496
202 151 169 61 0 10309
148 47 83 123 1 6956
40 95 166 246 0 40836
80 190 76 237 1 15200
161 124 153 218 1 19964
66 249 50 181 0 9050
133 242 101 106 0 10706
10 229 203 212 1 2290
20 202 151 169 1 4040
41 148 47 83 1 6068
82 40 95 166 0 15770
164 80 190 76 1 13120
73 161 124 153 0 18972
147 66 249 50 0 12450
39 133 242 101 1 5187
79 10 229 203 0 46487
158 20 202 151 1 3160
60 41 148 47 0 6956
120 82 40 95 0 3800
241 164 80 190 0 15200
226 73 161 124 1 16498
196 147 66 249 1 28812
137 39 133 242 0 32186
18 79 10 229 0 2290
36 158 20 202 0 4040
73 60 41 148 1 4380
147 120 82 40 0 3280
38 241 164 80 1 9158
76 226 73 161 1 17176
153 196 147 66 1 29988
51 137 39 133 0 5187
102 18 79 10 1 1836
205 36 158 20 1 7380
155 73 60 41 0 2460
55 147 120 82 0 9840
111 38 241 164 0 39524
222 76 226 73 0 16498
188 153 196 147 1 28764
121 51 137 39 0 5343
243 102 18 79 1 24786
230 205 36 158 1 47150
205 155 73 60 1 31775
155 55 147 120 1 8525
54 111 38 241 1 5994
109 222 76 226 1 24198
218 188 153 196 1 40984
180 121 51 137 1 21780
104 243 102 18 0 1836
209 230 205 36 1 48070
163 205 155 73 0 11315
70 155 55 147 1 10850
141 54 111 38 1 7614
26 109 222 76 1 2834
53 218 188 153 1 11554
107 180 121 51 1 19260
215 104 243 102 1 22360
175 209 230 205 1 36575
94 163 205 155 1 15322
188 70 155 55 0 8525
120 141 54 111 0 5994
241 26 109 222 1 6266
227 53 218 188 0 40984
199 107 180 121 0 21780
143 215 104 243 0 25272
30 175 209 230 1 5250
60 94 163 205 1 5640
120 188 70 155 1 22560
241 120 141 54 0 7614
227 241 26 109 0 2834
198 227 53 218 1 44946
141 199 107 180 0 19260
27 143 215 104 0 22360
54 30 175 209 0 36575
109 60 94 163 0 15322
218 120 188 70 0 13160
180 241 120 141 1 43380
104 227 241 26 0 6266
209 198 227 53 0 12031
162 141 199 107 0 21293
69 27 143 215 1 1863
138 54 30 175 1 7452
20 109 60 94 0 5640
41 218 120 188 1 8938
83 180 241 120 1 14940
167 104 227 241 1 17368
78 209 198 227 1 16302
156 162 141 199 1 25272
57 69 27 143 0 3861
114 138 54 30 1 15732
228 20 109 60 0 6540
201 41 218 120 1 8241
147 83 180 241 1 12201
38 167 104 227 0 23608
77 78 209 198 1 6006
154 156 162 141 0 22842
53 57 69 27 0 1863
107 114 138 54 0 7452
214 228 20 109 0 2180
173 201 41 218 0 8938
91 147 83 180 0 14940
183 38 167 104 0 17368
111 77 78 209 0 16302
223 154 156 162 0 25272
191 53 57 69 0 3933
127 107 114 138 0 15732
254 214 228 20 0 4560
252 173 201 41 1 43596
248 91 147 83 0 12201
240 183 38 167 1 43920
224 111 77 78 0 6006
192 223 154 156 0 24024
129 191 53 57 0 3021
2 127 107 114 0 12198
4 254 214 228 1 1016
9 252 173 201 1 2268
19 248 91 147 1 4712
39 240 183 38 0 6954
79 224 111 77 0 8547
159 192 223 154 1 30528
63 129 191 53 0 10123
127 2 127 107 1 254
255 4 254 214 0 54356
254 9 252 173 1 2286
253 19 248 91 1 4807
250 39 240 183 0 43920
245 79 224 111 1 19355
234 159 192 223 0 42816
212 63 129 191 1 13356
169 127 2 127 1 21463
83 255 4 254 0 1016
167 254 9 252 1 42418
79 253 19 248 0 4712
159 250 39 240 1 39750
62 245 79 224 1 15190
124 234 159 192 0 30528
249 212 63 129 1 52788
243 169 127 2 0 254
231 83 255 4 0 1020
207 167 254 9 1 34569
159 79 253 19 0 4807
63 159 250 39 1 10017
127 62 245 79 0 19355
255 124 234 159 0 37206
254 249 212 63 1 63246
253 243 169 127 1 61479
250 231 83 255 0 21165
244 207 167 254 0 42418
232 159 79 253 1 36888
209 63 159 250 1 13167
162 127 62 245 1 20574
69 255 124 234 0 29016
139 254 249 212 1 35306
22 253 243 169 1 5566
45 250 231 83 1 11250
90 244 207 167 0 34569
180 232 159 79 0 12561
104 209 63 159 1 21736
208 162 127 62 1 33696
161 69 255 124 0 31620
66 139 254 249 1 9174
133 22 253 243 1 2926
11 45 250 231 1 495
22 90 244 207 0 50508
45 180 232 159 1 8100
91 104 209 63 1 9464
182 208 162 127 0 20574
108 161 69 255 0 17595
217 66 139 254 1 14322
178 133 22 253 0 5566
100 11 45 250 1 1100
200 22 90 244 1 4400
145 45 180 232 1 6525
35 91 104 209 0 21736
70 182 208 162 1 12740
140 108 161 69 1 15120
25 217 66 139 1 5425
50 178 133 22 1 8900
101 100 11 45 0 495
203 200 22 90 0 1980
150 145 45 180 0 8100
45 35 91 104 1 1575
91 70 182 208 0 37856
182 140 108 161 1 25480
109 25 217 66 0 14322
219 50 178 133 0 23674
182 101 100 11 1 18382
108 203 200 22 0 4400
216 150 145 45 0 6525
176 45 35 91 1 7920
97 91 70 182 1 8827
194 182 140 108 1 35308
133 109 25 217 0 5425
10 219 50 178 1 2190
21 182 101 100 1 3822
42 108 203 200 1 4536
84 216 150 145 0 21750
169 176 45 35 0 1575
82 97 91 70 0 6370
165 194 182 140 0 25480
75 133 109 25 0 2725
151 10 219 50 0 10950
46 21 182 101 0 18382
92 42 108 203 1 3864
184 84 216 150 0 32400
113 169 176 45 0 7920
226 82 97 91 1 18532
196 165 194 182 1 32340
137 75 133 109 1 10275
19 151 10 219 1 2869
39 46 21 182 0 3822
79 92 42 108 0 4536
159 184 84 216 0 18144
63 113 169 176 0 29744
126 226 82 97 1 28476
253 196 165 194 1 49588
251 137 75 133 0 9975
247 19 151 10 0 1510
238 39 46 21 0 966
220 79 92 42 1 17380
184 159 184 84 0 15456
113 63 113 169 1 7119
227 126 226 82 0 18532
199 253 196 165 1 50347
143 251 137 75 0 10275
30 247 19 151 0 2869
60 238 39 46 1 14280
121 220 79 92 0 7268
243 184 159 184 1 44712
231 113 63 113 0 7119
207 227 126 226 0 28476
158 199 253 196 1 31442
61 143 251 137 0 34387
123 30 247 19 1 3690
247 60 238 39 1 14820
239 121 220 79 0 17380
222 243 184 159 0 29256
189 231 113 63 1 43659
122 207 227 126 1 25254
244 158 199 253 1 38552
233 61 143 251 1 14213
210 123 30 247 0 7410
164 247 60 238 0 14280
72 239 121 220 1 17208
144 222 243 184 0 44712
32 189 231 113 0 26103
65 122 207 227 0 46989
130 244 158 199 1 31720
4 233 61 143 1 932
8 210 123 30 1 1680
17 164 247 60 1 2788
34 72 239 121 1 2448
68 144 222 243 1 9792
137 32 189 231 0 43659
19 65 122 207 0 25254
38 130 244 158 0 38552
77 4 233 61 0 14213
154 8 210 123 1 1232
53 17 164 247 1 901
107 34 72 239 1 3638
215 68 144 222 1 14620
175 137 32 189 1 23975
94 19 65 122 1 1786
189 38 130 244 0 31720
122 77 4 233 0 932
244 154 8 210 1 37576
233 53 17 164 0 2788
210 107 34 72 1 22470
164 215 68 144 0 9792
73 175 137 32 1 12775
147 94 19 65 0 1235
38 189 38 130 0 4940
77 122 77 4 0 308
155 244 154 8 0 1232
54 233 53 17 1 12582
108 210 107 34 0 3638
217 164 215 68 0 14620
179 73 175 137 0 23975
102 147 94 19 1 14994
205 38 189 38 0 7182
154 77 122 77 0 9394
52 155 244 154 0 37576
104 54 233 53 1 5616
209 108 210 107 0 22470
163 217 164 215 1 35371
70 179 73 175 1 12530
140 102 147 94 1 14280
24 205 38 189 0 7182
48 154 77 122 0 9394
96 52 155 244 1 4992
193 104 54 233 0 12582
131 209 108 210 0 22680
6 163 217 164 0 35588
12 70 179 73 0 13067
25 140 102 147 1 3500
51 24 205 38 0 7790
102 48 154 77 1 4896
205 96 52 155 0 8060
155 193 104 54 0 5616
55 131 209 108 1 7205
110 6 163 217 1 660
221 12 70 179 1 2652
186 25 140 102 1 4650
117 51 24 205 0 4920
234 102 48 154 0 7392
213 205 96 52 0 4992
170 155 193 104 0 20072
85 55 131 209 0 27379
170 110 6 163 1 18700
84 221 12 70 0 840
168 186 25 140 1 31248
81 117 51 24 0 1224
162 234 102 48 1 37908
68 213 205 96 0 19680
136 170 155 193 1 23120
17 85 55 131 1 1445
35 170 110 6 0 660
71 84 221 12 0 2652
142 168 186 25 0 4650
28 81 117 51 0 5967
57 162 234 102 0 23868
114 68 213 205 1 7752
228 136 170 155 1 31008
200 17 85 55 1 3400
144 35 170 110 1 5040
33 71 84 221 0 18564
66 142 168 186 0 31248
133 28 81 117 0 9477
11 57 162 234 0 37908
22 114 68 213 0 14484
44 228 136 170 0 23120
89 200 17 85 0 1445
179 144 35 170 1 25776
102 33 71 84 1 3366
205 66 142 168 1 13530
154 133 28 81 1 20482
53 11 57 162 1 583
107 22 114 68 0 7752
215 44 228 136 0 31008
174 89 200 17 1 15486
93 179 144 35 0 5040
187 102 33 71 0 2343
119 205 66 142 1 24395
239 154 133 28 0 3724
222 53 11 57 0 627
189 107 22 114 1 20223
123 215 44 228 0 10032
246 174 89 200 0 17800
236 93 179 144 0 25776
216 187 102 33 1 40392
177 119 205 66 1 21063
99 239 154 133 1 23661
199 222 53 11 1 44178
143 189 107 22 0 2354
31 123 215 44 1 3813
62 246 174 89 0 15486
124 236 93 179 1 29264
249 216 187 102 0 19074
242 177 119 205 0 24395
229 99 239 154 0 36806
203 199 222 53 0 11766
150 143 189 107 0 20223
44 31 123 215 0 26445
88 62 246 174 0 42804
176 124 236 93 1 21824
97 249 216 187 1 24153
194 242 177 119 0 21063
132 229 99 239 0 23661
8 203 199 222 0 44178
17 150 143 189 1 2550
34 44 31 123 0 3813
69 88 62 246 0 15252
139 176 124 236 1 24464
22 97 249 216 1 2134
45 194 242 177 0 42834
91 132 229 99 1 12012
183 8 203 199 0 40397
111 17 150 143 0 21450
223 34 44 31 1 7582
191 69 88 62 1 13179
126 139 176 124 0 21824
252 22 97 249 0 24153
248 45 194 242 0 46948
241 91 132 229 0 30228
226 183 8 203 1 41358
196 111 17 150 0 2550
137 223 34 44 0 1496
18 191 69 88 1 3438
37 126 139 176 0 24464
74 252 22 97 0 2134
149 248 45 194 0 8730
43 241 91 132 1 10363
87 226 183 8 1 19662
175 196 111 17 1 34300
95 137 223 34 0 7582
190 18 191 69 0 13179
124 37 126 139 0 17514
248 74 252 22 1 18352
241 149 248 45 0 11160
226 43 241 91 0 21931
196 87 226 183 0 41358
136 175 196 111 0 21756
16 95 137 223 1 1520
33 190 18 191 1 6270
66 124 37 126 1 8184
132 248 74 252 1 32736
9 241 149 248 0 36952
18 226 43 241 0 10363
37 196 87 226 1 7252
74 136 175 196 1 10064
149 16 95 137 0 13015
42 33 190 18 0 3420
84 66 124 37 1 5544
169 132 248 74 1 22308
82 9 241 149 0 35909
165 18 226 43 1 2970
74 37 196 87 1 2738
149 74 136 175 0 23800
42 149 16 95 1 6258
85 42 33 190 1 3570
171 84 66 124 1 14364
86 169 132 248 0 32736
172 82 9 241 1 14104
89 165 18 226 1 14685
178 74 37 196 1 13172
101 149 74 136 1 15049
202 42 149 16 0 2384
149 85 42 33 1 12665
42 171 84 66 0 5544
85 86 169 132 1 7310
171 172 82 9 0 738
86 89 165 18 0 2970
172 178 74 37 0 2738
88 101 149 74 1 8888
176 202 42 149 1 35552
# augmented golden-simulated vectors (rtlrewriter_run)
88 22 92 178 1 1936
88 22 92 178 1 1936
88 22 92 178 1 1936
88 22 92 178 1 1936
88 22 92 178 1 1936
150 89 150 39 0 5850
157 23 178 234 1 3611
157 23 178 234 1 3611
2 146 218 38 0 8284
174 108 179 235 1 18792
2 128 255 170 0 43350
55 210 5 90 1 11550
141 177 143 210 1 24957
141 177 143 210 1 24957
208 68 54 245 0 13230
208 68 54 245 0 13230
208 68 54 245 0 13230
208 68 54 245 0 13230
208 68 54 245 0 13230
85 170 0 254 0 0
85 170 0 254 0 0
254 1 255 2 0 510
8 23 227 86 0 19522
212 176 9 52 1 37312
138 159 108 212 1 21942
172 30 2 133 0 266
1 128 128 254 0 32512
85 85 2 128 1 7225
115 236 7 91 1 27140
78 115 58 18 1 8970
78 115 58 18 1 8970
0 128 2 1 0 2
0 128 2 1 0 2
0 128 2 1 0 2
0 128 2 1 0 2
0 128 2 1 0 2
251 39 220 54 1 9789
251 39 220 54 1 9789
251 39 220 54 1 9789
252 246 234 72 1 61992
252 246 234 72 1 61992
252 246 234 72 1 61992
252 246 234 72 1 61992
252 246 234 72 1 61992
219 164 132 118 0 15576
220 17 125 141 0 17625
2 170 255 170 0 43350
2 170 255 170 0 43350
2 170 255 170 0 43350
2 170 255 170 0 43350
255 128 0 128 0 0
235 185 208 237 1 43475
148 251 50 91 0 4550
255 0 85 0 1 0
255 0 85 0 1 0
255 0 85 0 1 0
0 0 255 170 0 43350
178 198 201 88 0 17688
47 69 220 231 1 3243
229 190 156 120 0 18720
130 27 32 111 1 3510
0 1 170 128 0 21760
0 2 2 254 0 508
85 85 255 255 0 65025
112 160 207 83 1 17920
218 205 202 238 1 44690
44 234 10 228 1 10296
147 42 105 6 0 630
0 128 85 255 1 0
37 72 212 227 1 2664
37 72 212 227 1 2664
37 72 212 227 1 2664
37 72 212 227 1 2664
37 72 212 227 1 2664
148 93 178 171 1 13764
170 0 2 0 0 0
170 0 2 0 0 0
170 0 2 0 0 0
248 153 151 84 1 37944
81 70 247 64 0 15808
2 128 255 254 0 64770
125 41 187 245 1 5125
1 0 2 0 0 0
107 175 58 12 1 18725
107 175 58 12 1 18725
107 175 58 12 1 18725
107 175 58 12 1 18725
107 175 58 12 1 18725
2 254 2 254 0 508
2 254 2 254 0 508
2 254 2 254 0 508
113 31 237 63 1 3503
155 248 207 96 0 19872
85 0 1 128 1 0
127 95 123 106 1 12065
85 85 128 170 0 21760
99 102 200 187 0 37400
99 102 200 187 0 37400
0 1 255 85 0 21675
5 208 95 90 0 8550
131 207 123 42 1 27117
2 0 254 255 1 0
2 0 254 255 1 0
2 0 254 255 1 0
254 0 2 170 1 0
128 85 128 1 1 10880
128 85 128 1 1 10880
128 85 128 1 1 10880
128 85 128 1 1 10880
164 11 248 173 1 1804
172 100 95 34 1 17200
118 66 53 238 1 7788
128 85 85 254 1 10880
111 72 145 205 0 29725
111 72 145 205 0 29725
111 72 145 205 0 29725
111 72 145 205 0 29725
111 72 145 205 0 29725
183 90 134 152 1 16470
2 255 255 255 0 65025
61 210 219 106 1 12810
254 1 0 1 0 0
254 255 255 254 0 64770
43 236 142 108 1 10148
201 115 180 117 1 23115
215 238 130 248 0 32240
2 255 0 1 0 0
192 115 131 115 0 15065
170 255 254 2 0 508
45 100 213 177 0 37701
194 99 173 110 1 19206
247 254 117 241 1 62738
71 233 33 131 1 16543
172 186 120 52 0 6240
227 1 247 44 0 10868
85 170 0 2 0 0
137 177 159 222 0 35298
13 185 102 200 1 2405
170 128 0 128 0 0
254 0 255 85 0 21675
1 2 254 0 0 0
221 231 197 59 1 51051
86 114 157 123 0 19311
86 114 157 123 0 19311
86 114 157 123 0 19311
86 114 157 123 0 19311
126 92 229 93 0 21297
2 254 170 255 1 508
2 254 170 255 1 508
25 206 100 60 1 5150
85 2 255 1 1 170
85 2 255 1 1 170
85 2 255 1 1 170
237 81 175 253 1 19197
0 254 128 2 0 256
211 141 131 54 1 29751
169 21 45 61 1 3549
169 21 45 61 1 3549
0 170 85 255 1 0
0 170 85 255 1 0
0 170 85 255 1 0
0 170 85 255 1 0
0 170 85 255 1 0
251 12 147 33 1 3012
251 170 43 223 1 42670
254 2 0 254 1 508
2 1 254 85 0 21590
2 1 254 85 0 21590
2 1 254 85 0 21590
2 254 128 254 1 508
175 158 54 62 0 3348
175 158 54 62 0 3348
120 40 56 243 1 4800
120 40 56 243 1 4800
120 40 56 243 1 4800
164 172 89 198 1 28208
170 170 85 128 0 10880
157 255 145 77 0 11165
90 67 1 109 1 6030
65 227 181 208 1 14755
200 74 141 180 0 25380
200 74 141 180 0 25380
200 74 141 180 0 25380
65 59 110 82 0 9020
122 4 14 93 1 488
201 165 98 37 1 33165
251 16 179 115 1 4016
144 64 38 123 1 9216
160 181 7 196 1 28960
11 188 184 122 0 22448
127 199 214 71 0 15194
73 15 179 102 0 18258
56 178 254 161 1 9968
219 244 145 110 1 53436
226 216 102 135 0 13770
178 87 235 45 0 10575
128 255 1 255 0 255
134 30 118 9 0 1062
226 172 197 169 0 33293
226 172 197 169 0 33293
226 172 197 169 0 33293
207 8 8 3 1 1656
207 8 8 3 1 1656
225 64 197 59 0 11623
225 64 197 59 0 11623
225 64 197 59 0 11623
225 64 197 59 0 11623
225 64 197 59 0 11623
124 8 106 213 1 992
65 246 126 88 1 15990
4 157 155 16 0 2480
4 157 155 16 0 2480
4 157 155 16 0 2480
4 157 155 16 0 2480
215 218 124 135 0 16740
215 218 124 135 0 16740
215 218 124 135 0 16740
145 194 35 151 1 28130
45 228 2 106 0 212
122 110 123 112 0 13776
90 85 146 147 1 7650
157 45 205 159 1 7065
255 170 2 2 0 4
85 128 255 2 0 510
180 22 64 96 0 6144
246 220 111 237 1 54120
78 72 112 110 0 12320
233 245 82 205 1 57085
153 246 13 2 0 26
140 254 46 30 1 35560
140 254 46 30 1 35560
140 254 46 30 1 35560
140 254 46 30 1 35560
140 254 46 30 1 35560
166 151 109 202 1 25066
66 173 190 45 1 11418
66 173 190 45 1 11418
66 173 190 45 1 11418
254 1 254 254 1 254
253 132 140 73 1 33396
6 248 44 145 0 6380
170 255 2 128 0 256
170 255 2 128 0 256
170 255 2 128 0 256
170 255 2 128 0 256
35 83 193 150 1 2905
160 174 20 181 0 3620
150 205 246 42 1 30750
165 173 89 157 0 13973
59 80 84 64 1 4720
226 158 212 16 1 35708
255 255 2 85 0 170
49 224 33 158 1 10976
35 227 159 230 0 36570
35 227 159 230 0 36570
35 227 159 230 0 36570
214 16 116 136 0 15776
1 134 23 237 0 5451
7 124 139 79 0 10981
109 78 82 70 0 5740
36 125 155 1 1 4500
85 1 2 1 0 2
85 1 2 1 0 2
220 60 97 206 1 13200
15 41 206 195 0 40170
2 85 254 254 0 64516
190 172 18 15 0 270
110 163 87 170 0 14790
110 163 87 170 0 14790
2 0 2 170 0 340
170 255 85 170 0 14450
170 170 254 170 1 28900
191 80 255 167 0 42585
35 207 158 40 0 6320
96 71 207 103 0 21321
68 240 91 213 0 19383
68 240 91 213 0 19383
68 240 91 213 0 19383
68 240 91 213 0 19383
68 240 91 213 0 19383
1 25 86 141 1 25
1 128 255 0 0 0
170 128 254 85 0 21590
85 255 170 255 0 43350
121 250 190 161 1 30250
135 37 159 91 1 4995
186 8 86 123 1 1488
170 255 2 85 1 43350
2 2 170 2 0 340
66 222 108 226 0 24408
0 1 1 1 0 1
255 2 0 85 0 0
117 97 98 247 0 24206
100 13 204 120 1 1300
84 83 199 124 0 24676
124 16 95 243 0 23085
61 209 214 81 1 12749
17 107 177 31 0 5487
158 167 81 228 0 18468
255 0 0 2 1 0
181 238 22 168 0 3696
128 85 85 170 0 14450
10 91 178 219 0 38982
10 91 178 219 0 38982
10 91 178 219 0 38982
10 91 178 219 0 38982
1 1 255 1 0 255
151 208 139 190 0 26410
128 170 170 170 1 21760
128 170 170 170 1 21760
128 170 170 170 1 21760
128 170 170 170 1 21760
49 229 224 11 0 2464
49 229 224 11 0 2464
49 229 224 11 0 2464
29 42 72 181 1 1218
118 205 14 232 0 3248
9 194 50 253 0 12650
110 76 50 166 0 8300
14 254 67 8 0 536
18 80 113 176 1 1440
18 80 113 176 1 1440
18 80 113 176 1 1440
85 128 0 0 0 0
155 139 197 144 1 21545
1 254 128 2 1 254
124 52 130 130 0 16900
129 227 228 128 0 29184
129 227 228 128 0 29184
215 111 227 204 0 46308
215 111 227 204 0 46308
195 108 142 45 1 21060
197 223 31 217 1 43931
85 170 254 2 1 14450
99 187 196 112 1 18513
180 242 23 11 0 253
29 146 123 171 1 4234
126 44 158 147 0 23226
170 2 254 0 1 340
0 1 254 170 1 0
1 170 128 128 0 16384
178 253 134 160 1 45034
147 65 169 42 0 7098
36 140 216 91 0 19656
30 217 117 179 1 6510
243 186 16 203 1 45198
217 18 19 10 1 3906
217 18 19 10 1 3906
255 128 1 2 0 2
170 128 2 170 1 21760
128 85 0 1 0 0
40 209 70 233 1 8360
30 183 78 157 1 5490
2 170 255 0 0 0
2 170 255 0 0 0
207 37 62 10 0 620
179 236 55 101 0 5555
208 254 193 234 1 52832
170 0 254 254 0 64516
204 54 77 45 0 3465
19 26 148 130 1 494
13 236 145 190 0 27550
94 10 87 202 0 17574
94 10 87 202 0 17574
133 75 240 177 0 42480
167 135 4 42 0 168
195 183 137 55 0 7535
0 1 0 2 0 0
170 85 2 85 0 170
149 25 155 100 0 15500
248 85 37 117 0 4329
128 170 170 85 1 21760
155 7 72 207 1 1085
99 205 110 209 1 20295
99 205 110 209 1 20295
99 205 110 209 1 20295
99 205 110 209 1 20295
99 205 110 209 1 20295
128 0 254 0 1 0
128 0 254 0 1 0
128 0 254 0 1 0
128 0 254 0 1 0
128 0 254 0 1 0
0 128 128 85 0 10880
1 0 170 255 1 0
17 148 98 66 1 2516
58 229 130 92 1 13282
139 10 223 146 1 1390
254 1 170 255 1 254
205 56 58 67 0 3886
107 63 116 13 1 6741
45 45 16 155 0 2480
45 45 16 155 0 2480
11 250 145 164 1 2750
85 2 128 254 0 32512
44 175 126 122 0 15372
73 123 235 166 0 39010
161 92 137 185 1 14812
230 55 22 241 1 12650
2 2 255 85 1 4
255 128 0 1 0 0
156 112 39 161 0 6279
156 112 39 161 0 6279
2 255 2 2 1 510
0 255 85 85 0 7225
113 223 246 25 1 25199
98 2 214 250 0 53500
0 1 0 255 1 0
78 157 114 52 0 5928
0 0 0 2 1 0
2 254 85 170 1 508
2 254 85 170 1 508
2 254 85 170 1 508
91 167 24 75 1 15197
69 115 117 164 1 7935
52 200 112 2 1 10400
137 247 254 250 0 63500
198 174 108 197 1 34452
70 244 134 245 0 32830
140 140 14 11 1 19600
140 140 14 11 1 19600
254 2 128 0 0 0
170 0 0 0 1 0
170 0 0 0 1 0
170 0 0 0 1 0
215 222 99 240 1 47730
254 254 128 2 0 256
254 254 128 2 0 256
1 128 128 85 0 10880
255 128 1 85 1 32640
255 128 1 85 1 32640
104 211 139 233 0 32387
104 211 139 233 0 32387
128 255 85 254 0 21590
128 255 85 254 0 21590
128 255 85 254 0 21590
206 115 85 43 0 3655
254 170 2 128 0 256
82 108 94 81 0 7614
177 44 180 118 1 7788
151 184 119 132 1 27784
170 255 170 128 0 21760
1 64 63 181 0 11403
161 83 27 113 1 13363
115 27 211 88 0 18568
1 170 254 170 0 43180
38 165 109 125 0 13625
250 100 121 38 1 25000
254 0 0 85 0 0
254 0 0 85 0 0
254 0 0 85 0 0
254 0 0 85 0 0
254 0 0 85 0 0
130 153 27 46 0 1242
192 160 132 20 0 2640
192 160 132 20 0 2640
192 160 132 20 0 2640
128 128 255 85 0 21675
85 255 1 128 1 21675
109 108 115 73 1 11772
51 181 3 101 1 9231
152 60 84 194 0 16296
85 0 255 1 0 255
128 254 1 85 0 85
254 255 255 1 0 255
7 90 32 120 1 630
188 73 195 150 0 29250
125 236 67 236 1 29500
109 231 92 89 1 25179
109 231 92 89 1 25179
109 231 92 89 1 25179
107 19 231 130 1 2033
219 199 224 21 0 4704
219 199 224 21 0 4704
219 199 224 21 0 4704
219 199 224 21 0 4704
219 199 224 21 0 4704
255 77 118 207 1 19635
2 128 254 0 0 0
170 255 170 254 1 43350
170 255 170 254 1 43350
170 255 170 254 1 43350
170 255 170 254 1 43350
170 255 170 254 1 43350
128 2 254 128 0 32512
149 50 10 60 1 7450
149 50 10 60 1 7450
149 50 10 60 1 7450
149 50 10 60 1 7450
65 139 145 114 0 16530
96 254 200 83 0 16600
56 117 45 66 1 6552
170 1 254 85 0 21590
1 128 128 85 1 128
19 114 174 7 1 2166
2 85 1 1 0 1
2 2 1 85 0 85
220 155 247 240 0 59280
140 74 84 56 1 10360
193 166 70 27 0 1890
193 166 70 27 0 1890
193 166 70 27 0 1890
193 166 70 27 0 1890
193 166 70 27 0 1890
2 255 255 128 0 32640
137 123 69 222 0 15318
137 123 69 222 0 15318
137 123 69 222 0 15318
17 50 62 215 0 13330
109 0 122 133 1 0
0 0 85 85 0 7225
51 176 114 162 0 18468
51 176 114 162 0 18468
51 176 114 162 0 18468
51 176 114 162 0 18468
51 176 114 162 0 18468
1 85 1 128 0 128
164 82 20 118 1 13448
164 82 20 118 1 13448
164 82 20 118 1 13448
254 0 85 2 0 170
176 142 110 73 0 8030
219 183 65 185 0 12025
153 4 61 195 0 11895
195 144 8 58 0 464
197 104 206 61 1 20488
47 155 167 148 0 24716
65 169 103 163 1 10985
16 206 247 183 1 3296
43 94 37 7 1 4042
176 206 171 65 0 11115
170 2 2 255 1 340
230 180 0 15 1 41400
129 125 248 123 0 30504
69 100 78 248 0 19344
21 130 156 201 1 2730
13 145 243 4 0 972
117 135 201 13 1 15795
178 184 129 198 0 25542
178 184 129 198 0 25542
178 184 129 198 0 25542
178 184 129 198 0 25542
178 184 129 198 0 25542
255 254 254 128 0 32512
128 255 85 254 1 32640
139 68 43 218 1 9452
254 170 254 170 1 43180
76 95 132 75 1 7220
207 73 141 106 0 14946
165 40 146 216 1 6600
159 130 63 148 0 9324
208 10 228 116 0 26448
95 242 7 122 0 854
200 79 246 36 0 8856
200 79 246 36 0 8856
200 79 246 36 0 8856
185 245 0 104 0 0
85 2 85 255 0 21675
222 35 187 234 0 43758
222 35 187 234 0 43758
222 35 187 234 0 43758
222 35 187 234 0 43758
254 231 100 124 0 12400
254 231 100 124 0 12400
254 231 100 124 0 12400
254 231 100 124 0 12400
145 227 29 96 1 32915
70 164 52 46 1 11480
70 164 52 46 1 11480
70 164 52 46 1 11480
70 164 52 46 1 11480
254 1 1 255 0 255
0 170 254 128 0 32512
0 43 33 51 1 0
5 199 255 108 1 995
252 0 132 216 0 28512
1 2 254 128 0 32512
211 244 229 255 1 51484
127 1 174 38 0 6612
128 255 128 170 0 21760
85 254 0 170 0 0
48 186 50 238 0 11900
38 127 10 156 1 4826
129 232 109 197 0 21473
128 254 2 128 0 256
44 183 73 87 1 8052
157 14 18 198 0 3564
137 73 165 246 1 10001
61 124 217 90 1 7564
128 170 255 170 1 21760
255 216 60 13 0 780
2 128 85 170 0 14450
2 128 85 170 0 14450
2 128 85 170 0 14450
2 128 85 170 0 14450
2 128 85 170 0 14450
160 104 18 76 1 16640
202 65 19 129 1 13130
39 94 46 60 0 2760
2 1 0 255 0 0
116 154 119 0 1 17864
254 0 0 128 0 0
199 101 10 242 0 2420
46 85 17 238 1 3910
143 28 187 56 1 4004
170 85 2 170 1 14450
1 1 128 0 0 0
24 119 90 185 0 16650
136 46 253 186 0 47058
136 46 253 186 0 47058
136 46 253 186 0 47058
136 46 253 186 0 47058
136 46 253 186 0 47058
29 183 198 112 0 22176
2 85 254 0 0 0
2 85 254 0 0 0
2 85 254 0 0 0
2 85 254 0 0 0
2 85 254 0 0 0
101 218 244 239 0 58316
101 218 244 239 0 58316
101 218 244 239 0 58316
101 218 244 239 0 58316
170 170 85 128 0 10880
128 2 254 254 1 256
254 255 128 170 1 64770
190 197 92 176 0 16192
148 103 144 158 0 22752
255 1 255 254 0 64770
255 1 255 254 0 64770
128 254 170 1 0 170
1 255 255 0 0 0
234 181 40 173 1 42354
128 64 188 60 1 8192
128 64 188 60 1 8192
128 64 188 60 1 8192
128 64 188 60 1 8192
128 64 188 60 1 8192
102 222 208 129 0 26832
109 223 58 209 0 12122
255 254 255 255 1 64770
0 1 1 170 1 0
0 1 1 170 1 0
0 1 1 170 1 0
0 1 1 170 1 0
0 1 1 170 1 0
255 128 170 170 0 28900
255 128 170 170 0 28900
255 128 170 170 0 28900
255 128 170 170 0 28900
255 128 170 170 0 28900
194 162 48 199 1 31428
211 249 20 46 1 52539
211 249 20 46 1 52539
211 249 20 46 1 52539
211 249 20 46 1 52539
253 141 125 168 1 35673
186 92 246 156 1 17112
148 19 212 222 0 47064
85 128 170 1 0 170
92 235 90 119 0 10710
59 187 144 14 0 2016
2 0 85 254 0 21590
122 129 31 75 0 2325
2 254 85 1 0 85
77 68 202 28 1 5236
255 128 85 0 0 0
1 1 1 0 0 0
160 23 178 216 0 38448
34 59 228 104 0 23712
101 43 162 42 0 6804
246 142 171 248 1 34932
172 124 88 111 1 21328
106 159 24 92 1 16854
127 71 233 4 0 932
2 1 254 0 0 0
181 22 220 52 0 11440
47 69 30 225 1 3243
196 91 114 65 0 7410
196 91 114 65 0 7410
136 102 130 66 1 13872
1 2 0 128 0 0
1 2 0 128 0 0
1 2 0 128 0 0
1 2 0 128 0 0
1 2 0 128 0 0
85 255 85 255 0 21675
85 255 85 255 0 21675
85 255 85 255 0 21675
1 254 2 0 0 0
213 111 166 241 1 23643
78 225 117 81 1 17550
22 47 169 221 0 37349
85 255 255 170 1 21675
114 165 90 226 0 20340
114 165 90 226 0 20340
114 165 90 226 0 20340
114 165 90 226 0 20340
72 155 208 51 0 10608
164 144 73 214 0 15622
1 2 1 255 1 2
253 19 153 126 1 4807
98 174 102 150 1 17052
139 212 129 37 1 29468
117 215 176 16 0 2816
128 128 128 170 0 21760
128 128 128 170 0 21760
128 128 128 170 0 21760
128 128 128 170 0 21760
189 138 156 79 1 26082
254 254 85 170 0 14450
254 170 85 255 0 21675
171 95 2 223 0 446
170 2 0 128 0 0
103 191 143 171 1 19673
66 249 17 194 1 16434
66 249 17 194 1 16434
65 118 191 218 1 7670
65 118 191 218 1 7670
186 53 59 254 0 14986
179 107 97 132 1 19153
179 107 97 132 1 19153
179 107 97 132 1 19153
179 107 97 132 1 19153
49 88 136 130 1 4312
202 98 53 146 0 7738
190 128 231 148 0 34188
190 128 231 148 0 34188
190 128 231 148 0 34188
190 128 231 148 0 34188
190 128 231 148 0 34188
0 187 215 132 1 0
79 168 73 31 1 13272
180 127 111 172 0 19092
180 127 111 172 0 19092
180 127 111 172 0 19092
180 127 111 172 0 19092
180 127 111 172 0 19092
185 73 47 206 1 13505
1 0 170 2 1 0
126 114 66 1 0 66
0 128 0 85 1 0
156 249 254 99 0 25146
128 254 85 1 0 85
50 76 84 180 1 3800
2 255 128 85 1 510
17 93 29 179 1 1581
19 167 241 41 0 9881
227 54 181 161 1 12258
227 54 181 161 1 12258
227 54 181 161 1 12258
227 54 181 161 1 12258
41 58 225 23 0 5175
170 85 170 170 1 14450
2 1 2 170 0 340
0 85 128 0 0 0
0 85 128 0 0 0
235 168 167 98 0 16366
168 83 17 100 0 1700
170 128 0 170 0 0
170 128 0 170 0 0
170 128 0 170 0 0
85 0 255 85 1 0
254 128 1 255 0 255
36 114 193 177 1 4104
33 46 42 212 0 8904
71 67 73 25 0 1825
71 67 73 25 0 1825
71 67 73 25 0 1825
71 67 73 25 0 1825
170 2 255 2 0 510
70 111 61 196 0 11956
140 73 97 255 0 24735
140 73 97 255 0 24735
140 73 97 255 0 24735
149 88 112 79 0 8848
254 255 0 254 0 0
1 219 88 175 0 15400
203 189 233 231 1 38367
78 8 90 77 0 6930
2 0 255 255 0 65025
255 1 2 170 1 255
147 174 219 90 0 19710
49 45 151 186 0 28086
41 42 54 171 1 1722
120 122 58 206 1 14640
40 236 88 190 1 9440
152 20 226 154 0 34804
0 0 254 170 1 0
110 195 30 120 1 21450
212 163 208 7 1 34556
189 98 183 19 1 18522
170 128 85 1 1 21760
255 255 255 85 0 21675
70 123 126 250 1 8610
85 254 128 254 0 32512
244 73 136 121 1 17812
150 220 92 39 1 33000
1 170 254 1 0 254
200 166 231 44 1 33200
24 23 62 184 0 11408
0 1 0 0 0 0
38 41 223 222 1 1558
246 148 22 157 1 36408
101 80 34 35 0 1190
120 114 57 146 1 13680
152 100 142 36 1 15200
24 33 25 27 1 792
85 170 255 85 0 21675
70 12 109 46 1 840
115 210 56 11 1 24150
124 239 239 220 0 52580
247 23 136 219 1 5681
170 128 85 128 1 21760
106 203 109 104 1 21518
244 109 101 139 0 14039
179 71 29 167 0 4843
108 75 131 221 1 8100
178 74 233 178 1 13172
178 74 233 178 1 13172
178 74 233 178 1 13172
178 74 233 178 1 13172
35 11 18 97 1 385
128 85 0 2 0 0
128 85 0 2 0 0
128 85 0 2 0 0
128 85 0 2 0 0
128 85 0 2 0 0
255 254 255 2 0 510
0 1 255 254 1 0
170 254 2 85 1 43180
85 85 1 0 0 0
69 147 138 132 0 18216
120 117 176 78 1 14040
159 122 239 128 0 30592
113 51 7 187 1 5763
178 108 149 111 1 19224
178 108 149 111 1 19224
100 229 212 98 0 20776
126 103 41 49 0 2009
126 103 41 49 0 2009
126 103 41 49 0 2009
41 227 36 173 1 9307
84 42 47 169 0 7943
156 214 10 76 1 33384
89 91 182 107 0 19474
254 0 85 255 0 21675
254 0 85 255 0 21675
254 0 85 255 0 21675
254 0 85 255 0 21675
254 0 85 255 0 21675
167 135 31 128 0 3968
6 80 17 6 0 102
1 1 128 255 0 32640
105 233 143 228 0 32604
2 200 57 138 1 400
0 85 1 170 1 0
162 27 13 228 0 2964
227 43 133 7 0 931
1 128 255 255 0 65025
90 140 120 90 1 12600
46 205 140 116 0 16240
121 137 206 199 0 40994
39 241 164 130 1 9399
39 241 164 130 1 9399
39 241 164 130 1 9399
39 241 164 130 1 9399
163 144 130 215 1 23472
218 206 220 104 1 44908
2 255 0 254 0 0
135 219 223 131 1 29565
135 219 223 131 1 29565
135 219 223 131 1 29565
248 152 189 7 1 37696
0 85 1 254 0 254
254 0 85 254 0 21590
247 253 251 70 1 62491
151 170 149 12 1 25670
78 161 167 169 1 12558
220 214 107 253 0 27071
220 214 107 253 0 27071
48 65 234 216 0 50544
48 65 234 216 0 50544
48 65 234 216 0 50544
236 11 10 95 1 2596
59 253 138 200 1 14927
59 253 138 200 1 14927
128 76 28 195 1 9728
150 138 69 150 1 20700
49 93 27 189 1 4557
172 101 98 139 0 13622
172 101 98 139 0 13622
172 101 98 139 0 13622
172 101 98 139 0 13622
128 255 128 0 0 0
68 10 108 255 1 680
2 0 0 128 0 0
2 1 85 1 1 2
85 0 1 2 1 0
85 128 85 85 0 7225
128 1 255 0 0 0
2 85 254 170 0 43180
254 85 128 170 0 21760
254 85 128 170 0 21760
254 85 128 170 0 21760
237 96 205 205 1 22752
60 184 145 239 0 34655
128 115 222 166 0 36852
27 87 8 54 0 432
203 47 143 214 1 9541
85 255 128 128 0 16384
46 170 177 98 1 7820
170 128 2 0 0 0
2 128 255 255 0 65025
107 225 145 123 0 17835
142 196 29 22 1 27832
237 249 105 205 1 59013
85 128 170 254 0 43180
8 87 204 28 0 5712
0 2 1 1 1 0
0 2 1 1 1 0
0 2 1 1 1 0
0 2 1 1 1 0
255 2 0 254 1 510
170 254 1 254 0 254
2 85 128 0 0 0
231 40 146 109 1 9240
35 80 141 69 1 2800
241 211 175 194 1 50851
241 211 175 194 1 50851
241 211 175 194 1 50851
241 211 175 194 1 50851
241 211 175 194 1 50851
158 91 46 229 1 14378
236 49 243 235 0 57105
61 138 218 72 1 8418
170 85 85 0 0 0
170 85 85 0 0 0
79 90 17 221 0 3757
79 90 17 221 0 3757
79 90 17 221 0 3757
79 90 17 221 0 3757
79 90 17 221 0 3757
2 2 1 1 0 1
2 2 1 1 0 1
172 8 177 99 0 17523
243 124 177 115 0 20355
0 170 0 128 0 0
148 215 212 67 0 14204
0 2 255 170 0 43350
47 30 35 122 0 4270
252 249 131 155 0 20305
255 128 170 128 0 21760
192 252 227 220 1 48384
32 248 95 81 0 7695
1 254 170 170 1 254
128 254 170 254 0 43180
178 15 206 109 1 2670
188 10 25 219 1 1880
241 195 221 13 0 2873
175 126 145 159 1 22050
1 254 170 2 1 254
114 37 86 7 1 4218
2 254 170 255 0 43350
2 254 170 255 0 43350
2 254 170 255 0 43350
2 254 170 255 0 43350
2 254 170 255 0 43350
160 222 70 32 1 35520
255 170 85 2 0 170
20 213 96 137 0 13152
20 213 96 137 0 13152
20 213 96 137 0 13152
2 1 85 0 0 0
0 0 170 85 1 0
131 131 143 72 1 17161
85 170 170 85 0 14450
246 147 254 186 1 36162
129 241 222 211 0 46842
129 241 222 211 0 46842
129 241 222 211 0 46842
222 106 95 135 1 23532
196 120 164 34 0 5576
196 120 164 34 0 5576
196 120 164 34 0 5576
196 120 164 34 0 5576
175 118 237 209 1 20650
255 255 170 170 0 28900
41 153 65 156 0 10140
120 43 211 106 0 22366
255 170 85 255 0 21675
85 85 255 1 1 7225
12 157 149 24 1 1884
170 2 1 255 0 255
227 223 86 236 0 20296
227 223 86 236 0 20296
227 223 86 236 0 20296
227 223 86 236 0 20296
227 223 86 236 0 20296
40 34 145 37 1 1360
141 10 65 124 1 1410
255 170 1 2 0 2
255 170 1 2 0 2
255 170 1 2 0 2
255 170 1 2 0 2
180 118 151 0 1 21240
180 118 151 0 1 21240
180 118 151 0 1 21240
208 5 207 110 1 1040
212 136 43 197 1 28832
212 136 43 197 1 28832
212 136 43 197 1 28832
135 158 176 234 0 41184
254 170 1 85 0 85
255 255 170 128 0 21760
7 211 231 79 0 18249
0 0 128 254 1 0
131 222 70 213 1 29082
53 31 115 179 0 20585
53 31 115 179 0 20585
38 83 5 244 0 1220
85 1 254 1 0 254
85 1 254 1 0 254
85 1 254 1 0 254
2 85 255 254 0 64770
244 105 211 69 0 14559
69 78 160 156 1 5382
255 2 1 0 0 0
105 169 152 43 1 17745
85 255 2 1 0 2
85 255 2 1 0 2
85 255 2 1 0 2
85 255 2 1 0 2
1 0 2 255 0 510
1 1 0 170 1 1
14 184 254 251 1 2576
211 29 0 242 0 0
255 170 1 0 0 0
255 170 1 0 0 0
255 170 1 0 0 0
255 170 1 0 0 0
255 170 1 0 0 0
75 66 255 67 1 4950
41 209 229 190 1 8569
16 25 17 43 1 400
16 25 17 43 1 400
16 25 17 43 1 400
16 25 17 43 1 400
17 174 34 5 1 2958
13 216 146 131 0 19126
170 0 255 85 0 21675
170 0 255 85 0 21675
170 0 255 85 0 21675
170 0 255 85 0 21675
117 99 67 17 1 11583
109 22 0 122 0 0
38 133 115 212 0 24380
2 128 170 1 0 170
2 128 170 1 0 170
2 128 170 1 0 170
2 128 170 1 0 170
50 151 145 132 1 7550
0 170 255 128 0 32640
86 123 173 66 0 11418
86 123 173 66 0 11418
75 252 133 224 0 29792
1 2 254 128 0 32512
170 2 1 255 1 340
117 40 64 44 1 4680
10 106 64 34 0 2176
39 61 239 106 1 2379
39 61 239 106 1 2379
27 101 173 107 0 18511
27 101 173 107 0 18511
118 14 152 240 1 1652
200 18 124 135 1 3600
132 215 137 61 1 28380
128 85 254 254 0 64516
148 145 62 102 1 21460
255 1 0 255 1 255
159 244 241 99 0 23859
211 144 105 48 1 30384
211 144 105 48 1 30384
149 175 144 140 0 20160
131 228 236 65 1 29868
0 2 1 128 0 128
1 255 1 170 1 255
13 125 119 158 1 1625
39 103 132 118 1 4017
170 2 2 128 1 340
98 8 66 65 0 4290
135 150 217 215 1 20250
98 248 138 135 1 24304
50 216 240 36 0 8640
194 235 178 122 1 45590
85 128 85 128 0 10880
1 0 0 128 1 0
254 2 85 85 0 7225
130 189 255 118 1 24570
2 255 85 2 0 170
217 225 12 64 1 48825
128 170 254 0 1 21760
230 152 6 122 1 34960
38 80 84 242 0 20328
72 164 219 130 0 28470
72 164 219 130 0 28470
72 164 219 130 0 28470
72 164 219 130 0 28470
88 110 214 128 0 27392
167 195 94 85 0 7990
2 231 125 250 1 462
2 231 125 250 1 462
2 231 125 250 1 462
234 140 99 49 1 32760
6 22 41 169 0 6929
36 142 26 239 0 6214
128 1 254 128 1 128
135 47 41 165 0 6765
118 133 235 19 0 4465
118 133 235 19 0 4465
118 133 235 19 0 4465
118 133 235 19 0 4465
2 128 254 0 0 0
85 255 85 1 0 85
85 255 85 1 0 85
85 255 85 1 0 85
85 255 85 1 0 85
221 120 188 159 1 26520
84 105 11 203 0 2233
84 105 11 203 0 2233
84 105 11 203 0 2233
84 105 11 203 0 2233
84 105 11 203 0 2233
0 170 170 128 0 21760
2 255 254 128 1 510
255 255 170 170 1 65025
255 255 170 170 1 65025
255 255 170 170 1 65025
255 255 170 170 1 65025
255 255 170 170 1 65025
66 254 19 122 0 2318
5 192 11 159 1 960
58 142 35 211 0 7385
195 142 108 210 1 27690
112 110 174 241 1 12320
112 110 174 241 1 12320
190 140 246 113 0 27798
254 1 1 170 1 254
95 74 126 194 1 7030
140 78 82 155 0 12710
1 85 1 254 1 85
1 85 1 254 1 85
1 85 1 254 1 85
234 150 52 66 1 35100
234 150 52 66 1 35100
96 252 107 76 0 8132
58 90 116 235 0 27260
142 127 176 222 1 18034
16 185 183 196 1 2960
179 107 4 83 1 19153
179 107 4 83 1 19153
179 107 4 83 1 19153
179 107 4 83 1 19153
255 170 255 128 1 43350
6 252 165 242 1 1512
6 252 165 242 1 1512
6 252 165 242 1 1512
6 252 165 242 1 1512
4 107 167 200 0 33400
235 140 27 72 0 1944
238 146 202 184 0 37168
238 146 202 184 0 37168
238 146 202 184 0 37168
238 146 202 184 0 37168
240 219 251 148 0 37148
10 77 84 45 1 770
37 101 237 68 0 16116
236 17 207 212 0 43884
236 17 207 212 0 43884
236 17 207 212 0 43884
236 17 207 212 0 43884
255 85 128 128 0 16384
147 245 27 178 0 4806
158 11 142 189 1 1738
199 47 167 76 1 9353
199 47 167 76 1 9353
23 51 64 195 1 1173
248 27 78 97 1 6696
189 23 83 227 0 18841
170 1 2 254 0 508
163 63 123 253 1 10269
88 248 12 104 1 21824
217 84 177 197 1 18228
85 255 170 2 1 21675
162 107 236 70 1 17334
170 170 1 128 0 128
2 170 1 2 0 2
160 177 102 165 0 16830
8 16 126 20 1 128
255 1 255 255 1 255
255 1 255 255 1 255
236 204 173 54 1 48144
188 8 161 230 0 37030
188 8 161 230 0 37030
188 8 161 230 0 37030
188 8 161 230 0 37030
188 8 161 230 0 37030
107 22 141 27 0 3807
224 127 195 243 1 28448
224 127 195 243 1 28448
224 127 195 243 1 28448
132 191 210 0 0 0
85 2 0 0 1 170
128 85 128 85 0 10880
128 85 128 85 0 10880
128 85 128 85 0 10880
128 85 128 85 0 10880
251 10 49 83 0 4067
185 86 12 154 1 15910
112 167 255 224 0 57120
112 167 255 224 0 57120
112 167 255 224 0 57120
112 167 255 224 0 57120
130 188 3 15 1 24440
130 188 3 15 1 24440
130 188 3 15 1 24440
193 232 205 142 1 44776
123 167 144 166 1 20541
205 234 191 19 1 47970
120 152 198 247 1 18240
124 170 62 96 1 21080
173 160 187 80 0 14960
173 160 187 80 0 14960
173 160 187 80 0 14960
173 160 187 80 0 14960
173 160 187 80 0 14960
0 2 85 255 0 21675
150 61 227 176 0 39952
70 216 145 109 0 15805
207 35 223 31 0 6913
225 201 222 242 0 53724
255 128 1 1 0 1
90 145 81 231 1 13050
123 186 229 20 1 22878
123 186 229 20 1 22878
123 186 229 20 1 22878
123 186 229 20 1 22878
148 120 110 129 1 17760
1 254 2 85 0 170
55 242 120 174 0 20880
49 184 121 19 1 9016
170 128 255 254 0 64770
41 61 25 41 1 2501
41 61 25 41 1 2501
41 61 25 41 1 2501
41 61 25 41 1 2501
233 238 138 109 0 15042
163 152 225 6 0 1350
165 142 211 203 1 23430
165 142 211 203 1 23430
165 142 211 203 1 23430
165 142 211 203 1 23430
165 142 211 203 1 23430
106 45 201 55 0 11055
106 45 201 55 0 11055
106 45 201 55 0 11055
106 45 201 55 0 11055
210 91 228 179 1 19110
248 14 187 242 1 3472
233 189 118 45 0 5310
217 88 59 231 0 13629
107 21 159 250 0 39750
155 95 243 143 1 14725
155 95 243 143 1 14725
4 55 102 255 1 220
4 55 102 255 1 220
20 129 108 222 1 2580
93 238 90 153 1 22134
0 32 192 111 1 0
85 254 2 1 1 21590
42 57 53 211 0 11183
234 101 159 12 1 23634
144 244 157 66 0 10362
255 254 0 170 0 0
255 128 0 1 0 0
0 0 0 2 0 0
148 169 43 99 1 25012
233 199 234 66 0 15444
99 150 12 246 0 2952
99 150 12 246 0 2952
99 150 12 246 0 2952
99 150 12 246 0 2952
99 150 12 246 0 2952
128 1 85 254 0 21590
184 244 67 141 1 44896
0 1 2 128 1 0
55 156 247 140 0 34580
92 151 91 71 1 13892
144 16 14 25 1 2304
232 117 237 249 1 27144
233 98 155 76 1 22834
162 124 113 115 1 20088
178 31 207 184 1 5518
2 1 2 1 1 2
2 1 2 1 1 2
2 1 2 1 1 2
2 1 2 1 1 2
162 215 65 72 0 4680
247 0 47 37 1 0
2 1 255 254 0 64770
66 171 74 157 0 11618
214 69 247 48 0 11856
181 129 21 28 1 23349
1 170 128 1 1 170
199 224 156 203 1 44576
179 239 186 95 0 17670
170 1 85 170 0 14450
18 117 15 160 1 2106
1 85 254 2 0 508
1 85 254 2 0 508
1 85 254 2 0 508
1 85 254 2 0 508
237 213 202 106 1 50481
237 213 202 106 1 50481
237 213 202 106 1 50481
74 50 251 88 1 3700
254 254 254 254 1 64516
128 1 2 0 0 0
92 218 253 21 1 20056
152 132 135 247 0 33345
254 170 85 170 0 14450
254 170 85 170 0 14450
54 224 62 224 1 12096
79 26 253 176 1 2054
79 26 253 176 1 2054
206 73 189 44 0 8316
40 132 175 168 1 5280
85 128 0 1 0 0
170 170 2 170 0 340
170 170 2 170 0 340
170 170 2 170 0 340
242 231 163 129 1 55902
170 0 85 128 1 0
170 254 0 0 1 43180
170 254 0 0 1 43180
170 254 0 0 1 43180
170 254 0 0 1 43180
170 254 0 0 1 43180
241 254 228 141 0 32148
128 230 7 144 0 1008
128 0 2 255 0 510
107 101 127 226 0 28702
153 160 40 65 1 24480
58 73 1 10 1 4234
218 28 139 35 1 6104
131 91 238 26 0 6188
95 195 8 159 1 18525
17 207 106 186 0 19716
107 109 188 37 1 11663
120 177 235 212 0 49820
247 101 22 82 1 24947
40 160 209 51 1 6400
236 176 37 190 1 41536
46 173 236 213 1 7958
128 1 254 85 1 128
56 238 239 242 0 57838
56 238 239 242 0 57838
56 238 239 242 0 57838
56 238 239 242 0 57838
170 170 170 2 1 28900
110 130 235 114 0 26790
255 170 254 255 1 43350
255 170 254 255 1 43350
53 117 209 241 0 50369
186 94 218 112 1 17484
112 35 139 43 1 3920
2 128 0 2 0 0
157 71 190 176 0 33440
233 238 109 35 0 3815
100 159 155 26 0 4030
144 95 75 5 1 13680
72 103 17 221 1 7416
72 103 17 221 1 7416
72 103 17 221 1 7416
72 103 17 221 1 7416
72 103 17 221 1 7416
17 153 49 147 1 2601
105 250 121 174 0 21054
235 170 58 88 1 39950
178 230 116 17 1 40940
120 4 112 122 1 480
203 197 115 99 0 11385
103 5 229 62 1 515
103 5 229 62 1 515
103 5 229 62 1 515
103 5 229 62 1 515
208 156 58 129 1 32448
1 254 85 2 1 254
254 254 2 0 0 0
251 149 13 42 1 37399
251 149 13 42 1 37399
251 149 13 42 1 37399
251 149 13 42 1 37399
251 149 13 42 1 37399
255 255 85 2 1 65025
38 13 176 40 1 494
135 138 170 139 0 23630
185 233 135 163 1 43105
50 66 144 155 0 22320
170 255 128 0 0 0
170 255 128 0 0 0
170 255 128 0 0 0
170 255 128 0 0 0
170 255 128 0 0 0
254 128 0 255 0 0
85 0 170 0 0 0
85 0 170 0 0 0
85 0 170 0 0 0
128 1 85 128 0 10880
255 2 128 255 0 32640
78 254 33 253 0 8349
78 254 33 253 0 8349
78 254 33 253 0 8349
78 254 33 253 0 8349
0 85 85 255 1 0
246 114 213 206 1 28044
70 51 64 59 1 3570
14 144 8 217 0 1736
104 108 149 113 0 16837
254 14 242 100 0 24200
128 1 0 255 0 0
85 254 85 128 0 10880
1 254 2 170 0 340
38 253 255 73 1 9614
38 253 255 73 1 9614
38 253 255 73 1 9614
38 253 255 73 1 9614
38 253 255 73 1 9614
112 19 247 183 0 45201
112 19 247 183 0 45201
254 66 132 52 1 16764
57 200 221 244 0 53924
249 133 77 39 1 33117
85 219 224 3 0 672
44 110 6 57 1 4840
195 93 96 247 0 23712
215 248 202 116 1 53320
0 128 85 2 1 0
192 249 36 56 1 47808
219 117 115 208 0 23920
170 0 85 2 1 0
185 223 118 34 0 4012
1 85 254 0 0 0
1 85 254 0 0 0
246 13 39 206 1 3198
213 213 172 228 0 39216
213 213 172 228 0 39216
64 63 68 56 1 4032
148 189 227 23 1 27972
205 213 59 149 1 43665
205 213 59 149 1 43665
241 45 148 167 0 24716
170 2 254 1 1 340
173 139 253 107 0 27071
2 1 255 255 1 2
2 254 255 128 0 32640
2 0 128 0 1 0
2 0 128 0 1 0
2 0 128 0 1 0
2 0 128 0 1 0
2 128 2 128 0 256
254 85 255 2 0 510
85 85 1 1 0 1
30 205 121 235 1 6150
185 231 185 79 0 14615
9 52 217 98 0 21266
155 49 118 96 1 7595
249 150 35 156 1 37350
83 193 65 58 0 3770
158 208 1 59 0 59
163 179 28 210 1 29177
85 128 0 128 0 0
5 165 61 84 1 825
44 67 27 79 1 2948
122 159 180 134 1 19398
110 129 84 233 0 19572
107 175 23 167 0 3841
166 218 19 176 0 3344
61 166 18 18 0 324
148 61 33 194 0 6402
109 245 198 154 1 26705
143 59 228 118 1 8437
254 254 1 170 1 64516
63 143 212 108 1 9009
156 165 235 230 0 54050
187 191 11 120 0 1320
131 65 242 53 0 12826
13 144 191 97 0 18527
1 1 255 85 0 21675
87 241 11 144 0 1584
54 24 153 124 1 1296
17 236 135 253 1 4012
17 236 135 253 1 4012
17 236 135 253 1 4012
17 236 135 253 1 4012
17 236 135 253 1 4012
147 26 55 8 0 440
17 60 119 228 1 1020
255 65 74 241 1 16575
115 171 153 108 1 19665
115 171 153 108 1 19665
115 171 153 108 1 19665
115 171 153 108 1 19665
115 171 153 108 1 19665
192 4 230 80 1 768
154 110 55 167 1 16940
154 110 55 167 1 16940
154 110 55 167 1 16940
154 110 55 167 1 16940
240 36 251 218 0 54718
240 36 251 218 0 54718
81 122 153 59 0 9027
99 120 214 129 0 27606
119 104 41 70 1 12376
49 221 46 170 0 7820
170 1 170 0 1 170
147 223 49 221 1 32781
79 16 126 158 0 19908
205 99 235 237 0 55695
190 61 135 74 1 11590
85 0 254 128 1 0
90 238 45 152 1 21420
76 61 211 126 1 4636
1 85 254 1 0 254
1 85 254 1 0 254
1 85 254 1 0 254
1 85 254 1 0 254
128 1 128 170 0 21760
128 1 128 170 0 21760
248 238 149 244 1 59024
133 104 84 220 1 13832
73 154 132 159 1 11242
81 193 194 98 1 15633
174 79 9 96 1 13746
52 119 126 93 0 11718
26 44 41 61 1 1144
225 40 108 53 1 9000
225 40 108 53 1 9000
111 123 166 58 1 13653
2 2 85 255 0 21675
26 41 24 5 0 120
88 196 91 121 1 17248
88 196 91 121 1 17248
88 196 91 121 1 17248
88 196 91 121 1 17248
17 131 131 28 0 3668
181 198 249 204 0 50796
202 244 206 109 0 22454
170 255 170 128 0 21760
170 255 170 128 0 21760
170 255 170 128 0 21760
170 255 170 128 0 21760
175 113 203 204 0 41412
0 255 254 128 1 0
10 20 3 158 0 474
255 255 2 128 1 65025
85 128 0 1 1 10880
55 163 90 169 0 15210
254 85 255 0 1 21590
254 85 255 0 1 21590
254 85 255 0 1 21590
111 225 150 60 0 9000
49 220 241 88 0 21208
134 230 168 139 1 30820
134 18 123 63 0 7749
134 18 123 63 0 7749
134 18 123 63 0 7749
10 118 160 130 0 20800
251 50 205 15 1 12550
251 50 205 15 1 12550
251 50 205 15 1 12550
251 50 205 15 1 12550
229 244 52 187 1 55876
212 179 254 90 0 22860
119 69 249 167 1 8211
169 24 71 222 0 15762
169 24 71 222 0 15762
169 24 71 222 0 15762
169 24 71 222 0 15762
150 228 201 235 0 47235
237 151 62 128 0 7936
237 151 62 128 0 7936
120 142 195 81 1 17040
168 252 183 201 1 42336
146 47 162 200 1 6862
100 153 38 175 1 15300
100 153 38 175 1 15300
100 153 38 175 1 15300
12 20 177 64 1 240
12 20 177 64 1 240
12 20 177 64 1 240
128 2 254 1 0 254
205 52 204 89 1 10660
1 128 0 254 0 0
255 0 85 0 0 0
1 254 170 255 0 43350
50 209 75 202 0 15150
50 209 75 202 0 15150
183 241 87 35 1 44103
50 60 185 8 1 3000
125 99 189 171 0 32319
237 68 5 27 1 16116
38 226 85 59 1 8588
38 226 85 59 1 8588
38 226 85 59 1 8588
38 226 85 59 1 8588
178 195 31 47 0 1457
162 46 115 123 0 14145
162 173 93 60 0 5580
179 209 121 120 1 37411
243 215 10 139 1 52245
167 40 6 7 1 6680
18 171 5 93 0 465
18 171 5 93 0 465
18 171 5 93 0 465
124 178 181 186 0 33666
95 195 85 94 1 18525
73 21 37 146 0 5402
255 2 85 85 1 510
170 0 2 1 0 2
223 104 31 210 0 6510
196 253 163 22 0 3586
218 84 113 105 1 18312
1 74 72 237 0 17064
142 185 102 79 1 26270
255 254 1 254 1 64770
255 254 1 254 1 64770
190 122 112 153 0 17136
81 208 168 220 1 16848
81 208 168 220 1 16848
176 44 13 100 1 7744
88 78 79 15 1 6864
124 38 71 32 1 4712
71 167 84 109 1 11857
23 219 56 192 0 10752
121 187 61 33 1 22627
215 146 215 107 1 31390
2 0 1 255 0 255
178 226 141 46 0 6486
178 226 141 46 0 6486
178 226 141 46 0 6486
178 226 141 46 0 6486
2 85 2 128 0 256
198 99 205 217 0 44485
218 93 196 93 1 20274
254 1 1 2 1 254
254 1 1 2 1 254
254 1 1 2 1 254
13 148 57 207 0 11799
255 2 170 1 0 170
255 2 170 1 0 170
141 95 237 65 1 13395
254 255 254 2 0 508
170 0 255 85 0 21675
69 44 45 169 0 7605
212 218 130 121 1 46216
28 82 104 224 0 23296
207 151 105 113 0 11865
170 85 1 2 1 14450
170 85 1 2 1 14450
254 255 1 255 1 64770
98 202 155 155 0 24025
44 202 88 168 1 8888
0 85 170 1 1 0
124 32 127 249 1 3968
21 38 14 164 0 2296
170 85 0 128 1 14450
170 85 0 128 1 14450
170 85 0 128 1 14450
170 85 0 128 1 14450
137 204 21 202 1 27948
145 17 36 196 1 2465
145 17 36 196 1 2465
2 255 255 0 0 0
126 86 132 81 0 10692
198 10 215 108 1 1980
170 1 170 1 0 170
219 186 195 61 0 11895
213 205 165 80 0 13200
85 1 1 2 0 2
76 231 84 124 0 10416
0 128 0 255 0 0
183 63 253 25 0 6325
2 170 254 128 0 32512
160 145 100 107 1 23200
128 170 85 2 0 170
196 143 3 2 0 6
1 255 128 2 0 256
68 87 58 128 1 5916
44 196 110 177 0 19470
0 254 254 0 0 0
255 0 0 170 1 0
255 0 0 170 1 0
255 0 0 170 1 0
255 0 0 170 1 0
255 0 0 170 1 0
1 18 250 29 1 18
59 52 182 229 1 3068
128 255 255 85 0 21675
98 40 16 114 0 1824
75 216 114 187 1 16200
139 129 250 171 1 17931
108 69 177 237 0 41949
2 85 85 1 1 170
145 22 140 8 1 3190
128 2 1 0 0 0
128 2 1 0 0 0
128 2 1 0 0 0
40 85 197 243 1 3400
40 85 197 243 1 3400
85 255 128 254 1 21675
220 198 149 187 0 27863
1 1 0 255 0 0
0 255 254 254 0 64516
210 215 141 95 0 13395
128 1 0 254 1 128
128 85 0 254 0 0
60 15 13 1 0 13
128 254 0 85 1 32512
128 254 0 85 1 32512
128 254 0 85 1 32512
128 254 0 85 1 32512
128 254 0 85 1 32512
116 160 232 162 0 37584
128 2 128 254 1 256
170 254 1 128 0 128
2 0 1 1 0 1
2 0 1 1 0 1
0 1 1 2 1 0
217 184 24 204 0 4896
217 184 24 204 0 4896
217 184 24 204 0 4896
217 184 24 204 0 4896
217 184 24 204 0 4896
0 128 0 2 1 0
0 128 0 2 1 0
0 128 0 2 1 0
0 128 0 2 1 0
0 128 0 2 1 0
172 238 31 162 0 5022
172 238 31 162 0 5022
107 37 42 237 0 9954
107 37 42 237 0 9954
107 37 42 237 0 9954
76 71 166 173 0 28718
2 170 2 255 0 510
85 1 128 170 0 21760
0 254 255 2 0 510
0 254 255 2 0 510
0 254 255 2 0 510
0 254 255 2 0 510
0 254 255 2 0 510
251 188 129 54 1 47188
21 27 41 43 0 1763
255 254 2 1 0 2
194 216 250 149 1 41904
254 85 170 0 1 21590
0 255 170 85 0 14450
193 198 192 197 0 37824
79 198 4 24 1 15642
227 47 209 166 1 10669
128 1 255 255 0 65025
57 174 19 22 1 9918
57 174 19 22 1 9918
57 174 19 22 1 9918
57 174 19 22 1 9918
187 141 241 153 1 26367
187 141 241 153 1 26367
187 141 241 153 1 26367
187 141 241 153 1 26367
135 0 31 155 0 4805
136 156 173 249 1 21216
255 254 128 254 1 64770
1 0 170 2 0 340
254 254 254 255 1 64516
120 198 32 91 1 23760
74 216 149 99 1 15984
200 15 83 162 1 3000
0 85 1 85 0 85
0 85 1 85 0 85
0 85 1 85 0 85
0 85 1 85 0 85
87 218 208 228 0 47424
74 72 249 251 1 5328
180 225 117 103 0 12051
0 1 170 254 0 43180
184 85 60 5 0 300
213 81 177 12 0 2124
85 1 255 255 0 65025
248 200 160 83 1 49600
217 6 171 232 0 39672
6 93 35 163 1 558
255 170 0 1 0 0
255 2 254 1 0 254
53 250 150 240 0 36000
179 140 240 141 0 33840
187 96 64 218 0 13952
1 0 170 128 0 21760
255 0 85 0 1 0
253 215 40 223 0 8920
197 198 59 115 0 6785
26 205 144 245 0 35280
2 128 254 0 1 256
82 51 122 202 1 4182
82 51 122 202 1 4182
82 51 122 202 1 4182
21 50 44 35 0 1540
21 50 44 35 0 1540
21 50 44 35 0 1540
21 50 44 35 0 1540
128 85 55 138 1 10880
68 180 177 75 1 12240
2 2 170 254 0 43180
222 157 17 21 1 34854
243 20 190 182 0 34580
243 20 190 182 0 34580
170 85 1 255 1 14450
1 254 2 170 0 340
1 254 2 170 0 340
1 254 2 170 0 340
1 254 2 170 0 340
1 254 2 170 0 340
106 13 176 22 1 1378
31 39 189 218 1 1209
130 13 238 93 0 22134
243 182 216 62 1 44226
243 182 216 62 1 44226
243 182 216 62 1 44226
168 248 49 154 0 7546
168 248 49 154 0 7546
168 248 49 154 0 7546
168 248 49 154 0 7546
168 248 49 154 0 7546
2 103 179 27 0 4833
214 96 35 222 0 7770
255 170 255 128 1 43350
85 0 170 85 0 14450
134 14 64 87 0 5568
112 115 182 193 1 12880
112 115 182 193 1 12880
112 115 182 193 1 12880
112 115 182 193 1 12880
101 182 139 181 0 25159
38 68 2 246 0 492
209 80 8 104 0 832
209 80 8 104 0 832
209 80 8 104 0 832
107 180 194 25 0 4850
133 32 13 198 0 2574
254 170 2 255 0 510
143 55 141 90 1 7865
147 109 17 78 1 16023
117 185 70 111 0 7770
175 150 241 23 1 26250
44 153 14 161 1 6732
146 233 66 238 1 34018
146 233 66 238 1 34018
1 254 85 128 0 10880
1 254 85 128 0 10880
1 254 85 128 0 10880
252 155 166 102 1 39060
252 155 166 102 1 39060
155 83 19 214 0 4066
163 40 60 5 0 300
163 40 60 5 0 300
163 40 60 5 0 300
2 128 85 2 0 170
184 73 56 187 1 13432
99 57 66 99 1 5643
99 57 66 99 1 5643
99 57 66 99 1 5643
99 57 66 99 1 5643
99 57 66 99 1 5643
2 254 2 170 1 508
2 254 2 170 1 508
2 254 2 170 1 508
2 254 2 170 1 508
237 99 190 72 0 13680
83 233 205 253 0 51865
200 62 188 168 1 12400
95 215 206 167 1 20425
95 215 206 167 1 20425
95 215 206 167 1 20425
95 215 206 167 1 20425
174 104 151 95 1 18096
174 141 84 67 1 24534
0 170 1 255 0 255
0 170 1 255 0 255
0 170 1 255 0 255
48 128 121 139 1 6144
1 2 254 254 0 64516
254 128 85 128 0 10880
36 127 187 151 1 4572
36 127 187 151 1 4572
36 127 187 151 1 4572
154 19 220 69 0 15180
2 254 2 85 1 508
144 234 236 241 0 56876
144 234 236 241 0 56876
144 234 236 241 0 56876
144 234 236 241 0 56876
222 183 56 219 0 12264
200 35 71 81 0 5751
227 183 89 5 0 445
209 181 11 213 1 37829
209 181 11 213 1 37829
209 181 11 213 1 37829
209 181 11 213 1 37829
185 245 226 51 1 45325
169 240 207 126 1 40560
47 99 47 34 0 1598
47 99 47 34 0 1598
47 99 47 34 0 1598
47 99 47 34 0 1598
1 2 85 128 0 10880
180 15 155 0 1 2700
115 101 28 32 0 896
115 101 28 32 0 896
206 60 171 226 1 12360
38 168 135 54 0 7290
38 168 135 54 0 7290
38 168 135 54 0 7290
170 236 146 187 0 27302
251 236 162 22 0 3564
0 128 2 85 0 170
255 1 255 128 0 32640
29 29 159 53 1 841
29 29 159 53 1 841
29 29 159 53 1 841
29 29 159 53 1 841
29 29 159 53 1 841
34 192 235 197 0 46295
34 192 235 197 0 46295
34 192 235 197 0 46295
29 123 126 63 1 3567
29 123 126 63 1 3567
29 123 126 63 1 3567
231 94 55 111 0 6105
254 0 254 254 0 64516
254 254 1 128 0 128
74 114 108 171 1 8436
254 1 255 1 0 255
128 0 170 2 0 340
137 21 151 221 1 2877
139 100 222 110 0 24420
6 231 119 178 1 1386
1 2 254 128 0 32512
91 143 50 88 0 4400
197 181 251 50 1 35657
128 85 1 0 0 0
1 0 2 128 0 256
61 183 51 177 0 9027
135 191 144 85 1 25785
166 33 189 190 1 5478
170 254 2 1 0 2
105 15 19 20 1 1575
254 10 38 22 1 2540
31 50 253 156 1 1550
38 250 251 96 1 9500
38 250 251 96 1 9500
38 250 251 96 1 9500
38 250 251 96 1 9500
128 254 1 2 0 2
128 254 1 2 0 2
128 254 1 2 0 2
128 254 1 2 0 2
128 254 1 2 0 2
233 121 184 109 0 20056
60 253 4 74 1 15180
170 85 2 85 0 170
170 1 1 1 0 1
170 1 1 1 0 1
170 1 1 1 0 1
128 128 254 85 0 21590
212 41 3 200 1 8692
206 159 17 196 0 3332
96 44 49 134 1 4224
219 127 10 110 1 27813
254 0 0 0 0 0
126 225 56 229 0 12824
126 225 56 229 0 12824
126 225 56 229 0 12824
36 227 134 197 0 26398
128 254 128 254 0 32512
255 2 128 1 1 510
243 121 108 180 0 19440
137 154 242 201 0 48642
85 77 207 48 0 9936
85 77 207 48 0 9936
85 77 207 48 0 9936
170 85 0 1 0 0
236 215 105 45 1 50740
128 1 254 85 0 21590
194 211 103 224 1 40934
51 229 184 14 1 11679
40 114 222 208 0 46176
2 254 0 255 0 0
0 255 85 128 1 0
128 170 85 254 0 21590
2 128 2 1 0 2
215 175 240 133 0 31920
215 175 240 133 0 31920
47 71 38 47 0 1786
146 159 251 109 0 27359
146 159 251 109 0 27359
223 173 192 9 1 38579
84 216 170 122 0 20740
84 216 170 122 0 20740
84 216 170 122 0 20740
84 216 170 122 0 20740
84 69 193 210 0 40530
130 39 69 164 0 11316
130 39 69 164 0 11316
130 39 69 164 0 11316
97 138 255 13 0 3315
150 127 223 131 1 19050
168 139 207 25 1 23352
168 139 207 25 1 23352
250 149 175 181 0 31675
250 149 175 181 0 31675
250 149 175 181 0 31675
231 223 48 175 0 8400
124 12 121 220 1 1488
124 12 121 220 1 1488
6 127 205 155 1 762
212 198 243 118 1 41976
189 54 30 1 1 10206
58 76 130 86 0 11180
254 2 0 255 1 508
85 128 255 128 1 10880
1 254 128 128 0 16384
245 200 139 52 0 7228
0 254 0 2 0 0
2 255 85 254 1 510
1 170 128 85 0 10880
170 170 254 170 0 43180
1 128 0 2 0 0
3 65 168 91 0 15288
104 90 97 7 0 679
255 26 27 96 1 6630
138 5 108 193 1 690
229 51 133 198 0 26334
85 0 1 128 1 0
44 101 77 138 1 4444
60 221 111 254 1 13260
140 25 191 39 1 3500
128 170 1 170 0 170
128 170 1 170 0 170
128 170 1 170 0 170
177 133 39 181 1 23541
177 133 39 181 1 23541
177 133 39 181 1 23541
238 185 49 82 1 44030
2 255 170 170 0 28900
3 202 39 61 1 606
110 129 45 147 1 14190
170 2 2 128 1 340
2 170 128 170 1 340
36 27 139 3 1 972
1 85 0 0 0 0
1 85 0 0 0 0
1 85 0 0 0 0
19 189 180 88 1 3591
19 189 180 88 1 3591
19 189 180 88 1 3591
173 42 131 237 1 7266
143 250 49 203 0 9947
255 2 170 85 1 510
170 154 174 116 1 26180
170 154 174 116 1 26180
170 154 174 116 1 26180
123 52 188 208 0 39104
247 225 7 203 1 55575
117 152 157 46 0 7222
208 109 241 107 1 22672
85 254 2 170 0 340
85 254 2 170 0 340
85 254 2 170 0 340
85 254 2 170 0 340
122 161 136 20 0 2720
85 1 1 170 0 170
112 74 211 39 0 8229
65 244 77 55 0 4235
232 219 178 164 0 29192
2 2 85 1 0 85
231 1 72 69 1 231
224 84 12 195 0 2340
85 255 255 2 0 510
221 5 156 59 1 1105
221 5 156 59 1 1105
15 169 161 201 0 32361
99 60 252 217 1 5940
176 71 114 177 1 12496
253 193 157 129 1 48829
253 193 157 129 1 48829
170 0 1 255 1 0
133 44 162 204 0 33048
225 115 247 228 0 56316
170 128 1 0 1 21760
186 29 79 228 1 5394
16 90 198 29 1 1440
170 255 170 128 0 21760
170 255 170 128 0 21760
170 255 170 128 0 21760
170 255 170 128 0 21760
170 255 170 128 0 21760
0 255 255 170 0 43350
226 254 226 157 0 35482
254 2 1 1 1 508
1 0 170 254 0 43180
0 42 139 208 1 0
128 254 128 128 0 16384
223 113 62 122 0 7564
46 152 163 162 1 6992
222 55 62 240 1 12210
136 14 52 50 0 2600
44 72 114 115 0 13110
234 172 252 211 1 40248
2 1 128 254 0 32512
98 53 176 191 0 33616
255 0 255 254 0 64770
170 1 85 1 0 85
0 99 130 38 1 0
50 253 225 123 1 12650
253 48 111 130 1 12144
253 48 111 130 1 12144
166 226 133 158 1 37516
166 226 133 158 1 37516
84 127 65 248 0 16120
228 241 6 236 0 1416
32 52 137 245 1 1664
254 170 254 254 0 64516
254 170 254 254 0 64516
147 34 244 177 1 4998
84 121 110 146 1 10164
2 1 254 255 0 64770
170 1 0 1 0 0
170 1 0 1 0 0
170 1 0 1 0 0
128 128 170 255 0 43350
179 58 206 202 0 41612
120 127 185 115 1 15240
120 127 185 115 1 15240
120 127 185 115 1 15240
120 127 185 115 1 15240
120 127 185 115 1 15240
220 146 74 238 0 17612
254 255 254 1 0 254
254 255 254 1 0 254
254 255 254 1 0 254
204 146 131 81 1 29784
204 146 131 81 1 29784
204 146 131 81 1 29784
204 146 131 81 1 29784
12 222 116 119 0 13804
12 222 116 119 0 13804
128 128 1 2 1 16384
18 253 135 97 0 13095
0 255 254 2 1 0
32 147 4 167 1 4704
128 128 170 255 0 43350
249 159 21 60 0 1260
249 159 21 60 0 1260
249 159 21 60 0 1260
114 194 125 61 0 7625
251 138 141 20 0 2820
254 254 2 0 0 0
221 198 46 43 0 1978
221 198 46 43 0 1978
221 198 46 43 0 1978
221 198 46 43 0 1978
221 198 46 43 0 1978
170 85 128 1 0 128
170 85 128 1 0 128
170 85 128 1 0 128
170 85 128 1 0 128
1 0 0 0 0 0
1 0 0 0 0 0
2 2 254 85 0 21590
26 61 158 36 0 5688
174 119 197 23 1 20706
56 43 234 237 0 55458
1 170 170 254 1 170
1 85 255 170 0 43350
159 154 43 218 0 9374
243 44 73 125 0 9125
243 44 73 125 0 9125
243 44 73 125 0 9125
243 44 73 125 0 9125
243 44 73 125 0 9125
1 1 0 255 1 1
166 221 203 239 0 48517
166 221 203 239 0 48517
166 221 203 239 0 48517
166 221 203 239 0 48517
2 2 2 85 0 170
2 2 2 85 0 170
15 133 98 57 0 5586
239 223 87 97 1 53297
63 251 124 142 1 15813
0 2 170 1 1 0
74 105 196 99 1 7770
74 105 196 99 1 7770
74 105 196 99 1 7770
74 105 196 99 1 7770
74 105 196 99 1 7770
85 126 70 116 1 10710
186 93 121 0 1 17298
186 93 121 0 1 17298
30 60 201 247 1 1800
170 254 170 85 1 43180
170 254 170 85 1 43180
170 254 170 85 1 43180
0 1 0 2 0 0
1 128 254 0 1 128
209 16 67 234 0 15678
122 78 63 25 1 9516
239 48 41 34 0 1394
144 147 69 165 0 11385
254 254 85 170 1 64516
195 222 180 108 0 19440
195 222 180 108 0 19440
32 246 103 112 0 11536
83 195 130 153 1 16185
2 255 170 254 1 510
170 0 255 255 0 65025
128 191 176 31 0 5456
0 85 85 85 1 0
151 105 193 41 0 7913
146 189 247 229 1 27594
43 110 182 208 0 37856
113 244 227 44 0 9988
123 79 53 14 1 9717
203 167 103 96 1 33901
203 167 103 96 1 33901
203 167 103 96 1 33901
77 198 92 58 1 15246
77 198 92 58 1 15246
77 198 92 58 1 15246
77 198 92 58 1 15246
219 156 175 161 1 34164
44 206 185 54 0 9990
44 206 185 54 0 9990
44 206 185 54 0 9990
44 206 185 54 0 9990
44 206 185 54 0 9990
2 0 255 2 0 510
66 40 115 76 1 2640
81 202 87 254 1 16362
68 33 22 249 0 5478
148 16 221 45 0 9945
191 60 227 40 1 11460
191 60 227 40 1 11460
191 60 227 40 1 11460
128 1 128 254 1 128
159 6 184 112 1 954
2 1 1 255 1 2
169 63 62 84 0 5208
255 1 1 255 0 255
255 1 1 255 0 255
92 97 91 249 0 22659
141 28 229 42 0 9618
182 103 213 247 1 18746
85 170 128 170 0 21760
115 117 57 14 1 13455
1 103 138 238 0 32844
0 170 128 254 0 32512
0 170 128 254 0 32512
159 88 100 42 0 4200
140 48 78 155 1 6720
199 29 184 46 1 5771
85 254 254 170 0 43180
122 75 117 165 0 19305
37 156 178 134 0 23852
99 18 93 246 0 22878
128 0 85 85 1 0
148 19 20 8 0 160
0 128 1 0 1 0
44 39 140 29 0 4060
192 203 193 94 0 18142
0 2 2 128 0 256
170 255 255 128 0 32640
254 128 0 255 0 0
254 128 0 255 0 0
254 128 0 255 0 0
254 128 0 255 0 0
254 128 0 255 0 0
179 201 211 113 1 35979
18 26 42 3 0 126
153 75 73 196 1 11475
153 48 109 123 1 7344
3 150 174 66 0 11484
243 75 35 72 1 18225
69 66 207 207 0 42849
69 66 207 207 0 42849
69 66 207 207 0 42849
69 66 207 207 0 42849
125 98 115 166 0 19090
0 170 254 1 0 254
0 254 254 0 1 0
150 158 2 206 0 412
200 34 183 185 0 33855
85 85 1 85 0 85
251 30 42 155 0 6510
251 30 42 155 0 6510
153 114 152 153 1 17442
128 170 170 255 0 43350
89 235 245 60 1 20915
89 235 245 60 1 20915
89 235 245 60 1 20915
1 1 255 1 0 255
255 255 2 255 0 510
42 5 73 148 0 10804
170 85 0 128 0 0
15 108 146 10 1 1620
0 1 170 170 0 28900
85 198 144 10 1 16830
85 198 144 10 1 16830
44 178 119 48 1 7832
21 252 251 63 1 5292
231 222 116 158 0 18328
231 222 116 158 0 18328
38 80 229 42 1 3040
107 159 16 245 0 3920
175 27 238 75 0 17850
175 27 238 75 0 17850
175 27 238 75 0 17850
175 27 238 75 0 17850
175 27 238 75 0 17850
120 158 21 218 1 18960
120 158 21 218 1 18960
120 158 21 218 1 18960
120 158 21 218 1 18960
120 158 21 218 1 18960
160 78 182 228 1 12480
202 119 102 196 1 24038
202 119 102 196 1 24038
0 255 254 2 0 508
62 237 107 11 0 1177
2 1 128 85 0 10880
128 5 40 67 0 2680
157 221 26 231 1 34697
56 116 90 58 1 6496
56 116 90 58 1 6496
245 52 224 72 1 12740
1 255 1 128 1 255
170 2 1 170 1 340
47 203 31 178 0 5518
53 148 24 175 1 7844
73 198 101 205 1 14454
73 198 101 205 1 14454
57 220 150 218 0 32700
174 151 220 58 1 26274
254 254 2 254 0 508
99 87 113 243 1 8613
162 103 233 86 0 20038
70 62 73 144 1 4340
164 102 92 115 0 10580
164 102 92 115 0 10580
0 2 170 254 1 0
115 152 9 208 0 1872
246 196 32 75 0 2400
2 170 254 2 0 508
23 129 50 226 0 11300
2 170 1 170 0 170
238 11 190 55 0 10450
1 2 170 170 0 28900
254 1 0 170 0 0
0 128 1 1 0 1
254 1 1 255 1 254
31 62 195 163 1 1922
60 93 143 197 1 5580
176 221 192 163 0 31296
16 12 114 142 0 16188
255 170 255 1 0 255
20 53 120 96 0 11520
167 217 98 152 0 14896
227 144 38 227 0 8626
112 225 80 67 0 5360
2 0 85 85 0 7225
0 1 0 85 0 0
203 174 40 4 0 160
117 12 13 101 1 1404
117 12 13 101 1 1404
117 12 13 101 1 1404
117 12 13 101 1 1404
117 12 13 101 1 1404
106 227 88 24 0 2112
202 30 163 29 0 4727
252 252 234 203 0 47502
106 85 19 113 1 9010
255 0 2 128 0 256
62 246 178 34 0 6052
18 129 120 119 1 2322
115 16 50 116 0 5800
125 33 13 120 0 1560
99 75 187 176 0 32912
3 150 0 252 0 0
3 150 0 252 0 0
3 150 0 252 0 0
3 150 0 252 0 0
98 107 222 112 1 10486
170 85 170 170 0 28900
223 104 167 154 0 25718
223 104 167 154 0 25718
155 159 100 202 0 20200
247 67 158 17 1 16549
186 36 238 89 0 21182
53 12 226 180 1 636
166 150 104 188 1 24900
23 17 70 153 0 10710
105 62 230 234 1 6510
105 62 230 234 1 6510
105 62 230 234 1 6510
105 62 230 234 1 6510
105 62 230 234 1 6510
43 154 132 36 0 4752
244 168 84 115 0 9660
254 85 85 170 0 14450
85 255 85 255 0 21675
152 220 68 116 0 7888
254 128 254 128 0 32512
254 128 254 128 0 32512
254 128 254 128 0 32512
254 128 254 128 0 32512
254 128 254 128 0 32512
179 33 14 176 1 5907
81 121 23 91 1 9801
81 121 23 91 1 9801
116 179 94 191 1 20764
85 85 1 85 0 85
85 85 1 85 0 85
85 85 1 85 0 85
85 85 1 85 0 85
85 85 1 85 0 85
33 132 137 134 0 18358
33 132 137 134 0 18358
33 132 137 134 0 18358
33 132 137 134 0 18358
33 132 137 134 0 18358
106 222 210 2 0 420
254 170 254 1 0 254
161 188 0 44 1 30268
128 2 255 2 1 256
85 85 254 170 0 43180
253 208 150 159 0 23850
177 75 132 205 0 27060
85 211 159 107 0 17013
216 216 47 91 1 46656
36 39 181 12 0 2172
152 182 23 96 1 27664
101 90 17 37 0 629
96 90 72 108 1 8640
82 94 10 82 1 7708
51 163 16 68 0 1088
51 163 16 68 0 1088
51 163 16 68 0 1088
51 163 16 68 0 1088
51 163 16 68 0 1088
100 120 59 205 0 12095
100 120 59 205 0 12095
205 215 241 89 0 21449
235 99 128 193 1 23265
106 138 221 22 1 14628
71 116 52 113 0 5876
207 249 86 151 1 51543
79 234 160 215 0 34400
30 188 231 195 1 5640
193 105 155 13 0 2015
255 0 128 0 0 0
89 190 7 48 1 16910
62 98 159 28 0 4452
2 254 255 1 0 255
1 1 128 254 0 32512
170 254 1 254 0 254
87 26 37 123 1 2262
87 26 37 123 1 2262
87 26 37 123 1 2262
87 26 37 123 1 2262
241 207 126 211 0 26586
171 22 121 19 1 3762
171 22 121 19 1 3762
171 22 121 19 1 3762
171 22 121 19 1 3762
171 22 121 19 1 3762
53 29 171 53 0 9063
188 3 174 212 0 36888
136 178 176 68 1 24208
149 193 243 148 1 28757
151 112 40 182 0 7280
151 112 40 182 0 7280
151 112 40 182 0 7280
151 112 40 182 0 7280
151 112 40 182 0 7280
82 44 181 245 1 3608
131 31 69 176 1 4061
159 58 132 61 0 8052
150 41 225 47 1 6150
133 201 34 213 0 7242
121 19 79 8 1 2299
145 234 159 165 1 33930
85 128 85 128 0 10880
85 128 85 128 0 10880
85 85 0 170 0 0
128 254 255 2 0 510
85 85 0 255 0 0
255 2 128 128 0 16384
255 2 128 128 0 16384
254 0 2 2 1 0
254 0 2 2 1 0
182 103 100 207 1 18746
1 1 2 0 0 0
254 128 2 255 0 510
169 145 138 50 0 6900
169 145 138 50 0 6900
169 145 138 50 0 6900
169 145 138 50 0 6900
227 65 58 91 1 14755
184 109 49 48 1 20056
235 9 48 104 1 2115
41 19 171 3 1 779
120 165 82 83 1 19800
85 0 85 85 1 0
143 220 92 1 1 31460
128 0 254 128 0 32512
77 56 23 156 1 4312
21 243 157 16 1 5103
0 254 255 2 0 510
2 254 254 1 0 254
254 128 0 254 0 0
155 226 226 26 0 5876
255 170 85 85 0 7225
255 170 85 85 0 7225
255 170 85 85 0 7225
128 2 1 255 1 256
173 210 38 213 1 36330
173 210 38 213 1 36330
170 139 0 164 0 0
241 159 53 229 1 38319
151 143 239 230 1 21593
116 105 192 252 0 48384
227 160 146 119 0 17374
227 160 146 119 0 17374
2 170 0 0 0 0
218 96 104 28 0 2912
228 32 120 49 0 5880
1 0 0 0 1 0
49 59 37 60 1 2891
55 58 117 100 0 11700
136 208 46 140 0 6440
28 84 116 210 0 24360
107 247 208 55 0 11440
2 255 0 1 1 510
254 0 85 128 1 0
254 0 85 128 1 0
254 0 85 128 1 0
254 0 85 128 1 0
213 207 131 130 1 44091
2 254 170 2 0 340
255 128 170 85 0 14450
248 183 144 34 0 4896
22 235 87 96 0 8352
22 235 87 96 0 8352
22 235 87 96 0 8352
22 235 87 96 0 8352
92 27 248 235 1 2484
173 200 247 90 1 34600
121 156 34 145 0 4930
121 156 34 145 0 4930
121 156 34 145 0 4930
121 156 34 145 0 4930
121 156 34 145 0 4930
11 193 45 223 1 2123
27 104 193 192 1 2808
54 90 138 37 0 5106
1 85 2 254 1 85
115 230 104 12 1 26450
2 255 170 254 0 43180
170 2 254 85 0 21590
219 50 147 189 1 10950
42 115 62 196 1 4830
242 113 92 30 1 27346
33 137 117 176 1 4521
247 67 103 176 1 16549
26 179 163 196 0 31948
109 168 102 250 0 25500
87 137 229 217 1 11919
128 2 128 1 1 256
72 40 26 122 0 3172
24 175 217 3 0 651
24 175 217 3 0 651
43 206 195 136 0 26520
2 0 128 254 0 32512
2 0 128 254 0 32512
170 128 0 0 0 0
14 218 60 42 1 3052
254 255 0 254 0 0
254 255 0 254 0 0
254 255 0 254 0 0
254 255 0 254 0 0
254 255 0 254 0 0
79 49 6 210 0 1260
85 85 2 170 0 340
23 225 243 1 1 5175
30 135 170 189 1 4050
128 1 128 128 0 16384
254 85 85 2 1 21590
2 2 170 128 1 4
2 2 170 128 1 4
182 221 241 28 0 6748
182 221 241 28 0 6748
118 250 59 191 0 11269
139 66 49 97 1 9174
176 18 255 94 1 3168
253 199 168 111 1 50347
238 77 113 58 1 18326
238 77 113 58 1 18326
238 77 113 58 1 18326
238 77 113 58 1 18326
128 2 170 2 0 340
43 215 76 59 1 9245
43 215 76 59 1 9245
43 215 76 59 1 9245
2 128 1 254 0 254
170 128 1 255 0 255
227 147 135 201 0 27135
115 111 180 52 1 12765
0 2 128 85 0 10880
120 98 167 147 1 11760
2 85 170 170 0 28900
35 179 62 88 1 6265
35 179 62 88 1 6265
35 179 62 88 1 6265
35 179 62 88 1 6265
133 44 63 20 1 5852
254 128 170 2 0 340
2 254 2 170 1 508
1 128 1 2 0 2
225 235 192 178 0 34176
237 151 233 69 0 16077
237 151 233 69 0 16077
237 151 233 69 0 16077
237 151 233 69 0 16077
73 105 242 180 1 7665
109 66 232 36 0 8352
147 122 216 108 0 23328
126 188 182 214 0 38948
44 190 210 29 1 8360
44 190 210 29 1 8360
44 190 210 29 1 8360
171 48 219 142 1 8208
181 91 56 67 1 16471
77 179 39 88 1 13783
85 0 85 0 0 0
15 220 119 10 0 1190
110 7 173 162 1 770
170 1 85 0 0 0
85 85 128 0 0 0
2 254 255 2 0 510
159 205 108 176 0 19008
70 204 81 27 1 14280
188 212 188 239 0 44932
143 157 28 162 0 4536
143 157 28 162 0 4536
143 157 28 162 0 4536
143 157 28 162 0 4536
213 144 127 80 0 10160
126 87 146 246 0 35916
211 53 225 83 1 11183
225 105 160 4 1 23625
170 80 163 111 1 13600
151 70 14 218 0 3052
217 152 43 23 0 989
170 254 0 1 0 0
218 134 206 28 0 5768
85 254 255 254 0 64770
248 22 88 235 0 20680
248 22 88 235 0 20680
248 22 88 235 0 20680
248 22 88 235 0 20680
254 2 170 128 0 21760
60 162 195 79 1 9720
169 21 175 157 0 27475
37 244 64 80 1 9028
42 227 142 27 0 3834
176 101 75 168 0 12600
162 219 172 5 0 860
251 9 127 124 1 2259
243 204 58 58 0 3364
0 170 255 254 0 64770
48 92 129 93 0 11997
52 116 181 17 0 3077
158 103 155 213 0 33015
231 16 216 48 0 10368
123 207 137 98 0 13426
95 48 237 248 1 4560
183 34 93 62 1 6222
118 48 0 188 1 5664
181 242 41 224 1 43802
225 140 51 213 0 10863
254 254 2 85 1 64516
254 254 2 85 1 64516
254 254 2 85 1 64516
254 254 2 85 1 64516
254 254 2 85 1 64516
170 254 0 128 0 0
119 187 229 62 0 14198
88 151 117 156 0 18252
15 156 246 60 1 2340
152 255 231 9 0 2079
143 130 173 159 1 18590
221 253 148 142 1 55913
116 106 198 74 0 14652
17 191 128 189 0 24192
108 36 39 98 0 3822
21 20 213 108 1 420
11 49 137 250 1 539
128 128 254 170 0 43180
0 85 1 254 0 254
56 209 38 68 0 2584
137 93 223 183 0 40809
254 170 0 255 1 43180
214 11 35 205 0 7175
214 11 35 205 0 7175
45 132 116 221 0 25636
130 180 4 62 1 23400
170 2 128 85 1 340
60 129 96 189 1 7740
170 150 202 217 0 43834
170 1 254 128 0 32512
245 180 7 172 0 1204
58 239 72 35 1 13862
58 239 72 35 1 13862
58 239 72 35 1 13862
58 239 72 35 1 13862
58 239 72 35 1 13862
78 151 29 124 0 3596
85 128 254 0 1 10880
255 0 2 170 0 340
128 2 1 255 0 255
207 225 24 144 1 46575
9 27 90 96 0 8640
9 27 90 96 0 8640
255 2 170 85 0 14450
254 1 255 255 0 65025
169 119 240 13 0 3120
231 199 29 5 1 45969
231 199 29 5 1 45969
231 199 29 5 1 45969
231 199 29 5 1 45969
0 0 254 0 0 0
170 85 1 1 0 1
1 254 170 255 0 43350
104 81 214 11 1 8424
16 91 78 22 1 1456
226 32 109 144 1 7232
170 85 254 2 0 508
106 252 226 84 1 26712
255 0 0 0 0 0
116 227 56 233 0 13048
252 190 99 15 0 1485
227 130 144 142 1 29510
85 128 254 255 0 64770
173 110 173 133 1 19030
246 215 109 28 0 3052
227 253 241 217 1 57431
227 253 241 217 1 57431
227 253 241 217 1 57431
227 253 241 217 1 57431
0 128 170 0 1 0
0 128 170 0 1 0
0 128 170 0 1 0
0 128 170 0 1 0
0 128 170 0 1 0
128 85 254 0 1 10880
208 126 219 170 0 37230
240 34 96 116 0 11136
1 2 1 2 0 2
147 116 181 165 1 17052
119 150 66 48 0 3168
2 85 170 128 0 21760
170 170 85 170 1 28900
243 146 164 233 0 38212
110 156 116 111 1 17160
194 163 110 6 1 31622
122 80 78 32 1 9760
122 80 78 32 1 9760
122 80 78 32 1 9760
122 80 78 32 1 9760
122 80 78 32 1 9760
94 247 181 205 1 23218
222 193 137 78 0 10686
222 193 137 78 0 10686
32 147 93 178 1 4704
30 237 219 77 0 16863
254 254 1 85 1 64516
231 38 11 182 1 8778
240 154 127 106 0 13462
7 210 151 68 0 10268
254 0 2 170 1 0
53 5 11 152 0 1672
53 5 11 152 0 1672
53 5 11 152 0 1672
185 202 115 90 0 10350
212 236 150 254 1 50032
85 170 1 2 0 2
170 128 85 1 0 85
85 255 170 128 0 21760
85 255 170 128 0 21760
85 255 170 128 0 21760
247 8 201 34 1 1976
1 35 164 87 0 14268
51 22 44 65 1 1122
254 128 0 2 1 32512
1 85 2 2 0 4
255 0 128 85 1 0
83 158 220 13 1 13114
54 171 248 122 1 9234
220 77 208 60 0 12480
220 77 208 60 0 12480
220 77 208 60 0 12480
170 85 85 2 0 170
128 170 85 170 0 14450
136 109 235 117 0 27495
1 0 85 85 0 7225
47 230 238 79 1 10810
212 37 40 153 1 7844
0 1 170 85 0 14450
98 94 150 107 0 16050
1 2 254 170 0 43180
1 2 254 170 0 43180
1 2 254 170 0 43180
1 0 255 2 1 0
78 116 105 85 0 8925
64 54 119 141 1 3456
95 187 75 34 1 17765
85 85 254 254 0 64516
34 137 252 96 1 4658
29 168 242 242 1 4872
29 168 242 242 1 4872
29 168 242 242 1 4872
226 94 77 51 0 3927
207 124 122 5 0 610
207 124 122 5 0 610
207 124 122 5 0 610
207 124 122 5 0 610
207 124 122 5 0 610
1 0 0 85 1 0
198 124 123 248 0 30504
2 128 255 128 0 32640
69 227 1 129 1 15663
1 85 0 1 1 85
1 85 0 1 1 85
145 234 234 156 0 36504
2 0 0 254 0 0
78 50 208 24 1 3900
12 45 203 104 0 21112
209 139 176 255 1 29051
109 167 9 26 0 234
228 53 124 62 0 7688
5 56 46 5 0 230
32 248 138 80 0 11040
230 204 161 217 1 46920
143 233 58 64 1 33319
146 163 198 143 1 23798
1 2 128 1 0 128
181 167 39 10 1 30227
105 241 203 197 1 25305
152 101 39 40 0 1560
67 171 222 190 0 42180
123 252 58 4 1 30996
158 35 74 137 0 10138
158 35 74 137 0 10138
158 35 74 137 0 10138
158 35 74 137 0 10138
158 35 74 137 0 10138
2 2 254 1 1 4
2 2 254 1 1 4
254 85 2 128 0 256
254 85 2 128 0 256
254 85 2 128 0 256
254 85 2 128 0 256
254 85 2 128 0 256
2 254 128 0 1 508
6 85 59 255 0 15045
77 41 111 153 1 3157
77 41 111 153 1 3157
26 7 105 84 0 8820
28 27 166 1 1 756
113 43 72 15 0 1080
32 203 226 201 1 6496
175 26 146 206 0 30076
77 133 200 11 1 10241
77 133 200 11 1 10241
77 133 200 11 1 10241
77 133 200 11 1 10241
77 133 200 11 1 10241
85 255 1 1 1 21675
52 202 93 128 1 10504
68 66 90 171 1 4488
163 37 245 212 0 51940
165 231 251 165 1 38115
254 2 1 85 1 508
55 137 110 1 1 7535
254 0 170 0 0 0
105 46 145 32 1 4830
196 64 6 181 0 1086
85 0 254 254 0 64516
85 0 254 254 0 64516
85 0 254 254 0 64516
85 0 254 254 0 64516
85 0 254 254 0 64516
254 128 170 0 0 0
117 7 17 138 0 2346
196 93 130 19 1 18228
196 93 130 19 1 18228
255 2 128 255 0 32640
128 255 170 254 0 43180
77 6 235 90 0 21150
101 14 159 144 0 22896
10 20 29 230 0 6670
0 2 1 170 1 0
254 0 170 255 1 0
199 247 254 100 0 25400
191 14 235 165 0 38775
99 251 59 138 1 24849
85 254 254 254 0 64516
238 169 214 70 1 40222
1 2 0 128 0 0
1 2 0 128 0 0
1 2 0 128 0 0
1 2 0 128 0 0
34 37 142 124 0 17608
255 128 128 170 0 21760
11 5 204 126 0 25704
160 16 130 186 0 24180
255 0 128 85 1 0
28 6 15 139 1 168
94 90 99 17 1 8460
175 137 94 45 0 4230
10 201 94 100 1 2010
121 255 215 123 0 26445
95 117 233 178 1 11115
90 30 216 174 1 2700
229 101 243 19 1 23129
101 151 127 59 0 7493
170 128 1 0 0 0
128 254 255 170 1 32512
34 59 116 35 0 4060
113 123 160 255 1 13899
82 103 111 27 0 2997
82 103 111 27 0 2997
158 239 115 254 1 37762
170 254 254 128 0 32512
170 254 254 128 0 32512
170 254 254 128 0 32512
205 193 158 243 1 39565
205 193 158 243 1 39565
205 193 158 243 1 39565
205 193 158 243 1 39565
170 1 170 128 1 170
116 64 104 127 0 13208
2 0 128 255 0 32640
255 2 0 2 1 510
255 2 0 2 1 510
255 2 0 2 1 510
255 2 0 2 1 510
210 125 27 244 1 26250
254 255 2 128 0 256
105 158 253 33 1 16590
81 177 208 184 0 38272
81 177 208 184 0 38272
81 177 208 184 0 38272
193 69 46 183 0 8418
0 0 2 254 0 508
0 0 2 254 0 508
0 0 2 254 0 508
0 0 2 254 0 508
0 0 2 254 0 508
144 99 59 213 0 12567
54 237 167 210 1 12798
237 128 87 164 0 14268
208 125 172 106 0 18232
208 125 172 106 0 18232
157 199 54 193 1 31243
85 0 255 1 0 255
169 82 196 251 1 13858
158 60 179 239 0 42781
95 136 17 141 0 2397
93 175 4 182 1 16275
93 175 4 182 1 16275
226 120 229 93 1 27120
127 95 62 163 1 12065
127 95 62 163 1 12065
154 191 32 124 0 3968
20 32 57 133 0 7581
27 185 109 80 0 8720
27 185 109 80 0 8720
228 107 199 46 1 24396
78 143 252 189 1 11154
219 143 153 120 1 31317
162 13 255 62 1 2106
17 134 252 159 1 2278
68 222 65 133 1 15096
254 1 2 2 0 4
254 1 2 2 0 4
254 1 2 2 0 4
254 1 2 2 0 4
254 1 2 2 0 4
0 1 85 255 1 0
135 201 146 155 0 22630
135 201 146 155 0 22630
135 201 146 155 0 22630
175 147 123 40 0 4920
7 67 247 174 0 42978
90 241 74 122 0 9028
202 20 245 127 0 31115
148 48 67 14 0 938
107 105 96 147 0 14112
107 105 96 147 0 14112
107 105 96 147 0 14112
107 105 96 147 0 14112
106 18 105 235 0 24675
1 128 1 85 0 85
162 174 18 57 1 28188
0 220 115 206 0 23690
98 255 94 159 1 24990
255 2 254 170 1 510
76 165 194 16 0 3104
87 55 168 28 1 4785
208 214 94 205 0 19270
26 223 60 41 0 2460
170 2 170 255 0 43350
85 255 128 0 1 21675
85 255 2 1 0 2
0 85 255 85 0 21675
41 163 112 252 1 6683
254 128 0 254 0 0
254 128 0 254 0 0
254 128 0 254 0 0
254 128 0 254 0 0
255 69 179 112 1 17595
170 85 0 254 0 0
85 85 0 170 0 0
85 85 0 170 0 0
85 85 0 170 0 0
85 85 0 170 0 0
85 85 0 170 0 0
196 182 247 79 0 19513
196 182 247 79 0 19513
196 182 247 79 0 19513
196 182 247 79 0 19513
196 182 247 79 0 19513
85 170 0 255 0 0
166 134 80 250 1 22244
255 128 255 85 0 21675
191 38 164 83 0 13612
92 85 121 31 0 3751
1 1 128 1 0 128
2 254 2 2 1 508
8 250 81 218 0 17658
8 250 81 218 0 17658
62 55 219 151 1 3410
13 28 155 110 1 364
17 188 33 127 0 4191
26 59 48 99 1 1534
254 85 0 2 1 21590
213 225 176 119 1 47925
213 225 176 119 1 47925
171 7 1 162 1 1197
202 96 12 209 1 19392
85 0 1 0 1 0
6 111 156 226 0 35256
208 110 181 121 1 22880
142 184 82 169 1 26128
142 184 82 169 1 26128
142 184 82 169 1 26128
1 1 2 170 1 1
255 128 0 2 1 32640
118 186 229 162 0 37098
149 176 214 21 0 4494
149 176 214 21 0 4494
149 176 214 21 0 4494
182 218 195 68 0 13260
182 218 195 68 0 13260
246 42 160 179 1 10332
246 42 160 179 1 10332
246 42 160 179 1 10332
246 42 160 179 1 10332
2 255 85 255 0 21675
150 52 19 158 0 3002
158 166 38 108 1 26228
160 60 249 2 1 9600
244 58 17 69 0 1173
2 2 128 254 0 32512
129 254 238 62 0 14756
75 119 194 2 0 388
62 111 28 69 0 1932
1 190 128 239 0 30592
179 24 213 68 0 14484
136 148 109 233 0 25397
150 82 60 231 0 13860
170 255 255 254 0 64770
67 80 127 201 0 25527
251 225 108 248 0 26784
75 56 250 200 1 4200
112 11 60 84 0 5040
22 45 220 75 1 990
1 128 85 128 1 128
255 170 1 170 0 170
255 170 1 170 0 170
255 170 1 170 0 170
156 237 100 86 0 8600
134 149 177 155 1 19966
2 170 1 128 0 128
0 149 18 40 0 720
229 74 6 10 1 16946
0 219 41 194 0 7954
254 1 85 255 0 21675
120 107 137 240 0 32880
120 107 137 240 0 32880
46 146 173 115 0 19895
184 184 40 20 1 33856
170 85 1 2 1 14450
0 0 85 2 0 170
2 2 1 0 0 0
159 143 250 150 0 37500
24 26 78 195 1 624
227 165 230 50 0 11500
110 228 251 102 1 25080
110 228 251 102 1 25080
110 228 251 102 1 25080
34 186 45 204 0 9180
50 229 19 37 0 703
37 211 183 130 1 7807
107 140 203 41 1 14980
0 170 170 2 0 340
0 170 170 2 0 340
0 170 170 2 0 340
0 170 170 2 0 340
222 213 130 125 0 16250
149 221 197 153 1 32929
255 2 0 2 1 510
164 200 246 117 1 32800
164 200 246 117 1 32800
164 200 246 117 1 32800
164 200 246 117 1 32800
254 85 1 128 0 128
196 92 41 223 0 9143
205 48 250 7 0 1750
14 31 105 154 0 16170
2 255 0 85 1 510
128 255 1 255 0 255
255 254 170 85 1 64770
1 254 2 0 0 0
1 254 2 0 0 0
1 254 2 0 0 0
1 254 2 0 0 0
177 124 212 14 0 2968
1 1 1 254 1 1
1 1 1 254 1 1
1 1 1 254 1 1
1 1 1 254 1 1
1 1 1 254 1 1
0 2 2 0 0 0
250 76 125 25 1 19000
255 85 128 170 0 21760
128 2 0 254 0 0
31 199 141 30 0 4230
255 128 2 255 0 510
255 128 2 255 0 510
255 128 2 255 0 510
255 128 2 255 0 510
168 108 88 9 1 18144
212 2 29 148 1 424
204 247 242 218 1 50388
160 233 64 14 0 896
128 170 0 170 1 21760
85 140 3 238 1 11900
85 140 3 238 1 11900
85 140 3 238 1 11900
85 140 3 238 1 11900
13 59 118 101 0 11918
126 131 91 216 1 16506
0 2 2 2 0 4
130 230 167 235 0 39245
254 0 170 1 1 0
254 0 170 1 1 0
128 255 170 170 1 32640
81 78 91 53 1 6318
81 78 91 53 1 6318
111 31 36 218 1 3441
55 220 168 66 1 12100
0 2 0 255 1 0
130 104 245 8 1 13520
85 2 254 128 0 32512
170 1 170 254 1 170
88 7 20 215 1 616
97 198 22 174 0 3828
226 126 155 12 1 28476
229 65 84 154 1 14885
229 65 84 154 1 14885
229 65 84 154 1 14885
229 65 84 154 1 14885
229 65 84 154 1 14885
173 149 215 33 1 25777
118 144 28 139 0 3892
201 134 187 64 1 26934
182 21 109 161 1 3822
1 85 1 2 1 85
1 85 1 2 1 85
41 100 252 192 0 48384
128 254 2 2 0 4
255 0 85 255 1 0
9 109 97 246 1 981
170 212 24 46 1 36040
170 112 40 188 1 19040
190 248 134 221 1 47120
190 248 134 221 1 47120
0 128 1 1 0 1
102 118 9 203 0 1827
102 118 9 203 0 1827
102 118 9 203 0 1827
102 118 9 203 0 1827
102 118 9 203 0 1827
1 1 254 128 0 32512
252 88 238 146 0 34748
95 212 100 253 1 20140
104 197 153 101 1 20488
237 137 204 104 1 32469
25 134 157 190 1 3350
125 35 239 8 1 4375
125 35 239 8 1 4375
20 1 81 133 0 10773
217 255 200 63 0 12600
250 126 76 59 1 31500
82 14 82 75 1 1148
253 7 228 218 0 49704
85 0 2 2 0 4
2 254 2 128 0 256
14 121 175 12 0 2100
85 255 255 85 0 21675
92 191 113 35 1 17572
169 1 175 151 0 26425
2 2 0 1 1 4
24 25 5 213 0 1065
255 255 128 255 1 65025
128 128 254 0 0 0
167 89 190 110 0 20900
130 13 153 116 1 1690
254 1 0 0 0 0
251 202 247 72 0 17784
0 2 85 0 0 0
197 24 169 9 0 1521
13 47 44 226 1 611
143 3 18 137 0 2466
11 125 156 30 0 4680
254 128 254 1 0 254
254 128 254 1 0 254
254 128 254 1 0 254
254 128 254 1 0 254
161 121 150 210 1 19481
9 250 96 219 1 2250
102 181 174 151 1 18462
255 239 231 90 1 60945
233 39 242 82 0 19844
149 69 193 192 1 10281
255 170 1 85 0 85
236 81 32 224 1 19116
254 2 85 85 0 7225
130 166 36 118 1 21580
217 101 171 4 0 684
241 182 206 32 1 43862
241 182 206 32 1 43862
11 202 68 91 1 2222
88 7 155 229 1 616
160 156 240 39 1 24960
0 128 128 255 1 0
213 157 23 231 0 5313
28 247 165 139 0 22935
170 0 85 1 0 85
255 2 128 128 0 16384
127 138 195 86 1 17526
159 231 103 80 1 36729
128 2 2 255 0 510
170 128 255 2 0 510
255 85 128 1 1 21675
160 72 10 117 0 1170
20 50 2 48 0 96
248 252 67 229 0 15343
145 37 162 233 1 5365
64 132 139 13 0 1807
171 229 246 25 1 39159
79 30 133 159 1 2370
170 0 128 255 0 32640
15 24 237 206 0 48822
0 170 254 85 0 21590
181 116 129 255 0 32895
237 200 181 6 0 1086
254 254 0 170 1 64516
223 230 206 118 0 24308
85 170 0 255 0 0
85 170 0 255 0 0
85 170 0 255 0 0
85 170 0 255 0 0
81 141 86 242 0 20812
81 141 86 242 0 20812
81 141 86 242 0 20812
11 101 37 177 1 1111
2 254 1 85 0 85
213 24 46 94 0 4324
49 92 86 174 0 14964
104 221 94 144 1 22984
128 2 1 254 0 254
148 98 1 24 0 24
43 195 251 174 0 43674
227 192 89 191 0 16999
235 222 163 157 0 25591
127 140 182 227 1 17780
164 46 221 89 1 7544
164 46 221 89 1 7544
164 46 221 89 1 7544
164 46 221 89 1 7544
164 46 221 89 1 7544
46 214 142 148 0 21016
128 2 255 254 0 64770
128 2 255 254 0 64770
128 2 255 254 0 64770
126 104 242 82 1 13104
6 43 125 244 0 30500
24 161 23 100 0 2300
124 229 6 49 0 294
91 139 192 249 1 12649
91 139 192 249 1 12649
193 108 19 255 0 4845
193 108 19 255 0 4845
193 108 19 255 0 4845
38 19 194 115 1 722
38 19 194 115 1 722
38 19 194 115 1 722
38 19 194 115 1 722
38 19 194 115 1 722
182 17 123 89 1 3094
143 72 142 33 0 4686
143 72 142 33 0 4686
143 72 142 33 0 4686
16 218 212 22 1 3488
241 72 238 188 0 44744
138 182 175 76 1 25116
30 224 97 24 1 6720
164 152 188 99 0 18612
170 254 128 0 1 43180
74 151 152 231 0 35112
90 133 153 129 1 11970
0 1 170 2 0 340
6 138 226 196 0 44296
226 166 51 196 0 9996
226 166 51 196 0 9996
226 166 51 196 0 9996
226 166 51 196 0 9996
226 166 51 196 0 9996
232 238 192 210 1 55216
2 255 255 0 0 0
36 81 240 83 1 2916
254 76 141 38 1 19304
173 66 46 254 0 11684
173 66 46 254 0 11684
173 66 46 254 0 11684
173 66 46 254 0 11684
172 81 51 205 1 13932
0 2 1 254 0 254
16 171 56 194 1 2736
109 49 139 195 1 5341
109 49 139 195 1 5341
109 49 139 195 1 5341
109 49 139 195 1 5341
109 49 139 195 1 5341
76 233 136 155 0 21080
211 115 40 210 0 8400
211 115 40 210 0 8400
211 115 40 210 0 8400
211 115 40 210 0 8400
211 115 40 210 0 8400
1 254 85 254 0 21590
70 182 167 125 0 20875
220 244 182 163 1 53680
233 159 45 28 0 1260
128 85 255 254 0 64770
255 85 85 2 0 170
0 255 2 170 1 0
18 99 177 39 1 1782
18 99 177 39 1 1782
18 99 177 39 1 1782
18 99 177 39 1 1782
184 54 108 23 0 2484
34 224 234 74 1 7616
128 128 128 170 0 21760
215 7 121 191 0 23111
215 7 121 191 0 23111
215 7 121 191 0 23111
215 7 121 191 0 23111
85 131 196 158 0 30968
1 0 85 254 0 21590
170 170 85 0 1 28900
0 128 170 0 0 0
85 254 85 0 0 0
12 67 62 49 1 804
196 88 83 41 1 17248
0 170 2 0 1 0
0 170 2 0 1 0
0 170 2 0 1 0
0 170 2 0 1 0
0 170 2 0 1 0
246 117 120 151 1 28782
114 164 125 243 1 18696
2 85 170 0 0 0
76 23 206 184 0 37904
2 85 85 85 1 170
68 246 229 109 1 16728
85 174 60 58 1 14790
217 254 133 6 0 798
170 85 128 0 1 14450
254 0 128 85 0 10880
98 126 93 229 0 21297
132 214 24 159 1 28248
2 2 2 85 0 170
170 1 128 254 1 170
115 40 30 184 1 4600
225 227 212 226 0 47912
18 209 45 185 1 3762
122 250 129 174 0 22446
20 62 40 175 1 1240
246 241 168 223 1 59286
0 0 0 255 0 0
106 115 235 216 1 12190
208 45 83 16 0 1328
157 20 226 99 0 22374
157 20 226 99 0 22374
157 20 226 99 0 22374
170 1 2 2 1 170
0 134 193 209 1 0
159 68 101 226 0 22826
200 67 235 21 1 13400
63 112 71 120 1 7056
85 0 2 255 1 0
24 169 131 35 1 4056
86 170 60 239 1 14620
181 110 41 191 1 19910
249 79 213 248 1 19671
0 1 254 1 1 0
0 136 190 145 1 0
95 157 5 28 1 14915
95 157 5 28 1 14915
244 111 115 86 0 9890
6 101 66 92 0 6072
2 128 85 2 0 170
2 128 85 2 0 170
2 128 85 2 0 170
2 128 85 2 0 170
2 128 85 2 0 170
146 215 73 27 1 31390
66 7 194 254 0 49276
188 102 11 97 0 1067
128 2 0 255 0 0
128 2 0 255 0 0
128 2 0 255 0 0
2 254 2 170 1 508
32 195 206 43 1 6240
32 195 206 43 1 6240
32 195 206 43 1 6240
37 67 5 25 1 2479
0 22 142 192 0 27264
175 117 135 209 1 20475
120 151 39 44 0 1716
254 2 0 0 0 0
144 251 139 100 0 13900
144 251 139 100 0 13900
144 251 139 100 0 13900
157 18 154 203 0 31262
20 197 67 190 1 3940
254 191 45 126 1 48514
251 116 232 118 1 29116
254 128 85 85 0 7225
137 71 106 9 1 9727
146 187 181 19 0 3439
136 153 128 24 1 20808
255 128 2 0 1 32640
125 65 198 7 0 1386
135 193 36 208 0 7488
254 128 254 0 0 0
254 128 254 0 0 0
254 128 254 0 0 0
254 128 254 0 0 0
254 128 254 0 0 0
150 55 14 50 1 8250
128 0 0 1 1 0
128 0 0 1 1 0
128 0 0 1 1 0
41 223 88 175 1 9143
113 76 130 105 1 8588
113 76 130 105 1 8588
113 76 130 105 1 8588
113 76 130 105 1 8588
113 76 130 105 1 8588
255 254 85 2 1 64770
255 254 85 2 1 64770
255 254 85 2 1 64770
255 254 85 2 1 64770
255 254 85 2 1 64770
254 85 2 85 0 170
153 0 175 198 1 0
61 45 224 30 0 6720
139 26 192 61 1 3614
139 26 192 61 1 3614
139 26 192 61 1 3614
2 170 128 0 1 340
250 140 9 41 0 369
170 85 254 2 1 14450
240 28 177 230 1 6720
208 20 135 195 0 26325
19 165 84 34 1 3135
61 150 22 153 0 3366
226 41 6 0 0 0
224 7 97 163 0 15811
153 14 127 71 0 9017
255 1 255 255 1 255
170 170 255 1 0 255
119 88 52 69 0 3588
119 88 52 69 0 3588
119 88 52 69 0 3588
119 88 52 69 0 3588
255 170 0 2 1 43350
53 155 8 20 0 160
254 0 255 254 1 0
34 61 178 231 0 41118
40 160 26 102 0 2652
204 116 227 240 1 23664
255 2 255 1 0 255
193 138 47 84 0 3948
199 201 57 147 1 39999
80 133 22 110 0 2420
210 205 95 237 0 22515
12 0 70 131 1 0
1 1 128 170 0 21760
255 0 128 254 0 32512
0 170 85 128 1 0
196 151 13 33 0 429
0 254 255 128 1 0
0 254 255 128 1 0
212 160 28 225 1 33920
73 112 157 168 0 26376
94 144 208 28 1 13536
0 170 255 128 0 32640
236 166 208 116 1 39176
170 254 255 85 0 21675
227 240 145 70 0 10150
24 150 38 1 0 38
85 254 255 255 0 65025
1 2 170 1 0 170
121 93 143 11 1 11253
231 39 154 44 1 9009
167 136 183 10 1 22712
85 1 0 85 0 0
247 215 69 186 1 53105
144 61 210 11 0 2310
128 85 254 128 0 32512
212 23 78 87 1 4876
243 220 57 238 1 53460
0 170 0 0 0 0
0 170 0 0 0 0
225 49 172 88 0 15136
225 49 172 88 0 15136
225 49 172 88 0 15136
225 49 172 88 0 15136
225 49 172 88 0 15136
141 218 212 66 1 30738
86 124 48 244 1 10664
108 28 157 27 1 3024
108 28 157 27 1 3024
108 28 157 27 1 3024
108 28 157 27 1 3024
108 28 157 27 1 3024
128 255 170 255 0 43350
128 251 176 19 1 32128
31 93 37 177 1 2883
31 93 37 177 1 2883
31 93 37 177 1 2883
31 93 37 177 1 2883
31 93 37 177 1 2883
253 103 49 207 0 10143
253 103 49 207 0 10143
253 103 49 207 0 10143
253 103 49 207 0 10143
253 103 49 207 0 10143
28 57 131 121 0 15851
34 235 130 236 1 7990
72 188 18 10 1 13536
1 255 128 0 0 0
1 255 128 0 0 0
1 255 128 0 0 0
159 54 202 185 1 8586
145 124 98 46 0 4508
228 244 29 147 1 55632
192 88 0 123 1 16896
15 13 204 124 1 195
218 53 152 66 0 10032
218 53 152 66 0 10032
218 53 152 66 0 10032
218 53 152 66 0 10032
114 194 250 254 1 22116
114 194 250 254 1 22116
114 194 250 254 1 22116
114 194 250 254 1 22116
114 194 250 254 1 22116
133 20 76 100 1 2660
206 160 125 91 1 32960
206 160 125 91 1 32960
206 160 125 91 1 32960
206 160 125 91 1 32960
206 160 125 91 1 32960
178 242 101 6 1 43076
64 243 246 118 1 15552
2 255 254 254 1 510
2 0 128 0 0 0
128 255 255 2 0 510
26 206 113 121 0 13673
0 0 128 85 1 0
0 0 128 85 1 0
217 197 37 48 1 42749
218 40 55 180 1 8720
50 228 195 69 1 11400
93 178 103 15 0 1545
93 178 103 15 0 1545
93 178 103 15 0 1545
93 178 103 15 0 1545
93 178 103 15 0 1545
201 38 90 197 0 17730
1 85 2 170 0 340
25 137 235 64 0 15040
40 80 200 231 1 3200
216 224 163 64 1 48384
0 128 170 255 0 43350
128 128 128 254 0 32512
64 91 34 247 0 8398
64 91 34 247 0 8398
64 91 34 247 0 8398
64 91 34 247 0 8398
64 91 34 247 0 8398
2 122 243 61 1 244
100 84 91 91 1 8400
226 244 138 87 0 12006
151 94 202 131 1 14194
191 19 4 71 1 3629
128 85 254 128 0 32512
128 85 254 128 0 32512
180 226 75 9 0 675
180 226 75 9 0 675
180 226 75 9 0 675
180 226 75 9 0 675
161 253 252 21 1 40733
0 85 1 1 0 1
2 2 170 255 0 43350
2 85 0 170 0 0
210 254 152 174 1 53340
80 168 218 59 1 13440
122 153 81 86 1 18666
219 88 89 247 1 19272
255 133 50 241 0 12050
167 243 92 241 0 22172
170 2 1 255 0 255
170 2 1 255 0 255
170 2 1 255 0 255
170 2 1 255 0 255
233 36 128 88 1 8388
102 75 96 188 0 18048
2 254 0 255 0 0
22 215 88 90 1 4730
25 63 120 82 0 9840
139 213 93 227 0 21111
128 57 34 100 1 7296
254 0 170 0 0 0
83 101 208 236 1 8383
83 101 208 236 1 8383
170 59 244 13 1 10030
128 170 128 2 1 21760
198 139 9 31 0 279
1 254 0 254 0 0
84 124 212 120 0 25440
194 98 22 174 1 19012
0 2 170 255 1 0
255 170 254 0 0 0
178 200 247 246 0 60762
220 51 191 45 1 11220
106 252 209 203 0 42427
64 31 208 181 0 37648
198 100 232 58 1 19800
104 167 72 229 0 16488
28 232 126 81 0 10206
170 1 0 0 1 170
254 255 0 85 1 64770
50 108 218 198 0 43164
42 105 121 237 1 4410
132 126 174 173 1 16632
200 8 223 71 0 15833
176 10 15 100 1 1760
176 10 15 100 1 1760
161 39 153 143 1 6279
210 65 40 74 0 2960
85 0 0 170 0 0
18 171 101 1 1 3078
21 85 2 230 1 1785
2 128 85 0 0 0
128 254 85 0 1 32512
128 85 255 255 0 65025
158 70 45 140 1 11060
54 121 177 61 0 10797
107 211 1 101 0 101
43 118 185 246 0 45510
95 157 159 104 0 16536
95 157 159 104 0 16536
108 151 131 126 0 16506
208 203 168 94 1 42224
193 237 244 64 0 15616
25 28 146 115 0 16790
185 175 96 133 0 12768
49 81 217 155 1 3969
0 85 1 2 0 2
0 85 1 2 0 2
0 85 1 2 0 2
0 85 1 2 0 2
0 85 1 2 0 2
85 255 0 0 0 0
85 255 0 0 0 0
85 255 0 0 0 0
85 255 0 0 0 0
186 147 101 46 0 4646
145 164 63 126 0 7938
240 78 67 251 0 16817
200 107 249 230 0 57270
246 44 183 31 0 5673
85 85 170 254 1 7225
143 225 57 190 0 10830
32 101 57 66 0 3762
99 74 148 253 0 37444
52 241 237 28 1 12532
52 241 237 28 1 12532
73 106 118 133 0 15694
31 250 229 238 1 7750
165 95 166 29 0 4814
85 0 255 255 0 65025
170 85 0 1 0 0
169 223 22 225 0 4950
169 223 22 225 0 4950
169 223 22 225 0 4950
169 223 22 225 0 4950
169 223 22 225 0 4950
85 1 254 1 0 254
1 255 128 1 1 255
213 161 158 191 0 30178
181 225 150 245 0 36750
137 96 133 170 0 22610
253 206 146 240 0 35040
176 83 158 204 1 14608
226 99 211 131 0 27641
226 99 211 131 0 27641
226 99 211 131 0 27641
166 172 154 252 0 38808
183 92 151 142 0 21442
178 128 237 19 0 4503
87 129 149 10 1 11223
85 255 85 128 0 10880
180 160 7 123 0 861
251 160 163 191 1 40160
220 135 68 237 1 29700
220 135 68 237 1 29700
220 135 68 237 1 29700
220 135 68 237 1 29700
69 34 30 250 1 2346
69 34 30 250 1 2346
69 34 30 250 1 2346
69 34 30 250 1 2346
17 39 248 83 0 20584
20 45 117 238 1 900
254 1 85 128 0 10880
242 10 231 93 1 2420
254 128 1 128 1 32512
147 25 240 214 1 3675
255 125 135 187 0 25245
173 38 76 0 1 6574
254 254 2 85 0 170
254 85 0 85 0 0
85 254 0 254 0 0
85 254 0 254 0 0
85 254 0 254 0 0
255 0 128 170 1 0
170 128 255 2 0 510
254 2 255 1 1 508
128 1 1 255 1 128
81 21 89 237 1 1701
1 254 1 85 0 85
187 193 12 14 0 168
206 109 161 213 1 22454
255 172 118 152 0 17936
255 172 118 152 0 17936
128 85 2 85 0 170
49 145 47 49 1 7105
153 163 20 146 1 24939
100 252 0 23 0 0
0 2 128 85 0 10880
89 22 184 205 1 1958
85 154 30 47 0 1410
93 109 35 158 0 5530
90 218 179 120 1 19620
1 255 170 85 1 255
128 1 254 85 0 21590
134 235 168 245 1 31490
5 111 110 11 0 1210
209 100 132 71 0 9372
128 85 85 254 1 10880
128 85 85 254 1 10880
183 19 145 24 1 3477
254 2 85 85 1 508
254 254 128 85 1 64516
128 254 85 254 0 21590
128 254 85 254 0 21590
128 254 85 254 0 21590
128 254 85 254 0 21590
128 254 85 254 0 21590
2 132 44 237 1 264
85 1 2 255 0 510
198 166 94 150 1 32868
198 166 94 150 1 32868
198 166 94 150 1 32868
2 170 254 128 0 32512
255 255 1 170 1 65025
255 255 1 170 1 65025
255 255 1 170 1 65025
255 255 1 170 1 65025
63 41 103 202 1 2583
63 41 103 202 1 2583
131 74 106 10 0 1060
28 39 209 97 1 1092
212 42 14 92 1 8904
29 70 89 237 0 21093
117 141 119 170 0 20230
219 143 26 160 0 4160
230 49 218 249 1 11270
230 49 218 249 1 11270
230 49 218 249 1 11270
170 254 128 128 0 16384
254 254 255 254 1 64516
160 186 177 254 0 44958
160 186 177 254 0 44958
58 59 250 214 1 3422
85 0 0 170 0 0
1 85 254 0 0 0
82 123 35 96 0 3360
193 125 162 174 1 24125
226 75 171 147 1 16950
170 255 128 254 0 32512
170 255 128 254 0 32512
170 255 128 254 0 32512
81 17 144 211 0 30384
215 139 236 187 0 44132
215 139 236 187 0 44132
230 146 50 96 1 33580
0 85 85 2 1 0
65 240 24 99 0 2376
108 32 229 104 1 3456
108 32 229 104 1 3456
108 32 229 104 1 3456
108 32 229 104 1 3456
108 32 229 104 1 3456
221 93 142 111 1 20553
170 2 1 1 1 340
183 157 114 120 0 13680
1 85 255 1 0 255
117 52 169 143 0 24167
146 123 0 98 1 17958
236 203 131 37 0 4847
236 203 131 37 0 4847
236 203 131 37 0 4847
236 203 131 37 0 4847
236 203 131 37 0 4847
243 11 147 189 1 2673
243 11 147 189 1 2673
0 0 170 2 1 0
128 2 255 128 1 256
159 233 197 172 1 37047
156 141 16 120 1 21996
151 253 149 223 1 38203
137 85 108 57 0 6156
84 57 236 48 0 11328
255 255 2 1 0 2
29 192 164 143 0 23452
165 229 187 102 0 19074
225 214 250 15 1 48150
215 134 57 188 1 28810
135 200 150 216 1 27000
149 181 56 168 1 26969
186 186 166 185 0 30710
115 227 70 253 0 17710
107 95 199 252 0 50148
128 2 128 255 1 256
226 113 104 59 0 6136
226 113 104 59 0 6136
226 113 104 59 0 6136
226 113 104 59 0 6136
1 0 254 170 0 43180
1 0 254 170 0 43180
91 27 230 53 1 2457
91 27 230 53 1 2457
91 27 230 53 1 2457
91 27 230 53 1 2457
170 157 1 172 0 172
4 97 27 27 0 729
2 1 2 255 0 510
85 255 254 255 0 64770
85 255 254 255 0 64770
85 255 254 255 0 64770
85 255 254 255 0 64770
85 255 254 255 0 64770
16 68 182 131 1 1088
16 68 182 131 1 1088
254 254 0 1 0 0
201 31 132 239 1 6231
201 31 132 239 1 6231
201 31 132 239 1 6231
201 31 132 239 1 6231
201 31 132 239 1 6231
175 70 52 152 1 12250
175 70 52 152 1 12250
175 70 52 152 1 12250
175 70 52 152 1 12250
197 109 220 122 1 21473
85 38 100 85 1 3230
61 95 17 189 1 5795
38 24 45 35 1 912
38 24 45 35 1 912
38 24 45 35 1 912
38 24 45 35 1 912
2 2 0 2 0 0
0 2 170 85 0 14450
255 1 85 1 0 85
123 158 8 107 0 856
112 206 22 41 0 902
112 206 22 41 0 902
1 170 1 0 1 170
0 1 85 254 0 21590
169 186 134 90 1 31434
85 159 93 72 1 13515
23 48 91 183 0 16653
85 128 254 255 0 64770
255 128 85 170 0 14450
187 182 59 204 1 34034
11 4 56 11 0 616
51 246 232 235 0 54520
118 130 164 156 1 15340
0 2 254 0 0 0
16 60 236 4 0 944
255 170 85 255 1 43350
118 15 50 175 1 1770
85 128 170 255 1 10880
255 2 0 170 0 0
82 43 43 171 0 7353
95 30 48 9 0 432
65 178 14 152 1 11570
200 201 71 194 0 13774
117 162 252 246 0 61992
87 112 84 169 0 14196
84 101 155 244 0 37820
192 202 155 81 1 38784
244 227 116 238 1 55388
2 255 254 170 1 510
2 255 254 170 1 510
2 255 254 170 1 510
2 255 254 170 1 510
113 25 204 71 1 2825
193 64 129 155 0 19995
0 89 194 79 1 0
220 125 187 187 1 27500
18 253 16 131 1 4554
16 242 14 170 0 2380
138 87 153 90 1 12006
56 231 89 189 1 12936
10 249 115 20 0 2300
58 255 219 159 0 34821
2 128 255 254 0 64770
0 85 1 254 0 254
206 239 77 116 1 49234
2 254 170 128 1 508
1 255 128 254 0 32512
165 169 51 253 1 27885
23 193 116 246 1 4439
255 254 128 0 0 0
232 249 79 74 0 5846
44 101 6 6 1 4444
254 2 2 254 0 508
170 128 254 255 0 64770
170 170 128 170 1 28900
129 157 79 88 1 20253
129 157 79 88 1 20253
0 158 160 184 0 29440
0 255 85 2 1 0
218 55 187 140 1 11990
218 55 187 140 1 11990
218 55 187 140 1 11990
218 55 187 140 1 11990
0 2 255 254 0 64770
2 254 255 170 0 43350
93 112 184 165 0 30360
33 88 118 251 1 2904
33 88 118 251 1 2904
238 160 206 16 1 38080
0 1 2 0 1 0
0 1 2 0 1 0
0 1 2 0 1 0
164 176 22 15 0 330
164 176 22 15 0 330
164 176 22 15 0 330
164 176 22 15 0 330
164 176 22 15 0 330
186 122 138 66 0 9108
180 72 229 18 0 4122
128 254 2 254 0 508
128 254 2 254 0 508
122 114 65 167 0 10855
2 128 255 255 0 65025
0 1 254 255 1 0
4 233 51 214 1 932
254 255 255 1 1 64770
11 208 133 36 0 4788
1 255 0 170 0 0
128 255 85 2 1 32640
1 255 255 255 0 65025
198 41 36 84 1 8118
255 1 1 254 0 254
243 121 242 209 0 50578
128 254 254 254 0 64516
174 225 59 151 0 8909
254 170 170 1 0 170
254 170 170 1 0 170
254 170 170 1 0 170
254 170 170 1 0 170
254 170 170 1 0 170
85 2 170 0 1 170
25 146 254 91 0 23114
207 91 36 254 0 9144
231 74 54 121 1 17094
217 151 51 4 0 204
159 188 156 231 1 29892
159 188 156 231 1 29892
128 2 128 254 0 32512
250 38 228 23 1 9500
170 128 85 128 0 10880
254 254 170 128 0 21760
254 254 170 128 0 21760
254 254 170 128 0 21760
254 254 170 128 0 21760
254 254 170 128 0 21760
90 19 99 213 0 21087
85 170 1 254 0 254
0 255 255 170 1 0
153 241 18 225 1 36873
200 230 97 207 0 20079
249 10 188 55 1 2490
2 128 85 170 0 14450
233 226 206 10 0 2060
101 231 93 179 1 23331
101 231 93 179 1 23331
150 237 13 4 1 35550
255 170 85 128 0 10880
0 2 85 1 0 85
123 25 34 185 1 3075
79 27 37 1 0 37
177 146 111 85 0 9435
15 68 176 180 1 1020
1 85 254 2 1 85
184 65 214 248 0 53072
58 23 33 199 1 1334
60 78 63 132 1 4680
255 3 146 121 0 17666
255 3 146 121 0 17666
241 130 179 209 1 31330
136 179 227 220 0 49940
2 1 0 255 0 0
85 2 0 0 1 170
135 107 34 9 0 306
130 146 83 200 1 18980
171 211 246 252 1 36081
161 189 191 143 1 30429
146 112 149 170 1 16352
158 146 77 251 1 23068
123 15 15 224 1 1845
209 216 244 56 1 45144
39 25 5 78 0 390
0 0 255 254 0 64770
146 162 36 136 1 23652
146 162 36 136 1 23652
146 162 36 136 1 23652
146 162 36 136 1 23652
146 162 36 136 1 23652
117 21 178 213 1 2457
143 169 170 70 1 24167
147 73 203 203 0 41209
254 170 85 1 0 85
255 170 0 0 0 0
140 253 50 190 1 35420
175 208 252 9 0 2268
147 115 239 96 1 16905
147 115 239 96 1 16905
147 115 239 96 1 16905
128 85 1 2 0 2
128 85 1 2 0 2
128 85 1 2 0 2
36 220 96 223 1 7920
54 238 230 182 0 41860
30 36 193 110 1 1080
254 85 0 85 1 21590
254 85 0 85 1 21590
254 85 0 85 1 21590
23 107 199 209 0 41591
170 128 2 85 0 170
237 62 200 219 0 43800
0 85 170 170 0 28900
131 23 2 140 0 280
131 23 2 140 0 280
131 23 2 140 0 280
131 23 2 140 0 280
131 23 2 140 0 280
0 255 1 2 0 2
0 255 1 2 0 2
0 255 1 2 0 2
0 255 1 2 0 2
254 128 254 170 1 32512
217 231 241 65 1 50127
254 254 170 255 0 43350
223 75 1 229 1 16725
43 21 236 50 0 11800
85 85 255 1 1 7225
0 85 255 0 0 0
55 16 51 184 0 9384
176 25 241 111 0 26751
86 210 32 212 0 6784
83 98 85 201 1 8134
61 162 29 165 0 4785
249 174 24 59 1 43326
63 238 227 159 1 14994
237 87 224 243 0 54432
161 99 240 120 0 28800
45 176 114 173 0 19722
140 165 175 217 1 23100
102 119 131 13 0 1703
54 201 112 4 0 448
175 101 234 45 0 10530
230 76 225 233 1 17480
170 254 255 255 0 65025
90 110 78 154 1 9900
148 45 219 30 0 6570
174 136 101 45 0 4545
185 43 224 220 0 49280
73 177 8 110 0 880
73 177 8 110 0 880
73 177 8 110 0 880
217 195 83 220 1 42315
193 210 57 9 1 40530
84 33 214 241 1 2772
207 29 110 91 0 10010
172 73 145 38 1 12556
172 73 145 38 1 12556
254 170 85 128 0 10880
72 227 44 156 1 16344
122 235 113 89 0 10057
82 208 179 176 1 17056
86 35 212 236 1 3010
1 255 2 170 0 340
128 255 254 255 0 64770
232 58 96 92 1 13456
16 88 22 245 0 5390
128 170 1 254 1 21760
29 147 108 165 1 4263
29 147 108 165 1 4263
29 147 108 165 1 4263
168 230 229 114 1 38640
128 255 255 255 0 65025
2 85 255 170 0 43350
2 16 48 24 1 32
96 246 149 206 1 23616
192 230 7 78 0 546
30 159 7 45 1 4770
2 254 255 1 0 255
192 25 120 135 0 16200
67 222 99 73 0 7227
56 28 49 149 0 7301
95 38 143 14 1 3610
220 135 242 118 0 28556
109 228 107 33 0 3531
109 228 107 33 0 3531
142 148 197 241 0 47477
142 148 197 241 0 47477
142 148 197 241 0 47477
61 128 244 41 0 10004
135 94 219 161 1 12690
135 94 219 161 1 12690
135 94 219 161 1 12690
135 94 219 161 1 12690
135 94 219 161 1 12690
255 255 0 2 0 0
2 254 170 2 0 340
178 127 47 231 1 22606
40 56 254 83 1 2240
70 134 45 220 0 9900
241 142 220 12 0 2640
19 70 5 123 1 1330
254 0 170 170 0 28900
2 255 255 1 0 255
193 3 247 103 1 579
193 3 247 103 1 579
193 3 247 103 1 579
74 20 94 130 1 1480
255 2 170 1 0 170
255 2 170 1 0 170
85 165 138 199 0 27462
85 165 138 199 0 27462
85 165 138 199 0 27462
128 170 2 255 0 510
2 85 254 128 0 32512
255 254 255 1 1 64770
255 254 255 1 1 64770
255 254 255 1 1 64770
255 254 255 1 1 64770
128 170 85 128 0 10880
148 23 29 121 0 3509
1 1 170 1 1 1
136 95 246 192 1 12920
2 255 2 170 1 510
143 234 203 25 0 5075
143 234 203 25 0 5075
143 234 203 25 0 5075
143 234 203 25 0 5075
143 234 203 25 0 5075
41 14 129 106 1 574
41 14 129 106 1 574
128 2 128 170 0 21760
12 41 64 84 0 5376
53 250 108 166 1 13250
190 120 191 205 0 39155
190 120 191 205 0 39155
190 120 191 205 0 39155
190 120 191 205 0 39155
0 0 2 254 1 0
204 8 178 80 1 1632
204 8 178 80 1 1632
204 8 178 80 1 1632
204 8 178 80 1 1632
204 8 178 80 1 1632
85 255 170 170 0 28900
84 148 88 232 1 12432
0 85 255 255 0 65025
0 85 255 255 0 65025
0 85 255 255 0 65025
245 22 68 63 1 5390
255 85 85 128 1 21675
168 46 148 32 1 7728
223 76 140 192 0 26880
2 128 2 85 0 170
138 61 91 137 1 8418
170 170 1 128 0 128
63 223 189 47 1 14049
63 223 189 47 1 14049
63 223 189 47 1 14049
170 254 85 254 0 21590
224 143 135 131 0 17685
116 163 227 248 0 56296
165 67 115 192 0 22080
203 226 34 7 1 45878
199 135 19 75 1 26865
2 85 128 255 0 32640
135 0 70 63 1 0
147 116 215 175 1 17052
254 165 152 199 1 41910
179 233 215 8 1 41707
102 74 184 27 1 7548
102 74 184 27 1 7548
102 74 184 27 1 7548
170 0 0 170 0 0
140 203 89 104 1 28420
236 64 216 118 0 25488
105 105 99 98 0 9702
67 6 232 140 0 32480
240 8 208 203 0 42224
178 96 12 49 1 17088
9 154 97 253 0 24541
85 2 0 128 0 0
254 255 2 85 1 64770
28 53 175 56 0 9800
2 0 0 255 0 0
230 178 89 137 0 12193
213 241 127 35 1 51333
75 231 127 104 1 17325
75 231 127 104 1 17325
75 231 127 104 1 17325
56 106 136 9 0 1224
164 158 233 13 1 25912
170 193 233 107 0 24931
170 193 233 107 0 24931
170 193 233 107 0 24931
152 203 113 53 1 30856
0 170 1 128 0 128
255 128 0 254 1 32640
59 141 59 221 0 13039
138 81 4 84 0 336
128 255 0 170 1 32640
105 69 154 32 1 7245
255 85 128 85 0 10880
2 255 170 254 0 43180
56 42 234 133 0 31122
63 223 129 202 0 26058
63 223 129 202 0 26058
28 176 218 167 0 36406
85 2 0 2 1 170
1 71 70 19 1 71
2 0 85 85 0 7225
184 214 198 186 1 39376
232 95 4 34 0 136
232 95 4 34 0 136
232 95 4 34 0 136
25 83 169 134 1 2075
128 0 128 1 0 128
128 0 128 1 0 128
128 0 128 1 0 128
128 0 128 1 0 128
128 0 128 1 0 128
10 224 155 47 0 7285
170 254 2 85 0 170
0 255 128 85 0 10880
7 130 23 225 1 910
85 0 85 254 0 21590
173 243 24 248 0 5952
23 28 18 39 0 702
151 101 215 109 0 23435
194 214 45 62 1 41516
106 228 40 41 1 24168
170 85 170 1 0 170
100 99 155 56 1 9900
18 119 87 86 1 2142
28 172 43 166 1 4816
55 128 94 84 0 7896
42 73 27 105 1 3066
220 94 167 124 0 20708
85 2 254 0 0 0
85 2 254 0 0 0
85 2 254 0 0 0
85 2 254 0 0 0
192 17 215 207 0 44505
121 113 17 115 1 13673
133 0 129 95 1 0
59 110 221 86 1 6490
59 110 221 86 1 6490
22 157 179 42 0 7518
188 178 159 68 1 33464
220 43 237 93 0 22041
74 76 24 202 1 5624
145 4 24 180 0 4320
146 82 173 63 1 11972
121 85 36 188 0 6768
56 254 148 98 0 14504
133 52 234 161 1 6916
133 52 234 161 1 6916
133 52 234 161 1 6916
133 52 234 161 1 6916
133 52 234 161 1 6916
100 149 242 102 1 14900
248 171 6 119 1 42408
254 2 1 85 0 85
255 170 128 128 0 16384
62 96 117 207 1 5952
62 96 117 207 1 5952
62 96 117 207 1 5952
50 252 105 203 0 21315
50 252 105 203 0 21315
50 252 105 203 0 21315
50 252 105 203 0 21315
50 252 105 203 0 21315
163 179 121 92 0 11132
201 106 230 214 0 49220
31 3 28 253 0 7084
50 79 24 98 1 3950
39 76 238 160 1 2964
51 105 12 151 1 5355
153 188 35 157 0 5495
128 248 199 224 0 44576
171 29 28 41 1 4959
39 224 88 69 1 8736
227 254 25 203 0 5075
63 197 207 59 1 12411
1 254 85 1 0 85
170 128 85 170 0 14450
128 85 128 1 0 128
111 12 196 19 0 3724
183 146 72 104 0 7488
7 129 124 50 0 6200
178 31 180 119 0 21420
116 63 216 241 0 52056
116 63 216 241 0 52056
191 65 15 172 1 12415
191 65 15 172 1 12415
191 65 15 172 1 12415
191 65 15 172 1 12415
85 85 2 255 0 510
148 166 143 211 0 30173
106 55 77 197 1 5830
128 2 85 128 0 10880
155 239 154 169 1 37045
43 230 6 161 1 9890
43 230 6 161 1 9890
43 230 6 161 1 9890
43 230 6 161 1 9890
144 50 184 176 1 7200
184 163 174 14 1 29992
128 85 254 0 0 0
128 85 254 0 0 0
128 85 254 0 0 0
128 85 254 0 0 0
143 16 173 25 0 4325
2 53 144 127 0 18288
2 53 144 127 0 18288
2 53 144 127 0 18288
2 53 144 127 0 18288
13 96 220 71 1 1248
0 255 254 85 0 21590
0 128 170 128 0 21760
51 53 221 222 1 2703
105 151 237 174 0 41238
185 51 156 24 1 9435
248 196 86 204 1 48608
255 0 1 128 1 0
255 0 1 128 1 0
255 0 1 128 1 0
85 2 254 2 0 508
157 170 143 231 0 33033
5 150 219 28 1 750
85 0 85 0 1 0
85 254 85 85 0 7225
79 159 195 196 1 12561
94 26 189 143 1 2444
94 26 189 143 1 2444
94 26 189 143 1 2444
170 170 255 254 0 64770
170 170 255 254 0 64770
129 95 179 64 0 11456
15 71 222 51 1 1065
25 217 106 95 1 5425
19 237 50 77 0 3850
109 35 101 70 0 7070
65 164 172 91 1 10660
65 164 172 91 1 10660
65 164 172 91 1 10660
2 128 0 170 0 0
60 90 202 70 1 5400
0 1 254 2 0 508
118 162 193 80 0 15440
99 61 78 104 0 8112
170 238 60 169 0 10140
163 201 12 184 0 2208
185 19 98 2 0 196
252 248 53 8 1 62496
204 77 50 32 1 15708
63 134 224 211 0 47264
255 255 0 1 0 0
229 127 8 62 0 496
85 170 1 2 0 2
170 255 85 170 1 43350
170 170 2 85 0 170
9 117 48 128 1 1053
9 117 48 128 1 1053
2 170 85 255 0 21675
161 240 153 236 0 36108
20 74 97 20 0 1940
132 218 67 178 1 28776
37 210 166 207 1 7770
128 254 170 170 0 28900
56 45 241 157 1 2520
141 166 104 10 0 1040
199 249 155 181 0 28055
22 95 200 57 1 2090
188 173 12 152 0 1824
151 158 73 131 0 9563
25 244 39 161 1 6100
178 227 217 161 0 34937
149 35 253 146 1 5215
34 98 16 239 1 3332
94 192 16 89 1 18048
101 25 82 109 0 8938
255 2 128 1 0 128
145 12 195 101 1 1740
5 78 200 213 0 42600
249 136 23 219 0 5037
85 1 121 15 0 1815
85 1 121 15 0 1815
2 1 1 128 1 2
75 37 202 181 0 36562
239 201 207 9 0 1863
115 213 218 4 1 24495
188 109 232 192 1 20492
175 40 118 187 1 7000
1 255 1 128 1 255
255 128 170 85 0 14450
194 152 60 183 0 10980
0 255 170 254 1 0
0 255 170 254 1 0
0 255 170 254 1 0
128 0 85 1 0 85
0 1 2 2 0 4
212 233 216 12 0 2592
197 207 68 157 0 10676
172 110 89 125 1 18920
168 206 87 254 1 34608
168 206 87 254 1 34608
168 206 87 254 1 34608
168 206 87 254 1 34608
170 0 1 1 1 0
1 2 1 2 0 2
128 170 254 2 0 508
215 33 45 169 1 7095
85 0 255 2 1 0
93 206 128 210 1 19158
16 135 131 174 0 22794
230 228 135 145 0 19575
138 45 248 182 0 45136
204 51 148 66 0 9768
106 236 8 9 1 25016
206 160 81 69 0 5589
63 227 242 9 1 14301
2 85 1 85 1 170
128 170 254 2 0 508
134 245 42 12 0 504
24 175 136 244 1 4200
255 254 255 0 0 0
105 249 224 52 0 11648
141 114 53 54 0 2862
71 249 56 32 1 17679
71 249 56 32 1 17679
71 249 56 32 1 17679
71 249 56 32 1 17679
40 247 191 219 1 9880
40 247 191 219 1 9880
40 247 191 219 1 9880
1 173 50 51 0 2550
85 2 170 2 1 170
127 153 190 154 1 19431
1 85 1 254 0 254
62 0 206 38 1 0
254 1 85 170 1 254
73 165 198 128 1 12045
120 217 148 99 1 26040
128 255 170 255 0 43350
128 255 170 255 0 43350
64 232 98 97 0 9506
170 128 170 0 0 0
111 60 124 33 1 6660
8 165 227 113 1 1320
8 165 227 113 1 1320
8 165 227 113 1 1320
55 203 228 244 1 11165
82 10 141 19 1 820
143 147 210 164 1 21021
164 95 51 203 0 10353
221 241 32 149 0 4768
47 247 6 28 0 168
255 0 85 254 0 21590
206 247 25 120 1 50882
206 247 25 120 1 50882
229 150 193 201 1 34350
39 100 213 210 1 3900
222 77 89 211 1 17094
83 111 125 26 0 3250
163 93 94 254 1 15159
163 93 94 254 1 15159
163 93 94 254 1 15159
163 93 94 254 1 15159
163 93 94 254 1 15159
2 0 170 170 1 0
35 238 50 205 1 8330
244 53 13 114 1 12932
244 53 13 114 1 12932
244 53 13 114 1 12932
244 53 13 114 1 12932
244 53 13 114 1 12932
162 62 144 44 1 10044
59 224 221 213 0 47073
245 8 213 171 1 1960
150 24 145 148 0 21460
233 77 56 100 0 5600
233 77 56 100 0 5600
233 77 56 100 0 5600
233 77 56 100 0 5600
246 187 28 106 0 2968
211 176 117 120 1 37136
211 176 117 120 1 37136
211 176 117 120 1 37136
211 176 117 120 1 37136
211 176 117 120 1 37136
2 128 128 0 0 0
2 254 1 170 1 508
233 136 61 12 0 732
85 254 254 255 1 21590
2 0 85 128 0 10880
255 49 15 79 1 12495
255 49 15 79 1 12495
255 49 15 79 1 12495
110 110 86 29 0 2494
206 79 11 181 1 16274
155 234 110 202 0 22220
128 255 2 255 0 510
213 112 15 109 1 23856
235 152 2 202 0 404
129 207 109 110 0 11990
129 207 109 110 0 11990
129 207 109 110 0 11990
129 207 109 110 0 11990
129 207 109 110 0 11990
0 255 0 254 0 0
128 128 255 254 1 16384
128 128 255 254 1 16384
128 128 255 254 1 16384
121 95 231 108 1 11495
111 103 136 44 1 11433
0 85 1 254 0 254
198 172 19 188 0 3572
198 172 19 188 0 3572
198 172 19 188 0 3572
198 172 19 188 0 3572
198 172 19 188 0 3572
151 230 160 147 1 34730
64 173 163 138 0 22494
237 153 191 21 0 4011
85 0 1 128 1 0
210 116 188 148 1 24360
2 27 226 178 0 40228
154 79 161 239 0 38479
156 106 220 82 1 16536
92 172 169 250 1 15824
146 243 15 31 0 465
170 56 175 177 0 30975
255 85 1 255 0 255
89 15 28 179 0 5012
186 94 51 196 0 9996
11 186 239 131 1 2046
170 128 254 254 0 64516
75 211 61 106 0 6466
162 114 20 117 0 2340
179 29 125 34 0 4250
112 199 62 184 1 22288
128 170 85 170 0 14450
208 212 29 202 1 44096
49 4 165 10 0 1650
95 178 137 39 1 16910
212 192 236 155 0 36580
89 199 217 154 0 33418
0 2 255 85 0 21675
176 237 47 165 0 7755
121 130 45 160 1 15730
217 200 139 195 1 43400
77 6 114 127 0 14478
245 9 56 230 1 2205
0 254 255 2 0 510
2 1 170 128 1 2
255 255 2 128 0 256
164 146 245 234 1 23944
1 0 255 255 0 65025
1 0 255 255 0 65025
1 0 255 255 0 65025
1 0 255 255 0 65025
1 0 255 255 0 65025
41 140 208 30 1 5740
50 125 205 55 0 11275
91 158 94 55 0 5170
209 87 147 153 0 22491
150 44 78 253 0 19734
179 200 144 28 0 4032
255 2 85 0 0 0
255 255 170 85 1 65025
189 222 247 43 1 41958
71 82 227 63 0 14301
128 85 254 2 1 10880
40 73 108 21 0 2268
254 170 85 255 0 21675
255 0 0 1 0 0
170 187 29 234 0 6786
2 2 1 255 1 4
94 38 113 57 0 6441
123 50 58 245 1 6150
142 90 157 66 0 10362
1 255 170 2 0 340
85 85 0 254 0 0
158 1 86 192 0 16512
254 85 85 254 1 21590
184 248 207 37 1 45632
235 255 12 61 1 59925
170 85 0 85 0 0
1 85 2 128 0 256
248 200 154 202 0 31108
149 82 255 87 1 12218
59 139 149 8 1 8201
59 139 149 8 1 8201
59 139 149 8 1 8201
59 139 149 8 1 8201
75 62 75 215 0 16125
254 255 170 170 0 28900
254 255 170 170 0 28900
118 155 132 195 1 18290
28 141 149 239 1 3948
58 8 117 193 0 22581
58 8 117 193 0 22581
58 8 117 193 0 22581
58 8 117 193 0 22581
213 154 217 124 0 26908
213 154 217 124 0 26908
213 154 217 124 0 26908
151 187 146 99 0 14454
151 187 146 99 0 14454
151 187 146 99 0 14454
151 187 146 99 0 14454
162 193 20 139 1 31266
55 197 149 150 1 10835
2 0 2 254 0 508
167 104 228 90 0 20520
182 241 10 23 0 230
94 28 22 59 1 2632
254 255 0 0 0 0
52 53 64 187 0 11968
255 170 0 255 1 43350
100 112 115 138 0 15870
85 0 170 1 0 170
85 0 170 1 0 170
85 0 170 1 0 170
85 0 170 1 0 170
85 0 170 1 0 170
128 170 255 0 0 0
181 211 3 10 0 30
146 37 174 62 0 10788
146 37 174 62 0 10788
146 37 174 62 0 10788
127 114 145 152 0 22040
127 114 145 152 0 22040
127 114 145 152 0 22040
0 2 254 170 1 0
0 2 254 170 1 0
0 2 254 170 1 0
23 233 37 42 0 1554
1 0 255 255 1 0
131 117 114 0 0 0
158 189 10 58 1 29862
232 101 18 175 0 3150
232 101 18 175 0 3150
203 227 136 133 0 18088
128 2 170 128 1 256
100 188 54 240 0 12960
33 25 201 216 1 825
149 44 135 159 1 6556
38 247 156 117 1 9386
85 170 2 0 0 0
85 170 2 0 0 0
85 170 2 0 0 0
20 22 138 111 1 440
20 22 138 111 1 440
20 22 138 111 1 440
176 68 45 229 1 11968
222 157 72 215 0 15480
36 233 123 251 0 30873
143 165 42 165 1 23595
151 252 238 181 1 38052
115 157 132 243 0 32076
115 157 132 243 0 32076
115 157 132 243 0 32076
126 199 61 27 1 25074
63 240 211 17 1 15120
204 78 215 9 1 15912
139 97 250 130 1 13483
36 56 152 17 0 2584
144 165 70 111 1 23760
0 170 255 128 0 32640
251 31 224 214 0 47936
1 128 1 85 0 85
213 252 134 212 0 28408
36 30 73 195 0 14235
174 98 14 137 1 17052
174 98 14 137 1 17052
74 130 203 185 0 37555
82 3 162 70 0 11340
82 3 162 70 0 11340
72 229 57 111 0 6327
170 254 255 1 0 255
182 96 42 37 0 1554
255 0 255 85 1 0
255 0 255 85 1 0
255 0 255 85 1 0
255 0 255 85 1 0
0 255 2 128 1 0
1 170 2 1 1 170
93 243 149 194 0 28906
241 147 206 141 0 29046
241 147 206 141 0 29046
241 147 206 141 0 29046
106 2 141 2 1 212
206 103 154 219 0 33726
91 178 31 241 1 16198
251 35 202 235 1 8785
129 85 182 80 1 10965
146 103 174 77 1 15038
195 184 174 228 1 35880
190 206 8 240 1 39140
65 36 225 6 1 2340
1 128 128 255 0 32640
5 22 31 0 0 0
156 113 8 90 1 17628
133 184 189 245 0 46305
206 128 59 185 0 10915
13 147 140 250 1 1911
85 128 1 254 0 254
99 65 229 40 0 9160
180 167 20 8 1 30060
47 101 171 241 1 4747
199 218 159 118 1 43382
109 34 111 194 1 3706
176 139 146 170 0 24820
170 128 2 0 0 0
2 128 255 1 0 255
96 25 129 115 0 14835
70 252 57 102 1 17640
100 109 242 78 1 10900
232 111 191 248 1 25752
85 163 53 189 0 10017
126 83 211 43 0 9073
160 178 235 86 0 20210
131 150 84 212 0 17808
64 72 207 245 1 4608
2 128 85 128 0 10880
2 254 1 255 1 508
170 255 170 255 0 43350
86 81 134 213 1 6966
187 248 142 27 0 3834
166 216 254 42 1 35856
1 85 254 170 0 43180
201 246 202 200 0 40400
205 54 223 9 0 2007
128 85 255 255 0 65025
31 5 188 31 0 5828
10 166 217 190 0 41230
1 170 1 2 0 2
95 212 191 12 0 2292
122 69 243 191 0 46413
122 69 243 191 0 46413
122 69 243 191 0 46413
122 69 243 191 0 46413
122 69 243 191 0 46413
52 100 72 183 1 5200
128 128 2 2 0 4
148 47 19 68 0 1292
34 115 216 180 0 38880
231 232 115 179 0 20585
231 232 115 179 0 20585
231 232 115 179 0 20585
231 232 115 179 0 20585
231 232 115 179 0 20585
97 213 14 156 0 2184
128 1 0 128 0 0
82 66 170 196 1 5412
255 2 170 254 1 510
70 146 68 117 0 7956
208 244 236 39 0 9204
41 186 160 73 1 7626
131 55 190 137 0 26030
131 55 190 137 0 26030
131 55 190 137 0 26030
131 55 190 137 0 26030
131 55 190 137 0 26030
254 254 85 170 0 14450
254 254 85 170 0 14450
18 226 51 10 0 510
74 59 112 142 0 15904
255 1 0 85 0 0
255 1 0 85 0 0
170 128 128 85 0 10880
170 128 128 85 0 10880
170 128 128 85 0 10880
170 128 128 85 0 10880
66 177 248 20 0 4960
89 63 212 160 0 33920
162 155 185 154 1 25110
183 81 210 73 1 14823
141 122 18 10 0 180
1 85 85 1 0 85
242 20 58 96 1 4840
255 43 169 184 1 10965
1 254 170 255 0 43350
71 11 1 192 1 781
1 254 255 255 0 65025
1 254 255 255 0 65025
1 254 255 255 0 65025
1 254 255 255 0 65025
254 0 2 85 0 170
139 204 37 126 0 4662
5 70 214 160 0 34240
164 82 244 206 0 50264
255 255 255 254 0 64770
254 128 128 170 0 21760
106 89 114 203 0 23142
106 89 114 203 0 23142
106 89 114 203 0 23142
77 70 243 53 0 12879
128 128 254 254 0 64516
101 0 12 131 1 0
175 66 11 15 1 11550
172 181 216 206 0 44496
91 140 11 112 1 12740
91 140 11 112 1 12740
85 255 254 85 1 21675
254 2 85 1 1 508
217 51 59 62 1 11067
217 51 59 62 1 11067
217 51 59 62 1 11067
217 51 59 62 1 11067
203 112 31 37 0 1147
203 112 31 37 0 1147
203 112 31 37 0 1147
170 255 0 128 1 43350
119 206 33 69 1 24514
170 255 0 128 1 43350
170 255 0 128 1 43350
66 216 238 96 1 14256
138 74 89 232 1 10212
128 85 170 0 1 10880
59 124 190 226 1 7316
14 24 25 111 0 2775
88 245 184 35 1 21560
85 128 254 128 1 10880
15 79 255 221 1 1185
15 79 255 221 1 1185
193 25 180 76 1 4825
193 25 180 76 1 4825
193 25 180 76 1 4825
193 25 180 76 1 4825
170 255 170 170 0 28900
77 81 174 7 1 6237
45 68 125 216 1 3060
193 21 5 222 1 4053
133 73 16 167 0 2672
133 73 16 167 0 2672
133 73 16 167 0 2672
50 27 86 1 1 1350
170 0 254 255 0 64770
170 0 254 255 0 64770
170 0 254 255 0 64770
170 0 254 255 0 64770
147 158 122 214 1 23226
0 1 255 0 1 0
2 2 255 254 0 64770
217 157 210 145 0 30450
0 255 2 254 0 508
255 210 137 204 0 27948
145 29 187 76 0 14212
218 86 235 165 0 38775
218 86 235 165 0 38775
85 0 1 2 0 2
255 0 0 128 0 0
170 85 0 1 1 14450
198 151 190 250 0 47500
0 170 85 170 1 0
255 1 255 2 0 510
224 168 110 177 0 19470
245 147 157 107 1 36015
128 128 0 170 0 0
170 170 170 128 1 28900
80 180 50 107 1 14400
0 255 254 170 1 0
135 32 220 140 0 30800
135 32 220 140 0 30800
135 32 220 140 0 30800
135 32 220 140 0 30800
135 32 220 140 0 30800
84 81 103 113 1 6804
193 24 136 144 1 4632
58 74 212 141 0 29892
91 79 7 158 1 7189
120 171 253 71 1 20520
18 254 107 189 1 4572
16 140 166 148 1 2240
17 118 45 246 1 2006
233 64 173 33 0 5709
210 230 41 68 1 48300
230 136 55 31 0 1705
33 48 201 20 0 4020
138 192 118 90 0 10620
254 0 2 1 0 2
254 0 2 1 0 2
1 2 0 254 0 0
27 197 129 143 0 18447
27 197 129 143 0 18447
27 197 129 143 0 18447
27 197 129 143 0 18447
234 109 185 115 1 25506
255 128 0 85 0 0
114 50 79 111 0 8769
141 254 19 238 1 35814
2 170 85 254 1 340
60 239 180 105 0 18900
232 208 242 76 0 18392
140 68 98 51 0 4998
140 68 98 51 0 4998
140 68 98 51 0 4998
140 68 98 51 0 4998
140 68 98 51 0 4998
180 8 69 195 0 13455
111 162 229 138 0 31602
116 119 131 195 0 25545
166 190 149 136 0 20264
133 122 125 1 0 125
2 255 254 1 0 254
2 255 254 1 0 254
2 255 254 1 0 254
2 255 254 1 0 254
2 255 254 1 0 254
199 25 166 81 0 13446
166 179 247 36 0 8892
207 246 119 112 0 13328
94 62 53 169 0 8957
170 128 1 128 0 128
181 94 236 162 1 17014
255 85 85 170 0 14450
255 85 2 1 0 2
5 2 71 181 0 12851
5 2 71 181 0 12851
5 2 71 181 0 12851
5 2 71 181 0 12851
1 0 255 2 0 510
70 71 38 93 1 4970
150 74 16 118 1 11100
117 155 149 231 0 34419
222 76 119 178 0 21182
128 128 170 0 1 16384
190 42 4 187 0 748
190 42 4 187 0 748
190 42 4 187 0 748
190 42 4 187 0 748
254 128 85 170 0 14450
254 128 85 170 0 14450
202 17 199 214 0 42586
216 202 4 243 1 43632
126 234 73 110 0 8030
0 255 128 0 0 0
150 193 156 204 1 28950
150 193 156 204 1 28950
150 193 156 204 1 28950
150 193 156 204 1 28950
122 29 202 219 1 3538
60 134 32 2 1 8040
60 134 32 2 1 8040
156 17 92 237 0 21804
156 17 92 237 0 21804
156 17 92 237 0 21804
126 104 191 134 1 13104
31 38 107 207 0 22149
91 232 206 171 0 35226
172 254 15 53 0 795
166 130 98 114 1 21580
254 12 145 209 1 3048
107 88 208 160 1 9416
128 0 170 128 0 21760
9 51 108 36 0 3888
179 206 133 2 0 266
179 206 133 2 0 266
179 206 133 2 0 266
199 132 33 55 1 26268
199 132 33 55 1 26268
199 132 33 55 1 26268
199 132 33 55 1 26268
199 132 33 55 1 26268
79 97 201 215 1 7663
254 2 0 2 1 508
254 0 255 85 1 0
14 133 247 254 1 1862
109 103 35 180 0 6300
1 255 255 85 0 21675
1 255 255 85 0 21675
1 255 255 85 0 21675
1 255 255 85 0 21675
185 92 197 98 0 19306
163 243 80 22 1 39609
141 75 235 137 0 32195
185 34 59 202 1 6290
128 162 128 246 1 20736
128 162 128 246 1 20736
128 162 128 246 1 20736
128 162 128 246 1 20736
128 162 128 246 1 20736
185 114 126 54 1 21090
18 149 230 213 1 2682
18 149 230 213 1 2682
18 149 230 213 1 2682
18 149 230 213 1 2682
18 149 230 213 1 2682
38 39 247 254 0 62738
230 96 155 163 0 25265
51 234 1 254 0 254
192 176 44 84 0 3696
2 0 254 254 1 0
248 212 135 51 0 6885
123 187 167 47 1 23001
204 5 124 97 0 12028
204 5 124 97 0 12028
204 5 124 97 0 12028
204 5 124 97 0 12028
204 5 124 97 0 12028
128 128 85 2 0 170
29 61 121 70 0 8470
112 145 172 175 1 16240
112 145 172 175 1 16240
112 145 172 175 1 16240
112 145 172 175 1 16240
112 145 172 175 1 16240
38 87 167 204 1 3306
38 87 167 204 1 3306
38 87 167 204 1 3306
38 87 167 204 1 3306
72 62 187 30 1 4464
72 62 187 30 1 4464
72 62 187 30 1 4464
72 62 187 30 1 4464
0 85 255 128 0 32640
122 226 186 140 0 26040
26 59 171 151 1 1534
30 74 92 83 1 2220
30 74 92 83 1 2220
30 74 92 83 1 2220
30 74 92 83 1 2220
30 74 92 83 1 2220
199 42 232 9 0 2088
1 254 255 0 1 254
142 134 178 201 0 35778
255 85 128 2 0 256
0 0 0 254 0 0
145 157 187 78 0 14586
113 98 209 122 1 11074
238 216 157 149 1 51408
199 174 1 167 0 167
199 174 1 167 0 167
25 85 151 243 0 36693
25 85 151 243 0 36693
25 85 151 243 0 36693
25 85 151 243 0 36693
25 85 151 243 0 36693
54 240 237 196 1 12960
54 240 237 196 1 12960
54 240 237 196 1 12960
168 156 1 203 0 203
57 4 37 231 1 228
194 230 62 232 0 14384
85 255 1 170 0 170
85 255 1 170 0 170
85 255 1 170 0 170
85 255 1 170 0 170
85 255 1 170 0 170
147 218 32 147 0 4704
98 173 52 73 1 16954
98 173 52 73 1 16954
98 173 52 73 1 16954
98 173 52 73 1 16954
1 2 85 1 0 85
85 255 0 170 0 0
222 35 79 57 0 4503
2 0 0 254 0 0
1 85 2 85 0 170
158 165 35 24 0 840
246 251 73 189 1 61746
77 45 186 240 0 44640
94 112 216 226 0 48816
161 131 199 12 1 21091
36 42 60 53 0 3180
90 171 181 249 0 45069
255 240 226 85 1 61200
70 121 74 212 0 15688
255 2 254 254 0 64516
8 233 50 91 1 1864
191 42 216 197 1 8022
217 148 12 117 0 1404
85 128 0 0 0 0
148 138 187 204 0 38148
148 138 187 204 0 38148
148 138 187 204 0 38148
148 138 187 204 0 38148
1 0 128 170 0 21760
140 205 243 201 1 28700
32 193 114 42 1 6176
238 155 19 156 1 36890
31 208 36 141 1 6448
114 153 39 218 1 17442
115 198 21 14 0 294
152 13 195 223 1 1976
160 57 21 61 1 9120
228 213 148 31 1 48564
201 208 82 218 1 41808
135 26 0 220 0 0
122 95 104 135 0 14040
18 149 170 128 1 2682
171 9 21 241 1 1539
44 25 159 19 0 3021
189 72 72 234 1 13608
85 1 0 255 0 0
206 193 57 149 0 8493
43 76 177 45 1 3268
203 114 129 50 1 23142
5 123 31 246 1 615
1 153 254 165 0 41910
85 2 170 1 0 170
29 24 178 173 0 30794
7 3 202 184 0 37168
117 181 21 21 1 21177
19 94 99 140 0 13860
171 167 67 92 1 28557
236 243 179 187 0 33473
0 0 254 2 0 508
254 255 1 1 0 1
10 44 50 178 1 440
255 254 85 2 0 170
96 112 53 126 1 10752
2 128 170 254 0 43180
230 139 151 189 1 31970
132 93 157 145 1 12276
2 0 254 170 0 43180
153 149 66 21 1 22797
255 1 255 2 1 255
29 177 121 170 1 5133
29 177 121 170 1 5133
29 177 121 170 1 5133
29 177 121 170 1 5133
186 186 211 87 0 18357
165 25 13 235 0 3055
165 25 13 235 0 3055
173 247 36 105 0 3780
235 194 38 136 1 45590
235 194 38 136 1 45590
170 255 2 170 0 340
116 250 123 48 1 29000
116 250 123 48 1 29000
116 250 123 48 1 29000
187 58 11 153 0 1683
187 58 11 153 0 1683
187 58 11 153 0 1683
187 58 11 153 0 1683
187 58 11 153 0 1683
172 19 3 1 1 3268
172 19 3 1 1 3268
141 13 170 210 0 35700
141 13 170 210 0 35700
141 13 170 210 0 35700
141 13 170 210 0 35700
1 255 170 128 0 21760
1 255 170 128 0 21760
208 23 62 64 0 3968
128 170 128 85 0 10880
250 31 107 185 0 19795
183 179 94 47 1 32757
254 1 170 0 0 0
183 113 107 79 1 20679
36 197 7 171 0 1197
116 5 246 78 0 19188
116 5 246 78 0 19188
116 5 246 78 0 19188
116 5 246 78 0 19188
116 5 246 78 0 19188
250 207 243 78 0 18954
128 85 2 0 0 0
128 85 2 0 0 0
241 225 151 131 0 19781
224 58 19 58 1 12992
93 210 97 114 0 11058
254 128 0 1 0 0
60 109 32 83 0 2656
254 2 85 1 1 508
124 61 52 134 1 7564
2 85 128 128 0 16384
26 219 24 85 0 2040
26 219 24 85 0 2040
134 221 242 90 0 21780
134 221 242 90 0 21780
23 62 77 97 0 7469
145 185 26 225 0 5850
120 10 96 239 1 1200
120 10 96 239 1 1200
120 10 96 239 1 1200
122 152 154 85 1 18544
122 152 154 85 1 18544
75 29 92 255 1 2175
221 106 252 35 1 23426
221 106 252 35 1 23426
239 167 14 140 1 39913
239 167 14 140 1 39913
239 167 14 140 1 39913
239 167 14 140 1 39913
239 167 14 140 1 39913
85 254 2 255 0 510
254 255 2 85 0 170
170 2 128 254 0 32512
85 2 170 0 0 0
73 4 131 58 0 7598
183 27 244 38 1 4941
2 255 85 254 0 21590
255 2 170 170 1 510
243 177 204 206 0 42024
243 177 204 206 0 42024
134 122 166 100 0 16600
59 44 42 116 0 4872
205 38 150 129 0 19350
41 20 186 147 1 820
41 20 186 147 1 820
41 20 186 147 1 820
41 20 186 147 1 820
41 20 186 147 1 820
233 82 236 178 1 19106
48 163 251 76 1 7824
255 255 254 170 0 43180
220 207 81 225 0 18225
85 255 2 170 0 340
2 170 0 2 1 340
191 206 41 139 0 5699
138 155 152 175 0 26600
128 128 254 85 0 21590
11 158 200 54 0 10800
81 223 216 53 0 11448
0 128 254 128 1 0
1 0 1 128 0 128
224 58 14 219 1 12992
253 65 109 28 0 3052
40 210 171 192 0 32832
217 19 138 199 0 27462
217 19 138 199 0 27462
217 19 138 199 0 27462
217 19 138 199 0 27462
217 19 138 199 0 27462
244 72 89 178 1 17568
180 73 248 49 0 12152
199 1 197 64 0 12608
237 200 49 140 0 6860
29 244 55 61 1 7076
90 181 161 204 0 32844
111 232 60 82 0 4920
128 1 1 1 0 1
107 116 43 133 0 5719
254 1 2 2 0 4
187 212 217 113 1 39644
187 212 217 113 1 39644
187 212 217 113 1 39644
32 95 182 98 0 17836
21 235 17 163 1 4935
55 68 226 76 1 3740
55 68 226 76 1 3740
55 68 226 76 1 3740
55 68 226 76 1 3740
209 223 200 155 1 46607
100 73 218 93 1 7300
254 2 0 1 0 0
1 170 128 2 0 256
128 85 1 128 0 128
134 163 124 63 1 21842
134 163 124 63 1 21842
134 163 124 63 1 21842
134 163 124 63 1 21842
59 162 189 53 1 9558
128 2 128 170 0 21760
110 122 213 189 1 13420
144 62 228 73 1 8928
96 22 203 250 0 50750
96 22 203 250 0 50750
96 22 203 250 0 50750
96 22 203 250 0 50750
96 22 203 250 0 50750
44 44 157 85 1 1936
17 68 252 211 1 1156
96 96 154 224 1 9216
1 254 255 1 1 254
255 255 0 2 0 0
219 192 176 161 1 42048
38 153 162 177 0 28674
90 64 57 9 0 513
21 248 80 111 0 8880
22 229 45 248 0 11160
255 254 255 170 0 43350
100 221 196 206 0 40376
0 1 115 20 0 2300
85 80 254 205 1 6800
159 184 54 89 1 29256
94 71 146 102 1 6674
14 193 99 92 1 2702
1 128 1 2 0 2
22 204 180 203 1 4488
128 128 254 255 1 16384
128 230 169 132 1 29440
170 170 85 128 0 10880
170 170 85 128 0 10880
170 170 85 128 0 10880
170 170 85 128 0 10880
120 227 222 104 1 27240
85 128 0 128 0 0
135 144 151 53 1 19440
3 179 51 85 0 4335
2 255 85 255 0 21675
2 255 85 255 0 21675
2 255 85 255 0 21675
2 255 85 255 0 21675
0 2 85 254 0 21590
121 193 221 75 1 23353
226 36 45 250 1 8136
207 216 38 249 0 9462
0 0 128 85 1 0
227 131 11 143 1 29737
227 131 11 143 1 29737
227 131 11 143 1 29737
227 131 11 143 1 29737
227 131 11 143 1 29737
255 1 128 255 1 255
3 97 95 183 1 291
146 26 201 189 1 3796
0 85 85 255 1 0
1 170 0 254 1 170
104 171 114 244 1 17784
128 255 254 1 0 254
162 71 75 66 1 11502
128 255 128 255 1 32640
111 136 14 30 0 420
128 128 128 1 1 16384
139 247 161 31 0 4991
239 0 48 235 1 0
17 239 236 29 0 6844
198 189 116 107 0 12412
99 186 203 79 0 16037
238 250 74 50 0 3700
128 1 255 2 0 510
128 170 2 0 0 0
208 185 106 170 0 18020
66 105 130 55 0 7150
131 88 218 226 1 11528
158 208 47 141 1 32864
64 77 241 191 1 4928
64 77 241 191 1 4928
64 77 241 191 1 4928
64 77 241 191 1 4928
64 77 241 191 1 4928
19 86 75 20 1 1634
200 133 106 158 0 16748
200 133 106 158 0 16748
200 133 106 158 0 16748
200 133 106 158 0 16748
200 133 106 158 0 16748
185 13 232 215 0 49880
185 13 232 215 0 49880
185 13 232 215 0 49880
191 28 25 224 0 5600
2 0 254 128 0 32512
167 134 207 69 0 14283
186 187 133 112 1 34782
211 7 52 71 1 1477
110 70 176 56 1 7700
85 0 1 254 0 254
65 47 23 59 0 1357
230 1 75 253 0 18975
181 172 50 108 0 5400
170 2 85 1 0 85
7 20 159 174 0 27666
254 254 254 1 1 64516
164 145 121 129 1 23780
143 254 239 81 1 36322
48 151 38 17 1 7248
108 191 205 102 0 20910
236 189 192 117 1 44604
48 127 154 235 0 36190
48 127 154 235 0 36190
48 127 154 235 0 36190
48 127 154 235 0 36190
48 127 154 235 0 36190
29 174 139 194 0 26966
188 43 145 167 1 8084
168 211 34 187 0 6358
189 47 148 100 0 14800
2 253 65 153 0 9945
23 165 248 226 0 56048
77 96 159 192 0 30528
0 0 85 0 1 0
137 229 35 53 1 31373
2 0 85 255 0 21675
128 0 170 128 0 21760
255 50 213 90 1 12750
2 2 1 170 1 4
170 1 170 254 0 43180
185 200 39 70 0 2730
42 173 82 202 0 16564
254 170 170 0 0 0
0 91 207 239 1 0
0 91 207 239 1 0
0 91 207 239 1 0
140 38 82 79 1 5320
130 234 109 45 0 4905
130 234 109 45 0 4905
98 117 6 57 1 11466
254 85 2 170 1 21590
254 85 2 170 1 21590
254 85 2 170 1 21590
243 198 45 7 1 48114
67 21 5 137 1 1407
245 199 42 11 0 462
255 170 255 254 1 43350
46 65 3 11 0 33
89 64 200 82 1 5696
249 88 173 220 1 21912
254 128 255 254 0 64770
72 31 133 58 0 7714
255 170 85 255 0 21675
255 170 85 255 0 21675
174 132 146 123 1 22968
136 162 180 38 0 6840
2 254 2 85 0 170
128 0 128 254 1 0
57 161 95 212 1 9177
2 2 2 0 0 0
254 2 1 1 1 508
170 254 2 255 0 510
142 157 34 170 1 22294
128 170 170 255 0 43350
128 170 170 255 0 43350
128 170 170 255 0 43350
128 170 170 255 0 43350
128 170 170 255 0 43350
8 147 122 170 0 20740
64 112 203 250 0 50750
229 184 145 156 0 22620
48 244 99 1 1 11712
48 244 99 1 1 11712
48 244 99 1 1 11712
99 175 105 126 0 13230
217 38 133 68 1 8246
208 3 1 237 0 237
210 44 59 50 0 2950
175 194 7 76 0 532
197 199 231 98 1 39203
8 162 70 16 1 1296
194 110 131 106 1 21340
194 110 131 106 1 21340
194 110 131 106 1 21340
194 110 131 106 1 21340
175 96 16 249 1 16800
175 96 16 249 1 16800
175 96 16 249 1 16800
175 96 16 249 1 16800
175 96 16 249 1 16800
97 86 242 167 0 40414
193 138 98 205 1 26634
2 1 170 85 0 14450
40 188 223 242 0 53966
138 74 139 44 0 6116
251 41 175 244 0 42700
0 85 254 0 0 0
255 255 255 128 0 32640
223 43 116 175 0 20300
157 144 10 223 1 22608
198 94 231 239 0 55209
198 94 231 239 0 55209
198 94 231 239 0 55209
198 94 231 239 0 55209
169 21 10 196 1 3549
48 13 208 3 1 624
75 196 103 72 1 14700
132 132 54 236 0 12744
1 164 251 191 1 164
147 144 28 185 1 21168
85 255 128 1 1 21675
230 42 183 18 1 9660
230 42 183 18 1 9660
230 42 183 18 1 9660
5 193 6 139 1 965
5 193 6 139 1 965
5 193 6 139 1 965
1 255 1 254 0 254
19 154 15 73 1 2926
11 240 221 150 1 2640
11 240 221 150 1 2640
11 240 221 150 1 2640
11 240 221 150 1 2640
255 108 70 52 1 27540
254 2 2 128 0 256
254 2 2 128 0 256
254 2 2 128 0 256
254 2 2 128 0 256
84 43 69 116 1 3612
74 19 25 55 0 1375
74 19 25 55 0 1375
74 19 25 55 0 1375
74 19 25 55 0 1375
2 0 85 255 0 21675
225 85 19 89 0 1691
178 198 120 207 1 35244
178 198 120 207 1 35244
2 255 0 0 1 510
85 2 128 255 0 32640
255 128 255 170 0 43350
3 135 30 179 1 405
2 85 2 128 0 256
254 254 2 128 0 256
202 170 95 239 1 34340
62 125 22 82 1 7750
224 149 50 233 0 11650
77 119 100 112 0 11200
46 120 121 190 0 22990
46 120 121 190 0 22990
121 131 29 72 0 2088
213 66 11 9 0 99
115 125 11 237 1 14375
128 1 255 2 0 510
128 1 255 2 0 510
128 1 255 2 0 510
2 255 2 128 0 256
34 47 166 46 0 7636
34 47 166 46 0 7636
34 47 166 46 0 7636
34 47 166 46 0 7636
178 74 235 29 1 13172
254 85 170 254 1 21590
138 200 150 53 0 7950
59 227 239 115 1 13393
254 170 170 85 1 43180
155 87 19 63 1 13485
254 1 254 85 1 254
105 0 222 100 0 22200
23 140 98 239 0 23422
23 140 98 239 0 23422
23 140 98 239 0 23422
23 140 98 239 0 23422
2 85 170 170 1 170
0 85 85 85 1 0
120 42 228 48 1 5040
63 149 84 164 1 9387
63 149 84 164 1 9387
63 149 84 164 1 9387
2 0 254 254 0 64516
184 47 10 114 1 8648
128 1 2 255 0 510
128 1 2 255 0 510
0 254 128 254 0 32512
0 254 128 254 0 32512
0 254 128 254 0 32512
101 13 104 121 0 12584
254 255 255 2 0 510
202 26 213 2 1 5252
1 1 255 254 1 1
1 1 255 254 1 1
67 36 242 180 1 2412
0 1 128 2 1 0
0 1 128 2 1 0
0 1 128 2 1 0
110 85 40 253 0 10120
85 254 1 0 0 0
247 86 205 239 1 21242
247 86 205 239 1 21242
247 86 205 239 1 21242
247 86 205 239 1 21242
10 174 216 216 1 1740
223 90 72 40 1 20070
199 57 131 84 1 11343
201 86 126 245 0 30870
141 16 132 14 1 2256
141 16 132 14 1 2256
141 16 132 14 1 2256
141 16 132 14 1 2256
141 16 132 14 1 2256
102 114 173 32 1 11628
102 114 173 32 1 11628
9 17 52 74 0 3848
9 17 52 74 0 3848
9 17 52 74 0 3848
9 17 52 74 0 3848
122 72 254 187 1 8784
195 41 151 147 0 22197
17 78 198 42 1 1326
255 128 170 1 0 170
1 254 0 0 0 0
184 248 148 224 0 33152
255 255 85 2 0 170
255 255 85 2 0 170
249 60 115 140 1 14940
249 60 115 140 1 14940
249 60 115 140 1 14940
249 60 115 140 1 14940
249 60 115 140 1 14940
167 130 250 73 1 21710
84 95 230 119 0 27370
231 111 241 27 0 6507
93 4 252 233 1 372
93 4 252 233 1 372
93 4 252 233 1 372
1 128 1 170 0 170
233 142 69 6 0 414
215 196 199 38 0 7562
1 255 255 2 1 255
11 34 26 44 0 1144
27 221 190 191 1 5967
242 45 227 247 1 10890
122 197 226 238 1 24034
122 197 226 238 1 24034
173 187 185 164 1 32351
128 1 254 0 1 128
91 38 25 160 1 3458
231 178 149 53 0 7897
231 178 149 53 0 7897
231 178 149 53 0 7897
231 178 149 53 0 7897
170 128 85 128 0 10880
85 0 170 1 0 170
255 254 0 85 0 0
227 73 134 196 0 26264
227 73 134 196 0 26264
227 73 134 196 0 26264
227 73 134 196 0 26264
227 73 134 196 0 26264
189 154 153 4 1 29106
238 89 239 100 1 21182
255 1 0 255 0 0
173 213 129 46 0 5934
48 32 66 171 1 1536
114 78 231 168 1 8892
7 131 93 67 1 917
85 254 2 2 0 4
2 128 2 2 0 4
76 170 213 71 0 15123
215 180 46 67 0 3082
128 85 170 2 0 340
2 1 2 255 0 510
105 106 73 83 0 6059
105 106 73 83 0 6059
101 253 37 156 0 5772
103 157 14 200 1 16171
103 157 14 200 1 16171
193 88 221 21 0 4641
64 220 52 63 1 14080
254 170 0 2 1 43180
109 142 172 24 0 4128
128 254 128 170 0 21760
170 254 170 2 0 340
183 233 74 123 1 42639
95 219 150 118 1 20805
95 219 150 118 1 20805
95 219 150 118 1 20805
95 219 150 118 1 20805
196 197 111 230 0 25530
0 255 1 255 0 255
0 255 1 255 0 255
0 255 1 255 0 255
0 255 1 255 0 255
93 73 135 171 0 23085
239 227 219 206 1 54253
15 167 212 188 1 2505
124 35 6 234 0 1404
11 114 109 217 1 1254
85 254 170 85 1 21590
85 254 170 85 1 21590
85 254 170 85 1 21590
71 36 242 87 1 2556
1 2 128 0 0 0
27 182 79 179 1 4914
9 78 106 43 0 4558
187 250 184 210 0 38640
57 139 226 148 1 7923
80 232 81 107 1 18560
120 45 65 109 1 5400
128 255 170 170 0 28900
205 27 97 112 1 5535
162 0 4 189 1 0
44 246 145 198 1 10824
160 186 173 248 1 29760
2 2 128 2 0 256
0 1 170 2 0 340
0 1 170 2 0 340
0 1 170 2 0 340
0 1 170 2 0 340
125 200 145 194 0 28130
233 254 131 97 0 12707
114 141 175 249 0 43575
134 25 177 46 0 8142
254 0 1 0 1 0
138 186 130 8 1 25668
122 252 33 39 0 1287
122 252 33 39 0 1287
122 252 33 39 0 1287
122 252 33 39 0 1287
122 252 33 39 0 1287
128 170 0 128 0 0
94 40 136 211 1 3760
94 40 136 211 1 3760
0 237 122 173 0 21106
109 255 50 238 0 11900
38 77 37 198 0 7326
125 214 78 192 0 14976
125 214 78 192 0 14976
125 214 78 192 0 14976
50 104 28 56 0 1568
45 38 185 132 0 24420
65 242 52 18 1 15730
102 191 120 115 1 19482
166 33 206 250 1 5478
210 206 165 191 0 31515
170 254 254 170 0 43180
2 1 128 170 0 21760
87 217 161 182 1 18879
255 254 2 255 0 510
170 1 128 0 0 0
170 1 128 0 0 0
170 1 128 0 0 0
170 1 128 0 0 0
170 1 128 0 0 0
177 188 196 63 0 12348
1 112 136 203 1 112
254 85 85 128 0 10880
255 2 170 85 1 510
0 255 255 170 0 43350
104 91 38 117 1 9464
128 2 1 255 0 255
85 0 85 0 1 0
85 0 85 0 1 0
85 0 85 0 1 0
85 0 85 0 1 0
85 0 85 0 1 0
6 174 233 207 1 1044
85 1 254 170 1 85
1 1 0 2 0 0
219 178 204 27 0 5508
161 196 50 231 1 31556
108 120 177 156 0 27612
1 255 0 255 0 0
235 236 138 127 1 55460
27 141 114 246 0 28044
27 141 114 246 0 28044
27 141 114 246 0 28044
27 141 114 246 0 28044
10 33 46 64 1 330
187 201 73 245 0 17885
37 168 161 155 1 6216
212 61 168 73 1 12932
55 212 127 185 0 23495
124 212 210 235 1 26288
2 0 255 85 1 0
41 130 215 55 0 11825
73 134 121 99 0 11979
178 49 249 28 1 8722
247 54 230 92 1 13338
150 173 134 209 0 28006
108 225 176 64 1 24300
108 225 176 64 1 24300
51 36 33 24 1 1836
109 247 97 25 0 2425
108 199 111 165 1 21492
62 225 199 138 0 27462
75 196 33 31 0 1023
37 26 130 148 1 962
126 242 31 75 1 30492
0 128 128 255 0 32640
85 128 2 2 1 10880
27 183 251 79 1 4941
27 183 251 79 1 4941
27 183 251 79 1 4941
27 183 251 79 1 4941
143 232 246 216 0 53136
186 210 180 222 1 39060
205 227 225 137 0 30825
255 170 255 1 1 43350
85 85 170 128 1 7225
127 247 89 180 1 31369
141 155 105 48 0 5040
220 2 88 69 1 440
49 230 153 50 1 11270
49 230 153 50 1 11270
49 230 153 50 1 11270
49 230 153 50 1 11270
49 230 153 50 1 11270
131 144 50 113 0 5650
131 144 50 113 0 5650
131 144 50 113 0 5650
220 165 115 244 1 36300
128 128 128 170 0 21760
152 211 7 4 1 32072
39 109 128 250 1 4251
87 31 85 220 1 2697
220 152 67 222 0 14874
254 18 20 229 1 4572
243 10 28 236 1 2430
44 68 146 231 1 2992
99 253 22 128 0 2816
190 226 47 143 1 42940
255 2 128 128 0 16384
4 168 27 45 0 1215
39 240 125 233 1 9360
82 87 28 133 1 7134
0 170 2 254 1 0
254 85 2 1 0 2
202 40 67 69 1 8080
2 1 255 254 0 64770
54 139 190 20 1 7506
54 139 190 20 1 7506
54 139 190 20 1 7506
54 139 190 20 1 7506
128 2 85 254 1 256
128 2 85 254 1 256
128 2 85 254 1 256
128 2 85 254 1 256
33 249 31 191 1 8217
235 172 208 91 0 18928
237 128 48 112 1 30336
143 210 3 225 0 675
81 211 138 251 0 34638
51 147 70 57 1 7497
30 8 5 24 1 240
59 239 92 212 1 14101
59 239 92 212 1 14101
246 27 44 154 1 6642
199 107 209 65 1 21293
240 208 106 230 0 24380
132 235 127 133 0 16891
131 129 92 219 0 20148
128 2 128 254 0 32512
0 1 2 254 1 0
128 85 254 2 0 508
176 13 102 16 1 2288
232 78 66 2 0 132
128 0 0 85 1 0
68 237 80 191 1 16116
95 35 114 194 1 3325
128 170 85 0 1 21760
255 85 255 170 1 21675
175 24 169 111 0 18759
175 24 169 111 0 18759
175 24 169 111 0 18759
175 24 169 111 0 18759
254 85 170 2 1 21590
25 86 75 50 0 3750
213 233 134 178 0 23852
212 194 53 238 0 12614
132 128 143 146 1 16896
82 239 97 229 0 22213
231 63 55 215 0 11825
172 56 155 242 0 37510
254 85 128 254 1 21590
136 121 111 26 1 16456
253 244 170 197 0 33490
182 8 171 55 1 1456
170 1 254 128 0 32512
148 142 36 66 0 2376
85 85 254 254 0 64516
222 213 164 140 1 47286
179 237 190 68 0 12920
179 237 190 68 0 12920
26 128 97 248 1 3328
85 1 170 2 0 340
85 1 170 2 0 340
112 140 209 12 1 15680
50 213 77 95 0 7315
179 32 82 132 0 10824
24 60 221 86 0 19006
149 72 166 217 1 10728
149 72 166 217 1 10728
170 1 85 0 1 170
170 1 85 0 1 170
170 1 85 0 1 170
170 1 85 0 1 170
254 128 255 85 0 21675
2 1 170 170 1 2
2 1 170 170 1 2
66 241 101 108 1 15906
8 201 162 197 0 31914
8 201 162 197 0 31914
8 201 162 197 0 31914
8 201 162 197 0 31914
237 205 238 96 1 48585
251 79 130 200 1 19829
26 132 22 219 1 3432
26 132 22 219 1 3432
26 132 22 219 1 3432
0 2 85 0 0 0
240 117 180 175 0 31500
254 2 128 128 0 16384
254 2 128 128 0 16384
1 254 1 170 0 170
240 182 131 243 1 43680
223 235 215 220 0 47300
128 85 1 85 0 85
128 128 254 85 0 21590
240 89 75 175 1 21360
249 235 1 35 0 35
93 18 176 96 1 1674
1 128 2 1 1 128
16 12 206 201 0 41406
186 184 255 45 0 11475
17 215 50 205 0 10250
173 232 204 75 0 15300
79 242 39 181 1 19118
20 143 100 207 1 2860
148 179 201 36 1 26492
49 134 37 88 0 3256
0 1 1 254 1 0
0 1 1 254 1 0
0 1 1 254 1 0
0 1 1 254 1 0
0 1 1 254 1 0
38 209 111 179 1 7942
165 84 74 246 0 18204
165 84 74 246 0 18204
165 84 74 246 0 18204
85 255 2 85 1 21675
70 47 200 161 1 3290
84 68 252 88 0 22176
91 183 77 87 0 6699
128 128 2 0 1 16384
254 1 255 85 0 21675
53 69 140 44 1 3657
236 152 207 172 1 35872
236 152 207 172 1 35872
236 152 207 172 1 35872
251 242 49 217 1 60742
251 242 49 217 1 60742
251 242 49 217 1 60742
251 242 49 217 1 60742
255 254 128 128 1 64770
79 212 1 3 1 16748
236 45 129 228 0 29412
34 41 164 47 0 7708
9 129 161 91 0 14651
9 129 161 91 0 14651
9 129 161 91 0 14651
41 153 255 51 0 13005
239 232 234 37 0 8658
0 128 254 254 0 64516
122 219 52 162 0 8424
93 108 215 15 1 10044
150 57 212 73 0 15476
150 57 212 73 0 15476
150 57 212 73 0 15476
227 3 28 197 1 681
254 2 0 0 1 508
255 1 128 0 0 0
237 51 48 37 0 1776
184 76 232 48 1 13984
41 61 89 231 1 2501
170 255 254 170 1 43350
254 0 170 255 1 0
0 128 254 254 1 0
72 29 202 115 1 2088
148 225 183 52 0 9516
0 85 1 254 0 254
225 214 244 121 0 29524
254 254 170 170 1 64516
1 241 189 36 0 6804
1 241 189 36 0 6804
1 241 189 36 0 6804
8 10 60 46 1 80
70 217 54 124 0 6696
84 42 220 93 0 20460
171 223 210 201 1 38133
173 174 28 229 0 6412
80 191 46 149 0 6854
219 65 205 157 1 14235
49 155 60 2 1 7595
141 132 182 29 0 5278
58 147 186 237 1 8526
153 115 3 76 0 228
2 128 255 85 0 21675
2 128 255 85 0 21675
2 128 255 85 0 21675
2 128 255 85 0 21675
85 255 85 255 0 21675
1 170 2 85 0 170
80 100 132 171 1 8000
80 111 153 235 1 8880
11 55 169 109 0 18421
178 207 4 123 1 36846
205 104 241 237 1 21320
158 92 129 155 1 14536
46 24 38 51 0 1938
171 2 22 175 0 3850
60 26 28 255 0 7140
128 2 1 1 1 256
227 150 108 3 1 34050
227 150 108 3 1 34050
227 150 108 3 1 34050
227 150 108 3 1 34050
120 191 141 106 1 22920
141 19 135 126 0 17010
141 19 135 126 0 17010
141 19 135 126 0 17010
141 19 135 126 0 17010
141 19 135 126 0 17010
87 65 96 169 1 5655
87 65 96 169 1 5655
87 65 96 169 1 5655
87 65 96 169 1 5655
224 151 80 11 1 33824
128 254 85 255 0 21675
157 234 218 182 0 39676
138 28 217 130 1 3864
133 220 102 46 1 29260
255 128 0 128 1 32640
208 92 17 152 0 2584
90 141 92 205 1 12690
117 166 82 137 0 11234
170 254 85 170 0 14450
54 174 247 97 0 23959
139 138 228 161 0 36708
139 138 228 161 0 36708
139 138 228 161 0 36708
139 138 228 161 0 36708
85 0 1 85 0 85
86 245 158 186 0 29388
255 85 255 255 1 21675
255 85 255 255 1 21675
255 85 255 255 1 21675
255 85 255 255 1 21675
255 85 255 255 1 21675
50 231 13 171 0 2223
171 158 172 131 1 27018
169 114 26 124 0 3224
34 81 142 39 0 5538
1 128 128 255 0 32640
1 128 128 255 0 32640
1 128 128 255 0 32640
1 128 128 255 0 32640
1 128 128 255 0 32640
0 2 1 0 0 0
54 202 79 74 1 10908
236 224 21 105 1 52864
58 208 156 224 1 12064
164 186 231 35 0 8085
170 1 128 0 0 0
236 60 190 63 1 14160
122 210 236 220 0 51920
122 210 236 220 0 51920
122 210 236 220 0 51920
68 45 112 247 1 3060
68 45 112 247 1 3060
68 45 112 247 1 3060
68 45 112 247 1 3060
254 255 254 0 1 64770
85 85 1 255 1 7225
96 233 92 53 0 4876
232 77 162 220 1 17864
1 0 128 170 0 21760
85 254 170 255 0 43350
242 57 66 2 1 13794
85 0 255 255 1 0
239 235 43 131 0 5633
239 235 43 131 0 5633
239 235 43 131 0 5633
239 235 43 131 0 5633
239 235 43 131 0 5633
252 8 72 140 0 10080
127 160 155 221 1 20320
1 254 170 85 1 254
171 207 157 84 1 35397
171 207 157 84 1 35397
171 207 157 84 1 35397
171 207 157 84 1 35397
171 207 157 84 1 35397
85 255 85 85 0 7225
85 255 85 85 0 7225
85 85 1 0 0 0
73 65 56 27 1 4745
111 171 131 48 1 18981
62 213 181 106 1 13206
239 71 188 105 0 19740
128 85 85 254 0 21590
73 128 136 44 1 9344
73 128 136 44 1 9344
73 128 136 44 1 9344
73 128 136 44 1 9344
73 117 150 68 1 8541
62 166 218 128 1 10292
255 128 1 128 1 32640
174 169 73 150 1 29406
133 181 244 213 1 24073
144 89 131 121 0 15851
118 152 60 30 0 1800
118 152 60 30 0 1800
118 152 60 30 0 1800
1 1 170 1 0 170
29 37 98 242 0 23716
196 170 104 198 1 33320
247 231 253 185 1 57057
2 128 128 170 0 21760
2 128 128 170 0 21760
78 77 31 50 0 1550
41 201 140 136 0 19040
189 8 93 158 0 14694
93 2 139 236 1 186
170 170 85 170 1 28900
206 21 30 193 1 4326
2 170 255 255 0 65025
15 37 120 24 0 2880
144 87 117 27 0 3159
85 39 166 87 0 14442
85 39 166 87 0 14442
85 39 166 87 0 14442
85 39 166 87 0 14442
85 39 166 87 0 14442
149 86 130 183 1 12814
2 254 2 254 1 508
255 128 128 255 1 32640
91 219 28 55 0 1540
5 124 227 91 1 620
59 0 163 27 0 4401
170 255 255 1 1 43350
235 73 199 60 0 11940
241 17 39 108 1 4097
241 17 39 108 1 4097
241 17 39 108 1 4097
241 17 39 108 1 4097
254 255 0 0 0 0
255 2 128 255 1 510
209 225 87 72 1 47025
9 145 61 15 0 915
183 105 127 231 1 19215
226 78 50 240 0 12000
1 0 254 85 0 21590
223 82 146 132 0 19272
128 0 255 254 0 64770
159 250 45 193 0 8685
217 176 180 33 0 5940
207 133 195 212 1 27531
32 252 93 48 1 8064
127 165 119 142 0 16898
18 52 68 241 1 936
203 147 75 90 1 29841
61 168 168 178 1 10248
96 200 57 135 0 7695
37 21 30 179 0 5370
2 128 128 254 1 256
78 112 254 228 1 8736
199 211 238 213 1 41989
208 59 247 202 1 12272
8 91 241 155 1 728
8 91 241 155 1 728
8 91 241 155 1 728
8 91 241 155 1 728
8 91 241 155 1 728
155 116 56 115 0 6440
207 209 183 20 0 3660
76 54 120 74 1 4104
88 128 184 239 0 43976
255 1 128 128 1 255
126 106 175 212 0 37100
245 53 151 175 1 12985
190 134 116 209 1 25460
0 0 255 85 0 21675
228 109 2 13 1 24852
31 236 39 3 1 7316
210 25 126 155 1 5250
252 85 175 149 1 21420
0 255 254 2 1 0
0 255 254 2 1 0
128 170 254 128 0 32512
232 190 246 193 1 44080
232 190 246 193 1 44080
232 190 246 193 1 44080
232 190 246 193 1 44080
57 22 229 128 0 29312
254 254 1 255 1 64516
1 16 117 11 1 16
192 198 107 203 0 21721
173 232 147 235 0 34545
2 170 1 0 1 340
2 170 1 0 1 340
213 160 217 30 0 6510
22 159 68 218 0 14824
187 175 114 110 1 32725
255 2 170 1 1 510
185 169 223 148 0 33004
185 169 223 148 0 33004
185 169 223 148 0 33004
185 169 223 148 0 33004
2 85 170 85 0 14450
111 228 143 19 0 2717
98 3 63 126 1 294
98 3 63 126 1 294
201 189 123 162 1 37989
195 124 124 23 1 24180
195 124 124 23 1 24180
195 124 124 23 1 24180
195 124 124 23 1 24180
195 124 124 23 1 24180
239 251 148 144 1 59989
239 251 148 144 1 59989
239 251 148 144 1 59989
47 10 223 105 1 470
25 24 223 2 0 446
170 0 170 85 0 14450
170 0 170 85 0 14450
62 33 209 141 0 29469
255 0 0 170 0 0
254 2 1 255 0 255
147 144 70 194 0 13580
1 2 255 170 0 43350
37 167 179 55 1 6179
85 0 0 255 0 0
224 77 134 46 0 6164
197 195 227 97 1 38415
246 94 102 109 1 23124
73 119 125 124 0 15500
73 119 125 124 0 15500
73 119 125 124 0 15500
73 119 125 124 0 15500
248 183 36 80 0 2880
254 1 2 170 0 340
59 64 145 103 0 14935
59 64 145 103 0 14935
59 64 145 103 0 14935
130 100 68 154 1 13000
58 235 135 121 1 13630
88 49 104 195 1 4312
88 49 104 195 1 4312
88 49 104 195 1 4312
88 49 104 195 1 4312
88 49 104 195 1 4312
187 16 178 91 1 2992
1 2 0 0 1 2
1 2 0 0 1 2
1 2 0 0 1 2
1 2 0 0 1 2
23 31 76 73 1 713
23 31 76 73 1 713
23 31 76 73 1 713
133 30 206 128 1 3990
231 225 205 203 0 41615
0 2 255 254 0 64770
2 254 254 254 1 508
218 3 190 231 0 43890
117 90 126 211 1 10530
222 133 217 111 1 29526
110 75 193 127 1 8250
161 18 7 245 0 1715
0 85 170 2 1 0
0 85 170 2 1 0
0 85 170 2 1 0
0 85 170 2 1 0
0 85 170 2 1 0
35 150 154 147 0 22638
216 62 253 61 1 13392
161 64 188 206 0 38728
161 64 188 206 0 38728
161 64 188 206 0 38728
161 64 188 206 0 38728
161 64 188 206 0 38728
76 136 112 219 1 10336
150 186 146 140 1 27900
170 128 170 255 0 43350
59 190 107 219 0 23433
59 190 107 219 0 23433
22 114 44 37 1 2508
197 78 43 222 0 9546
89 76 130 22 0 2860
31 30 248 195 1 930
220 90 177 91 1 19800
112 179 13 83 0 1079
133 157 35 157 0 5495
85 128 0 2 1 10880
1 149 130 120 1 149
254 255 170 85 1 64770
235 143 21 114 1 33605
1 0 170 1 0 170
86 198 23 226 1 17028
128 85 2 255 0 510
43 56 94 113 0 10622
3 28 173 148 0 25604
3 28 173 148 0 25604
3 28 173 148 0 25604
3 28 173 148 0 25604
241 127 195 168 0 32760
172 233 112 208 1 40076
193 13 13 146 1 2509
170 255 128 85 0 10880
139 197 125 127 1 27383
139 197 125 127 1 27383
139 197 125 127 1 27383
139 197 125 127 1 27383
139 197 125 127 1 27383
2 1 254 128 0 32512
2 254 2 255 0 510
128 254 1 128 0 128
64 119 84 255 1 7616
0 170 2 85 0 170
97 207 12 211 0 2532
85 85 255 85 0 21675
131 72 160 73 1 9432
151 252 94 175 1 38052
240 131 152 167 1 31440
43 124 227 160 0 36320
237 8 42 210 0 8820
247 254 219 45 0 9855
85 255 254 254 1 21675
28 117 101 88 0 8888
126 88 73 236 0 17228
21 250 130 199 0 25870
254 85 128 128 0 16384
254 85 128 128 0 16384
254 85 128 128 0 16384
254 85 128 128 0 16384
254 85 128 128 0 16384
87 186 75 84 1 16182
87 186 75 84 1 16182
87 186 75 84 1 16182
87 186 75 84 1 16182
170 254 2 170 0 340
8 118 101 132 1 944
88 248 141 194 0 27354
49 197 19 255 0 4845
130 65 147 211 1 8450
85 85 85 0 0 0
147 148 143 201 1 21756
147 148 143 201 1 21756
147 148 143 201 1 21756
147 148 143 201 1 21756
147 148 143 201 1 21756
141 181 173 181 1 25521
130 148 180 13 0 2340
2 170 0 128 0 0
237 28 185 81 0 14985
167 167 57 174 1 27889
212 147 110 147 1 31164
221 164 220 227 1 36244
196 50 115 233 0 26795
180 81 177 130 0 23010
128 170 254 128 1 21760
128 170 254 128 1 21760
128 170 254 128 1 21760
128 170 254 128 1 21760
128 170 254 128 1 21760
195 40 60 25 1 7800
195 40 60 25 1 7800
195 40 60 25 1 7800
195 40 60 25 1 7800
217 145 29 123 0 3567
115 137 23 216 0 4968
77 248 67 224 0 15008
0 255 2 1 1 0
53 106 71 218 1 5618
174 134 195 189 0 36855
29 92 72 113 1 2668
162 12 145 126 0 18270
170 2 255 254 0 64770
223 133 55 154 0 8470
2 9 37 76 0 2812
2 9 37 76 0 2812
2 9 37 76 0 2812
166 130 208 193 1 21580
44 246 13 75 0 975
229 148 22 163 1 33892
12 85 25 195 1 1020
56 195 88 104 1 10920
236 18 124 30 1 4248
90 34 222 78 0 17316
23 175 114 29 0 3306
23 175 114 29 0 3306
23 175 114 29 0 3306
23 175 114 29 0 3306
23 175 114 29 0 3306
222 234 29 19 0 551
188 6 111 50 1 1128
204 200 71 148 1 40800
207 82 99 226 0 22374
255 254 255 2 0 510
166 163 228 198 1 27058
12 19 226 127 1 228
222 14 35 217 0 7595
100 172 131 85 1 17200
255 85 170 0 0 0
2 254 255 128 1 508
229 16 188 41 1 3664
29 143 143 124 0 17732
17 216 6 213 0 1278
102 114 219 4 0 876
255 2 2 85 0 170
214 5 32 243 0 7776
124 95 193 166 1 11780
96 159 135 48 0 6480
37 159 182 33 0 6006
117 41 27 79 0 2133
207 239 32 103 1 49473
254 2 1 2 0 2
161 203 17 116 1 32683
234 237 26 127 0 3302
211 37 60 119 0 7140
128 170 170 85 0 14450
83 168 237 123 0 29151
1 254 128 128 0 16384
231 38 106 21 1 8778
2 1 0 255 0 0
2 1 0 255 0 0
2 1 0 255 0 0
2 1 0 255 0 0
129 183 19 29 1 23607
149 171 40 93 1 25479
149 171 40 93 1 25479
149 171 40 93 1 25479
59 230 159 78 0 12402
255 140 3 27 0 81
53 49 126 241 0 30366
128 95 124 55 1 12160
244 255 239 12 1 62220
254 2 254 85 1 508
85 2 170 128 0 21760
138 202 159 168 1 27876
251 221 202 40 0 8080
2 1 2 255 0 510
2 170 255 1 1 340
255 243 211 8 0 1688
43 61 180 153 1 2623
85 1 1 128 0 128
55 18 247 34 0 8398
223 227 44 94 0 4136
70 217 142 154 0 21868
128 254 254 170 1 32512
188 20 88 228 0 20064
148 133 205 234 0 47970
93 247 14 177 0 2478
128 2 170 170 0 28900
2 254 170 170 0 28900
97 241 242 25 1 23377
97 241 242 25 1 23377
1 239 242 77 1 239
127 166 245 69 0 16905
48 64 181 175 1 3072
186 191 47 59 0 2773
248 122 209 205 0 42845
240 220 61 6 0 366
2 128 85 128 0 10880
142 36 113 118 1 5112
170 170 0 170 0 0
148 46 134 49 1 6808
240 14 168 65 1 3360
127 10 103 248 0 25544
65 35 180 36 0 6480
2 2 128 170 0 21760
95 170 165 45 1 16150
2 0 1 1 1 0
2 0 1 1 1 0
2 0 1 1 1 0
2 0 1 1 1 0
85 85 2 255 0 510
85 254 1 128 0 128
149 196 58 73 0 4234
203 148 245 207 0 50715
79 216 9 135 0 1215
111 15 95 196 1 1665
52 69 95 195 1 3588
100 73 130 51 1 7300
167 252 19 149 0 2831
167 252 19 149 0 2831
167 63 85 182 1 10521
186 154 56 204 0 11424
214 219 250 183 0 45750
218 136 88 58 1 29648
0 170 170 254 0 43180
247 131 13 142 1 32357
250 202 190 179 0 34010
144 184 209 250 1 26496
197 182 12 46 0 552
197 182 12 46 0 552
197 182 12 46 0 552
149 212 105 55 0 5775
151 234 153 109 1 35334
152 24 255 44 0 11220
163 110 177 201 1 17930
156 12 214 181 1 1872
196 150 141 41 0 5781
170 255 128 0 0 0
170 255 128 0 0 0
57 5 179 242 0 43318
85 1 170 85 0 14450
207 56 77 215 0 16555
201 110 232 210 0 48720
170 254 170 85 0 14450
70 15 133 180 0 23940
70 15 133 180 0 23940
70 15 133 180 0 23940
70 15 133 180 0 23940
70 15 133 180 0 23940
254 1 0 85 1 254
254 1 0 85 1 254
254 1 0 85 1 254
254 1 0 85 1 254
194 190 120 153 0 18360
55 44 29 10 1 2420
234 231 207 91 0 18837
189 110 115 122 0 14030
255 2 254 170 0 43180
128 128 255 85 0 21675
56 35 112 163 0 18256
2 255 170 255 0 43350
163 193 198 142 1 31459
163 218 42 153 0 6426
163 218 42 153 0 6426
163 218 42 153 0 6426
163 218 42 153 0 6426
85 254 254 85 0 21590
135 27 157 125 1 3645
254 255 2 85 0 170
254 255 2 85 0 170
254 255 2 85 0 170
254 255 2 85 0 170
128 0 254 2 1 0
128 0 254 2 1 0
2 1 170 128 0 21760
2 170 128 1 1 340
215 177 19 252 1 38055
85 85 255 254 0 64770
1 255 0 254 0 0
173 163 97 173 1 28199
114 209 132 64 1 23826
146 37 68 17 1 5402
146 37 68 17 1 5402
201 106 4 133 1 21306
191 54 46 85 1 10314
56 81 31 242 0 7502
29 29 132 54 0 7128
243 155 253 132 1 37665
12 161 118 79 1 1932
170 170 128 0 1 28900
232 53 197 171 0 33687
0 0 0 255 0 0
73 47 93 191 0 17763
185 235 192 239 1 43475
0 0 170 170 0 28900
37 136 140 11 0 1540
170 128 254 0 0 0
170 85 85 254 1 14450
2 1 1 254 0 254
2 1 1 254 0 254
36 173 111 111 0 12321
217 82 54 70 0 3780
197 30 254 248 1 5910
197 30 254 248 1 5910
255 128 254 128 1 32640
134 32 7 27 1 4288
92 151 138 52 1 13892
32 109 164 80 1 3488
175 251 103 47 0 4841
1 254 0 0 0 0
109 169 185 154 1 18421
109 169 185 154 1 18421
109 169 185 154 1 18421
109 169 185 154 1 18421
72 138 1 198 0 198
85 85 1 255 1 7225
93 37 139 241 0 33499
1 99 199 135 1 99
85 170 170 170 0 28900
23 8 66 91 0 6006
23 8 66 91 0 6006
23 8 66 91 0 6006
23 8 66 91 0 6006
23 8 66 91 0 6006
128 85 255 1 0 255
128 85 255 1 0 255
128 85 255 1 0 255
128 85 255 1 0 255
128 85 255 1 0 255
156 14 87 189 0 16443
129 73 58 37 1 9417
128 128 255 1 0 255
64 69 160 253 0 40480
221 101 7 126 1 22321
128 254 254 85 1 32512
85 254 0 128 0 0
122 245 13 19 1 29890
2 1 128 85 1 2
166 114 157 254 1 18924
246 14 156 88 0 13728
85 2 255 2 0 510
85 128 128 254 0 32512
73 62 136 93 0 12648
243 78 56 37 1 18954
128 85 1 170 0 170
2 1 2 0 0 0
2 1 2 0 0 0
2 1 2 0 0 0
0 1 170 0 0 0
0 170 170 128 0 21760
0 170 170 128 0 21760
0 170 170 128 0 21760
155 249 164 174 0 28536
170 85 170 85 1 14450
170 85 170 85 1 14450
170 85 170 85 1 14450
230 16 194 189 1 3680
180 100 201 110 1 18000
63 197 86 246 0 21156
243 229 71 120 0 8520
79 143 208 105 1 11297
79 143 208 105 1 11297
79 143 208 105 1 11297
189 122 180 190 1 23058
165 91 5 13 1 15015
248 201 128 83 1 49848
236 158 14 225 1 37288
236 158 14 225 1 37288
236 158 14 225 1 37288
236 158 14 225 1 37288
1 255 2 1 0 2
179 35 87 136 1 6265
179 35 87 136 1 6265
179 35 87 136 1 6265
179 35 87 136 1 6265
179 35 87 136 1 6265
254 0 2 128 0 256
254 0 2 128 0 256
1 0 0 254 0 0
6 99 91 5 0 455
6 99 91 5 0 455
6 99 91 5 0 455
254 85 128 1 0 128
208 176 95 145 1 36608
47 59 241 131 1 2773
243 249 147 250 1 60507
174 180 219 69 0 15111
167 12 38 172 0 6536
193 201 34 0 0 0
193 201 34 0 0 0
253 106 48 140 0 6720
220 19 218 193 0 42074
82 145 1 251 0 251
240 124 243 137 0 33291
231 226 237 232 0 54984
78 214 152 253 1 16692
56 197 28 29 0 812
33 37 2 44 0 88
128 254 0 255 0 0
0 254 85 255 1 0
189 216 188 251 1 40824
25 46 177 56 0 9912
0 170 255 1 0 255
128 132 91 127 1 16896
1 2 255 85 1 2
68 28 13 241 0 3133
68 28 13 241 0 3133
23 113 76 42 0 3192
23 113 76 42 0 3192
23 113 76 42 0 3192
23 113 76 42 0 3192
130 29 183 194 1 3770
250 91 33 87 0 2871
250 91 33 87 0 2871
250 91 33 87 0 2871
250 91 33 87 0 2871
161 4 208 245 0 50960
254 154 78 112 0 8736
94 155 182 172 0 31304
94 155 182 172 0 31304
94 155 182 172 0 31304
94 155 182 172 0 31304
6 207 24 127 0 3048
6 207 24 127 0 3048
6 207 24 127 0 3048
79 6 41 13 0 533
185 142 146 44 1 26270
250 104 150 82 1 26000
10 95 203 206 0 41818
121 39 254 57 1 4719
247 133 243 65 0 15795
128 128 255 2 0 510
84 135 188 6 1 11340
146 111 35 240 1 16206
31 63 3 242 0 726
246 207 228 213 1 50922
8 203 247 229 1 1624
8 203 247 229 1 1624
8 203 247 229 1 1624
8 203 247 229 1 1624
137 105 244 5 0 1220
137 105 244 5 0 1220
137 105 244 5 0 1220
137 105 244 5 0 1220
137 105 244 5 0 1220
218 177 86 66 1 38586
1 255 170 255 0 43350
216 145 244 187 0 45628
216 145 244 187 0 45628
216 145 244 187 0 45628
216 145 244 187 0 45628
151 105 197 143 1 15855
28 44 238 161 1 1232
128 254 0 2 0 0
251 3 69 219 0 15111
255 128 1 128 1 32640
220 63 103 249 0 25647
172 190 213 47 1 32680
235 41 229 104 0 23816
174 18 110 9 0 990
2 255 255 85 1 510
201 38 208 255 0 53040
255 128 1 1 0 1
255 128 1 1 0 1
255 128 1 1 0 1
255 128 1 1 0 1
255 128 1 1 0 1
85 255 1 1 1 21675
235 225 235 193 0 45355
147 90 181 85 1 13230
202 230 121 11 1 46460
1 2 170 170 1 2
153 236 123 94 0 11562
128 254 2 255 0 510
118 24 159 123 0 19557
13 255 227 108 0 24516
255 255 1 85 1 65025
254 165 225 182 0 40950
88 78 87 163 1 6864
254 85 2 85 0 170
254 85 2 85 0 170
254 85 2 85 0 170
2 2 0 128 0 0
163 111 47 195 1 18093
245 207 72 154 1 50715
243 52 132 200 1 12636
233 240 97 80 1 55920
233 240 97 80 1 55920
233 240 97 80 1 55920
88 229 97 85 0 8245
66 113 161 254 1 7458
170 1 254 254 0 64516
2 170 0 254 1 340
221 115 206 30 1 25415
174 20 144 149 1 3480
127 136 111 191 1 17272
29 111 41 159 0 6519
39 220 105 10 0 1050
75 7 97 106 1 525
75 7 97 106 1 525
75 7 97 106 1 525
75 7 97 106 1 525
75 7 97 106 1 525
22 108 63 9 1 2376
159 207 2 89 1 32913
159 207 2 89 1 32913
159 207 2 89 1 32913
159 207 2 89 1 32913
159 207 2 89 1 32913
33 162 139 142 0 19738
38 164 102 153 0 15606
85 0 2 0 1 0
1 170 255 170 0 43350
228 62 75 36 0 2700
228 62 75 36 0 2700
228 62 75 36 0 2700
228 62 75 36 0 2700
228 62 75 36 0 2700
41 222 138 182 1 9102
63 142 85 248 1 8946
147 202 166 92 1 29694
22 51 234 49 1 1122
128 85 170 2 0 340
1 42 248 213 1 42
226 158 167 3 1 35708
128 85 1 1 0 1
170 255 0 128 0 0
128 2 1 255 0 255
0 70 141 82 1 0
144 201 47 186 0 8742
196 252 170 42 0 7140
2 12 95 21 1 24
2 85 85 85 1 170
35 57 166 88 1 1995
85 251 122 98 1 21335
85 251 122 98 1 21335
85 251 122 98 1 21335
85 251 122 98 1 21335
85 251 122 98 1 21335
53 190 246 35 0 8610
147 208 39 166 1 30576
147 208 39 166 1 30576
128 170 1 128 0 128
193 155 245 76 0 18620
193 155 245 76 0 18620
193 155 245 76 0 18620
193 155 245 76 0 18620
193 155 245 76 0 18620
1 2 128 2 1 2
224 96 243 175 1 21504
212 145 127 29 0 3683
71 33 44 11 1 2343
138 218 110 47 1 30084
255 255 2 85 0 170
209 21 111 79 0 8769
209 21 111 79 0 8769
209 21 111 79 0 8769
209 21 111 79 0 8769
29 151 69 117 0 8073
170 1 1 254 0 254
38 0 226 34 0 7684
30 38 14 57 0 798
208 179 41 200 1 37232
199 97 198 198 1 19303
248 9 31 192 1 2232
128 170 2 128 0 256
152 29 233 129 1 4408
37 158 121 13 1 5846
81 246 89 104 0 9256
128 85 128 170 0 21760
128 85 128 170 0 21760
213 6 89 102 0 9078
227 170 165 56 0 9240
227 170 165 56 0 9240
227 170 165 56 0 9240
227 170 165 56 0 9240
227 170 165 56 0 9240
56 85 178 105 1 4760
254 255 1 255 0 255
0 255 85 255 1 0
0 255 85 255 1 0
0 255 85 255 1 0
0 255 85 255 1 0
0 255 85 255 1 0
49 180 219 190 0 41610
2 85 255 170 0 43350
70 224 254 195 1 15680
70 224 254 195 1 15680
70 224 254 195 1 15680
146 55 178 254 1 8030
188 97 234 54 0 12636
188 97 234 54 0 12636
188 97 234 54 0 12636
37 25 206 133 0 27398
195 72 48 123 0 5904
251 102 133 125 0 16625
251 102 133 125 0 16625
218 241 127 53 1 52538
181 62 185 142 0 26270
255 128 170 2 1 32640
98 9 163 135 0 22005
117 218 220 101 0 22220
2 128 128 85 0 10880
154 153 68 246 0 16728
114 34 56 99 1 3876
114 34 56 99 1 3876
114 34 56 99 1 3876
114 34 56 99 1 3876
111 150 97 229 0 22213
127 150 231 243 1 19050
11 113 219 139 0 30441
198 46 139 219 1 9108
2 254 128 170 0 21760
254 2 254 1 1 508
161 199 205 31 1 32039
3 218 192 171 1 654
79 111 143 214 1 8769
254 128 1 1 0 1
77 189 54 82 1 14553
77 189 54 82 1 14553
211 9 36 107 1 1899
8 131 252 126 0 31752
136 122 57 201 0 11457
136 122 57 201 0 11457
136 122 57 201 0 11457
136 122 57 201 0 11457
136 122 57 201 0 11457
104 214 72 64 0 4608
104 214 72 64 0 4608
104 214 72 64 0 4608
14 248 53 142 1 3472
128 85 255 128 0 32640
187 46 146 205 0 29930
34 140 191 47 0 8977
46 151 121 249 0 30129
190 70 61 115 1 13300
77 4 237 108 1 308
170 254 0 254 1 43180
43 157 2 128 1 6751
27 107 100 100 0 10000
156 84 28 201 0 5628
1 85 2 128 0 256
147 102 190 113 1 14994
147 167 177 153 1 24549
128 2 2 2 1 256
194 225 93 229 0 21297
195 9 173 189 0 32697
97 147 23 27 1 14259
183 123 56 230 1 22509
70 141 78 5 0 390
70 141 78 5 0 390
70 141 78 5 0 390
100 74 24 89 0 2136
255 255 170 0 0 0
6 76 234 94 0 21996
1 170 0 2 1 170
1 254 128 254 0 32512
5 166 103 112 1 830
2 0 0 170 0 0
149 109 103 138 1 16241
255 254 1 1 0 1
212 191 159 202 0 32118
91 210 34 60 0 2040
115 118 27 100 1 13570
128 91 127 80 0 10160
211 173 165 161 0 26565
130 223 180 198 0 35640
255 0 2 85 0 170
26 220 112 1 0 112
168 206 29 157 0 4553
101 86 138 126 0 17388
134 36 126 32 0 4032
67 239 198 38 1 16013
80 230 28 53 0 1484
235 160 6 232 1 37600
235 160 6 232 1 37600
235 160 6 232 1 37600
235 160 6 232 1 37600
2 170 85 255 0 21675
87 110 114 170 1 9570
142 3 103 19 0 1957
212 126 58 115 1 26712
176 232 160 109 0 17440
176 232 160 109 0 17440
176 232 160 109 0 17440
176 232 160 109 0 17440
106 253 187 92 1 26818
106 253 187 92 1 26818
106 253 187 92 1 26818
106 253 187 92 1 26818
225 25 186 182 1 5625
49 228 16 228 1 11172
149 210 150 89 0 13350
248 35 74 168 0 12432
248 35 74 168 0 12432
83 101 82 33 1 8383
183 254 75 128 1 46482
183 254 75 128 1 46482
20 45 97 254 0 24638
0 2 1 85 0 85
244 38 234 181 0 42354
89 82 109 84 1 7298
89 82 109 84 1 7298
171 95 113 226 0 25538
111 217 37 133 0 4921
1 1 0 1 0 0
13 142 119 142 0 16898
242 32 126 182 1 7744
205 9 145 235 1 1845
40 158 220 252 0 55440
38 18 60 243 1 684
137 157 8 131 0 1048
1 128 1 0 1 128
1 128 1 0 1 128
120 176 38 57 1 21120
174 100 80 248 1 17400
85 1 255 254 0 64770
254 85 1 1 0 1
209 1 153 159 0 24327
47 219 51 227 0 11577
166 86 54 112 1 14276
218 158 6 231 0 1386
197 5 56 214 1 985
80 142 40 26 0 1040
80 142 40 26 0 1040
80 142 40 26 0 1040
80 142 40 26 0 1040
229 165 192 199 0 38208
229 165 192 199 0 38208
229 165 192 199 0 38208
229 165 192 199 0 38208
229 165 192 199 0 38208
85 0 0 0 1 0
185 4 246 17 0 4182
113 171 53 13 0 689
128 2 0 1 0 0
85 170 255 128 0 32640
237 31 95 247 1 7347
167 163 108 239 1 27221
253 216 45 254 0 11430
115 104 121 62 0 7502
31 139 225 144 1 4309
155 10 232 144 1 1550
2 0 128 128 0 16384
2 0 128 128 0 16384
2 0 128 128 0 16384
2 0 128 128 0 16384
2 0 128 128 0 16384
66 129 165 153 0 25245
66 129 165 153 0 25245
151 27 234 103 1 4077
200 78 244 86 0 20984
155 179 87 147 0 12789
170 128 1 255 1 21760
162 2 168 96 0 16128
162 2 168 96 0 16128
162 2 168 96 0 16128
102 16 201 194 1 1632
59 74 201 54 0 10854
73 157 188 23 1 11461
66 160 91 97 1 10560
1 0 128 1 1 0
1 0 128 1 1 0
1 0 128 1 1 0
1 0 128 1 1 0
199 215 49 254 1 42785
199 215 49 254 1 42785
199 215 49 254 1 42785
168 227 6 239 0 1434
255 0 128 1 1 0
221 133 162 92 1 29393
219 78 167 238 0 39746
219 78 167 238 0 39746
219 78 167 238 0 39746
219 78 167 238 0 39746
126 209 138 13 1 26334
126 209 138 13 1 26334
225 243 40 206 0 8240
122 26 151 234 1 3172
122 26 151 234 1 3172
242 116 95 219 0 20805
110 170 85 1 1 18700
183 197 14 169 0 2366
85 128 128 0 0 0
85 128 128 0 0 0
85 128 128 0 0 0
85 128 128 0 0 0
128 0 255 2 1 0
249 239 40 166 1 59511
42 202 215 70 1 8484
252 191 48 209 1 48132
188 118 22 206 0 4532
9 155 62 5 1 1395
112 170 183 188 1 19040
203 82 38 111 1 16646
128 0 1 254 0 254
255 1 128 85 0 10880
107 148 80 159 1 15836
241 226 2 218 1 54466
64 14 139 225 0 31275
176 95 225 191 1 16720
48 160 59 49 0 2891
254 85 170 2 1 21590
155 240 47 169 1 37200
170 1 2 1 1 170
111 149 105 132 1 16539
222 5 222 4 1 1110
128 254 2 85 0 170
128 254 2 85 0 170
128 254 2 85 0 170
128 254 2 85 0 170
128 254 2 85 0 170
2 254 85 2 0 170
65 117 20 115 0 2300
1 22 67 94 0 6298
128 128 1 2 0 2
81 185 76 242 0 18392
213 187 67 52 0 3484
213 187 67 52 0 3484
123 11 35 152 0 5320
97 245 74 135 1 23765
2 255 2 128 0 256
247 177 94 102 1 43719
247 177 94 102 1 43719
113 26 25 251 1 2938
229 10 20 140 1 2290
93 25 85 45 1 2325
172 160 211 165 0 34815
233 187 107 64 1 43571
94 216 17 9 0 153
235 155 229 246 1 36425
190 25 6 187 1 4750
238 213 172 111 0 19092
240 252 93 202 1 60480
85 0 255 170 0 43350
85 0 255 170 0 43350
153 242 212 160 0 33920
0 85 254 1 0 254
1 1 0 2 0 0
128 170 128 0 0 0
80 212 155 19 0 2945
128 255 1 128 1 32640
2 0 1 255 0 255
2 0 1 255 0 255
2 0 1 255 0 255
2 0 1 255 0 255
2 0 1 255 0 255
90 88 47 19 0 893
250 16 247 199 0 49153
136 20 253 220 1 2720
8 227 217 168 0 36456
192 151 227 75 1 28992
185 60 28 128 0 3584
85 85 1 85 0 85
193 131 78 234 1 25283
193 131 78 234 1 25283
193 131 78 234 1 25283
128 85 254 85 1 10880
1 170 254 254 0 64516
1 170 254 254 0 64516
1 170 254 254 0 64516
1 170 254 254 0 64516
1 170 254 254 0 64516
255 255 85 254 1 65025
53 230 199 251 1 12190
255 2 2 85 0 170
202 44 78 17 0 1326
128 254 2 0 0 0
206 10 60 113 1 2060
89 69 116 109 0 12644
146 9 109 116 1 1314
63 234 32 234 1 14742
89 46 235 37 1 4094
164 236 179 27 0 4833
23 163 89 236 1 3749
244 102 88 171 0 15048
244 102 88 171 0 15048
178 182 52 234 0 12168
254 170 2 85 0 170
254 170 2 85 0 170
254 170 2 85 0 170
254 170 2 85 0 170
24 2 112 120 0 13440
201 244 181 64 0 11584
201 244 181 64 0 11584
201 244 181 64 0 11584
201 244 181 64 0 11584
213 49 196 249 1 10437
213 49 196 249 1 10437
213 49 196 249 1 10437
1 128 2 2 0 4
170 254 1 170 1 43180
254 170 128 2 0 256
170 1 254 1 0 254
13 207 48 128 1 2691
233 129 78 49 0 3822
128 0 255 255 0 65025
128 0 255 255 0 65025
128 0 255 255 0 65025
161 114 235 154 1 18354
255 170 1 1 0 1
128 255 2 2 0 4
37 102 86 74 1 3774
217 48 69 165 0 11385
33 13 227 4 0 908
95 228 107 134 0 14338
95 228 107 134 0 14338
95 228 107 134 0 14338
95 228 107 134 0 14338
95 228 107 134 0 14338
85 170 0 255 0 0
128 2 85 2 0 170
26 112 3 37 1 2912
26 112 3 37 1 2912
26 112 3 37 1 2912
26 112 3 37 1 2912
85 2 128 85 0 10880
247 252 110 220 0 24200
124 118 8 87 1 14632
85 85 254 85 0 21590
81 59 173 222 0 38406
85 0 0 170 0 0
65 111 3 144 0 432
157 196 128 205 1 30772
99 101 169 184 0 31096
0 1 2 85 1 0
172 158 59 100 1 27176
16 149 118 187 1 2384
169 48 230 81 1 8112
128 1 1 254 1 128
211 204 169 182 0 30758
33 38 52 247 1 1254
203 112 255 182 0 46410
1 170 170 255 0 43350
1 255 255 2 0 510
188 11 73 76 0 5548
13 208 250 78 1 2704
83 5 183 156 0 28548
170 170 0 2 1 28900
134 18 82 131 1 2412
229 100 250 4 0 1000
179 176 252 253 0 63756
93 122 238 99 1 11346
86 233 136 130 1 20038
1 255 255 0 1 255
32 250 195 219 0 42705
128 128 170 1 1 16384
2 255 0 255 0 0
2 255 0 255 0 0
2 255 0 255 0 0
2 255 0 255 0 0
212 72 16 127 1 15264
67 58 204 125 0 25500
67 58 204 125 0 25500
243 163 243 209 0 50787
76 193 92 70 0 6440
0 1 254 85 0 21590
0 1 254 85 0 21590
0 1 254 85 0 21590
0 1 254 85 0 21590
0 1 254 85 0 21590
229 120 37 4 1 27480
179 33 75 217 1 5907
179 33 75 217 1 5907
179 33 75 217 1 5907
179 33 75 217 1 5907
179 33 75 217 1 5907
222 143 3 244 1 31746
255 1 170 2 1 255
96 106 254 118 1 10176
2 255 255 85 0 21675
170 254 1 0 1 43180
170 254 1 0 1 43180
170 254 1 0 1 43180
170 254 1 0 1 43180
170 254 1 0 1 43180
221 5 17 212 0 3604
185 196 243 97 1 36260
171 169 162 37 0 5994
24 177 112 21 0 2352
95 202 62 142 0 8804
195 72 212 205 1 14040
128 2 128 128 1 256
225 255 153 230 0 35190
128 254 254 255 0 64770
0 128 128 254 0 32512
98 223 28 201 1 21854
97 89 207 66 1 8633
2 2 1 85 0 85
240 92 43 60 0 2580
240 92 43 60 0 2580
240 92 43 60 0 2580
240 92 43 60 0 2580
240 92 43 60 0 2580
94 130 117 9 0 1053
198 35 243 37 0 8991
0 0 1 0 0 0
170 128 170 255 0 43350
204 76 157 232 0 36424
143 216 136 184 0 25024
97 41 171 68 0 11628
172 51 125 98 0 12250
255 2 2 255 1 510
114 12 125 196 1 1368
40 31 198 65 1 1240
254 255 0 0 1 64770
35 73 120 21 0 2520
35 73 120 21 0 2520
35 73 120 21 0 2520
35 73 120 21 0 2520
63 134 7 224 0 1568
170 255 255 85 0 21675
0 2 254 1 0 254
0 2 254 1 0 254
0 2 254 1 0 254
0 2 254 1 0 254
0 2 254 1 0 254
131 31 183 147 0 26901
131 31 183 147 0 26901
131 31 183 147 0 26901
131 31 183 147 0 26901
182 217 28 184 1 39494
129 143 104 154 0 16016
1 254 170 128 0 21760
112 190 149 234 1 21280
128 41 33 68 0 2244
88 231 238 141 0 33558
58 90 153 48 0 7344
63 151 102 212 1 9513
11 185 125 139 0 17375
38 17 88 116 1 646
2 254 170 1 1 508
159 76 152 59 0 8968
220 195 126 129 0 16254
2 85 2 128 0 256
59 158 167 132 0 22044
41 77 233 91 0 21203
85 128 0 254 0 0
59 197 116 239 0 27724
85 85 85 2 0 170
140 228 201 208 1 31920
231 201 132 122 0 16104
73 111 119 130 1 8103
252 247 186 34 1 62244
252 247 186 34 1 62244
111 192 106 164 1 21312
199 64 63 176 0 11088
141 98 66 250 0 16500
141 98 66 250 0 16500
141 98 66 250 0 16500
141 98 66 250 0 16500
141 98 66 250 0 16500
190 199 96 57 0 5472
168 134 103 196 1 22512
170 0 255 85 0 21675
170 0 255 85 0 21675
2 255 1 170 0 170
254 2 128 255 1 508
254 2 128 255 1 508
254 2 128 255 1 508
254 2 128 255 1 508
254 2 128 255 1 508
8 249 231 81 1 1992
180 5 171 60 1 900
171 104 247 247 0 61009
255 128 254 85 1 32640
216 68 3 198 0 594
0 128 170 2 0 340
38 194 224 234 1 7372
219 87 205 19 1 19053
219 87 205 19 1 19053
219 87 205 19 1 19053
85 85 170 85 1 7225
85 85 170 85 1 7225
142 186 56 214 0 11984
96 126 141 107 0 15087
255 0 0 1 1 0
255 0 0 1 1 0
255 0 0 1 1 0
255 0 0 1 1 0
255 0 0 1 1 0
254 255 254 254 1 64770
241 40 215 172 1 9640
41 63 160 172 0 27520
5 168 50 226 0 11300
139 223 176 71 0 12496
254 128 128 255 0 32640
182 73 183 131 0 23973
81 123 166 254 0 42164
64 18 119 122 1 1152
222 195 186 93 0 17298
222 195 186 93 0 17298
222 195 186 93 0 17298
222 195 186 93 0 17298
171 80 90 114 1 13680
2 1 2 128 0 256
2 1 2 128 0 256
2 1 2 128 0 256
2 1 2 128 0 256
2 1 2 128 0 256
130 179 149 81 1 23270
233 125 34 212 0 7208
73 92 122 41 1 6716
0 0 128 128 0 16384
205 44 159 234 0 37206
17 5 240 117 0 28080
65 19 83 101 1 1235
2 1 254 254 0 64516
237 238 165 149 0 24585
1 170 0 255 0 0
0 1 254 128 0 32512
172 116 209 193 0 40337
0 254 85 1 1 0
90 153 61 213 0 12993
241 229 133 98 1 55189
254 170 2 1 1 43180
2 128 254 1 1 256
1 128 0 254 0 0
220 49 44 159 0 6996
58 155 81 90 1 8990
82 162 158 107 0 16906
255 2 1 1 0 1
1 85 254 254 0 64516
243 29 186 135 1 7047
105 36 243 252 0 61236
255 109 26 145 1 27795
255 255 85 254 0 21590
224 229 226 118 1 51296
170 2 255 254 1 340
1 85 1 255 0 255
2 254 255 85 1 508
118 152 84 127 1 17936
118 152 84 127 1 17936
170 40 90 3 1 6800
1 128 2 85 0 170
1 128 2 85 0 170
1 128 2 85 0 170
220 78 150 232 1 17160
220 78 150 232 1 17160
148 224 71 80 0 5680
186 118 179 179 1 21948
225 107 218 3 1 24075
20 18 211 60 0 12660
20 18 211 60 0 12660
243 97 168 111 0 18648
128 170 128 255 1 21760
197 204 112 18 0 2016
170 254 2 255 0 510
170 254 2 255 0 510
170 254 2 255 0 510
85 255 170 1 1 21675
85 85 85 85 1 7225
85 85 170 0 0 0
128 1 170 128 1 128
0 255 254 128 1 0
159 37 36 95 1 5883
74 88 160 201 0 32160
31 115 78 35 0 2730
2 2 1 85 0 85
2 2 1 85 0 85
203 19 217 171 0 37107
21 203 125 56 0 7000
17 14 93 104 0 9672
17 14 93 104 0 9672
17 14 93 104 0 9672
252 184 148 190 1 46368
252 184 148 190 1 46368
252 184 148 190 1 46368
154 241 47 90 1 37114
41 228 137 27 1 9348
117 50 21 138 1 5850
44 237 194 247 1 10428
137 129 117 50 0 5850
133 99 133 106 1 13167
2 255 255 85 0 21675
79 228 153 173 1 18012
79 228 153 173 1 18012
79 228 153 173 1 18012
79 228 153 173 1 18012
79 228 153 173 1 18012
224 123 194 31 1 27552
9 135 139 230 0 31970
9 135 139 230 0 31970
157 232 237 46 0 10902
170 254 170 85 0 14450
195 151 199 163 0 32437
176 251 55 16 0 880
254 0 255 170 0 43350
192 38 128 191 1 7296
1 255 128 2 0 256
132 151 43 97 0 4171
196 31 226 168 1 6076
242 120 239 68 0 16252
249 133 95 163 0 15485
32 144 218 226 0 49268
128 128 0 170 0 0
254 0 170 85 0 14450
128 0 0 255 1 0
136 2 208 234 1 272
215 182 67 96 1 39130
1 128 2 255 0 510
85 128 255 2 0 510
205 198 219 25 1 40590
28 228 202 48 1 6384
0 2 0 170 1 0
170 255 2 1 0 2
170 254 0 2 0 0
180 150 90 112 1 27000
85 85 85 0 0 0
86 119 43 57 1 10234
130 242 67 155 1 31460
76 114 211 245 1 8664
220 183 85 217 0 18445
220 183 85 217 0 18445
128 254 254 254 1 32512
0 254 254 255 0 64770
77 72 171 176 0 30096
1 170 2 2 1 170
2 85 254 128 0 32512
170 135 60 22 0 1320
49 230 12 6 1 11270
128 85 0 0 0 0
194 54 106 89 0 9434
0 170 254 2 1 0
153 215 183 252 0 46116
0 0 254 1 1 0
0 0 254 1 1 0
0 0 254 1 1 0
0 0 254 1 1 0
245 236 99 92 1 57820
2 2 85 170 1 4
128 128 170 170 0 28900
128 128 170 170 0 28900
128 128 170 170 0 28900
128 128 170 170 0 28900
128 128 170 170 0 28900
170 2 170 1 0 170
255 2 85 254 0 21590
75 151 10 79 0 790
221 31 191 160 1 6851
254 85 254 2 1 21590
0 128 170 128 0 21760
170 255 254 254 0 64516
254 2 0 254 0 0
180 67 5 54 0 270
180 67 5 54 0 270
180 67 5 54 0 270
180 67 5 54 0 270
180 67 5 54 0 270
254 1 2 0 0 0
55 116 38 18 1 6380
107 12 236 66 1 1284
179 70 81 176 0 14256
78 175 161 185 0 29785
252 196 81 83 1 49392
252 203 15 73 1 51156
2 85 254 170 1 170
159 150 213 46 0 9798
159 150 213 46 0 9798
124 59 97 148 1 7316
124 59 97 148 1 7316
124 59 97 148 1 7316
124 59 97 148 1 7316
235 65 162 113 1 15275
235 65 162 113 1 15275
85 85 85 255 1 7225
202 228 156 164 1 46056
255 255 0 254 0 0
255 2 128 2 0 256
203 88 186 197 1 17864
177 198 252 141 1 35046
111 37 19 104 0 1976
85 0 255 85 0 21675
85 0 255 85 0 21675
85 0 255 85 0 21675
85 0 255 85 0 21675
85 170 2 2 0 4
25 236 9 6 0 54
201 173 243 90 1 34773
144 29 214 148 0 31672
170 1 255 254 0 64770
65 230 47 96 0 4512
232 93 7 144 1 21576
232 93 7 144 1 21576
232 93 7 144 1 21576
152 85 5 19 1 12920
136 220 10 214 1 29920
123 157 217 129 0 27993
128 1 85 254 0 21590
216 95 51 97 1 20520
118 90 117 204 0 23868
0 0 255 0 0 0
53 95 207 36 1 5035
32 129 250 250 0 62500
170 255 1 128 1 43350
169 196 237 36 0 8532
41 51 41 21 1 2091
46 14 39 97 1 644
83 14 149 254 1 1162
252 158 158 167 0 26386
252 158 158 167 0 26386
252 158 158 167 0 26386
252 158 158 167 0 26386
252 158 158 167 0 26386
63 120 2 162 1 7560
126 5 3 241 1 630
255 1 170 85 0 14450
133 176 21 234 1 23408
4 223 183 0 0 0
251 114 245 2 0 490
251 114 245 2 0 490
251 114 245 2 0 490
2 128 170 1 1 256
2 128 170 1 1 256
2 128 170 1 1 256
192 188 217 101 1 36096
27 117 191 23 0 4393
27 117 78 234 1 3159
27 117 78 234 1 3159
27 117 78 234 1 3159
27 117 78 234 1 3159
27 117 78 234 1 3159
48 219 134 66 1 10512
2 1 85 2 0 170
47 64 35 87 0 3045
130 183 246 169 1 23790
255 85 1 1 0 1
245 124 244 186 0 45384
209 250 218 132 1 52250
115 89 250 87 0 21750
170 128 255 254 1 21760
91 238 64 49 0 3136
57 177 239 65 1 10089
57 177 239 65 1 10089
57 177 239 65 1 10089
1 128 128 254 0 32512
186 141 74 225 0 16650
255 128 128 254 0 32512
255 128 128 254 0 32512
224 28 158 238 0 37604
128 255 1 85 1 32640
170 255 1 254 0 254
0 170 255 85 0 21675
85 255 1 2 1 21675
159 234 114 214 0 24396
159 234 114 214 0 24396
159 234 114 214 0 24396
159 234 114 214 0 24396
194 215 175 134 0 23450
72 97 157 56 0 8792
85 2 254 128 1 170
0 1 254 1 0 254
254 255 2 170 0 340
254 255 2 170 0 340
254 255 2 170 0 340
171 216 180 105 0 18900
255 170 2 170 0 340
255 170 2 170 0 340
146 74 148 84 1 10804
2 254 254 255 0 64770
47 214 209 60 1 10058
254 1 1 170 0 170
237 232 148 116 0 17168
237 232 148 116 0 17168
255 255 170 170 0 28900
0 2 170 0 0 0
2 170 254 1 0 254
243 139 182 213 0 38766
176 37 221 221 0 48841
176 37 221 221 0 48841
176 37 221 221 0 48841
56 197 23 249 0 5727
60 253 205 81 1 15180
217 192 247 53 1 41664
254 254 255 254 1 64516
85 170 170 1 0 170
205 12 148 51 0 7548
162 235 139 137 0 19043
125 189 1 108 0 108
235 123 23 236 1 28905
211 112 19 45 0 855
103 169 137 99 0 13563
184 109 11 234 0 2574
68 253 11 72 1 17204
128 254 170 85 0 14450
85 254 85 128 0 10880
65 79 162 1 0 162
215 255 207 186 1 54825
47 1 124 6 0 744
48 146 238 91 0 21658
113 121 109 95 1 13673
113 121 109 95 1 13673
113 121 109 95 1 13673
222 184 7 204 0 1428
105 230 78 206 0 16068
105 230 78 206 0 16068
105 230 78 206 0 16068
105 230 78 206 0 16068
128 254 1 128 0 128
38 20 226 219 1 760
108 132 213 216 0 46008
108 132 213 216 0 46008
1 85 254 0 0 0
157 188 93 66 0 6138
139 172 17 25 0 425
127 153 152 160 0 24320
102 33 182 16 0 2912
144 151 102 176 1 21744
51 39 35 141 0 4935
170 2 0 0 1 340
170 254 128 0 0 0
255 255 85 1 0 85
35 132 96 1 0 96
204 22 12 167 1 4488
85 2 1 254 0 254
128 2 0 0 0 0
255 170 1 255 0 255
0 1 255 128 1 0
0 1 255 128 1 0
0 1 255 128 1 0
0 1 255 128 1 0
255 1 254 255 1 255
145 226 54 108 0 5832
130 81 228 155 1 10530
69 201 78 189 1 13869
2 2 1 254 0 254
79 4 213 150 0 31950
76 233 33 224 0 7392
131 220 135 161 1 28820
197 57 162 46 0 7452
197 57 162 46 0 7452
197 57 162 46 0 7452
255 0 128 0 0 0
26 47 230 177 1 1222
26 47 230 177 1 1222
26 47 230 177 1 1222
26 47 230 177 1 1222
179 79 86 185 1 14141
170 170 1 254 1 28900
0 85 1 170 0 170
128 255 170 2 1 32640
2 1 254 85 0 21590
2 1 254 85 0 21590
2 1 254 85 0 21590
2 1 254 85 0 21590
198 143 229 43 0 9847
48 91 193 14 0 2702
185 132 170 175 0 29750
21 237 210 155 0 32550
254 254 0 1 0 0
157 77 187 6 0 1122
196 183 234 2 0 468
191 47 197 210 1 8977
173 215 53 255 1 37195
133 21 29 136 1 2793
2 255 128 2 0 256
2 255 128 2 0 256
2 255 128 2 0 256
2 255 128 2 0 256
2 255 128 2 0 256
221 46 7 46 0 322
235 146 108 120 1 34310
133 166 230 181 0 41630
41 52 89 37 1 2132
85 255 128 1 0 128
85 255 128 1 0 128
85 255 128 1 0 128
97 161 138 246 0 33948
97 161 138 246 0 33948
97 161 138 246 0 33948
97 161 138 246 0 33948
97 161 138 246 0 33948
98 84 142 134 0 19028
148 79 79 226 0 17854
135 140 238 213 0 50694
1 128 1 170 0 170
217 231 46 24 1 50127
126 47 170 42 1 5922
131 50 69 84 0 5796
111 104 69 21 1 11544
182 3 38 19 1 546
178 33 212 184 1 5874
178 33 212 184 1 5874
178 33 212 184 1 5874
178 33 212 184 1 5874
178 33 212 184 1 5874
177 157 86 226 0 19436
177 157 86 226 0 19436
177 157 86 226 0 19436
177 157 86 226 0 19436
175 198 186 186 0 34596
54 84 109 8 1 4536
209 42 64 160 1 8778
255 1 255 2 0 510
208 227 23 9 1 47216
4 248 239 175 0 41825
66 128 144 232 0 33408
81 84 29 164 0 4756
255 85 128 1 1 21675
0 128 85 254 0 21590
126 121 27 4 0 108
181 79 133 192 1 14299
150 146 44 216 0 9504
150 146 44 216 0 9504
150 146 44 216 0 9504
150 146 44 216 0 9504
68 87 222 118 0 26196
68 87 222 118 0 26196
68 87 222 118 0 26196
59 137 248 72 0 17856
59 211 239 167 0 39913
160 192 116 118 0 13688
32 48 130 225 1 1536
6 115 90 60 0 5400
187 62 212 81 0 17172
138 211 85 55 1 29118
106 120 155 199 0 30845
228 175 10 45 1 39900
215 22 176 239 0 42064
49 167 32 131 1 8183
170 128 255 2 1 21760
11 95 244 55 1 1045
105 150 177 76 0 13452
105 150 177 76 0 13452
105 150 177 76 0 13452
105 150 177 76 0 13452
105 150 177 76 0 13452
2 128 254 1 1 256
2 128 254 1 1 256
2 128 254 1 1 256
2 128 254 1 1 256
2 128 254 1 1 256
130 199 21 36 1 25870
130 199 21 36 1 25870
1 49 148 89 1 49
194 252 243 196 0 47628
255 254 0 85 1 64770
94 139 79 107 0 8453
94 139 79 107 0 8453
94 139 79 107 0 8453
94 139 79 107 0 8453
173 88 222 147 1 15224
17 74 204 47 1 1258
131 230 255 143 1 30130
232 153 48 220 1 35496
31 221 186 194 1 6851
31 221 186 194 1 6851
31 221 186 194 1 6851
50 119 144 59 1 5950
28 24 7 226 1 672
128 255 170 255 1 32640
152 45 172 207 1 6840
170 254 128 254 0 32512
170 254 128 254 0 32512
170 254 128 254 0 32512
170 254 128 254 0 32512
223 244 128 135 0 17280
22 184 201 158 0 31758
107 125 36 16 1 13375
254 0 170 170 1 0
48 164 142 22 1 7872
71 43 65 118 0 7670
240 192 54 18 0 972
240 192 54 18 0 972
240 192 54 18 0 972
240 192 54 18 0 972
240 192 54 18 0 972
77 47 230 237 0 54510
84 58 19 176 0 3344
86 95 27 252 0 6804
172 254 5 160 1 43688
85 1 254 1 0 254
241 31 245 172 1 7471
241 31 245 172 1 7471
241 31 245 172 1 7471
241 31 245 172 1 7471
241 31 245 172 1 7471
233 209 231 210 1 48697
128 254 2 2 0 4
85 1 2 0 0 0
2 170 1 1 1 340
2 170 1 1 1 340
135 114 157 84 0 13188
251 163 7 149 1 40913
251 163 7 149 1 40913
251 163 7 149 1 40913
0 85 0 254 1 0
2 0 1 1 0 1
0 254 170 0 1 0
155 232 163 112 1 35960
25 136 94 159 0 14946
232 245 181 174 1 56840
211 111 6 218 0 1308
212 76 203 19 0 3857
225 2 236 45 1 450
50 211 152 87 0 13224
134 0 43 98 0 4214
2 1 254 1 0 254
2 1 254 1 0 254
164 185 230 236 0 54280
233 253 232 19 1 58949
231 107 41 200 1 24717
231 107 41 200 1 24717
231 107 41 200 1 24717
231 107 41 200 1 24717
231 107 41 200 1 24717
189 84 96 8 0 768
201 138 233 8 1 27738
213 127 99 222 1 27051
83 38 110 102 1 3154
83 38 110 102 1 3154
83 38 110 102 1 3154
2 1 255 255 0 65025
114 84 3 98 0 294
112 163 3 179 0 537
139 127 153 4 0 612
34 55 242 95 0 22990
83 139 224 196 0 43904
83 139 224 196 0 43904
83 139 224 196 0 43904
83 139 224 196 0 43904
83 139 224 196 0 43904
243 85 84 110 1 20655
254 255 128 0 1 64770
254 255 128 0 1 64770
254 255 128 0 1 64770
254 255 128 0 1 64770
254 255 128 0 1 64770
53 204 179 121 0 21659
35 130 236 107 1 4550
82 140 79 175 1 11480
206 99 7 212 0 1484
206 255 41 168 1 52530
212 113 245 55 1 23956
171 43 155 227 1 7353
51 224 4 231 1 11424
255 254 170 255 0 43350
62 71 248 87 0 21576
255 128 128 128 0 16384
1 254 170 85 0 14450
153 171 80 241 1 26163
153 171 80 241 1 26163
0 1 254 2 1 0
0 1 254 2 1 0
0 1 254 2 1 0
0 1 254 2 1 0
203 252 142 246 0 34932
196 66 104 225 1 12936
