# x y z w
0 0 0 0
4294967295 4294967283 4294967271 4294967233
3176889822 2644862022 2112834222 2575563170
2058812348 994756748 4225668444 856159044
4117624697 1989513509 4156369617 1712318151
3940282099 3979027031 4017771963 3424636365
3585596903 3663086779 3740576655 2554305497
2876226510 3031206262 3186186014 813643698
1457485725 1767445241 2077404757 1627287459
2914971451 3534890495 4154809539 3254574981
1534975606 2774813694 4014651782 2214182666
3069951212 1254660092 3734336268 133398036
1844935128 2509320184 3173705240 266796072
3689870257 723673085 2052443209 533592207
3084773219 1447346183 4104886443 1067184477
1874579143 2894692379 3914805615 2134369017
3749158287 1494417475 3534643959 4268738097
3203349278 2988834950 2774320622 4242508898
2111731261 1682702617 1253673973 4190050563
4223462523 3365405247 2507347971 4085133893
4151957750 2435843198 719728646 3875300490
4008948205 576719113 1439457317 3455633747
3722929115 1153438239 2878914659 2616300261
3150890934 2306876478 1462862022 937633226
2006814572 318785660 2925724044 1875266452
4013629144 637571320 1556480792 3750532904
3732290992 1275142640 3112961584 3206098512
3169614688 2550285280 1930955872 2117229728
2044262080 805603264 3861911744 4234459456
4088524160 1611206528 3428856192 4173951616
3882081024 3222413056 2562745088 4052935936
3469194752 2149858816 830522880 3810904576
2643422209 4750349 1661045785 3326841919
991877122 9500698 3322091570 2358716542
1983754245 19001409 2349215869 422465851
3967508490 38002818 403464442 844931702
3640049685 76005649 806928909 1689863467
2985132075 152011311 1613857843 3379726997
1675296854 304022622 3227715686 2464486698
3350593709 608045257 2160464101 634006163
2406220123 1216090527 25960931 1268012389
517472950 2432181054 51921862 2536024778
1034945901 569394825 103843749 777082323
2069891802 1138789650 207687498 1554164646
4139783604 2277579300 415374996 3108329292
3984599913 260191317 830750017 1921691351
3674232530 520382634 1661500034 3843382702
3053497764 1040765268 3323000068 3391798108
1812028233 2081530549 2351032865 2488628983
3624056467 4163061111 407098459 682290733
2953145639 4031154939 814196943 1364581529
1611323983 3767342595 1628393911 2729163121
3222647966 3239717894 3256787822 1163358946
2150328636 2184468492 2218608348 2326717892
5689976 73969688 142249400 358468488
11379952 147939376 284498800 716936976
22759905 295878765 568997625 1433874015
45519811 591757543 1137995275 2867748093
91039623 1183515099 2275990575 1440528953
182079247 2367030211 257013879 2881057969
364158494 439093126 514027758 1467148642
728316988 878186252 1028055516 2934297284
1456633977 1756372517 2056111057 1573627335
2913267955 3512745047 4112222139 3147254733
1531568614 2730522798 3929476982 1999542170
3063137229 1166078313 3563986693 3999084403
1831307162 2332156626 2833006090 3703201510
3662614324 369345956 1371044884 3111435724
3030261353 738691925 2742089793 1927904215
1765555410 1477383850 1189212290 3855808430
3531110820 2954767700 2378424580 3416649564
2767254344 1614568104 461881864 2538331832
1239541392 3229136208 923763728 781696368
2479082785 2163305133 1847527481 1563392799
663198274 31642970 3695054962 3126785598
1326396549 63285953 3095142653 1958603963
2652793099 126571919 1895318035 3917207989
1010618903 253143851 3790636095 3539448745
2021237807 506287715 3286304919 2783930257
4042475615 1012575443 2277642567 1272893281
3789983934 2025150886 260317838 2545786562
3285000573 4050301785 520635701 796605891
2275033850 3805636274 1041271402 1593211782
255100404 3316305252 2082542804 3186423564
510200809 2337643221 4165085633 2077879895
1020401618 380319146 4035203970 4155759790
2040803237 760638305 3775440669 4016552347
4081606474 1521276610 3255914042 3738137398
3868245652 3042553220 2216860788 3181307500
3441524009 1790139157 138754305 2067647767
2588080723 3580278327 277508635 4135295597
881194151 2865589371 555017295 3975623961
1762388302 1436211446 1110034590 3656280626
3524776605 2872422905 2220069205 3017594019
2754585914 1449878514 145171114 1740220742
1214204533 2899757041 290342253 3480441547
2428409067 1504546799 580684531 2665915861
561850838 3009093598 1161369062 1036864426
1123701676 1723219900 2322738124 2073728852
2247403353 3446439813 350508977 4147457767
199839411 2597912343 701017979 3999948301
399678823 900857403 1402035983 3704929369
799357646 1801714806 2804071966 3114891442
1598715292 3603429612 1313176636 1934815588
3197430584 2911891928 2626353272 3869631176
2099893873 1528816573 957739273 3444295119
4199787746 3057633146 1915478546 2593622942
4104608196 1820298996 3830957092 892278588
3914249096 3640597992 3366946888 1784557176
3533530897 2986228701 2438926505 3569114415
2772094498 1677490106 582885714 2843261534
1249221701 3354980225 1165771453 1391555835
2498443402 2414993154 2331542906 2783111670
701919509 535019025 368118541 1271256107
1403839019 1070038063 736237107 2542512277
2807678039 2140076139 1472474239 790057321
1320388783 4280152291 2944948503 1580114705
2640777567 4265337299 1594929735 3160229473
986587838 4235707302 3189859470 2025491650
1973175677 4176447321 2084751669 4050983363
3946351355 4057927359 4169503363 3806999493
3597735414 3820887422 4044039430 3319031690
2900503533 3346807561 3793111589 2343096147
1506039771 2398647839 3291255907 391225061
3012079542 502328382 2287544518 782450122
1729191788 1004656764 280121740 1564900244
3458383576 2009313528 560243480 3129800488
2621799856 4018627056 1120486960 1964633680
948632417 3742286829 2240973945 3929267423
1897264835 3189606375 186980619 3563567613
3794529670 2084245454 373961238 2832167930
3294092045 4168490921 747922501 1369368627
2293216794 4042014546 1495845002 2738737254
291466293 3789061809 2991690029 1182507275
582932587 3283156335 1688412787 2365014613
1165865175 2271345387 3376825599 435061993
2331730351 247723491 2458683927 870124049
368493406 495446982 622400558 1740248098
736986812 990893964 1244801116 3480496196
1473973625 1981787941 2489602257 2666025159
2947947251 3963575895 684237243 1037083085
1600927206 3632184494 1368474486 2074166170
3201854412 2969401692 2736948972 4148332340
2108741529 1643836101 1178930673 4001697447
4217483058 3287672202 2357861346 3708427598
4139998821 2280377121 420755421 3121887963
3985030346 265786946 841510842 1948808630
3675093396 531573892 1683021684 3897617260
3055219497 1063147797 3366043393 3500267287
1815471698 2126295594 2437119490 2705567278
3630943396 4252591188 579271684 1116167260
2966919496 4210215080 1158543368 2232334520
1638871697 4125462877 2317086761 169701807
3277743394 3955958458 339206226 339403614
2260519492 3616949620 678412452 678807228
226071688 2938931944 1356824904 1357614456
452143377 1582896605 2713649833 2715228975
904286754 3165793210 1132332370 1135490654
1808573508 2036619124 2264664740 2270981308
3617147016 4073238248 234362184 246995320
2939326737 3851509213 468724393 493990703
1583686179 3408051143 937448811 987981469
3167372359 2521135003 1874897647 1975963001
2039777423 747302723 3749795319 3951926065
4079554846 1494605446 3204623342 3608884834
3864142397 2989210905 2114279413 2922802435
3433317498 1683454514 4228558826 1550637574
2571667701 3366909041 4162150381 3101275211
848368106 2438850786 4029333466 1907583126
1696736213 582734289 3763699661 3815166315
3393472426 1165468578 3232432026 3335365334
2491977556 2330937156 2169896756 2375763372
688987817 366907029 44826241 456559511
1377975635 733814071 89652507 913119085
2755951271 1467628155 179305039 1826238233
1216935247 2935256323 358610103 3652476529
2433870494 1575545350 717220206 3009985762
572773692 3151090700 1434440412 1725004228
1145547385 2007214117 2868880849 3450008519
2291094771 4014428247 1442794427 2605049805
287222247 3733889211 2885588879 915132377
574444494 3172811126 1476210462 1830264754
1148888988 2050654956 2952420924 3660529508
2297777977 4101309925 1609874577 3026091783
300588659 3907652567 3219749179 1757216333
601177319 3520337851 2144531087 3514432729
1202354638 2745708406 4289062174 2733898162
2404709276 1196449516 4283157052 1172829028
514451257 2392899045 4271346833 2345658119
1028902514 490830794 4247726370 396348942
2057805029 981661601 4200485469 792697947
4115610058 1963323202 4106003642 1585395894
3936252820 3926646404 3917039988 3170791788
3577538345 3558325525 3539112705 2046616343
2860109395 2821683767 2783258139 4093232749
1425251494 1348400238 1271548982 3891498202
2850502988 2696800476 2543097964 3488029108
1406038680 1098633656 791228632 2681090920
2812077360 2197267312 1582457264 1067214544
1329187425 99567341 3164914553 2134429151
2658374850 199134682 2034861810 4268858302
1021782405 398269377 4069723645 4242749371
2043564810 796538754 3844479994 4190531446
4087129621 1593077521 3393992717 4086095659
3879291946 3186155042 2493018138 3877224022
3463616597 2077342801 691069005 3459480811
2632265899 4154685615 1382138035 2623994389
969564502 4014403934 2764276070 953021482
1939129005 3733840585 1233584869 1906043027
3878258011 3172713887 2467169763 3812086117
3461548726 2050460478 639372230 3329204938
2628130156 4100920956 1278744460 2363442580
961293016 3906874616 2557488920 431917864
1922586032 3518781936 820010544 863835728
3845172064 2742596576 1640021088 1727671456
3395376832 1190225856 3280042176 3455342912
2495786368 2380451712 2265117056 2615718528
696605441 465936141 235266841 936469823
1393210883 931872295 470533707 1872939709
2786421766 1863744590 941067414 3745879418
1277876236 3727489180 1882134828 3196791540
2555752473 3160011077 3764269681 2098615847
816537650 2025054858 3233572066 4197231694
1633075300 4050109716 2172176836 4099496092
3266150600 3805252136 49386376 3904024888
2237333904 3315536976 98772752 3513082480
179700513 2336106669 197545529 2731197727
359401026 377246042 395091058 1167428158
718802052 754492084 790182116 2334856316
1437604104 1508984168 1580364232 374745336
2875208209 3017968349 3160728489 749490735
1455449123 1740969415 2026489707 1498981533
2910898246 3481938830 4052979414 2997963066
1526829196 2668910364 3810991532 1700958836
3053658392 1042853432 3327015768 3401917672
1812349489 2085706877 2359064265 2508868111
3624698979 4171413767 423161259 722768989
2954430663 4047860251 846322543 1445538041
1613894031 3800753219 1692645111 2891076145
3227788063 3306539155 3385290247 1487185057
2160608830 2318111014 2475613198 2974370114
26250364 341254732 656259100 1653772932
52500728 682509464 1312518200 3307545864
105001457 1365018941 2625036425 2320124495
210002915 2730037895 955105579 345281757
420005830 1165108494 1910211158 690563514
840011661 2330217001 3820422341 1381127091
1680023323 365466719 3345877411 2762254245
3360046647 730933451 2396787551 1229541257
2425125999 1461866915 498607831 2459082577
555284703 2923733843 997215687 623197921
1110569406 1552500390 1994431374 1246395842
2221138812 3105000780 3988862748 2492791684
147310328 1915034264 3682758200 690616072
294620656 3830068528 3070549104 1381232144
589241312 3365169760 1846130912 2762464288
1178482624 2435372224 3692261824 1229961280
2356965249 575777165 3089556377 2459922623
418963203 1151554343 1884145483 624878013
837926407 2303108699 3768290991 1249756089
1675852815 311250115 3241614711 2499512241
3351705631 622500243 2188262151 704057249
2408443967 1245000499 81557031 1408114561
521920639 2490001011 163114087 2816229185
1043841278 685034726 326228174 1337491074
2087682556 1370069452 652456348 2674982148
4175365113 2740138917 1304912721 1054997063
4055762930 1185310538 2609825442 2109994126
3816558565 2370621089 924683613 4219988315
3338149835 446274895 1849367251 4145009397
2381332374 892549790 3698734502 3995051498
467697453 1785099593 3102501733 3695135763
935394906 3570199186 1910036170 3095304230
1870789813 2845431089 3820072365 1895641227
3741579627 1395894895 3345177459 3791282517
3188191959 2791789803 2395387647 3287597801
2081416623 1288612323 495808023 2280228369
4162833246 2577224646 991616046 265489442
4030699196 859481996 1983232092 530978884
3766431096 1718963992 3966464184 1061957768
3237894896 3437927984 3637961072 2123915536
2180822496 2580888672 2980954848 4247831072
66677696 866810048 1666942400 4200694848
133355393 1733620109 3333884825 4106422463
266710786 3467240218 2372802354 3917877630
533421572 2639513140 450637412 3540787964
1066843144 984058984 901274824 2786608632
2133686288 1968117968 1802549648 1278249968
4267372577 3936235949 3605099321 2556499999
4239777858 3577504602 2915231346 818032702
4184588421 2860041921 1535495421 1636065467
4074209547 1425116559 3070990867 3272130997
3853451799 2850233131 1847014463 2249294761
3411936302 1405498966 3694028926 203622226
2528905308 2810997932 3093090556 407244452
762843320 1327028568 1891213816 814488904
1525686641 2654057149 3782427657 1628977871
3051373282 1013147002 3269888018 3257955742
1807779269 2026294017 2244808765 2220944251
3615558539 4052588047 194650259 146921269
2936149783 3810208811 389300543 293842601
1577332271 3325450339 778601111 587685265
3154664542 2355933382 1557202222 1175370530
2014361788 416899468 3114404444 2350741060
4028723576 833798936 1933841592 406514824
3762479856 1667597872 3867683184 813029648
3229992417 3335195757 3440399097 1626059359
2165017538 2375424218 2585830898 3252118718
35067780 455881140 876694500 2209270140
70135560 911762280 1753389000 123572984
140271121 1823524573 3506778025 247146031
280542243 3647049159 2718588779 494292125
561084487 2999131035 1142210287 988584313
1122168975 1703294787 2284420599 1977168689
2244337951 3406589587 273873927 3954337441
193708607 2518211891 547747879 3613707649
387417214 741456486 1095495758 2932448002
774834429 1482912985 2190991541 1569928771
1549668858 2965825970 87015786 3139857542
3099337717 1636684657 174031597 1984747851
1903708139 3273369327 348063219 3969495765
3807416279 2251771371 696126463 3644024297
3319865262 208575446 1392252926 2993081298
2344763229 417150905 2784505877 1691195363
394559162 834301810 1274044458 3382390726
789118325 1668603633 2548088941 2469814219
1578236651 3337207279 801210611 644661205
3156473302 2379447262 1602421222 1289322410
2017979309 463927241 3204842469 2578644883
4035958619 927854495 2114717667 862322533
3776949943 1855709003 4229435359 1724645129
3258932591 3711418019 4163903447 3449290321
2222897886 3127868742 4032839598 2603613346
150828477 1960770201 3770711925 912259459
301656954 3921540402 3246456554 1824518918
603313908 3548113508 2197945812 3649037836
1206627817 2801259733 100924353 3003108439
2413255634 1307552170 201848706 1711249582
531543972 2615104340 403697412 3422499164
1063087945 935241397 807394849 2550031095
2126175891 1870482807 1614789723 805094957
4252351783 3740965627 3229579471 1610189977
4209736270 3186963958 2164191646 3220379954
4124505245 2078960633 33416021 2145792675
3954043194 4157921266 66832042 4291585350
3613119093 4020875249 133664109 4288203467
2931270890 3746783202 267328218 4281439638
1567574485 3198599121 534656461 4267912043
3135148970 2102230946 1069312922 4240856790
1975330644 4204461892 2138625844 4186746284
3950661289 4113956501 4277251713 4078525335
3606355283 3932945719 4259536155 3862083437
2917743270 3570924142 4224105014 3429199578
1540519245 2846881001 4153242757 2563431923
3081038491 1398794719 4011518243 831896613
1867109686 2797589438 3728069190 1663793226
3734219373 1300211593 3161171109 3327586515
3173471450 2600423186 2027374922 2360205734
2051975605 905879089 4054749869 425444235
4103951211 1811758191 3814532467 850888533
3912935127 3623516395 3334097663 1701777129
3530902958 2952065494 2373228030 3403554258
2766838621 1609163705 451488789 2512141283
1238709947 3218327423 902977603 729315333
2477419894 2141687550 1805955206 1458630666
659872493 4283375113 3611910437 2917261395
1319744987 4271782943 2928853603 1539555557
2639489975 4248598603 1562739935 3079111177
984012655 4202229923 3125479895 1863255121
1968025311 4109492563 1955992519 3726510305
3936050622 3924017830 3911985038 3158053314
3577133948 3553068364 3529002780 2021139332
2859300600 2811169432 2763038264 4042278664
1423633904 1327371568 1231109232 3789590032
2847267808 2654743136 2462218464 3284212768
1399568320 1014518976 629469632 2273458240
2799136641 2029037965 1258939289 251949247
1303305986 4058075930 2517878578 503898494
2606611972 3821184564 740789860 1007796988
918256649 3347401845 1481579745 2015594039
1836513298 2399836394 2963159490 4031188078
3673026596 504705492 1631351684 3767408860
3051085896 1009410984 3262703368 3239850424
1807204497 2018821981 2230439465 2184733615
3614408994 4037643962 165911634 74499934
2933850693 3780320641 331823293 148999931
1572734090 3265673986 663646586 297999862
3145468180 2236380676 1327293172 595999724
1995969064 177794056 2654586344 1191999448
3991938129 355588125 1014205417 2383998959
3688908963 711176263 2028410859 473030685
3082850630 1422352526 4056821718 946061370
1870733964 2844705052 3818676140 1892122740
3741467928 1394442808 3342384984 3784245480
3187968561 2788885629 2389802697 3273523727
2080969826 1282803962 484638098 2252080158
4161939653 2565607937 969276221 209193083
4028912010 836248578 1938552442 418386166
3762856725 1672497169 3877104909 836772395
3230746154 3344994338 3459242522 1673544790
2166525012 2395021380 2623517748 3347089580
38082728 495075464 952068200 2399211864
76165456 990150928 1904136400 503456432
152330912 1980301856 3808272800 1006912864
304661824 3960603712 3321578304 2013825728
609323649 3626240141 2348189337 4027651519
1218647299 2957512999 401411403 3760335805
2437294599 1620058715 802822831 3225704377
579621903 3240117443 1605645687 2156441521
1159243806 2185267590 3211291374 17915746
2318487613 75567897 2127615477 35831555
342007931 151135807 4255230979 71663173
684015863 302271627 4215494687 143326409
1368031726 604543254 4136022078 286652818
2736063453 1209086521 3977076885 573305699
1177159610 2418173042 3659186474 1146611398
2354319220 541378788 3023405652 2293222796
413671145 1082757589 1751844033 291478359
827342290 2165515178 3503688066 582956718
1654684581 36063073 2712408861 1165913499
3309369162 72126146 1129850426 2331826998
2323771028 144252292 2259700852 368686700
352574761 288504597 224434433 737373463
705149523 577009207 448868891 1474746989
1410299046 1154018414 897737782 2949493978
2820598093 2308036841 1795475589 1604020723
1346228890 321106386 3590951178 3208041446
2692457780 642212772 2886935060 2121115596
1089948264 1284425544 1478902824 4242231192
2179896529 2568851101 2957805673 4189495151
64825763 842734919 1620644075 4084023069
129651526 1685469838 3241288150 3873078842
259303052 3370939676 2187609004 3451190388
518606105 2446912069 80250737 2607413543
1037212210 598856842 160501474 919859790
2074424421 1197713697 321002973 1839719643
4148848842 2395427394 642005946 3679439286
4002730388 495887492 1284011892 3063911276
3710493481 991774997 2568023809 1832855319
3126019667 1983550007 841080347 3665710701
1957072039 3967100027 1682160719 3036454169
3914144079 3639232771 3364321463 1777941105
3533320863 2983498259 2433675655 3555882273
2771674431 1672029235 572384039 2816797313
1248381566 3344058470 1144768078 1338627330
2496763132 2393149644 2289536156 2677254660
698558969 491332005 284105041 1059542087
1397117938 982664010 568210082 2119084174
2794235877 1965328033 1136420189 4238168411
1293504458 3930656066 2272840378 4181369526
2587008917 3566344849 250713485 4067771819
879050539 2837722415 501426995 3840576405
1758101079 1380477547 1002854015 3386185577
3516202158 2760955094 2005708030 2477403858
2737437020 1226942892 4011416060 659840420
1179906744 2453885784 3727864824 1319680840
2359813488 612804272 3160762352 2639361680
424659680 1225608544 2026557408 983756064
849319360 2451217088 4053114816 1967512128
1698638720 607466880 3811262336 3935024256
3397277441 1214933773 3327557401 3575081279
2499587587 2429867559 2360147531 2855195325
704207878 564767822 425327766 1415423354
1408415756 1129535644 850655532 2830846708
2816831513 2259071301 1701311089 1366726183
1338695731 223175319 3402622203 2733452429
2677391462 446350638 2510277110 1171937562
1059815628 892701276 725586924 2343875124
2119631257 1785402565 1451173873 392783015
4239262515 3570805143 2902347771 785566093
4183557734 2846642990 1509728246 1571132186
4072148172 1398318684 3019456492 3142264372
3849329048 2796637368 1743945688 1989561448
3403690800 1298307440 3487891376 3979122896
2512414304 2596614880 2680815456 3663278496
729861313 898262477 1066663641 3031589759
1459722627 1796524967 2133327307 1768212285
2919445254 3593049934 4266654614 3536424570
1543923212 2891132572 4238341932 2777881844
3087846424 1487297848 4181716568 1260796392
1880725553 2974595709 4068465865 2521592847
3761451107 1654224135 3841964459 748218461
3227934918 3308448270 3388961622 1496436922
2160902541 2321929257 2482955973 2992873907
26837786 348891218 670944650 1690780518
53675573 697782449 1341889325 3381561099
107351146 1395564898 2683778650 2468154902
214702292 2791129796 1072590004 641342508
429404584 1287292296 2145180008 1282685016
858809168 2574584592 4290360016 2565370032
1717618337 854201901 4285752761 835772831
3435236674 1708403802 4276538226 1671545662
2575506052 3416807604 4258109156 3343091324
856044809 2538647925 4221251041 2391215415
1712089619 782328567 4147534811 487463597
3424179238 1564657134 4000102326 974927194
2553391180 3129314268 3705237356 1949854388
811815064 1963661240 3115507416 3899708776
1623630129 3927322493 1936047561 3504450319
3247260259 3559677703 3872095147 2713933405
2199553223 2824388123 3449223023 1132899577
104139151 1353808963 2603478775 2265799217
208278303 2707617939 911990279 236631201
416556607 1120268595 1823980583 473262465
833113214 2240537190 3647961166 946524930
1666226428 186107084 3000955036 1893049860
3332452856 372214168 1706942776 3786099720
2369938416 744428336 3413885552 3277232144
444909537 1488856685 2532803833 2259497055
889819075 2977713383 770640395 224026877
1779638150 1660459470 1541280790 448053754
3559276301 3320918953 3082561605 896107571
2823585307 2346870623 1870155939 1792215205
1352203319 398773963 3740311903 3584430473
2704406638 797547926 3185656510 2873893650
1113845981 1595095865 2076345749 1452820067
2227691962 3190191730 4152691498 2905640134
160416628 2085416164 4010415700 1516312972
320833256 4170832328 3725864104 3032625944
641666512 4046697360 3156760912 1770284592
1283333025 3798427437 2018554553 3540569247
2566666050 3301887578 4037109106 2786171198
838364805 2308807873 3779250941 1277375163
1676729610 322648450 3263534586 2554750326
3353459220 645296900 2232101876 814533356
2411951144 1290593800 169236456 1629066712
528934993 2581187613 338472937 3258133487
1057869987 867407943 676945899 2221299741
2115739974 1734815886 1353891798 147632186
4231479949 3469631785 2707783621 295264435
4167992603 2644296287 1120599971 590528933
4041017910 993625278 2241199942 1181057866
3787068524 1987250556 187432588 2362115732
3279169752 3974501112 374865176 429264168
2263372208 3654034928 749730352 858528336
231777120 3013102560 1499460704 1717056672
463554240 1731237824 2998921408 3434113344
927108481 3462475661 1702875545 2573259455
1854216963 2629984039 3405751115 851551677
3708433926 965000782 2516534934 1703103354
3121900556 1930001564 738102572 3406206708
1948833817 3860003141 1476205169 2517446183
3897667634 3425038986 2952410338 739925070
3500367972 2555110676 1609853380 1479850140
2705768648 815254056 3219706760 2959700280
1116570001 1630508125 2144446249 1624433327
2233140003 3261016263 4288892523 3248866717
171312711 2227065243 4282817775 2202766201
342625423 159163203 4270668279 110565169
685250847 318326419 4246369287 221130401
1370501694 636652838 4197771278 442260802
2741003388 1273305676 4100575260 884521604
1187039480 2546611352 3906183224 1769043208
2374078960 798255408 3517399152 3538086416
453190625 1596510829 2739831033 2781205599
906381251 3193021671 1184694795 1267443965
1812762502 2091076046 2369389590 2534887930
3625525005 4182152105 443811909 774808627
2956082714 4069336914 887623818 1549617254
1617198133 3843706545 1775247661 3099234571
3234396266 3392445794 3550495322 1903501846
2173825236 2489924292 2806023348 3807003692
52683177 684881301 1317079425 3319040151
105366354 1369762602 2634158850 2343113006
210732709 2739525217 973350429 391258779
421465419 1184083151 1946700883 782517621
842930838 2368166302 3893401766 1565035242
1685861676 441365308 3491836236 3130070484
3371723353 882730629 2688705201 1965173735
2448479411 1765461271 1082443131 3930347533
601991526 3530922542 2164886262 3565727770
1203983052 2766877788 34805228 2836488244
2407966104 1238788280 69610456 1378009192
520964913 2477576573 139220937 2756018447
1041929827 660185863 278441899 1217069661
2083859654 1320371726 556883798 2434139322
4167719308 2640743452 1113767596 573311348
4040471320 986519608 2227535192 1146622696
3785975345 1973039229 160103113 2293245455
3276983395 3946078471 320206251 291523677
2258999495 3597189659 640412527 583047417
223031694 2899412022 1280825054 1166094834
446063389 1503856761 2561650133 2332189731
892126779 3007713535 828332995 369412229
1784253559 1720459787 1656666015 738824521
3568507118 3440919574 3313332030 1477649042
2842046941 2586871865 2331696789 2955298147
1389126587 878776447 368426307 1615629061
2778253174 1757552894 736852614 3231258122
1261539052 3515105788 1473705228 2167548948
2523078105 2735244293 2947410481 40130663
751188915 1175521303 1599853691 80261389
1502377830 2351042606 3199707382 160522778
3004755661 407117929 2104447493 321045619
1714544026 814235858 4208894986 642091238
3429088052 1628471716 4122822676 1284182476
2563208808 3256943432 3950678056 2568364952
831450321 2218919581 3606388841 841762671
1662900643 142871879 2917810411 1683525405
3325801286 285743758 1540653526 3367050810
2356635277 571487529 3081307077 2439134387
418303259 1142975071 1867646883 583301541
836606519 2285950155 3735293791 1166603145
1673213038 276933014 3175620286 2333206290
3346426076 553866028 2056273276 371445284
2397884856 1107732056 4112546552 742890568
500802416 2215464112 3930125808 1485781136
1001604832 135960928 3565284320 2971562272
2003209665 271921869 2835601369 1648157311
4006419330 543843738 1376235442 3296314622
3717871364 1087687476 2752470884 2297661948
3140775433 2175374965 1209974497 300356663
1986583571 55782647 2419949019 600713389
3973167143 111565307 544930767 1201426841
3651366991 223130627 1089861559 2402853745
3007766686 446261254 2179723118 510740194
1720566076 892522508 64478940 1021480388
3441132152 1785045016 128957880 2042960776
2587297009 3570090045 257915785 4085921615
879626723 2845212807 515831595 3876875997
1759253447 1395458331 1031663215 3458784761
3518506894 2790916662 2063326430 2622602226
2742046493 1286866041 4126652885 950237219
1189125691 2573732095 3958338499 1900474501
2378251383 852496907 3621709727 3800949065
461535471 1704993827 2948452183 3306930897
923070942 3409987654 1601937070 2318894498
1846141885 2525008025 3203874165 342821763
3692283771 755048767 2112781059 685643589
3089600247 1510097547 4225562143 1371287241
1884233198 3020195094 4156156990 2742574482
3768466397 1745422905 4017346709 1190181731
3241965498 3490845810 3739726122 2380363462
2188963701 2686724337 3184484973 465759691
82960107 1078481391 2074002675 931519445
165920215 2156962795 4148005375 1863038953
331840431 18958307 4001043479 3726077969
663680862 37916614 3707119662 3157188642
1327361725 75833241 3119272053 2019410051
2654723451 151666495 1943576835 4038820165
1014479606 303332990 3887153670 3782673034
2028959212 606665980 3479340044 3270378772
4057918425 1213331973 2663712817 2245790311
3820869554 2426663946 1032458338 196613326
3346771813 558360609 2064916701 393226715
2398576331 1116721231 4129833427 786453493
502185366 2233442462 3964699558 1572906986
1004370732 171917628 3634431820 3145813972
2008741464 343835256 2973896344 1996660648
4017482929 687670525 1652825417 3993321359
3739998563 1375341063 3305650859 3691675485
3185029830 2750682126 2316334422 3088383674
2075092364 1206396956 337701548 1881800052
4150184729 2412793925 675403121 3763600167
4005402162 530620554 1350806242 3232233038
3715837029 1061241121 2701612509 2169498843
3136706763 2122482255 1108257747 44030453
1978446230 4244964510 2216515494 88060906
3956892460 4194961724 138063692 176121812
3618817625 4094956165 276127409 352243687
2942667955 3894945047 552254843 704487437
1590368614 3494922798 1104509686 1408974874
3180737229 2694878313 2209019397 2817949811
2066507162 1094789330 123071498 1340932326
4133014324 2189578660 246142996 2681864652
3971061353 84190037 492286017 1068762071
3647155411 168380087 984572059 2137524205
2999343526 336760174 1969144118 4275048410
1703719756 673520348 3938288236 4255129524
3407439512 1347040696 3581609176 4215291752
2519911729 2694081405 2868251081 4135616271
744856163 1093195527 1441534891 3976265309
1489712327 2186391067 2883069807 3657563385
2979424654 77814838 1471172318 3020159474
1663882012 155629676 2942344636 1745351652
3327764025 311259365 1589722001 3490703367
2360560754 622518730 3179444002 2686439438
426154213 1245037473 2063920733 1077911643
852308426 2490074946 4127841466 2155823286
1704616853 685182609 3960715661 16679339
3409233707 1370365231 3626464051 33358741
2523500118 2740730462 2957960806 66717482
752032941 1186493641 1620954341 133435027
1504065883 2372987295 3241908707 266870117
3008131767 451007307 2188850143 533740297
1721296239 902014627 82733015 1067480657
3442592478 1804029254 165466030 2134961314
2590217661 3608058521 330932085 4269922691
885468027 2921149759 661864195 4244878149
1770936054 1547332222 1323728390 4194789002
3541872109 3094664457 2647456805 4094610771
2788776922 1894361618 999946314 3894254246
1282586549 3788723249 1999892653 3493541259
2565173098 3282479202 3999785306 2692115222
835378901 2269991121 3704603341 1089263211
1670757803 245014959 3114239411 2178526485
3341515606 490029918 1933511526 62085674
2388063917 980059849 3867023077 124171411
481160538 1960119698 3439078858 248342822
962321076 3920239396 2583190420 496685644
1924642152 3545511496 871413544 993371288
3849284305 2796055709 1742827113 1986742639
3403601315 1297144135 3485654251 3973485341
2512235335 2594288283 2676341231 3652003449
729503374 893609270 1057715166 3009039602
1459006748 1787218540 2115430332 1723111908
2918013497 3574437093 4230860689 3446223879
1541059699 2853906903 4166754107 2597480525
3082119398 1412846510 4038540918 899993754
1869271501 2825693033 3782114565 1799987571
3738543002 1356418770 3269261834 3599975142
3182118708 2712837540 2243556372 2904982988
2069270120 1130707784 192145448 1514998680
4138540240 2261415568 384290896 3029997360
3982113184 227863840 768581792 1765027424
3669259073 455727693 1537163609 3530054911
3043550851 911455399 3074327243 2765142589
1792134406 1822910798 1853687190 1235317882
3584268813 3645821609 3707374405 2470635827
2873570331 2996675935 3119781539 646304421
1452173367 1698384587 1944595807 1292608905
2904346734 3396769174 3889191614 2585217810
1513726172 2498571052 3483415932 875468324
3027452345 702174821 2671864593 1750936711
1759937395 1404349655 1048761915 3501873485
3519874791 2808699323 2097523855 2708779737
2744782287 1322431363 4195047735 1122592241
1194597279 2644862739 4095128199 2245184545
2389194559 994758195 3895289127 195401857
483421822 1989516390 3495610958 390803714
966843645 3979032793 2696254645 781607491
1933687290 3663098290 1097541994 1563214982
3867374581 3031229297 2195084013 3126430027
3439781866 1767491298 95200730 1957892758
2584596436 3534982596 190401460 3915785516
874225577 2774997909 380802945 3536603799
1748451155 1255028535 761605915 2778240365
3496902311 2510057083 1523211855 1261513497
2698837326 725146870 3046423710 2523026994
1102707356 1450293740 1797880124 751086692
2205414713 2900587493 3595760273 1502173447
115862131 1506207703 2896553275 3004346957
231724263 3012415419 1498139279 1713726681
463448526 1729863542 2996278558 3427453362
926897053 3459727097 1697589845 2559939491
1853794106 2624486898 3395179690 824911686
3707588212 954006500 2495392084 1649823372
3120209128 1908013000 695816872 3299646744
1945450960 3816026000 1391633744 2304326192
3890901921 3337084717 2783267513 313685151
3486836547 2379202151 1271567755 627370365
2678705799 463437019 2543135535 1254740793
1062444302 926874038 791303774 2509481586
2124888605 1853748089 1582607573 723995939
4249777210 3707496178 3165215146 1447991878
4204587124 3120025060 2035462996 2895983756
4114206953 1945082837 4070926017 1497000279
3933446611 3890165687 3846884763 2994000621
3571925926 3485364078 3398802230 1693033946
2848884557 2675760873 2502637189 3386067955
1402801818 1056554450 710307082 2477168614
2805603637 2113108913 1420614189 659369995
1316239979 4226217839 2841228403 1318740053
2632479959 4157468395 1387489535 2637480169
969992622 4019969494 2774979070 979993042
1939985245 3744971705 1254990869 1959986147
3879970490 3194976114 2509981738 3919972294
3464973684 2094984932 724996180 3544977292
2634980073 4189969877 1449992385 2794987351
974992850 4084972458 2899984770 1295007406
1949985701 3874977633 1505002269 2590014875
3899971402 3454987970 3010004538 885062454
3504975509 2615008657 1725041805 1770124971
2714983723 935050031 3450083635 3540250005
1135000151 1870100075 2605199999 2785532777
2270000303 3740200163 915432727 1276098321
245033311 3185433043 1830865479 2552196705
490066622 2075898790 3661730958 809426114
980133244 4151797580 3028494620 1618852228
1960266489 4008627877 1762021969 3237704519
3920532979 3722288471 3524043963 2180441805
3546098662 3149609646 2753120630 65916314
2797230028 2004251996 1211273964 131832628
1299492760 4008503992 2422547928 263665256
2598985521 3722040701 550128585 527330575
903003747 3149114119 1100257195 1054661213
1806007494 2003260942 2200514390 2109322426
3612014988 4006521884 106061484 4218644852
2929062681 3718076485 212122993 4142322471
1563158066 3141185674 424245986 3989677646
3126316132 1987404052 848491972 3684387996
1957664969 3974808117 1696983969 3073808759
3915329938 3654648938 3393967938 1852650222
3535692580 3014330580 2492968580 3705300444
2776417864 1733693864 690969864 3115633592
1257868432 3467387728 1381939728 1936299888
2515736865 2639808173 2763879481 3872599839
736506435 984649063 1232791691 3450232445
1473012871 1969298139 2465583407 2605497657
2946025742 3938596278 636199518 916028018
1597084188 3582225260 1272399036 1832056036
3194168377 2869483237 2544798097 3664112135
2093369459 1443999191 794628923 3033257037
4186738918 2887998382 1589257846 1771546778
4078510540 1481029468 3178515692 3543093556
3862053785 2962058949 2062064113 2791219879
3429140275 1629150615 4124128251 1287472525
2563313254 3258301230 3953289206 2574945050
831659212 2221635164 3611611116 854922804
1663318424 148303032 2928254936 1709845608
3326636849 296606077 1561542601 3419691279
2358306402 593212154 3123085202 2544415262
421645508 1186424308 1951203108 793863228
843291017 2372848629 3902406241 1587726519
1686582035 450729975 3509845211 3175453101
3373164070 901459950 2724723126 2055938906
2451360844 1802919900 1154478956 4111877812
607754393 3605839813 2308957937 3928788391
1215508786 2916712330 322948578 3562609486
2431017572 1538457364 645897156 2830251676
567067848 3076914728 1291794312 1365536056
1134135696 1858862160 2583588624 2731072112
2268271392 3717724320 872209952 1167176928
241575488 3140481344 1744419904 2334353856
483150977 1985995405 3488839833 373740479
966301955 3971990823 2682712395 747481021
1932603910 3649014350 1070457494 1494962042
3865207820 3003061404 2140914988 2989924084
3435448344 1711155512 4281829976 1684880872
2575929393 3422311037 4268692681 3369761807
856891490 2549654778 4242418066 2444556318
1713782981 804342273 4189868861 594145403
3427565962 1608684546 4084770426 1188290806
2560164628 3217369092 3874573556 2376581612
825361961 2139770901 3454179841 458195991
1650723922 4279541802 2613392386 916391982
3301447844 4264116308 931817476 1832783964
2307928393 4233265333 1863634977 3665567991
320889490 4171563370 3727269954 3036168686
641778980 4048159444 3159572612 1777370076
1283557960 3801351592 2024177928 3554740152
2567115920 3307735888 4048355856 2814513008
839264545 2320504493 3801744441 1334058783
1678529091 346041703 3308521611 2668117629
3357058182 692083406 2322075926 1041267962
2419149068 1384166812 349184556 2082535924
543330840 2768333624 698369112 4165071848
1086661681 1241699965 1396738249 4035176463
2173323363 2483399943 2793476523 3775385693
51679431 671832603 1291985775 3255804153
103358862 1343665206 2583971550 2216641010
206717724 2687330412 872975804 138314724
413435448 1079693528 1745951608 276629448
826870897 2159387069 3491903241 553258959
1653741795 23806855 2688839211 1106517981
3307483590 47613710 1082711126 2213035962
2319999885 95227433 2165422277 131104691
345032474 190454866 35877258 262209382
690064949 380909745 71754541 524418827
1380129898 761819490 143509082 1048837654
2760259797 1523638993 287018189 2097675371
1225552298 3047277986 574036378 4195350742
2451104597 1799588689 1148072781 4095734251
607241898 3599177378 2296145562 3896501206
1214483796 2903387460 297323828 3498035116
2428967593 1511807637 594647681 2701102999
562967890 3023615274 1189295362 1107238702
1125935781 1752263265 2378590749 2214477467
2251871563 3504526543 462214227 133987701
208775830 2714085790 924428454 267975402
417551660 1133204284 1848856908 535950804
835103321 2266408581 3697713841 1071901671
1670206643 237849879 3100460411 2143803405
3340413286 475699758 1905953526 4287606810
2385859276 951399516 3811907052 4280246324
476751256 1902799032 3328846808 4265525352
953502513 3805598077 2362726345 4236083471
1907005027 3316228871 430485419 4177199709
3814010055 2337490459 860970863 4059432185
3333052815 380013635 1721941751 3823897137
2371138334 760027270 3443883502 3352826978
447309372 1520054540 2592799708 2410686660
894618745 3040109093 890632145 526406087
1789237491 1785250903 1781264315 1052812237
3578474983 3570501819 3562528655 2105624537
2861982671 2846036355 2830090039 4211249137
1428998047 1397105427 1365212807 4127531041
2857996095 2794210867 2730425639 3960094849
1421024895 1293454451 1165884007 3625222465
2842049791 2586908915 2331768039 2955477697
1389132286 878850534 368568782 1615988098
2778264573 1757701081 737137589 3231976259
1261561850 3515402162 1474275178 2168985222
2523123700 2735837028 2948550356 43003148
751280104 1176706760 1602133416 86006296
1502560208 2353413520 3204266832 172012592
3005120416 411859744 2113566368 344025184
1715273537 823719501 4227132761 688050431
3430547074 1647439002 4159298226 1376100862
2566126853 3294878017 4023629181 2752201787
837286411 2294788751 3752291091 1209436341
1674572823 294610219 3209614911 2418872745
3349145646 589220438 2124262526 542778194
2403323996 1178440876 4248525052 1085556388
511680696 2356881752 4202082808 2171112776
1023361393 418796221 4109198345 47258319
2046722786 837592442 3923429394 94516638
4093445572 1675184884 3551891492 189033276
3891923848 3350369768 2808815688 378066552
3488880400 2405772240 1322664080 756133104
2682793504 516577184 2645328160 1512266208
1070619712 1033154368 995689024 3024532416
2141239424 2066308736 1991378048 1754097536
4282478849 4132617485 3982756121 3508195135
4269990402 3970267674 3670544946 2721422974
4245013508 3645568052 3046122596 1147878652
4195059721 2996168821 1797277921 2295757367
4095152146 1697370346 3594555842 296547438
3895336996 3394740692 2894144388 593094876
3495706696 2494514088 1493321480 1186189752
2696446097 694060893 2986642985 2372379567
1097924899 1388121799 1678318699 449791901
2195849799 2776243611 3356637423 899583865
96732302 1257519926 2418307550 1799167730
193464605 2515039865 541647829 3598335523
386929211 735112447 1083295683 2901703813
773858422 1470224894 2166591366 1508440330
1547716844 2940449788 38215436 3016880660
3095433688 1585932280 76430872 1738794024
1895900081 3171864573 152861769 3477588111
3791800163 2048761863 305723563 2660208989
3288633031 4097523739 611447151 1025450745
2282298767 3900080195 1222894327 2050901553
269630239 3505193107 2445788679 4101803169
539260478 2715418918 596610062 3908639042
1078520956 1135870540 1193220124 3522310788
2157041912 2271741080 2386440248 2749654280
19116529 248514877 477913225 1204341327
38233058 497029754 955826450 2408682654
76466117 994059521 1911652925 522398075
152932235 1988119055 3823305875 1044796213
305864470 3976238110 3351644454 2089592426
611728940 3657508924 2408321612 4179184852
1223457881 3020050565 521675953 4063402471
2446915762 1745133834 1043351906 3831837646
598864228 3490267668 2086703812 3368707996
1197728457 2685568053 4173407649 2442448759
2395456914 1076168810 4051848002 589930222
495946532 2152337620 3808728708 1179860444
991893064 9707944 3322490120 2359720888
1983786128 19415888 2350012944 424474480
3967572257 38831789 405058617 848949023
3640177219 77663591 810117259 1697898109
2985387142 155327182 1620234518 3395796218
1675806989 310654377 3240469061 2496625203
3351613978 621308754 2185970826 698283110
2408260660 1242617508 76974356 1396566220
521554025 2485235029 153948737 2793132503
1043108051 675502775 307897499 1291297773
2086216103 1351005563 615795023 2582595609
4172432206 2702011126 1231590046 870223922
4049897117 1109054969 2463180117 1740447907
3804826939 2218109951 631392963 3480895877
3314686583 141252619 1262785951 2666824521
2334405871 282505251 2525571927 1038681809
373844446 565010502 756176558 2077363618
747688893 1130021017 1512353141 4154727299
1495377787 2260042047 3024706307 4014487365
2990755575 225116811 1754445343 3734007497
1686543855 450233635 3508890711 3173047761
3373087710 900467270 2722814126 2051128226
2451208124 1800934540 1150660956 4102256452
607448953 3601869093 2301321937 3909545671
1214897906 2908770890 307676578 3524124046
2429795812 1522574484 615353156 2753280796
564624329 3045148981 1230706337 1211594359
1129248658 1795330666 2461412674 2423188718
2258497317 3590661345 627858077 551410203
222027338 2886355394 1255716154 1102820406
444054676 1477743492 2511432308 2205640812
888109353 2955486997 727897345 116314391
1776218706 1616006698 1455794690 232628782
3552437413 3232013409 2911589405 465257627
2809907531 2169059535 1528211539 930515317
1324847766 43151774 3056423078 1861030634
2649695532 86303548 1817878860 3722061268
1004423768 172607096 3635757720 3149155240
2008847536 345214192 2976548144 2003343184
4017695073 690428397 1658129017 4006686431
3740422851 1380856807 3316258059 3718405629
3185878406 2761713614 2337548822 3141843962
2076789517 1228459945 380130373 1988720691
4153579035 2456919903 760260771 3977441445
4012190775 618872523 1520521567 3659915657
3729414254 1237745046 3041043134 3024864018
3163861212 2475490092 1787118972 1754760740
2032755129 656012901 3574237969 3509521543
4065510258 1312025802 2853508642 2724075790
3836053220 2624051604 1412049988 1153184284
3377139144 953135912 2824099976 2306368568
2459310993 1906271837 1353232681 317769903
623654690 3812543674 2706465362 635539806
1247309380 3330120052 1117963428 1271079612
2494618760 2365272808 2235926856 2542159224
694270224 435578320 176886416 789351152
1388540449 871156653 353772857 1578702367
2777080899 1742313319 707545739 3157404797
1259194503 3484626651 1415091503 2019842361
2518389006 2674286006 2830183006 4039684722
741810716 1053604716 1365398716 3784402148
1483621433 2107209445 2730797457 3273837063
2967242866 4214418890 1166627618 2252706830
1639518436 4133870484 2333255236 210446364
3279036873 3972773685 371543201 420892791
2263106451 3650580087 743086427 841785645
231245606 3006192878 1486172854 1683571290
462491213 1717418473 2972345733 3367142643
924982427 3434836959 1649724195 2439318053
1849964855 2574706635 3299448415 583668873
3699929710 854445974 2303929534 1167337746
3104892124 1708891948 312891772 2334675492
1914816953 3417783909 625783569 374383751
3829633906 2540600522 1251567138 748767502
3364300516 786233748 2503134276 1497535004
2433633737 1572467509 711301281 2995070071
572300178 3144935018 1422602562 1695172846
1144600357 1994902753 2845205149 3390345755
2289200714 3989805506 1395443002 2485724214
283434133 3684643729 2790886029 676481195
566868266 3074320162 1286804762 1352962390
1133736533 1853673041 2573609549 2705924843
2267473067 3707346095 852251827 1116882453
239978838 3119724894 1704503654 2233764906
479957677 1944482505 3409007333 172562579
959915355 3888965023 2523047395 345125221
1919830711 3482962763 751127519 690250505
3839661423 2670958243 1502255063 1380501073
3384355551 1046949203 3004510151 2761002209
2473743806 2093898406 1714053006 1227037122
652520317 4187796825 3428106037 2454074307
1305040634 4080626354 2561244778 613181318
2610081269 3866285425 827522285 1226362699
925195242 3437603554 1655044570 2452725398
1850390484 2580239812 3310089140 610483500
3700780968 865512328 2325210984 1220967000
3106594641 1731024669 355454697 2441934063
1918221987 3462049351 710909419 588900893
3836443974 2629131406 1421818838 1177801786
3377920653 963295529 2843637701 2355603635
2460874010 1926591058 1392308106 416239974
626780725 3853182129 2784616237 832480011
1253561451 3411396975 1274265203 1664960085
2507122903 2527826667 2548530431 3329920233
719278510 760686038 802093566 2364873170
1438557021 1521372089 1604187157 434779107
2877114042 3042744178 3208374314 869558214
1459260789 1790521073 2121781357 1739116491
2918521578 3581042146 4243562714 3478232982
1542075861 2867117009 4192158157 2661498731
3084151722 1439266722 4089349018 1028030166
1873336148 2878533444 3883730740 2056060332
3746672297 1462099605 3472494209 4112120727
3198377298 2924199210 2650021122 3929274158
2101787301 1553431137 1005074973 3563581083
4203574603 3106862287 2010149971 2832194933
4112181911 1918757291 4020299967 1369422633
3929396527 3837514595 3745632663 2738845329
3563825758 3380061894 3196298030 1182723362
2832684221 2465156505 2097628789 2365446787
1370401146 635345714 4195257578 435926278
2740802292 1270691428 4095547860 871852556
1186637289 2541382869 3896128449 1743705175
2373274578 787798442 3497289602 3487410350
451581861 1575596897 2699611933 2679853467
903163722 3151193794 1104256570 1064739638
1806327445 2007420305 2208513165 2129479339
3612654890 4014840610 122059034 4258958678
2930342484 3734713924 244118068 4222950060
1565717672 3174460552 488236136 4150932824
3131435344 2053953808 976472272 4006898352
1967903392 4107907616 1952944544 3718829408
3935806784 3920847936 3905889088 3142691520
3576646273 3546728589 3516810905 1990415807
2858325251 2798489895 2738654539 3980831677
1421683207 1302012507 1182341807 3666696121
2843366415 2604025027 2364683639 3038425009
1391765534 913082758 434399982 1781882722
2783531068 1826165516 868799964 3563765444
1272094840 3652331032 1737599928 2832563592
2544189680 3009694768 3475199856 1370159888
793412064 1724422240 2655432416 2740319776
1586824128 3448844480 1015897536 1185672256
3173648256 2602721664 2031795072 2371344512
2052329216 910476032 4063590144 447721728
4104658432 1820952064 3832212992 895443456
3914349568 3641904128 3369458688 1790886912
3533731841 2988840973 2443950105 3581773887
2772496387 1682714663 592932939 2868580541
1250025479 3365429339 1185865903 1442193849
2500050958 2435891382 2371731806 2884387698
705134620 576815468 448496316 1473808100
1410269240 1153630936 896992632 2947616200
2820538480 2307261872 1793985264 1600265104
1346109665 319556461 3587970553 3200530271
2692219330 639112922 2880973810 2106093246
1089471365 1278225857 1466980349 4212186555
2178942730 2556451714 2933960698 4129405814
62918165 817936145 1572954125 3963844395
125836331 1635872303 3145908275 3632721557
251672662 3271744606 1996849254 2970475818
503345325 2248521929 3993698533 1645984403
1006690651 202076575 3692429795 3291968869
2013381302 404153150 3089892294 2288970442
4026762605 808306313 1884817317 282973651
3758557914 1616612626 3769634634 565947302
3222148532 3233225252 3244301972 1131894604
2149329769 2171483221 2193636673 2263789271
3692242 47999146 92306050 232611246
7384484 95998292 184612100 465222492
14768969 191996597 369224225 930445047
29537938 383993194 738448450 1860890094
59075877 767986401 1476896925 3721780251
118151755 1535972815 2953793875 3148593269
236303510 3071945630 1612620454 2002219242
472607021 1848923977 3225240933 4004438547
945214042 3697847954 2155514570 3713909798
1890428085 3100728625 16061869 3132852363
3780856170 1906489954 32123738 1970737430
3266745044 3812979908 64247476 3941474860
2238522792 3330992520 128494952 3587982424
182078288 2367017744 256989904 2880997552
364156576 439068192 513979808 1467027808
728313153 878136397 1027959641 2934055679
1456626306 1756272794 2055919282 1573144062
2913252613 3512545601 4111838589 3146288187
1531537931 2730123919 3928709907 1997609141
3063075862 1165280542 3562452518 3995218282
1831184428 2330561084 2829937740 3695469268
3662368857 366154885 1364908209 3095971303
3029770418 732309770 2729816418 1896975310
1764573540 1464619540 1164665540 3793950620
3529147081 2929239093 2329331105 3292934007
2763326866 1563510890 363694914 2290900718
1231686437 3127021793 727389853 286834203
2463372874 1959076290 1454779706 573668406
631778452 3918152580 2909559412 1147336812
1263556905 3541337877 1524151553 2294673687
2527113811 2787708471 3048303131 294380141
759260326 1280449646 1801638966 588760282
1518520653 2560899305 3603277957 1177520627
3037041307 826831327 2911588643 2355041317
1779115319 1653662667 1528210015 415115401
3558230638 3307325334 3056420030 830230802
2821493980 2319683372 1817872764 1660461604
1348020664 344399448 3635745528 3320923208
2696041328 688798896 2976523760 2346879120
1097115360 1377597792 1658080224 398790944
2194230721 2755195597 3316160473 797581951
93494146 1215423898 2337353650 1595163902
186988293 2430847809 379740029 3190327867
373976586 566728322 759480058 2085688438
747953173 1133456657 1518960141 4171376939
1495906347 2266913327 3037920307 4047786645
2991812695 238859371 1780873343 3800606057
1688658095 477718755 3561746711 3306244881
3377316191 955437523 2828526151 2317522529
2459665087 1910875059 1362085031 340077825
624362879 3821750131 2724170087 680155713
1248725759 3348532979 1153372903 1360311489
2497451519 2402098675 2306745831 2720623041
699935743 509230067 318524391 1146278849
1399871487 1018460147 637048807 2292557761
2799742975 2036920307 1274097639 290148289
1304518654 4073840614 2548195278 580296578
2609037309 3852713945 801423285 1160593219
923107322 3410460594 1602846570 2321186438
1846214645 2525953905 3205693165 347405643
3692429291 756940527 2116419059 694811349
3089891287 1513881067 4232838143 1389622761
1884815278 3027762134 4170708990 2779245522
3769630557 1760556985 4046450709 1263523811
3244293819 3521113983 3797934147 2527047685
2193620343 2747260683 3300901023 759128137
92273390 1199554070 2306834750 1518256274
184546780 2399108140 318702204 3036512548
369093561 503248997 637404433 1778057863
738187122 1006497994 1274808866 3556115726
1476374244 2012995988 2549617732 2817264156
2952748489 4025991989 804268193 1339561079
1610529683 3757016695 1608536411 2679122221
3221059367 3219066107 3217072847 1063277209
2147151438 2143164918 2139178398 2126554418
4294302876 4286329836 4278356796 4253108836
4293638456 4277692376 4261746296 4211250376
4292309616 4260417456 4228525296 4127533456
4289651937 4225867629 4162083321 3960099679
4284336579 4156767975 4029199371 3625232125
4273705863 4018568667 3763431471 2955497017
4252444430 3742170038 3231895646 1616026738
4209921565 3189372793 2168824021 3232053539
4124875835 2083778303 42680771 2169139845
3954784375 4167556619 85361567 43312457
3614601454 4040145942 170723134 86624914
2934235613 3785324601 341446293 173249891
1573503931 3275681919 682892611 346499845
3147007862 2256396542 1365785222 692999690
1999048428 217825788 2731570444 1385999380
3998096857 435651589 1168173617 2771998823
3701226418 871303178 2336347234 1249030350
3107485540 1742606356 377727172 2498060700
1920003784 3485212712 755454344 701154104
3840007569 2675458141 1510908713 1402308271
3385047843 1055948999 3021817451 2804616605
2475128391 2111898011 1748667631 1314265977
655289487 4223796035 3497335287 2628532017
1310578974 4152624774 2699703278 962096738
2621157949 4010282265 1104439285 1924193539
947348603 3725597247 2208878595 3848387141
1894697207 3156227211 122789919 3401807049
3789394415 2017487139 245579863 2508646865
3283821535 4034974291 491159751 722326497
2272675774 3774981286 982319502 1444652994
250384253 3254995289 1964639029 2889306051
500768506 2215023282 3929278058 1483644806
1001537013 135079281 3563588845 2967289675
2003074026 270158562 2832210394 1639612054
4006148052 540317124 1369453492 3279224108
3717328809 1080634261 2738907009 2263480983
3139690322 2161268522 1182846722 231994670
1984413349 27569761 2365693469 463989403
3968826699 55139535 436419667 927978869
3642686103 110279083 872839359 1855957801
2990404911 220558179 1745678743 3711915665
1685842526 441116358 3491357486 3128864034
3371685052 882232716 2687747676 1962760772
2448402808 1764465432 1080528056 3925521544
601838320 3528930864 2161056112 3556075792
1203676640 2762894432 27144928 2817184288
2407353281 1230821581 54289881 1339401343
519739267 2461643175 108579787 2678802749
1039478535 628319067 217159599 1062638265
2078957071 1256638147 434319223 2125276593
4157914143 2513276307 868638471 4250553249
4020860991 731585331 1737276967 4206139265
3746754686 1463170662 3474553934 4117311234
3198542076 2926341324 2654140572 3939655172
2102116856 1557715352 1013313848 3584343048
4204233712 3115430704 2026627696 2873718800
4113500129 1935894125 4053255417 1452470367
3932032963 3871788263 3811543563 2904940797
3569098631 3448609243 3328119855 1514914361
2843229966 2602251190 2361272414 3029828722
1391492637 909535097 427577557 1764690211
2782985274 1819070194 855155114 3529380422
1271003253 3638140401 1710310253 2763793611
2542006507 2981313519 3420620531 1232619989
789045719 1667659755 2546273791 2465240041
1578091438 3335319510 797580286 635512786
3156182877 2375671737 1595160597 1271025635
2017398458 456376178 3190321194 2542051270
4034796916 912752356 2085675092 789135244
3774626536 1825504712 4171350184 1578270488
3254285776 3651009424 4047733072 3156540976
2213604256 3007051552 3800498848 2018114656
132241216 1719135808 3306030400 4036229312
264482433 3438271629 2317093529 3777491391
528964867 2581575975 339219787 3260015549
1057929734 868184654 678439574 2225063802
2115859469 1736369321 1356879173 155160371
4231718939 3472738655 2713758371 310320805
4168470582 2650510014 1132549446 620641610
4041973869 1006052745 2265098917 1241283283
3788980443 2012105503 235230563 2482566629
3282993591 4024211019 470461151 670166025
2271019886 3753454742 940922302 1340332050
247072476 3211942188 1881844604 2680664100
494144953 2128917093 3763689233 1066360967
988289906 4257834186 3232411170 2132721934
1976579812 4220701076 2169855044 4265443868
3953159624 4146434856 44742792 4235920440
3611351952 3997902416 89485584 4176873584
2927736609 3700837549 178971193 4058779935
1560505922 3106707802 357942386 3822592574
3121011845 1918448321 715884797 3350217915
1947056394 3836896642 1431769594 2405468534
3894112789 3378826001 2863539213 515969835
3493258282 2462684706 1432111130 1031939670
2691549269 630402129 2864222285 2063879403
1088131243 1260804271 1433477299 4127758869
2176262486 2521608542 2866954598 3960550442
57557677 748249801 1438941925 3626133651
115115354 1496499602 2877883850 2957300006
230230709 2992999217 1460800429 1619632779
460461418 1691031138 2921600858 3239265558
920922836 3382062276 1548234420 2183563820
1841845673 2469157269 3096468865 72160407
3683691347 643347255 1897970459 144320877
3072415399 1286694523 3795940943 288641817
1849863502 2573389046 3296914590 577283634
3699727005 851810809 2298861909 1154567331
3104486714 1703621618 302756522 2309134662
1914006132 3407243236 605513044 323302028
3828012264 2519519176 1211026088 646604056
3361057232 744071056 2422052176 1293208112
2427147169 1488142125 549137081 2586416287
559327043 2976284263 1098274187 877865341
1118654086 1657601230 2196548374 1755730682
2237308172 3315202460 98129452 3511461364
179649049 2335437637 196258929 2727955495
359298098 375907978 392517858 1160943694
718596196 751815956 785035716 2321887388
1437192392 1503631912 1570071432 348807480
2874384785 3007263837 3140142889 697615023
1453802274 1719560378 1985318482 1395230046
2907604548 3439120756 3970636964 2790460092
1520241801 2583274229 3646306657 1285952951
3040483603 871581175 2997646043 2571905965
1785999910 1743162350 1700324790 848844634
3571999820 3486324700 3400649580 1697689268
2849032344 2677682104 2506331864 3395378536
1403097393 1060396925 717696457 2495789839
2806194786 2120793850 1435392914 696612382
1317422276 4241587700 2870785828 1393224764
2634844552 4188208104 1446604360 2786449528
974721809 4081448925 2893208745 1277931823
1949443619 3867930567 1491450219 2555863709
3898887239 3440893851 2982900463 816760185
3502807182 2586820406 1670833630 1633520370
2710647068 878673516 3341667260 3267040740
1126326841 1757347045 2388367249 2239114247
2252653682 3514694090 481767202 183261198
210340068 2734420884 963534404 366522396
420680136 1173874472 1927068808 733044792
841360272 2347748944 3854137616 1466089584
1682720545 400530605 3413307961 2932179231
3365441091 801061223 2531648651 1569391229
2435914887 1602122459 768330031 3138782521
576862478 3204244918 1536660062 1982597746
1153724956 2113522540 3073320124 3965195492
2307449912 4227045080 1851672952 3635423688
319932529 4159122877 3703345929 2975880143
639865059 4023278471 3111724587 1656793053
1279730119 3751589659 1928481903 3313586169
2559460238 3208212022 3856963806 2332205042
823953180 2121456748 3418960316 369442788
1647906360 4242913496 2542953336 738885576
3295812721 4190859709 790939401 1477771215
2296658147 4086752135 1581878827 2955542493
298348998 3878536974 3163757654 1616117690
596697997 3462106665 2032548037 3232235443
1193395995 2629246047 4065096099 2169503653
2386791991 963524811 3835224927 44040073
478616687 1927049635 3375482583 88080209
957233374 3854099270 2455997870 176160418
1914466749 3413231257 617028469 352320899
3828933499 2531495231 1234056963 704641861
3362899702 768023166 2468113926 1409283722
2430832109 1536046345 641260581 2818567507
566696923 3072092703 1282521187 1342167781
1133393846 1849218110 2565042374 2684335562
2266787693 3698436233 835117477 1073703891
238608090 3101905170 1670234954 2147407782
477216180 1908843044 3340469908 4294815564
954432361 3817686101 2385972545 4294663895
1908864722 3340404906 476977794 4294360494
3817729445 2385842529 953955613 4293753755
3340491594 476717762 1907911226 4292540214
2386015892 953435524 3815822452 4290113132
477064488 1906871048 3336677608 4285258968
954128977 3813742109 2378387945 4275550703
1908257955 3332516935 461808619 4256134173
3816515911 2370066587 923617263 4217301113
3338064526 445165878 1847234526 4139634930
2381161757 890331769 3694469077 3984302627
467356219 1780663551 3093970883 3673638021
934712438 3561327102 1892974470 3052308746
1869424876 2827686908 3785948940 1809650196
3738849753 1360406533 3276930609 3619300455
3182732210 2720813066 2258893922 2943633614
2070497125 1146658849 222820573 1592299995
4140994250 2293317698 445641146 3184599990
3987021204 291668100 891282292 2074232684
3679075112 583336200 1782564584 4148465368
3063182929 1166672413 3565129193 4001963503
1831398562 2333344826 2835291090 3708959710
3662797124 371722356 1375614884 3122952124
3030626953 743444725 2751229793 1950937015
1766286611 1486889463 1207492315 3901874093
3532573222 2973778926 2414984630 3508780890
2770179148 1652590556 535001964 2722594484
1245391001 3305181125 1070003953 1150221735
2490782002 2315394954 2140007906 2300443470
686596709 335822625 4280015837 305919707
1373193418 671645250 4265064378 611839414
2746386837 1343290513 4235161485 1223678891
1197806379 2686581039 4175355699 2447357845
2395612759 1078194795 4055744127 599748457
496258223 2156389603 3816520983 1199496977
992516446 17811910 3338074670 2398993954
1985032892 35623820 2381182044 503020612
3970065784 71247640 467396792 1006041224
3645164272 142495280 934793584 2012082448
2995361249 284990573 1869587193 4024164959
1695755202 569981146 3739174386 3753362622
3391510405 1139962305 3183381501 3211758011
2488053515 2279924623 2071795731 2128548789
681139735 264881963 4143591487 4257097641
1362279470 529763926 3992215678 4219227986
2724558940 1059527852 3689464060 4143488676
1154150584 2119055704 3083960824 3992010056
2308301168 4238111408 1872954352 3689052816
321635041 4181255533 3745908729 3083138399
643270082 4067543770 3196850162 1871309502
1286540165 3840120257 2098733053 3742619067
2573080330 3385273218 4197466106 3190270838
851193364 2475579140 4099964916 2085574380
1702386729 656190997 3904962561 4171148823
3404773458 1312381994 3514957826 4047330350
2514579621 2624764001 2734948381 3799693467
734191947 954560719 1174929491 3304419701
1468383894 1909121438 2349858982 2313872106
2936767789 3818242889 404750693 332776979
1578568282 3341518482 809501386 665553958
3157136565 2388069681 1619002797 1331107979
2019305835 481172079 3238005619 2662216021
4038611670 962344158 2181043942 1029464746
3782256045 1924688329 67120613 2058929555
3269544795 3849376671 134241251 4117859173
2244122294 3403786046 268482502 3940751050
193277292 2512604796 536965004 3586534804
386554584 730242296 1073930008 2878102312
773109168 1460484592 2147860016 1461237328
1546218336 2920969184 752736 2922474656
3092436673 1546971085 1505497 1549982079
1889906050 3093942170 3010994 3099964158
3779812100 1892917044 6021988 1904961020
3264656905 3785834101 12044001 3809922103
2234346514 3276700906 24088002 3324876910
173725733 2258434529 48176029 2354786587
347451467 221901775 96352083 414605941
694902935 443803563 192704191 829211945
1389805871 887607139 385408407 1658423953
2779611742 1775214278 770816814 3316847906
1264256189 3550428569 1541633653 2338728579
2528512379 2805889855 3083267331 382489925
762057462 1316812414 1871567366 764979850
1524114924 2633624828 3743134732 1529959700
3048229848 972282360 3191302168 3059919400
1801492400 1944564720 2087637040 1824871504
3602984801 3889129453 4175274105 3649743071
2911002306 3483291610 4055580914 3004518846
1527037316 2671615924 3816194532 1714070396
3054074632 1048264552 3337421768 3428140792
1813181969 2096529117 2379876265 2561314351
3626363939 4193058247 464785259 827661469
2957760582 4091149198 929570518 1655322938
1620553868 3887331100 1859141036 3310645876
3241107736 3479694904 3718282072 2326324456
2187248176 2664422512 3141596848 357681616
79529057 1033877741 1988226425 715363295
159058114 2067755482 3976452850 1430726590
318116228 4135510964 3657938404 2861453180
636232457 3976054645 3020909537 1427939127
1272464914 3657141994 1746851778 2855878254
2544929829 3019316705 3493703581 1416789275
794892363 1743666127 2692439891 2833578613
1589784727 3487332267 1089912511 1372189993
3179569454 2679697238 2179825022 2744379986
2064171612 1064427180 64682748 1193792676
4128343224 2128854360 129365496 2387585352
3961719153 4257708733 258731017 480203471
3628471011 4220450183 517462059 960407005
2961974727 4145933083 1034924143 1920814073
1628982159 3996898883 2069848311 3841628209
3257964318 3698830470 4139696622 3388289122
2220961341 3102693657 3984425973 2481611011
146955387 1910420031 3673884675 668254789
293910774 3820840062 3052802054 1336509578
587821549 3346712841 1810636837 2673019219
1175643099 2398458399 3621273699 1051071205
2351286198 501949502 2947580102 2102142410
407605101 1003899017 1600192933 4204284883
815210203 2007798047 3200385891 4113602533
1630420406 4015596094 2105804486 3932237770
3260840812 3736224892 4211608972 3569508244
2226714329 3177482501 4128250673 2844049255
158461363 2059997719 3961534075 1393131277
316922727 4119995451 3628100879 2786262617
633845455 3945023619 2961234487 1277558001
1267690910 3595079942 1627501678 2555116002
2535381821 2895192601 3255003381 815264771
775796346 1495417906 2215039466 1630529542
1551592692 2990835812 135111636 3261059084
3103185385 1686704341 270223297 2227150935
1911403475 3373408695 540446619 159334637
3822806951 2451850107 1080893263 318669337
3350646607 608732931 2161786551 637338737
2406325918 1217465862 28605806 1274677474
517684541 2434931737 57211637 2549355011
1035369083 574896191 114423299 803742789
2070738167 1149792395 228846623 1607485641
4141476335 2299584803 457693271 3214971345
3987985375 304202323 915386567 2134975457
3681003454 608404646 1830773134 4269950914
3067039613 1216809305 3661546293 4244934595
1839111930 2433618610 3028125290 4194901894
3678223861 572269937 1761283309 4094836555
3061480427 1144539887 3522566643 3894705877
1827993558 2289079774 2750165990 3494444458
3655987116 283192252 1205364684 2693921620
3017006936 566384504 2410729368 1092875944
1739046577 1132769021 526491465 2185751951
3478093154 2265538042 1052982930 76536606
2661219012 236108788 2105965860 153073212
1027470729 472217589 4211931745 306146487
2054941458 944435178 4128896194 612292974
4109882916 1888870356 3962825092 1224585948
3924798536 3777740712 3630682888 2449171896
3554629776 3260514128 2966398480 603376496
2814292257 2226060973 1637829689 1206753055
1333617219 157154663 3275659403 2413506173
2667234439 314309339 2256351535 532045113
1039501582 628618678 217735774 1064090226
2079003164 1257237356 435471548 2128180452
4158006329 2514474725 870943121 4256360967
4021045362 733982154 1741886242 4217754638
3747123429 1467964321 3483772509 4140542043
3199279562 2935928642 2672577722 3986116790
2103591829 1576890001 1050188173 3677266347
4207183658 3153780002 2100376346 3059565398
4119400020 2012592708 4200752692 1824163500
3943832745 4025185429 4106538113 3648327063
3592698194 3755403562 3918108930 3001686830
2890429093 3215839841 3541250589 1708406427
1485890890 2136712386 2787533882 3416812854
2971781781 4273424785 1280100493 2538658475
1648596267 4251882287 2560201011 782349717
3297192534 4208797278 825434726 1564699434
2299417772 4122627260 1650869452 3129398868
303868249 3950287237 3301738929 1963830503
607736499 3605607191 2308510587 3927661069
1215472999 2916247099 322053903 3560354905
2430945999 1537526915 644107831 2825742577
566924702 3075053830 1288215662 1356517858
1133849405 1855140377 2576431349 2713035779
2267698811 3710280767 857895427 1131104325
240430326 3125594238 1715790854 2262208650
480860653 1956221193 3431581733 229450067
961721306 3912442386 2568196170 458900134
1923442613 3529917489 841425069 917800331
3846885226 2764867682 1682850138 1835600662
3398803156 1234768068 3365700276 3671201324
2502639017 2469536149 2436433281 3047435415
710310739 644105015 577899291 1799903597
1420621478 1288210030 1155798582 3599807194
2841242956 2576420060 2311597164 2904647092
1387518617 857872837 328227057 1514326951
2775037234 1715745674 656454114 3028653902
1255107173 3431491361 1312908253 1762340571
2510214347 2568015439 2625816531 3524681205
725461399 841063595 956665791 2754395177
1450922799 1682127203 1913331607 1213823121
2901845599 3364254419 3826663239 2427646305
1508723902 2433541542 3358359182 560325314
3017447804 572115788 2421751068 1120650628
1739928313 1144231589 548534865 2241301319
3479856626 2288463178 1097069730 187635342
2664745957 281959073 2194139485 375270747
1034524618 563918146 93311674 750541494
2069049236 1127836292 186623348 1501082988
4138098472 2255672584 373246696 3002165976
3981229648 216377872 746493392 1709364656
3667492001 432755757 1492986809 3418729375
3040016706 865511514 2985973618 2542491454
1785066117 1731023041 1676979965 790015675
3570132234 3462046082 3353959930 1580031350
2845297172 2629124868 2412952564 3160062700
1395627049 963282453 530937857 2025158167
2791254098 1926564906 1061875714 4050316334
1287540900 3853129812 2123751428 3805665372
2575081801 3411292341 4247502881 3316363511
855196307 2527617399 4200038491 2337759789
1710392615 760267515 4105109711 380552345
3420785231 1520535043 3915252151 761104753
2546603166 3041070086 3535537006 1522209506
798239036 1787172876 2776106716 3044419012
1596478072 3574345752 1257246136 1793870728
3192956145 2853724221 2514492297 3587741519
2090944994 1412481146 734017298 2880515742
4181889988 2824962292 1468034596 1466064188
4068812681 1354957301 2936069217 2932128439
3842658066 2709914602 1577171138 1569289582
3390348836 1124861908 3154342276 3138579164
2485730377 2249723829 2013717281 1982191095
676493459 204480375 4027434587 3964382253
1352986918 408960750 3759901878 3633797210
2705973836 817921500 3224836460 2972627124
1116980377 1635843013 2154705649 1650287015
2233960755 3271686039 14444027 3300574093
172954214 2248404782 28888054 2306180890
345908429 201842281 57776133 317394547
691816859 403684575 115552291 634789157
1383633719 807369163 231104607 1269578377
2767267439 1614738339 462209239 2539156817
1239567582 3229476678 924418478 783346338
2479135164 2163986060 1848836956 1566692676
663303033 33004837 3697673937 3133385415
1326606067 66009687 3100380603 1971803597
2653212134 132019374 1905793910 3943607194
1011456973 264038761 3811587845 3592247155
2022913947 528077535 3328208419 2889527077
4045827894 1056155070 2361449542 1484086858
3796688493 2112310153 427931813 2968173779
3298409690 4224620306 855863626 1641380262
2301852084 4154273316 1711727252 3282760524
308736872 4013579336 3423454504 2270553752
617473745 3732191389 2551941737 246140271
1234947491 3169415495 808916203 492280605
2469894982 2043863694 1617832406 984561210
644822669 4087727401 3235664837 1969122483
1289645338 3880487506 2176362378 3938244966
2579290677 3466007729 57757485 3581522699
863614059 2637048175 115514995 2868078165
1727228119 979129067 231030015 1441189097
3454456239 1958258147 462060055 2882378257
2613945182 3916516294 924120110 1469789218
932923068 3538065292 1848240220 2939578436
1865846136 2781163288 3696480440 1584189576
3731692273 1267359293 3097993609 3168379215
3168417251 2534718599 1901019947 2041791197
2041867207 774469915 3802039919 4083582457
4083734415 1548939843 3309112567 3872197681
3872501534 3097879686 2323257838 3449428066
3450035772 1900792076 351548380 2603888836
2605104248 3801584152 703096760 912810376
915241201 3308201021 1406193545 1825620815
1830482403 2321434759 2812387115 3651241693
3660964806 347902222 1329806934 3007516090
3026962317 695804457 2659613893 1720064947
1758957339 1391608927 1024260515 3440129957
3517914678 2783217854 2048521030 2585292618
2740862061 1271468425 4097042085 875618003
1186756826 2542936850 3899116874 1751236006
2373513652 790906404 3503266452 3502472012
452060008 1581812808 2711565608 2709976728
904120017 3163625629 1128163945 1124986223
1808240034 2032283962 2256327890 2249972446
3616480069 4064567937 217688509 204977659
2937992842 3834168578 435377018 409955318
1581018388 3373369860 870754036 819910636
3162036777 2451772437 1741508097 1639821335
2029106259 608577591 3483016219 3279642733
4058212519 1217155195 2671065167 2264318233
3821457742 2434310390 1047163038 233669170
3347948188 573653484 2094326076 467338340
2400929081 1147306981 4188652177 934676743
506890866 2294613962 4082337058 1869353486
1013781732 294260628 3869706820 3738706972
2027563465 588521269 3444446369 3182446711
4055126931 1177042551 2593925467 2069926189
3815286566 2354085102 892883638 4139852378
3335605837 413202921 1785767301 3984737523
2376244378 826405842 3571534602 3674507750
457521461 1652811697 2848101933 3054048267
915042923 3305623407 1401236595 1813129301
1830085846 2316279518 2802473190 3626258602
3660171693 337591753 1309979109 2957549971
3025376091 675183519 2619958243 1620132709
1755784887 1350367051 944949215 3240265481
3511569775 2700734115 1889898455 2185563729
2728172255 1106500947 3779796935 76160225
1161377215 2213001907 3264626599 152320513
2322754431 131036531 2234285927 304641089
350541566 262073062 173604558 609282178
701083132 524146124 347209116 1218564356
1402166264 1048292248 694418232 2437128712
2804332528 2096584496 1388836464 579290128
1313697760 4193168992 2777672928 1158580256
2627395520 4091370688 1260378560 2317160512
959823745 3887774093 2520757145 339353791
1919647490 3480580890 746546994 678707582
3839294980 2666194484 1493093988 1357415164
3383622665 1037421685 2986188001 2714830391
2472278035 2074843383 1677408731 1134693549
649588775 4149686779 3354817487 2269387161
1299177551 4004406275 2414667703 243807089
2598355103 3713845267 534368135 487614241
901742911 3132723251 1068736295 975228545
1803485823 1970479219 2137472615 1950457153
3606971647 3940958451 4274945255 3900914369
2918975998 3586949606 4254923214 3506861442
1542984701 2878931929 4214879157 2718755651
3085969402 1462896562 4134791018 1142544006
1876971509 2925793137 3974614765 2285088075
3753943018 1556618978 3654262234 275208854
3212918740 3113237956 3013557172 550417708
2130870185 1931508629 1732147073 1100835479
4261740371 3863017271 3464294171 2201671021
4228513447 3431067259 2633621071 108374809
4162059599 2567167235 972274871 216749681
4029151903 839367187 1944549767 433499425
3763336510 1678734374 3889099534 866998850
3231705724 3357468748 3483231772 1733997700
2168444153 2419970213 2671496273 3467995463
41921011 544973143 1048025275 2641023693
83842023 1089946299 2096050575 987080153
167684047 2179892611 4192101175 1974160369
335368095 64817939 4089235079 3948320801
670736191 129635891 3883502887 3601674369
1341472383 259271795 3472038503 2908381505
2682944767 518543603 2649109735 1521795777
1070922238 1037087206 1003252174 3043591554
2141844477 2074174425 2006504373 1792215875
4283688954 4148348850 4013008746 3584431750
4272410612 4001730404 3731050196 2873896204
4249853928 3708493512 3167133096 1452825112
4204740561 3122019741 2039298921 2905650287
4114513826 1949072186 4078597842 1516333278
3934060357 3898144385 3862228413 3032666619
3573153419 3501321487 3429489555 1770366005
2851339542 2707675678 2564011814 3540732010
1407711789 1120384073 833056357 2786496787
2815423578 2240768146 1666112714 1278026278
1335879860 186568996 3332225428 2556052556
2671759720 373137992 2369483560 817137816
1048552144 746275984 443999824 1634275632
2097104289 1492551981 887999673 3268551327
4194208578 2985103962 1775999346 2242135358
4093449861 1675240641 3551998717 189303483
3891932427 3350481295 2809030163 378607029
3488897558 2405995294 1323093030 757214058
2682827821 517023305 2646186085 1514428179
1070688347 1034046623 997404899 3028856421
2141376694 2068093246 1994809798 1762745546
4282753388 4136186492 3989619596 3525491092
4270539481 3977405701 3684271921 2756014951
4246111666 3659844106 3073576546 1217062606
4197256036 3024720916 1852185796 2434125212
4099544776 1754474536 3704371592 573283128
3904122257 3508949085 3113775913 1146566319
3513277219 2722930887 1932584555 2293132701
2731587142 1150894478 3865169110 291298106
1168206988 2301788956 3435370924 582596212
2336413977 308610629 2575774577 1165192487
377860658 617221258 856581858 2330384974
755721317 1234442529 1713163741 365802715
1511442635 2468885071 3426327507 731605493
3022885270 642802846 2557687718 1463210986
1750803245 1285605705 820408165 2926422035
3501606491 2571211423 1640816355 1557876837
2708245686 847455550 3281632710 3115753674
1121524077 1694911113 2268298149 1936540115
2243048155 3389822239 241629027 3873080293
191129014 2484677182 483258054 3451193290
382258028 674387068 966516108 2607419284
764516056 1348774136 1933032216 919871272
1529032112 2697548272 3866064432 1839742544
3058064225 1100129261 3437161593 3679485151
1821161154 2200258522 2579355890 3064003006
3642322309 105549761 863744509 1833038779
2989677322 211099522 1727489018 3666077558
1684387349 422199057 3454978061 3037187883
3368774698 844398114 2614988826 1779408470
2442582100 1688796228 935010356 3558816940
590196905 3377592469 1870020737 2822666647
1180393810 2460217642 3740041474 1350365998
2360787621 625468001 3185115677 2700732059
426607947 1250936015 2075264083 1106496885
853215895 2501872043 4150528191 2212993833
1706431790 708776790 4006089086 131020370
3412863580 1417553580 3717210876 262040740
2530759864 2835107160 3139454456 524081480
766552433 1375247037 1983941641 1048163023
1533104866 2750494074 3967883282 2096326046
3066209732 1206020852 3640799268 4192652092
1837452169 2412041717 2986631265 4090336951
3674904339 529116151 1678295259 3885706669
3054841383 1058232315 3356590543 3476446105
1814715471 2116464643 2418213815 2657924977
3629430943 4232929299 541460359 1020882721
2963894591 4170891315 1082920743 2041765505
1632821886 4046815334 2165841486 4083531010
3265643773 3798663385 36715701 3872094787
2236320251 3302359487 73431427 3449222341
177673207 2309751691 146862879 2603477449
355346414 324536086 293725758 911987602
710692828 649072172 587451516 1823975204
1421385656 1298144344 1174903032 3647950408
2842771313 2596288701 2349806089 3000933583
1390575331 897610119 404644907 1706899933
2781150663 1795220251 809289839 3413799929
1267334031 3590440515 1618579703 2532632625
2534668062 2885913734 3237159406 770297954
774368828 1476860172 2179351516 1540595908
1548737657 2953720357 63735761 3081191879
3097475315 1612473431 127471547 1867416525
1899983335 3224946875 254943119 3734833113
3799966671 2154926467 509886263 3174698993
3304966046 14885638 1019772526 2054430690
2314964797 29771289 2039545077 4108861443
334962299 59542591 4079090179 3922755653
669924599 119085195 3863213087 3550544073
1339849199 238170403 3431458903 2806120913
2679698398 476340806 2567950510 1317274530
1064429501 952681625 840933749 2634549123
2128859002 1905363250 1681867498 974130950
4257718004 3810726500 3363734996 1948261900
4220468713 3326485717 2432502721 3896523863
4145970130 2358004138 570038146 3498080430
3996972964 421040980 1140076292 2701193564
3698978632 842081960 2280152584 1107419832
3102989968 1684163920 265337872 2214839664
1911012640 3368327840 530675744 134712032
3822025281 2441688397 1061351513 269424127
3349083266 588409498 2122703026 538848254
2403199236 1176818996 4245406052 1077696508
511431176 2353637992 4195844808 2155393016
1022862353 412308701 4096722345 15818799
2045724706 824617402 3898477394 31637598
4091449412 1649234804 3501987492 63275196
3887931529 3298469621 2709007713 126550455
3480895763 2301971959 1123048155 253100973
2666824230 308976622 2246096310 506201946
1038681165 617953257 197225349 1012403955
2077362330 1235906514 394450698 2024807910
4154724661 2471813041 788901421 4049615883
4014482027 648658799 1577802867 3804264533
3733996759 1297317611 3155605759 3313561833
3173026223 2594635235 2016244247 2332156433
2051085150 894303174 4032488494 369345570
4102170301 1788606361 3770009717 738691203
3909373306 3577212722 3245052138 1477382406
3523779316 2859458148 2195136980 2954764812
2752591337 1423949013 95306689 1614562391
1210215378 2847898026 190613378 3229124782
2420430756 1400828756 381226756 2163282268
545894217 2801657525 762453537 31597303
1091788435 1308347767 1524907099 63194669
2183576870 2616695534 3049814198 126389338
72186445 938423785 1804661125 252778739
144372891 1876847583 3609322275 505557541
288745782 3753695166 2923677254 1011115082
577491564 3212423036 1552387212 2022230164
1154983129 2129878789 3104774449 4044460391
2309966259 4259757591 1914581627 3793953549
324965222 4224547886 3829163254 3292939802
649930445 4154128489 3363359237 2290912371
1299860890 4013289682 2431751178 286857446
2599721780 3731612068 568535060 573714892
904476264 3168256840 1137070120 1147429784
1808952529 2041546397 2274140265 2294859631
3617905059 4083092807 253313259 294752029
2940842822 3871218318 506626518 589504058
1586718348 3447469340 1013253036 1179008116
3173436696 2599971384 2026506072 2358016232
2051906096 904975472 4053012144 421065168
4103812192 1809950944 3811056992 842130336
3912657089 3619901901 3327146713 1684260735
3530346883 2944836519 2359326155 3368521533
2765726470 1594705742 423685014 2442075770
1236485644 3189411484 847370028 589184244
2472971289 2083855685 1694740081 1178368551
650975283 4167711383 3389480187 2356737165
1301950566 4040455470 2483993078 418507034
2603901133 3785943657 673018885 837014131
912834971 3276920031 1346037795 1674028325
1825669943 2258872779 2692075615 3348056713
3651339886 222778262 1089183934 2401146130
3007712477 445556537 2178367893 507325027
1720457658 891113074 61768490 1014650054
3440915317 1782226161 123537005 2029300171
2586863338 3564452322 247074010 4058600342
878759381 2833937361 494148045 3822233451
1757518762 1372907426 988296090 3349499606
3515037525 2745814865 1976592205 2404031979
2735107754 1196662434 3953184410 513096662
1175248212 2393324868 3611401524 1026193324
2350496424 491682440 2927835752 2052386648
406025553 983364893 1560704233 4104773359
812051106 1966729786 3121408466 3914579422
1624102212 3933459572 1947849636 3534191548
3248204424 3571951848 3895699272 2773415800
2201441553 2848936413 3496431273 1251864367
107915811 1402905543 2697895275 2503728797
215831623 2805811099 1100823279 712490361
431663246 1316654902 2201646558 1424980722
863326492 2633309804 108325820 2849961444
1726652985 971652325 216651665 1404955655
3453305970 1943304650 433303330 2809911310
2611644644 3886609300 866606660 1324855324
928321992 3478251304 1733213320 2649710648
1856643984 2661535312 3466426640 1004454000
3713287969 1028103341 2637886009 2008908063
3131608642 2056206682 980804722 4017816126
1968249989 4112413377 1961609469 3740665019
3936499979 3929859471 3923218963 3186362805
3578032662 3564751646 3551470630 2077758314
2861098028 2834535996 2807973964 4155516628
1427228761 1374104709 1320980657 4016066023
2854457523 2748209431 2641961339 3737164813
1413947750 1201451566 988955382 3179362330
2827895501 2402903145 1977910789 2063757427
1360823706 510838994 3955821578 4127514854
2721647413 1021678001 3616675885 3960062475
1148327531 2043356015 2938384499 3625157717
2296655063 4086712043 1581801727 2955348201
298342830 3878456790 3163603454 1615729106
596685661 3461946297 2032239637 3231458275
1193371323 2628925311 4064479299 2167949317
2386742647 962883339 3833991327 40931401
478517999 1925766691 3373015383 81862865
957035998 3851533382 2451063470 163725730
1914071997 3408099481 607159669 327451523
3828143995 2521231679 1214319363 654903109
3361320694 747496062 2428638726 1309806218
2427674092 1494992124 562310156 2619612436
560380888 2989984248 1124620312 944257576
1120761777 1685001213 2249240649 1888515215
2241523555 3370002439 203514027 3777030493
188079815 2445037595 407028079 3259093753
376159631 595107907 814056183 2223220273
752319263 1190215827 1628112391 151473313
1504638526 2380431654 3256224782 302946626
3009277052 465896012 2217482268 605893252
1723586809 931792037 139997265 1211786567
3447173618 1863584074 279994530 2423573134
2599379941 3727168161 559989085 552179035
903792587 3159369039 1119978195 1104358133
1807585174 2023770782 2239956390 2208716266
3615170348 4047541564 184945484 122465236
2935373400 3800115832 369890968 244930472
1575779504 3305264368 739781936 489860944
3151559009 2315561453 1479563897 979721951
2008150722 336155610 2959127794 1959443902
4016301444 672311220 1623288292 3918887804
3737635592 1344622440 3246576584 3542808312
3180303889 2689244893 2198185897 2790649391
2065640482 1083522490 101404498 1286331486
4131280965 2167044993 202809021 2572663035
3967594635 39122703 405618067 850358837
3640221974 78245406 811236134 1700717674
2985476653 156490825 1622472293 3401435411
1675986011 312981663 3244944611 2507903589
3351972023 625963339 2194921951 720839945
2408976751 1251926691 94876631 1441679953
522986207 2503853395 189753287 2883359969
1045972415 712739507 379506599 1471752705
2091944830 1425479014 759013198 2943505410
4183889660 2850958028 1518026396 1592043524
4072812024 1406948760 3036052792 3184087048
3850656753 2813897533 1777138313 2073206863
3406346210 1332827770 3554276626 4146413726
2517725124 2665655540 2813585956 3997860156
740482953 1036343797 1332204641 3700753079
1480965906 2072687594 2664409282 3106538862
2961931813 4145375201 1033851293 1918110491
1628896330 3995783106 2067702586 3836220982
3257792661 3696598929 4135405197 3377474731
2220618027 3098230575 3975843123 2459982229
146268759 1901493867 3656718975 624997225
292537519 3802987747 3018470679 1249994513
585075039 3311008211 1741974087 2499989089
1170150078 2327049126 3483948174 705010882
2340300156 359130956 2672929052 1410021764
385633016 718261912 1050890808 2820043528
771266033 1436523837 2101781641 1345119823
1542532066 2873047674 4203563282 2690239646
3085064132 1451128052 4112159268 1085511996
1875160968 2902256104 3929351240 2171023992
3750321936 1509544912 3563735184 47080688
3205676577 3019089837 2832503097 94161439
2116385858 1743212378 1370038898 188322878
4232771716 3486424756 2740077796 376645756
4170576137 2677882229 1185188321 753291575
4046184978 1060797162 2370376642 1506583150
3797402661 2121594337 445786013 3013166363
3299838026 4243188674 891572026 1731365430
2304708757 4191410065 1783144077 3462730923
314450218 4087852834 3566288154 2630494550
628900436 3880738372 2837609012 966021804
1257800873 3466509461 1380250753 1932043671
2515601746 2638051626 2760501506 3864087342
736236197 981135969 1226035741 3433207451
1472472394 1962271938 2452071482 2571447606
2944944789 3924543889 609175693 847927979
1594922282 3554120482 1218351386 1695855958
3189844565 2813273681 2436702797 3391711979
2084721835 1331580079 578438323 2488456725
4169443670 2663160158 1156876646 681946154
4043920044 1031353020 2313753292 1363892308
3792872793 2062706053 332539313 2727784679
3290778290 4125412106 665078626 1160602062
2286589285 3955856929 1330157277 2321204187
278211274 3616746562 2660314554 347441078
556422549 2938525841 1025661837 694882219
1112845098 1582084386 2051323674 1389764438
2225690197 3164168785 4102647373 2779528939
156413099 2033370287 3910327475 1264090645
312826198 4066740574 3525687654 2528181290
625652396 3838513852 2756408012 761395284
1251304792 3382060408 1217848728 1522790568
2502609584 2469153520 2435697456 3045581136
# augmented golden-simulated vectors (rtlrewriter_run)
2373962908 796746732 3514497852 3530775140
0 0 0 0
0 0 0 0
0 0 0 0
0 0 0 0
2 26 50 126
1431655765 1431655761 1431655757 4294967275
2497715608 2405531832 2313348056 2737260648
376146859 594941871 813736883 2222415637
4280136913 4102172317 3924207721 3360653167
704175625 564348533 424521441 1413391415
4181546375 2820495323 1459444271 1444416569
2330897522 236896714 2437863202 817655822
1947238624 3839265632 1436325344 2416949024
4029696039 846440955 1958153167 467779993
3871558605 3085621609 2299684613 3390023539
1221426793 2993646421 470898753 3935443927
1048347253 743612401 438877549 1621367499
2863311530 2863311522 2863311514 4294967254
3835028307 2610727735 1386427163 1088614765
3835028307 2610727735 1386427163 1088614765
3835028307 2610727735 1386427163 1088614765
2214580565 3019743569 3824906573 2079622123
1220667680 2983777952 451920928 3887619808
1431655765 1431655761 1431655757 4294967275
1431655765 1431655761 1431655757 4294967275
1431655765 1431655761 1431655757 4294967275
1431655765 1431655761 1431655757 4294967275
126516463 1644714019 3162911575 3675569873
2147483648 2147483648 2147483648 2147483648
2863311530 2863311522 2863311514 4294967254
3632869191 4277626523 627416559 1237492345
2 26 50 126
2310271910 4263731054 1922222902 3813209562
2863311530 2863311522 2863311514 4294967254
4203110657 3100830989 1998551321 2802966335
4203110657 3100830989 1998551321 2802966335
4203110657 3100830989 1998551321 2802966335
4203110657 3100830989 1998551321 2802966335
1629956704 4009567968 2094211936 3903024544
2863311530 2863311522 2863311514 4294967254
528939898 2581251378 338595562 3258442502
1005424859 185621279 3660784995 3212223973
614940497 3699259165 2488610537 86545647
1250142874 3366955474 1188800778 1449589734
2502588355 2468877543 2435166731 3044243709
2 26 50 126
1 13 25 63
628712666 3878297362 2832914762 954192294
1431655765 1431655761 1431655757 4294967275
2863311530 2863311522 2863311514 4294967254
4241131706 3595104626 2949077546 903325126
1251154622 3380108198 1214094478 1513329858
1520015584 2580333408 3640651232 1271701280
2099024312 1517512280 936000248 3389512776
2863311530 2863311522 2863311514 4294967254
2147483648 2147483648 2147483648 2147483648
194697604 2531068852 572472804 3676014460
194697604 2531068852 572472804 3676014460
194697604 2531068852 572472804 3676014460
194697604 2531068852 572472804 3676014460
1538932563 2826254135 4113575707 2463470957
2175639274 2513506786 2851374298 3921288086
1431655765 1431655761 1431655757 4294967275
3803603493 2202205153 600806813 3403818779
1431655765 1431655761 1431655757 4294967275
0 0 0 0
266641741 3466342633 2371076229 3913527795
1487503447 2157675627 2827847807 3518403945
2863311530 2863311522 2863311514 4294967254
3491144768 2435209024 1379273280 898788288
3666172692 415604740 1460004084 3335612908
3666172692 415604740 1460004084 3335612908
3666172692 415604740 1460004084 3335612908
3666172692 415604740 1460004084 3335612908
3296580415 4200839731 810131751 1526135937
2981829592 109079032 1531295768 3171670568
2863311530 2863311522 2863311514 4294967254
2147483648 2147483648 2147483648 2147483648
2999274728 335865800 1967424168 4270714136
3458613866 2012307298 566000730 3144308758
1431655765 1431655761 1431655757 4294967275
1734976409 1079856837 424737265 1929331367
2147483648 2147483648 2147483648 2147483648
2863311530 2863311522 2863311514 4294967254
2922304398 3630218806 43165918 3716550642
0 0 0 0
3152273635 2324851591 1497429547 1024743389
767134064 1382808240 1998482416 1084805776
998565087 96444243 3489290695 2780058337
1694883662 558651126 3717385886 3698455602
2372875629 782612105 3487315877 3462276563
2506096254 2514480230 2522864206 3265241346
1485382054 2130097518 2774812982 3384756186
422509812 1197660260 1972810708 848314380
3744775199 1437437331 3425066759 3992603553
956732423 3847586907 2443474095 144600505
4294967295 4294967283 4294967271 4294967233
2909327636 3461520900 4013714164 2899014636
2909327636 3461520900 4013714164 2899014636
2909327636 3461520900 4013714164 2899014636
2909327636 3461520900 4013714164 2899014636
2909327636 3461520900 4013714164 2899014636
3960589979 4243029471 230501667 409065509
2147483648 2147483648 2147483648 2147483648
4010944349 602668985 1489360917 3581390819
4010944349 602668985 1489360917 3581390819
4010944349 602668985 1489360917 3581390819
4010944349 602668985 1489360917 3581390819
4010944349 602668985 1489360917 3581390819
2 26 50 126
2031015002 633391250 3530734794 3399893542
2147483648 2147483648 2147483648 2147483648
3451365927 1918084091 384802255 2687688601
2916270636 3551779900 4187289164 3336423636
2555430612 3155826884 3756223156 2078338604
2276507586 3824794842 1078114802 1686057150
1287178415 3848417507 2114689303 3782828817
287627237 3739154081 2895713629 940646747
2621221039 4011102435 1106016535 1928168209
1 13 25 63
1 13 25 63
1 13 25 63
1 13 25 63
2772918695 1688204667 603490639 2895185945
481045938 1958629898 3436213858 241123022
1431655765 1431655761 1431655757 4294967275
3799936570 2154535154 509133738 3172802630
2521489671 2714594651 2907699631 4235026617
515270374 2403547566 4291824758 2397262490
1917830600 3456961320 701124744 564243512
1224657093 3035640321 551656253 4138952827
1224657093 3035640321 551656253 4138952827
1224657093 3035640321 551656253 4138952827
1913782364 3404334252 599918844 309204644
1913782364 3404334252 599918844 309204644
1913782364 3404334252 599918844 309204644
3078981734 1372056878 3960099318 702320922
3078981734 1372056878 3960099318 702320922
3078981734 1372056878 3960099318 702320922
3078981734 1372056878 3960099318 702320922
3078981734 1372056878 3960099318 702320922
562884820 3022535364 1187218612 1102005292
818131796 2045778756 3273425716 2695596
2661150516 235218340 2104253460 148757964
2863311530 2863311522 2863311514 4294967254
2 26 50 126
0 0 0 0
1109185287 1534506843 1959828399 1159196345
26506662 344586606 662666550 1669919706
3421852555 1534410255 3941935251 828346165
4294967294 4294967270 4294967246 4294967170
2938549810 3841409162 449301218 445044302
4294967294 4294967270 4294967246 4294967170
0 0 0 0
2863311530 2863311522 2863311514 4294967254
2310125424 4261826736 1918560752 3803980944
2310125424 4261826736 1918560752 3803980944
2310125424 4261826736 1918560752 3803980944
2310125424 4261826736 1918560752 3803980944
2 26 50 126
1031676487 526892443 22108399 571109241
2522224832 2724151744 2926078656 4281341760
1 13 25 63
2681972658 505906186 2624807010 1460552910
1 13 25 63
3414354530 1436935930 3754484626 355970590
1812374622 2086033606 2359692590 2510451490
1812374622 2086033606 2359692590 2510451490
1812374622 2086033606 2359692590 2510451490
2929002792 3717297928 210625768 4138549464
152246961 1979210493 3806174025 1001623951
1362404897 531394477 3995351353 4227129887
143181562 1861360306 3579539050 430503814
1431655765 1431655761 1431655757 4294967275
3943954393 4026766853 4109579313 3655990887
1989463451 93221087 2491946019 782145829
1756527097 1360015781 963504465 3287024711
1756527097 1360015781 963504465 3287024711
1756527097 1360015781 963504465 3287024711
4294967295 4294967283 4294967271 4294967233
737313623 995142507 1252971391 3501085289
1431655765 1431655761 1431655757 4294967275
4294967294 4294967270 4294967246 4294967170
895211752 3047818184 905457320 563765528
2 26 50 126
2 26 50 126
2 26 50 126
2 26 50 126
2484905763 2239003847 1993101931 1930240413
2287116006 3962704302 1343325302 2354387610
2287116006 3962704302 1343325302 2354387610
2287116006 3962704302 1343325302 2354387610
2287116006 3962704302 1343325302 2354387610
2287116006 3962704302 1343325302 2354387610
3886964515 3285898439 2684832363 65628573
3886964515 3285898439 2684832363 65628573
3886964515 3285898439 2684832363 65628573
4294967295 4294967283 4294967271 4294967233
857908049 2562870045 4267832041 2508599535
622425938 3796569898 2675746562 558128430
922397588 3401234052 1585103220 2276473196
109000465 1417006045 2725011625 2572061999
2 26 50 126
2 26 50 126
1775165227 1602311471 1429457715 166259605
1431655765 1431655761 1431655757 4294967275
931692264 3522064840 1817470120 2862037784
4294967294 4294967270 4294967246 4294967170
2280719108 3879544628 1183402852 1951383036
2599023568 3722535312 551079760 529727536
215654565 2803509345 1096396829 701335707
2790680790 1919111902 1047543014 4014197930
4134472886 2208539966 282607046 2773754058
4294967294 4294967270 4294967246 4294967170
239989546 3119864098 1704771354 2234439510
431857274 1319177266 2206497258 1437204486
2254047813 3532817793 516620477 271091451
1170165813 2327253681 3484341549 706002187
1861194490 2720691890 3580189290 1291135878
1829410689 2307502477 2785594265 3583723711
2916437751 3553952395 4191467039 3346951881
2916437751 3553952395 4191467039 3346951881
2916437751 3553952395 4191467039 3346951881
2916437751 3553952395 4191467039 3346951881
2863311530 2863311522 2863311514 4294967254
2863311530 2863311522 2863311514 4294967254
2863311530 2863311522 2863311514 4294967254
1266910110 3584929542 1607981678 2505925602
0 0 0 0
4122184094 2048785670 4270354542 1999560162
1431655765 1431655761 1431655757 4294967275
813153298 1981058282 3148963266 3984017518
1711641009 776496637 4136319561 459201167
4033478484 895612740 2052714292 706074028
4294967295 4294967283 4294967271 4294967233
1305834251 4090943375 2581085203 663179189
2343565642 401582274 2754566202 1615747382
2343565642 401582274 2754566202 1615747382
2343565642 401582274 2754566202 1615747382
2343565642 401582274 2754566202 1615747382
483880361 1995477397 3507074433 419691671
3551906278 3225108654 2898311030 431796122
4099926539 1759437455 3713915667 597334197
3292615601 4149297149 711011401 1276352655
1491254918 2206444750 2921634582 3754746618
1726527488 970020864 213514240 1397049344
4078030071 1474783371 3166503967 3512824009
4078030071 1474783371 3166503967 3512824009
1326548735 65264371 3098947303 1968191681
4294967295 4294967283 4294967271 4294967233
4294967295 4294967283 4294967271 4294967233
4294967295 4294967283 4294967271 4294967233
2103817218 1579820058 1055822898 3691465854
3758757248 1619203968 3774617984 578505344
1431655765 1431655761 1431655757 4294967275
0 0 0 0
2352106496 512613376 2968087552 2153821184
1 13 25 63
1 13 25 63
1 13 25 63
1 13 25 63
1 13 25 63
1141292063 1951894931 2762497799 3181923233
1562954517 3138539537 419157261 3976854059
3412421117 1411801561 3706149301 234165571
3412421117 1411801561 3706149301 234165571
3412421117 1411801561 3706149301 234165571
3412421117 1411801561 3706149301 234165571
3907072630 3547303934 3187535238 1332439818
0 0 0 0
1929985473 3614974669 1004996569 1330000511
1929985473 3614974669 1004996569 1330000511
1929985473 3614974669 1004996569 1330000511
1929985473 3614974669 1004996569 1330000511
1403957950 1071584166 739210382 2550004930
655495469 4226473801 3502484837 2641508883
3773164894 1806503366 4134809134 1486187042
3773164894 1806503366 4134809134 1486187042
3001856962 369434842 2031980018 138427582
2508782316 2549399036 2590015756 3434463252
2644295058 16097386 1682867010 3381831406
2644295058 16097386 1682867010 3381831406
2644295058 16097386 1682867010 3381831406
3044498529 923775213 3098019193 2824846303
2982721451 120673199 1553592243 3227857685
737822392 1001756504 1265690616 3533137736
3177098055 2647569051 2118040047 2588681849
1 13 25 63
572922911 3153030547 1438170887 1734405025
572922911 3153030547 1438170887 1734405025
572922911 3153030547 1438170887 1734405025
572922911 3153030547 1438170887 1734405025
572922911 3153030547 1438170887 1734405025
336366493 77797113 4114195029 4011219875
1097816816 1386716720 1675616624 442982672
0 0 0 0
361765140 407979524 454193908 1316367340
3041318966 882440894 3018530118 2624533834
0 0 0 0
2147483648 2147483648 2147483648 2147483648
2147483648 2147483648 2147483648 2147483648
2147483648 2147483648 2147483648 2147483648
1787690410 1765138850 1742587290 955346134
3030885978 746812050 2757705418 1967255590
2166239914 2391315106 2616390298 3329128406
2166239914 2391315106 2616390298 3329128406
3881619525 3216413569 2551207613 4023861499
872670562 2754782714 341927570 3438637854
2863311530 2863311522 2863311514 4294967254
407626515 1004177399 1600728283 4205633965
1056905397 854868273 652831149 2160530571
1056905397 854868273 652831149 2160530571
1056905397 854868273 652831149 2160530571
3407088686 1342479958 3572838526 4193189714
3407088686 1342479958 3572838526 4193189714
3407088686 1342479958 3572838526 4193189714
3407088686 1342479958 3572838526 4193189714
2863311530 2863311522 2863311514 4294967254
1091445996 1303896060 1516346124 41621012
2863311530 2863311522 2863311514 4294967254
1848342901 2553621233 3258899565 481485771
1552790426 3006406354 165054986 3336516326
1 13 25 63
3392906150 1158106990 3218275126 3299689946
3392906150 1158106990 3218275126 3299689946
2526235144 2776285800 3026336456 239024120
2863311530 2863311522 2863311514 4294967254
4254888767 3773946419 3293004071 1770019969
4254888767 3773946419 3293004071 1770019969
4254888767 3773946419 3293004071 1770019969
4254888767 3773946419 3293004071 1770019969
1423733605 1328667681 1233601757 3795871195
3309384141 72320873 1130224901 2332770675
3309384141 72320873 1130224901 2332770675
3309384141 72320873 1130224901 2332770675
3349540066 594347898 2134123026 567626654
2743725728 1308696096 4168633760 1056029024
2743725728 1308696096 4168633760 1056029024
2743725728 1308696096 4168633760 1056029024
2743725728 1308696096 4168633760 1056029024
2743725728 1308696096 4168633760 1056029024
4294967294 4294967270 4294967246 4294967170
711462744 659081080 606699416 1872479912
637820535 3996699659 3060611487 1527988041
4294967295 4294967283 4294967271 4294967233
4294967295 4294967283 4294967271 4294967233
1055867995 841382047 626896099 2095174245
276605634 3595873242 2620173554 246285758
3137871212 2137620092 1137368972 117390740
3137871212 2137620092 1137368972 117390740
3137871212 2137620092 1137368972 117390740
2053661182 927791590 4096889294 531635586
1 13 25 63
2125686306 1864118202 1602550098 774251102
4294967294 4294967270 4294967246 4294967170
4294967294 4294967270 4294967246 4294967170
4294967294 4294967270 4294967246 4294967170
4294967294 4294967270 4294967246 4294967170
1619349726 3871677254 1829037486 3234784930
0 0 0 0
1600364149 3624864753 1354398061 2038693579
1992253669 129493921 2561701469 957929563
4294967295 4294967283 4294967271 4294967233
2441500630 1674737118 907973606 3490684330
1162173510 2223353742 3284533974 202487098
1371152708 645116020 4214046628 483274684
3270183944 3857685608 150219976 4158125560
0 0 0 0
520563679 2472360531 129190087 2730740705
2636012918 4203396862 1475813510 2860056586
768038594 1394567130 2021095666 1141791166
1517192076 2543627804 3570063532 1093820276
2723575051 1046737295 3664866835 4081503669
1871432780 2853789660 3836146540 1936148148
1274352510 3681680742 1794041678 2974796802
3824778895 2477485379 1130191863 442901809
1 13 25 63
1 13 25 63
4089452055 1623269163 3452053567 4232409001
4089452055 1623269163 3452053567 4232409001
4089452055 1623269163 3452053567 4232409001
1431655765 1431655761 1431655757 4294967275
365314400 454119904 542925408 1539970720
4294967295 4294967283 4294967271 4294967233
706956562 600500714 494044866 1588590446
1 13 25 63
3867526369 3033202541 2198878713 3135992671
3867526369 3033202541 2198878713 3135992671
1482746800 2095839216 2708931632 3218735184
0 0 0 0
0 0 0 0
0 0 0 0
0 0 0 0
3340479497 476560501 1907608801 4291778103
1 13 25 63
2458771704 1899261080 1339750456 283794696
2722306543 1030246691 3633154135 4001587665
3945055200 4041077344 4137099488 3725341728
3990377735 335303003 975195567 2285694137
3990377735 335303003 975195567 2285694137
3343178268 511644524 1975078076 166833380
2863311530 2863311522 2863311514 4294967254
1208094258 2820323466 137585378 3095494222
2736175212 1210539388 3979870860 580346516
1604684901 3681034529 1462416861 2310900955
378952819 631419351 883885883 2399191117
2863311530 2863311522 2863311514 4294967254
1191340338 2602522506 4013704674 2039997262
4128436430 2130066038 131695646 2393457330
459113398 1673506878 2887900358 3154340298
687932532 353188324 18444116 390076556
2204532697 2889121285 3573709873 1446606439
4294967294 4294967270 4294967246 4294967170
2536614718 2911220262 3285825806 892937282
318772787 4144046231 3674352379 2902816397
3528927306 2926382018 2323836730 3279088182
2863311530 2863311522 2863311514 4294967254
4217616856 3289411576 2361206296 3716856872
4217616856 3289411576 2361206296 3716856872
4217616856 3289411576 2361206296 3716856872
4217616856 3289411576 2361206296 3716856872
2592641707 3639571119 391533235 127670293
1112801818 1581521746 2050241674 1387037798
314134636 4083750268 3558398604 2610612884
1957760213 3976046289 1699365069 3079809131
4294967294 4294967270 4294967246 4294967170
4294967294 4294967270 4294967246 4294967170
4294967294 4294967270 4294967246 4294967170
1434232144 1465148688 1496065232 162311856
1434232144 1465148688 1496065232 162311856
1434232144 1465148688 1496065232 162311856
2064118721 1063739597 63360473 1190460543
2147483648 2147483648 2147483648 2147483648
707097940 602338628 497579316 1597497260
3729009988 1232489588 3030936484 2999395260
3729009988 1232489588 3030936484 2999395260
3729009988 1232489588 3030936484 2999395260
3729009988 1232489588 3030936484 2999395260
3729009988 1232489588 3030936484 2999395260
37407434 486296642 935185850 2356668342
2573849861 3395277121 4216704381 3238751291
2153670474 2227912386 2302154298 2537253686
3583653173 3637818289 3691983405 2431850507
3583653173 3637818289 3691983405 2431850507
3583653173 3637818289 3691983405 2431850507
3583653173 3637818289 3691983405 2431850507
2147483648 2147483648 2147483648 2147483648
2123723736 1838604792 1553485848 650609192
2 26 50 126
2315130003 31918967 2043675227 4119269421
3469848225 2158353965 846859705 3852073375
2324462192 153237424 2276979952 412230032
3569916705 3459244205 3348571705 1566453023
2863311530 2863311522 2863311514 4294967254
2863311530 2863311522 2863311514 4294967254
2357757533 586076857 3109363477 2509836515
2357757533 586076857 3109363477 2509836515
2357757533 586076857 3109363477 2509836515
208154971 2706014623 908906979 228861285
1431655765 1431655761 1431655757 4294967275
3603119656 3890882568 4178645480 3658238936
1662353882 135763986 2904141386 1649079462
1662353882 135763986 2904141386 1649079462
1662353882 135763986 2904141386 1649079462
1662353882 135763986 2904141386 1649079462
3189024403 2802611575 2416198747 3340041773
4240489354 3586754050 2933018746 862856950
1579820456 3357796744 840805736 744440920
2898934446 3326409430 3753884414 2244243666
137153901 1783000713 3428847525 50761171
1436452564 1494014148 1551575732 302198316
0 0 0 0
3133636169 2082564533 1031492897 4145550327
2937307925 3825264657 418254093 366805547
1 13 25 63
40595851 527746063 1014896275 2557538613
4107288436 1855142116 3897963092 1061133708
4107288436 1855142116 3897963092 1061133708
4107288436 1855142116 3897963092 1061133708
4107288436 1855142116 3897963092 1061133708
4107288436 1855142116 3897963092 1061133708
1247369833 3330905941 1119474753 1274888151
2863311530 2863311522 2863311514 4294967254
1899904642 3223923866 252975794 3729875454
1959584192 3999758016 1744964544 3194719808
0 0 0 0
3276905191 3945061819 318251151 286596825
314210131 4084731703 3560285979 2615369069
314210131 4084731703 3560285979 2615369069
314210131 4084731703 3560285979 2615369069
1115331011 1614401255 2113471499 1546376957
1692954170 533567730 3669148586 3576897606
3105208701 1713007449 320806197 2354619843
2863311530 2863311522 2863311514 4294967254
4294967294 4294967270 4294967246 4294967170
186039323 2418511199 356015779 3130542757
1431655765 1431655761 1431655757 4294967275
1451361941 1687836049 1924310157 1241489067
1949912961 3874032013 1503183769 2585432255
3716067448 1064236568 2707372984 2184015240
1 13 25 63
1 13 25 63
871211877 2735819809 305460445 3346740699
1453120259 1710694183 1968268107 1352263101
2859458275 2813219207 2766980139 4052212189
3557144271 3293202563 3029260855 761789681
4019887225 718926373 1712932817 4144792007
4019887225 718926373 1712932817 4144792007
4019887225 718926373 1712932817 4144792007
4019887225 718926373 1712932817 4144792007
4019887225 718926373 1712932817 4144792007
3669522095 459146979 1543739159 3546625297
3488381963 2399292559 1310203155 724731573
2 26 50 126
307119217 3992549821 3383013129 2168641487
1431655765 1431655761 1431655757 4294967275
2175575487 2512677555 2849779623 3917269505
992900356 22802740 3347672420 2423180284
994800254 47501414 3395169870 2542873858
2950993346 4003175130 760389618 1228987070
536799705 2683428869 535090737 3753610343
2713191071 911745555 3405267335 3427312929
2270799401 3750588437 935410177 1326441495
1 13 25 63
4294967294 4294967270 4294967246 4294967170
4294967294 4294967270 4294967246 4294967170
4294967294 4294967270 4294967246 4294967170
4294967294 4294967270 4294967246 4294967170
4294967294 4294967270 4294967246 4294967170
2301847779 4154217351 1711619627 3282489309
4294967294 4294967270 4294967246 4294967170
2976061846 34098334 1387102118 2808302570
2 26 50 126
4294967294 4294967270 4294967246 4294967170
0 0 0 0
2321504226 114783866 2203030802 225878174
1217478378 2942317026 372188378 3686693782
2863311530 2863311522 2863311514 4294967254
2941687304 3882196584 527738568 642706424
739079895 1018104043 1297128191 3612360425
1617987451 3853967679 1794980611 3148961605
1617987451 3853967679 1794980611 3148961605
1617987451 3853967679 1794980611 3148961605
1617987451 3853967679 1794980611 3148961605
1617987451 3853967679 1794980611 3148961605
2147483648 2147483648 2147483648 2147483648
2649715162 86558738 1818369610 3723297958
1192508483 2617708391 4042908299 2113590397
1431655765 1431655761 1431655757 4294967275
2231084879 3234299651 4237514423 3119393905
953484739 3805367015 2362281995 4234963709
953484739 3805367015 2362281995 4234963709
953484739 3805367015 2362281995 4234963709
953484739 3805367015 2362281995 4234963709
2569100430 3333534518 4097968606 2939537138
3268087843 3830436295 97817451 4026071197
3138497583 2145762915 1153028247 156852113
363741397 433670865 503600333 1440871531
4041368841 998187381 2249973217 1203166519
2271208064 3755901056 945626752 1352187264
1431655765 1431655761 1431655757 4294967275
1431655765 1431655761 1431655757 4294967275
4294967295 4294967283 4294967271 4294967233
4294967295 4294967283 4294967271 4294967233
4294967295 4294967283 4294967271 4294967233
4294967295 4294967283 4294967271 4294967233
4294967295 4294967283 4294967271 4294967233
1 13 25 63
3640055773 76084793 807081109 1690247011
2863311530 2863311522 2863311514 4294967254
0 0 0 0
1451696273 1692182365 1932668457 1262551983
2113503389 1705740281 1297977173 6727331
2147483648 2147483648 2147483648 2147483648
3538895855 3055973155 2573050455 3907106769
3538895855 3055973155 2573050455 3907106769
3538895855 3055973155 2573050455 3907106769
3538895855 3055973155 2573050455 3907106769
3538895855 3055973155 2573050455 3907106769
2220435988 3095864068 3971292148 2448513772
450549684 1562178596 2673807508 2614826316
1475357380 1999776756 2524196132 2753201724
4175577187 2742895879 1310214571 1068357725
4175577187 2742895879 1310214571 1068357725
3799088264 2143507176 487926088 3119359352
3799088264 2143507176 487926088 3119359352
3799088264 2143507176 487926088 3119359352
0 0 0 0
4100782006 1770558526 3735302342 651228618
2863311530 2863311522 2863311514 4294967254
2863311530 2863311522 2863311514 4294967254
3042238185 894390741 3041510593 2682444631
3042238185 894390741 3041510593 2682444631
3042238185 894390741 3041510593 2682444631
3042238185 894390741 3041510593 2682444631
3042238185 894390741 3041510593 2682444631
655054440 4220740424 3491459112 2613724056
539397032 2717194120 600023912 3917241944
840623972 2338177044 3835730116 1419702684
4294967295 4294967283 4294967271 4294967233
4174237946 2725485746 1276733546 983985542
1748948405 1261492785 774037165 2809567115
2324056420 147962388 2266835652 386666396
2863311530 2863311522 2863311514 4294967254
618298410 3742912034 2572558362 298094166
2 26 50 126
2 26 50 126
4247255688 3674716392 3102177096 1289135992
163102152 2120327976 4077553800 1685500984
1905865685 3301417425 402001869 4105421163
2382454479 907137155 3726787127 4065744113
4294967295 4294967283 4294967271 4294967233
4294967294 4294967270 4294967246 4294967170
710936846 652244406 593551966 1839348338
3689196063 714908563 2035588359 491117985
277543516 3608065708 2643620604 305372324
11343678 147467814 283591950 714651714
1407675523 1119912615 832149707 2784212029
1407675523 1119912615 832149707 2784212029
985498534 4221546350 3162626870 1956865498
985498534 4221546350 3162626870 1956865498
3875578659 3137882311 2400185963 3643286941
4294967294 4294967270 4294967246 4294967170
4294967294 4294967270 4294967246 4294967170
1845287965 2513907065 3182526165 289024803
3504547896 2609449688 1714351480 1743185352
2863311530 2863311522 2863311514 4294967254
4294967295 4294967283 4294967271 4294967233
3133691811 2083287879 1032883947 4149055773
3683950365 646714489 1904445909 160639011
1318053838 4249798006 2886574878 1433013170
459682952 1680911080 2902139208 3190222200
116274546 1511569098 2906863650 3030329102
0 0 0 0
1636783002 4098309842 2264869386 38114022
1582310144 3390162688 903047936 901291264
578358734 3223696246 1574066462 2076861874
2473659094 2092797150 1711935206 1221700266
2008086317 335318345 2957517669 1955386387
2008086317 335318345 2957517669 1955386387
2008086317 335318345 2957517669 1955386387
2008086317 335318345 2957517669 1955386387
3804586177 2214980045 625373913 3465727871
3344573984 529788832 2009970976 254763488
3344573984 529788832 2009970976 254763488
3344573984 529788832 2009970976 254763488
3164686572 2486219772 1807752972 1806758420
3164686572 2486219772 1807752972 1806758420
3164686572 2486219772 1807752972 1806758420
2 26 50 126
4141197805 2295963913 450730021 3197423955
4141197805 2295963913 450730021 3197423955
1 13 25 63
1042544672 668178848 293813024 1255804896
2 26 50 126
3744521903 1434144483 3418734359 3976645905
50980761 662749893 1274519025 3211787943
2844097663 2613531251 2382964839 3084493633
3068828617 1240066357 3706271393 62674551
2 26 50 126
2857537988 2788255476 2718972964 3931234108
4294967294 4294967270 4294967246 4294967170
1431655765 1431655761 1431655757 4294967275
1431655765 1431655761 1431655757 4294967275
1641371846 4157964814 2379590486 327211194
2483836732 2225106444 1966376156 1862891460
0 0 0 0
2147483648 2147483648 2147483648 2147483648
1581854747 3384242527 891663011 872601253
4294967294 4294967270 4294967246 4294967170
677100 8802300 16927500 42657300
1 13 25 63
4294967295 4294967283 4294967271 4294967233
1431655765 1431655761 1431655757 4294967275
1431655765 1431655761 1431655757 4294967275
1431655765 1431655761 1431655757 4294967275
1431655765 1431655761 1431655757 4294967275
1431655765 1431655761 1431655757 4294967275
2848070467 2665177703 2482284939 3334780285
4294967295 4294967283 4294967271 4294967233
1 13 25 63
515955676 2412456492 13990012 2440436516
2863311530 2863311522 2863311514 4294967254
1010357438 249744806 3784099470 3522976450
2760618166 1528297790 295977414 2120252618
2482293831 2205048731 1927803631 1765688697
1747777124 1246266132 744755140 2735776412
0 0 0 0
2147483648 2147483648 2147483648 2147483648
3452146127 1928226691 404307255 2736841201
1514812378 2512691730 3510571082 943899302
747964037 1133597889 1519231741 4172061371
3796209199 2106079331 415949463 2937978257
0 0 0 0
3872514218 3098044578 2323574938 3450227158
2096820131 1488857927 880895723 3250649373
1 13 25 63
1431655765 1431655761 1431655757 4294967275
2 26 50 126
2 26 50 126
2 26 50 126
2 26 50 126
4294967294 4294967270 4294967246 4294967170
1932084944 3642267792 1057483344 1462267184
1649748737 4266864397 2589012761 854955327
1649748737 4266864397 2589012761 854955327
1649748737 4266864397 2589012761 854955327
1649748737 4266864397 2589012761 854955327
1649748737 4266864397 2589012761 854955327
1786968864 1755758752 1724548640 909888736
1786968864 1755758752 1724548640 909888736
1786968864 1755758752 1724548640 909888736
1786968864 1755758752 1724548640 909888736
1786968864 1755758752 1724548640 909888736
2147483648 2147483648 2147483648 2147483648
2147483648 2147483648 2147483648 2147483648
2147483648 2147483648 2147483648 2147483648
840731499 2339574895 3838418291 1426476885
4294967294 4294967270 4294967246 4294967170
4294967294 4294967270 4294967246 4294967170
4294967295 4294967283 4294967271 4294967233
2863311530 2863311522 2863311514 4294967254
3904134327 3509105995 3114077663 1147326729
2 26 50 126
935613026 3573034746 1915489170 3109045790
1252373240 3395950232 1244559928 1590102792
1252373240 3395950232 1244559928 1590102792
3378825397 975057201 2866256301 2412602507
380835799 655898091 930960383 2517818857
1 13 25 63
1 13 25 63
519302480 2455964944 97660112 2651285168
1805215635 1992966775 2180717915 2059435309
1805215635 1992966775 2180717915 2059435309
1805215635 1992966775 2180717915 2059435309
1805215635 1992966775 2180717915 2059435309
1805215635 1992966775 2180717915 2059435309
1193295008 2627933216 4062571424 2163141472
1238732042 3218614658 903529978 730707318
1802029804 1951550972 2101072140 1858727956
1 13 25 63
3694241580 780500284 2161726284 808985556
613923015 3686031899 2463173487 22444281
3254746407 3656997627 4059248847 3185560729
2040560458 757482178 3769371194 4001257270
1242063169 3261919309 986808153 940568319
2772857539 1687409639 601961739 2891333117
3187523197 2783095897 2378668597 3245465795
4091050811 1644052991 3492022467 38163333
3721244030 1131532134 2836787534 2510139906
2147483648 2147483648 2147483648 2147483648
1407931460 1123239796 838548132 2800336060
4285599668 4173188132 4060776596 3704806732
2147483648 2147483648 2147483648 2147483648
2723229845 1042249617 3656236685 4059755691
2526082882 2774306394 3022529906 229431614
2600926067 3747267799 598642235 649584973
3823767291 2464334527 1104901763 379170757
0 0 0 0
0 0 0 0
2 26 50 126
1076802703 1113533251 1150263799 3414060849
2 26 50 126
1365762909 575048633 4079301653 143717347
2818399314 2279452714 1740506114 1465497646
2327136411 188002271 2343835427 580705829
74247283 965214679 1856182075 382611533
74247283 965214679 1856182075 382611533
74247283 965214679 1856182075 382611533
29315060 381095780 732876500 1846848780
944635779 3690330535 2141057995 3677479229
944635779 3690330535 2141057995 3677479229
2133273674 1962753986 1792234298 1252255286
4125306215 2089373243 53440271 2196253785
2697024522 701580418 3001103610 2408820342
2697024522 701580418 3001103610 2408820342
2697024522 701580418 3001103610 2408820342
2697024522 701580418 3001103610 2408820342
2838502268 2540791116 2243079964 2731983748
830751828 2209839172 3588926516 797757612
1149307224 2056092024 2962876824 3686878376
1538543255 2821193131 4103843007 2438944553
3273411206 3899640014 230901526 66475770
2147483648 2147483648 2147483648 2147483648
2147483648 2147483648 2147483648 2147483648
2147483648 2147483648 2147483648 2147483648
2147483648 2147483648 2147483648 2147483648
2527867358 2797504582 3067141806 341853602
4090031543 1630802507 3466540767 4268916745
1 13 25 63
1 13 25 63
237367383 3085775979 1639217279 2069243241
2248497860 3460668404 377871652 4216411708
3405667227 1324000991 3537302051 4103637797
3405667227 1324000991 3537302051 4103637797
3405667227 1324000991 3537302051 4103637797
3405667227 1324000991 3537302051 4103637797
3405667227 1324000991 3537302051 4103637797
1459590235 1794803871 2130017507 1759871589
1 13 25 63
2863311530 2863311522 2863311514 4294967254
1302495440 4047538832 2497614928 452834096
0 0 0 0
1808421420 2034641980 2260862540 2261399764
621777968 3788146288 2659547312 517306320
621777968 3788146288 2659547312 517306320
621777968 3788146288 2659547312 517306320
1 13 25 63
3792202435 2053991399 315780363 2685552125
2 26 50 126
415421202 1105508330 1795595458 401731950
415421202 1105508330 1795595458 401731950
1 13 25 63
1 13 25 63
1 13 25 63
1 13 25 63
1 13 25 63
1 13 25 63
4294967295 4294967283 4294967271 4294967233
1025121 13326573 25628025 64582623
2 26 50 126
2 26 50 126
2 26 50 126
2881550032 3100412048 3319274064 1149025584
32211449 418748837 805286225 2029321287
0 0 0 0
2 26 50 126
1 13 25 63
311653478 4051495214 3496369654 2454299930
4105482873 1831669797 3852824017 947383239
0 0 0 0
1439615623 1535133915 1630652207 501471033
1046769575 723102587 399435599 1521973785
1795387215 1865197315 1935007415 1440244849
810191222 1942551294 3074911366 3797406730
3253746859 3644003503 4034260147 3122589205
2591280149 3621870865 357494285 41892139
2722060921 1027053605 3627013585 3986113479
1788497699 1775633607 1762769515 1006205341
1125010814 1740238694 2355466574 2156204546
1125010814 1740238694 2355466574 2156204546
1125010814 1740238694 2355466574 2156204546
3809170400 2274574944 739979488 3754533920
4271314465 3987480493 3703646521 2804838943
3601232542 3866350086 4131467630 3539350754
4294967295 4294967283 4294967271 4294967233
0 0 0 0
2015975948 437883548 3154758444 2452433140
2093916722 1451113610 808310498 3067734606
988134589 4255815065 3228528245 2122936963
1564974698 3164801890 469661786 4104125462
3661408468 353669828 1340898484 3035466796
2863311530 2863311522 2863311514 4294967254
1740400498 1150369994 560339490 2271048974
3255939065 3672502181 4089065297 3260698183
1875903879 2911913947 3947924015 2217827385
3453198680 1941909880 430621080 2803152040
534806167 2657512875 485252287 3628017449
3036238969 816400933 2891530193 2304494023
2686737269 567846129 2743922285 1760723403
3802552987 2188548575 574544163 3337636901
1431655765 1431655761 1431655757 4294967275
1916039222 3433673406 656340294 451386698
2863311530 2863311522 2863311514 4294967254
953741742 3808708054 2368707070 4251154898
4294967294 4294967270 4294967246 4294967170
4294967294 4294967270 4294967246 4294967170
4294967294 4294967270 4294967246 4294967170
4294967294 4294967270 4294967246 4294967170
4294967294 4294967270 4294967246 4294967170
331725198 17460278 3998162654 3718818290
331725198 17460278 3998162654 3718818290
3775795290 1840698514 4200569034 1651901990
435596851 1367791767 2299986683 1672797837
305183047 3967379611 3334608879 2046662777
305183047 3967379611 3334608879 2046662777
305183047 3967379611 3334608879 2046662777
1449836381 1668003769 1886171157 1145378787
4294967295 4294967283 4294967271 4294967233
3190287125 2819026961 2447766797 3419593259
2 26 50 126
2 26 50 126
2 26 50 126
2 26 50 126
3993167387 371568479 1044936867 2461442213
1 13 25 63
1 13 25 63
1 13 25 63
1 13 25 63
2 26 50 126
3938225525 3952291569 3966357613 3295072203
2147483648 2147483648 2147483648 2147483648
1125430657 1745696653 2365962649 2182654655
2825086705 2366388797 1907690889 1886803279
1431655765 1431655761 1431655757 4294967275
1013693343 293111571 3867497095 3733138465
1013693343 293111571 3867497095 3733138465
1013693343 293111571 3867497095 3733138465
3055964638 1072834630 3384671918 3547211170
1185862374 2531308974 3876755574 1694885530
1431655765 1431655761 1431655757 4294967275
0 0 0 0
3832457082 2577301810 1322146538 926627590
1431655765 1431655761 1431655757 4294967275
1431655765 1431655761 1431655757 4294967275
4156536438 2495366142 834195846 4163757834
4185290813 2869173017 1553055221 1680316163
3141019658 2178549890 1216080122 315742838
3141019658 2178549890 1216080122 315742838
3141019658 2178549890 1216080122 315742838
3141019658 2178549890 1216080122 315742838
2811005018 2183326866 1555648714 999656998
2811005018 2183326866 1555648714 999656998
2811005018 2183326866 1555648714 999656998
2811005018 2183326866 1555648714 999656998
2147483648 2147483648 2147483648 2147483648
371835926 538899742 705963558 1950826858
1760223976 1408075208 1055926440 3519928088
4294967295 4294967283 4294967271 4294967233
565196942 3052592950 1245021662 1247668978
224208437 2914709681 1310243629 1240229643
3256935362 3685454042 4113972722 3323464894
4294967295 4294967283 4294967271 4294967233
2935068026 3796145970 362256618 225691910
2394643869 1065599225 4031521877 538708387
2590099359 3606520595 327974535 4262469665
2590099359 3606520595 327974535 4262469665
2590099359 3606520595 327974535 4262469665
2132426869 1951745521 1771064173 1198906571
2827398266 2396439090 1965479914 2032431622
2827398266 2396439090 1965479914 2032431622
2827398266 2396439090 1965479914 2032431622
2827398266 2396439090 1965479914 2032431622
3150798977 2305681037 1460563097 931839935
2780087926 1781404670 782721414 3346847498
1334636514 170405498 3301141778 2477721758
4294967295 4294967283 4294967271 4294967233
915066391 3305928491 1401823295 1814607785
915066391 3305928491 1401823295 1814607785
915066391 3305928491 1401823295 1814607785
2863311530 2863311522 2863311514 4294967254
3644477297 133564605 917619209 1968803023
3644477297 133564605 917619209 1968803023
3644477297 133564605 917619209 1968803023
802584578 1843664922 2884745266 3318188158
828485298 2180374282 3532263266 654966222
1431655765 1431655761 1431655757 4294967275
2355565529 557580805 3054563377 2371740263
2863311530 2863311522 2863311514 4294967254
2147483648 2147483648 2147483648 2147483648
4294967295 4294967283 4294967271 4294967233
4294967295 4294967283 4294967271 4294967233
4294967295 4294967283 4294967271 4294967233
3444823085 1833027145 221231205 2275489555
3174486731 2613621839 2052756947 2424168437
3982205315 229061543 770885067 1770831677
3982205315 229061543 770885067 1770831677
3982205315 229061543 770885067 1770831677
3982205315 229061543 770885067 1770831677
2550838404 3096128180 3641417956 1789029500
4294967294 4294967270 4294967246 4294967170
2164426333 2367738553 2571050773 3214872803
2164426333 2367738553 2571050773 3214872803
2164426333 2367738553 2571050773 3214872803
2164426333 2367738553 2571050773 3214872803
2863311530 2863311522 2863311514 4294967254
4294967295 4294967283 4294967271 4294967233
2005058601 295958037 2881824769 1764640279
213988448 2781849824 1054743904 596370336
213988448 2781849824 1054743904 596370336
44377555 576908215 1109438875 2795785965
229476591 2983195683 1441947479 1572123345
3691729923 747848743 2098934859 650751165
2425404038 1465481422 505558806 2476599034
2147483648 2147483648 2147483648 2147483648
2147483648 2147483648 2147483648 2147483648
2147483648 2147483648 2147483648 2147483648
2147483648 2147483648 2147483648 2147483648
2147483648 2147483648 2147483648 2147483648
4294967295 4294967283 4294967271 4294967233
2491151051 2320192591 2149234131 2323693557
2491151051 2320192591 2149234131 2323693557
2491151051 2320192591 2149234131 2323693557
2 26 50 126
1679039511 352677163 3321282111 2700274089
0 0 0 0
2224699056 3151283952 4077868848 2717087056
2529477262 2818433334 3107389406 443277554
1789398347 1787342031 1785285715 1062946165
3799945445 2154650529 509355613 3173361755
3040847977 876318037 3006755393 2594861527
2222547190 3123309694 4024072198 2581519498
1431655765 1431655761 1431655757 4294967275
1431655765 1431655761 1431655757 4294967275
2628641930 4107574018 1291538810 2395684342
220560214 2867282782 1219038054 1010391594
494102328 2128362968 3762623608 1063675592
692765326 416014646 139263966 694542578
0 0 0 0
4140120180 2281954788 423789396 3129533580
3473371631 2204158243 934944855 4074047953
3473371631 2204158243 934944855 4074047953
2161051539 2323866231 2486680923 3002260781
1627131778 3972843930 2023588786 3725054206
1452037150 1696613766 1941190382 1284027234
524243849 2520202741 221194337 2962591415
529988385 2594881709 364807737 3324497183
2934792136 3792559400 355359368 208310840
3176638646 2641596734 2106554822 2559739082
680892785 261671613 4137417737 4241539791
1 13 25 63
2791358676 1927924420 1064490164 4056904748
3430946653 1652633529 4169287701 1401274339
3627311616 4205378048 488477184 887365120
3627311616 4205378048 488477184 887365120
1431655765 1431655761 1431655757 4294967275
1431655765 1431655761 1431655757 4294967275
1431655765 1431655761 1431655757 4294967275
1431655765 1431655761 1431655757 4294967275
1431655765 1431655761 1431655757 4294967275
3960223833 4238269573 221348017 385998311
3960223833 4238269573 221348017 385998311
3960223833 4238269573 221348017 385998311
960000650 3890073858 2525179770 350498806
2831715347 2452561143 2073406939 2304407725
2373013709 784407145 3490767877 3470975603
3804204625 2210019869 615835113 3441690095
1431655765 1431655761 1431655757 4294967275
892277930 3009678498 832111770 378934742
1 13 25 63
4294967295 4294967283 4294967271 4294967233
1629592759 4004836683 2085113311 3880096009
869117653 2708594897 253104845 3214804587
2138454580 2030105764 1921756948 1578652364
2138454580 2030105764 1921756948 1578652364
2138454580 2030105764 1921756948 1578652364
2138454580 2030105764 1921756948 1578652364
0 0 0 0
1335069213 176030585 3311959253 2504981795
4294967295 4294967283 4294967271 4294967233
3878935036 3181515212 2484095388 3854738692
95283863 1238690219 2382096575 1707916073
755876255 1236456723 1717037191 375563809
2701895109 764898049 3122868285 2715667323
3847638245 2774656929 1701675613 1883040859
3418855295 1495445875 3867003751 639518785
2714877313 933666701 3447423385 3533546175
1341806878 263620230 3480400878 2929454690
822095544 2097307480 3372519416 252411720
1722764154 921097522 119430890 1159959302
0 0 0 0
1431655765 1431655761 1431655757 4294967275
3844101566 2728680102 1613258638 1660230082
3844101566 2728680102 1613258638 1660230082
3844101566 2728680102 1613258638 1660230082
3844101566 2728680102 1613258638 1660230082
489159055 2064100419 3639041783 752249393
489159055 2064100419 3639041783 752249393
489159055 2064100419 3639041783 752249393
489159055 2064100419 3639041783 752249393
2 26 50 126
2 26 50 126
2 26 50 126
2849313449 2681336469 2513359489 3413088151
4144274289 2335958205 527642121 3391242447
4280678763 4109216367 3937753971 3394789717
203763561 2648926293 799121729 4247169751
2747784230 1361456622 4270096310 1311714650
1262806658 3531584666 1505395378 2247408126
676454859 203978575 4026469587 3961950453
2981197561 100862629 1515494993 3131852615
2713518009 915995749 3413440785 3447910023
2313679417 13061349 2007410577 4027882503
182799423 2376392499 275018279 2926429057
9155972 119027636 228899300 576826236
1 13 25 63
2591978900 3630954628 374963060 85913452
3292024693 4141615345 696238701 1239125451
1771419996 1553623468 1335826940 4225277348
3899703448 3451504568 3003305688 868181352
3883856442 3245493490 2607130538 4164787270
3883856442 3245493490 2607130538 4164787270
3883856442 3245493490 2607130538 4164787270
4294967295 4294967283 4294967271 4294967233
3566151148 3410291964 3254432780 1329222932
3566151148 3410291964 3254432780 1329222932
3566151148 3410291964 3254432780 1329222932
3566151148 3410291964 3254432780 1329222932
3566151148 3410291964 3254432780 1329222932
2426037282 1473713594 521389906 2516493406
2426037282 1473713594 521389906 2516493406
2426037282 1473713594 521389906 2516493406
2426037282 1473713594 521389906 2516493406
1851767859 2598145687 3344523515 697258125
1 13 25 63
1436806387 1498613847 1560421307 324489165
2318597455 76995843 2130361527 42751601
2318597455 76995843 2130361527 42751601
2318597455 76995843 2130361527 42751601
2 26 50 126
2147483648 2147483648 2147483648 2147483648
560341203 2989468343 1123628187 941757421
1785262734 1733579062 1681895390 802402546
1785262734 1733579062 1681895390 802402546
1785262734 1733579062 1681895390 802402546
1785262734 1733579062 1681895390 802402546
1785262734 1733579062 1681895390 802402546
262376649 3410896437 2264448929 3644826999
2863311530 2863311522 2863311514 4294967254
3774345593 1821852453 4164326609 1560571079
1732351367 1045731291 359111215 1763953721
4099385156 1752399476 3700381092 563227068
3507384037 2646319521 1785255005 1921862235
2147483648 2147483648 2147483648 2147483648
945694423 3704092907 2167524095 3744173801
2895344248 3279736856 3664129464 2018061192
1548651688 2952602760 61586536 3075775832
2668479002 330488658 2287465610 610452582
2668479002 330488658 2287465610 610452582
2668479002 330488658 2287465610 610452582
3949731209 4101865461 4253999713 4019930295
2863311530 2863311522 2863311514 4294967254
4294967294 4294967270 4294967246 4294967170
1139528398 1928967286 2718406174 3070812338
3878937393 3181545853 2484154313 3854887183
1267665887 3594754643 1626876103 2553539553
1267665887 3594754643 1626876103 2553539553
1267665887 3594754643 1626876103 2553539553
1267665887 3594754643 1626876103 2553539553
671202675 135700183 3895164987 3631062861
1358730974 483633478 3903503278 3995672738
1358730974 483633478 3903503278 3995672738
1358730974 483633478 3903503278 3995672738
1358730974 483633478 3903503278 3995672738
1358730974 483633478 3903503278 3995672738
899307073 3101057357 1007840345 821770751
605423723 3575541103 2250691187 3781956181
1998345410 208686554 2713994994 1341709246
0 0 0 0
1878416053 2944572209 4010728365 2376094347
4294967294 4294967270 4294967246 4294967170
1431655765 1431655761 1431655757 4294967275
2300870209 4141508941 1687180377 3220902399
2147483648 2147483648 2147483648 2147483648
1736181744 1095526192 454870640 2005267472
0 0 0 0
4227561162 3418687554 2609813946 48380854
1982915583 8098803 2328249319 369630145
1404493229 1078542793 752592357 2583727507
3180004600 2685354136 2190703672 2771794184
1625312016 3949187024 1978094736 3610409200
1625312016 3949187024 1978094736 3610409200
1625312016 3949187024 1978094736 3610409200
1625312016 3949187024 1978094736 3610409200
1625312016 3949187024 1978094736 3610409200
3359783206 727508718 2390201526 1212944474
3359783206 727508718 2390201526 1212944474
1531320944 2727303088 3923285232 1983938960
2863311530 2863311522 2863311514 4294967254
1739963484 1144688812 549414140 2243517092
1739963484 1144688812 549414140 2243517092
95498260 1241477380 2387456500 1721423084
1118511177 1655743413 2192975649 1746727415
1917729877 3455651921 698606669 557897963
1056760658 852986666 649212674 2151412014
2863311530 2863311522 2863311514 4294967254
4151791539 2433682455 715573371 3864829197
1332032345 136551301 3236037553 2313659111
163557887 2126252531 4088947175 1714212289
1469356192 1921761312 2374166432 2375126880
3983501182 245907814 803281742 1852471298
3972192980 98901188 520576692 1140054572
3972192980 98901188 520576692 1140054572
4294967294 4294967270 4294967246 4294967170
4294967294 4294967270 4294967246 4294967170
3982237463 229479467 771688767 1772857001
3441939022 1795534326 149129630 2093793586
3173401646 2599515734 2025629822 2355808082
1977152630 4228147710 2184175494 6564106
2863311530 2863311522 2863311514 4294967254
4294967294 4294967270 4294967246 4294967170
1431655765 1431655761 1431655757 4294967275
1431655765 1431655761 1431655757 4294967275
3659777399 332465931 1300121759 2932709449
2401670403 1156944167 4207185227 981380029
2147483648 2147483648 2147483648 2147483648
4242404294 3611648270 2980892246 983498170
1058267610 872577042 686886474 2246349990
2366007111 693321371 3315602927 3029559929
1546361881 2922835269 4341361 2931517991
1546361881 2922835269 4341361 2931517991
1546361881 2922835269 4341361 2931517991
1546361881 2922835269 4341361 2931517991
735107634 966464650 1197821666 3362107982
2590411253 3610575217 335771885 4282118987
1450919427 1682083367 1913247307 1213610685
797940223 1783288307 2768636391 3025593793
0 0 0 0
2924907450 3664058482 108242218 3880542918
0 0 0 0
2 26 50 126
2147483648 2147483648 2147483648 2147483648
1361114522 514619602 3963091978 4145836262
3257323104 3690494688 4123666272 3347892640
0 0 0 0
1 13 25 63
1449742779 1666786943 1883831107 1139481861
2889931586 3209372250 3528812914 1677063486
2810210314 2172995714 1535781114 949590646
4190484959 2936696915 1682908871 2007547361
3834296979 2601220471 1368143963 1042541101
2233022569 3259489621 4285956673 3241468375
2147483648 2147483648 2147483648 2147483648
2147483648 2147483648 2147483648 2147483648
2147483648 2147483648 2147483648 2147483648
4294967294 4294967270 4294967246 4294967170
1 13 25 63
2 26 50 126
2169996198 2440146798 2710297398 3565774298
0 0 0 0
2990249970 218543946 1741805218 3702154382
3460374194 2035191562 610008930 3255209422
3460374194 2035191562 610008930 3255209422
3460374194 2035191562 610008930 3255209422
4294967294 4294967270 4294967246 4294967170
3014016278 527505950 2335962918 904464490
4294967294 4294967270 4294967246 4294967170
3843976271 2727051267 1610126263 1652336497
981018429 4163304985 3050624245 1674618883
981018429 4163304985 3050624245 1674618883
3557423424 3296831552 3036239680 779376320
3390602348 1128157564 3160680076 3154550420
2016595787 445941455 3170254419 2491482997
1394698640 951213136 507727632 1966668400
181263848 2356430024 236628904 2829687832
710134738 641817002 573499266 1788815534
1350613077 378100817 3700555853 3484245227
605273910 3573593534 2246945862 3772517962
2147483648 2147483648 2147483648 2147483648
2424769586 1457233546 489697506 2436628558
1 13 25 63
1431655765 1431655761 1431655757 4294967275
1258662193 3477706621 1401783753 1986306831
2817589675 2268927407 1720265139 1414490389
2817589675 2268927407 1720265139 1414490389
2817589675 2268927407 1720265139 1414490389
2817589675 2268927407 1720265139 1414490389
2 26 50 126
2 26 50 126
2 26 50 126
2 26 50 126
2 26 50 126
3299715441 4241595069 888507401 1723642575
2147483648 2147483648 2147483648 2147483648
2881774927 3103335683 3324896439 1163193969
1521301685 2597052721 3672803757 1352725643
1146066420 2013961572 2881856724 3482707724
3694696807 786418235 2173106959 837664857
656683733 4241921233 3532191437 2716369515
2551216180 3101039268 3650862356 1812829388
2809345476 2161752820 1514160164 895105852
1720754004 894965572 69177140 1033319852
1720754004 894965572 69177140 1033319852
1720754004 894965572 69177140 1033319852
772946499 1458369895 2143793291 1450989181
2863311530 2863311522 2863311514 4294967254
1847818900 2546809220 3245799540 448473708
1769832948 1532991844 1296150740 4125293324
1 13 25 63
2863311530 2863311522 2863311514 4294967254
2864757219 2882105479 2899453739 91078365
2864757219 2882105479 2899453739 91078365
2864757219 2882105479 2899453739 91078365
1570929007 3242207907 618519511 184279633
3986982923 291170447 890325267 2071820981
1431655765 1431655761 1431655757 4294967275
3583624806 3637449518 3691274230 2430063386
1431655765 1431655761 1431655757 4294967275
1431655765 1431655761 1431655757 4294967275
2472740 32145620 61818500 155782620
2856830014 2779051814 2701273614 3886631746
318441987 4139745831 3666082379 2881975997
318441987 4139745831 3666082379 2881975997
2914895422 3533902118 4152908814 3249785154
2914895422 3533902118 4152908814 3249785154
2914895422 3533902118 4152908814 3249785154
2514947097 2629541189 2744135281 3822844455
238350768 3098559984 1663801904 2131196496
0 0 0 0
0 0 0 0
0 0 0 0
0 0 0 0
0 0 0 0
0 0 0 0
0 0 0 0
0 0 0 0
0 0 0 0
798086641 1785191741 2772296841 3034818127
798086641 1785191741 2772296841 3034818127
4021478559 739613715 1752716167 4245046049
515388548 2405083828 4294779108 2404707452
3276366569 3938059733 304785601 252663639
4294967294 4294967270 4294967246 4294967170
1431655765 1431655761 1431655757 4294967275
4294967295 4294967283 4294967271 4294967233
2147483648 2147483648 2147483648 2147483648
3853590689 2852038701 1850486713 2258044831
1454444184 1727905208 2001366232 1435670376
232818119 3026635547 1525485679 1782639609
2 26 50 126
25510870 331641310 637771750 1607184810
25510870 331641310 637771750 1607184810
158867358 2065275654 3971683950 1418708962
2147483648 2147483648 2147483648 2147483648
1 13 25 63
3564237314 3385412122 3206586930 1208651390
3564237314 3385412122 3206586930 1208651390
3564237314 3385412122 3206586930 1208651390
3564237314 3385412122 3206586930 1208651390
3564237314 3385412122 3206586930 1208651390
3730149785 1247306949 3059431409 3071202471
3962085842 4262475690 267898242 503304878
2147483648 2147483648 2147483648 2147483648
2147483648 2147483648 2147483648 2147483648
2 26 50 126
3791186299 2040781631 290376963 2621535557
0 0 0 0
2 26 50 126
1103034153 1454542101 1806050049 771674903
1103034153 1454542101 1806050049 771674903
1940389423 3750226019 1265095319 1985449361
2073243817 1182365845 291487873 1765341591
810221353 1942942997 3075664641 3799304983
3536628332 3026495356 2516362380 3764252820
3536628332 3026495356 2516362380 3764252820
3536628332 3026495356 2516362380 3764252820
3536628332 3026495356 2516362380 3764252820
1138403072 1914338048 2690273024 2999916800
1 13 25 63
0 0 0 0
64632651 840224463 1615816275 4071857013
1076701133 1112212841 1147724549 3407661939
4002013840 486572368 1266098192 3018768752
3843914278 2726245358 1608576438 1648430938
506794560 2293361984 4079929408 1863286208
2971814157 4273845673 1280909893 2540698163
2 26 50 126
3117662914 1874912218 632161522 3139235262
3117662914 1874912218 632161522 3139235262
1370998691 643113799 4210196203 473571613
1370998691 643113799 4210196203 473571613
3960564039 4242692251 229853167 407431289
3873722537 3113752725 2353782913 3526351255
3873722537 3113752725 2353782913 3526351255
1431655765 1431655761 1431655757 4294967275
2152912823 2218062923 2283213023 2489521673
2198512295 2810856059 3423199823 1067321113
4294967294 4294967270 4294967246 4294967170
2961446506 4139066210 1021718618 1887536150
931464759 3519107275 1811782495 2847704969
511241984 2351178496 4191115008 2143473920
1 13 25 63
1160775501 2205179625 3249583749 114412531
4190856135 2941522203 1692188271 2030931449
315057748 4095750724 3581476404 2668768940
3955333741 4174698377 99095717 77922515
4294967294 4294967270 4294967246 4294967170
4294967294 4294967270 4294967246 4294967170
4294967294 4294967270 4294967246 4294967170
4294967294 4294967270 4294967246 4294967170
790633334 1688298750 2585964166 2565259786
4294967295 4294967283 4294967271 4294967233
791509307 1699686399 2607863491 2620446085
2147483648 2147483648 2147483648 2147483648
721838818 793970042 866101266 2526172574
3474724452 2221744916 968765380 4159275676
3674207841 520061677 1660882809 3841827295
4215821838 3266076342 2316330846 3603770738
1221130376 2989793000 463488328 3916769656
0 0 0 0
2863311530 2863311522 2863311514 4294967254
2863311530 2863311522 2863311514 4294967254
3678241856 572503872 1761733184 4095970240
3190091875 2816488711 2442885547 3407292509
3371814261 883912433 2690977901 1970900939
1832082622 2342237606 2852392590 3752055490
2147483648 2147483648 2147483648 2147483648
1699031472 612572656 3821081136 3959767632
2830952419 2442643079 2054333739 2256343261
2858563781 2801590785 2744617789 3995859067
4294967295 4294967283 4294967271 4294967233
4294967295 4294967283 4294967271 4294967233
406210190 985765174 1565320158 4116405490
2844460452 2618247508 2392034564 3107349340
2863311530 2863311522 2863311514 4294967254
555937368 2932218488 1013532312 664315816
2147483648 2147483648 2147483648 2147483648
2081152972 1285184860 489216748 2263618356
2187508290 2667803994 3148099698 374068798
3197086717 2907421657 2617756597 3847967555
2366891695 704820963 3337717527 3085288721
0 0 0 0
1600426906 3625680594 1355966986 2042647270
2147483648 2147483648 2147483648 2147483648
3199868954 2943590738 2687312522 4023248486
3125984979 1983099063 840213147 3663525357
3423013840 1549506960 3970967376 901507120
1 13 25 63
0 0 0 0
0 0 0 0
0 0 0 0
0 0 0 0
0 0 0 0
2589071112 3593153384 302268360 4197690104
2863311530 2863311522 2863311514 4294967254
3656216108 286169148 1211089484 2708348116
3656216108 286169148 1211089484 2708348116
4294967294 4294967270 4294967246 4294967170
4294967294 4294967270 4294967246 4294967170
4294967294 4294967270 4294967246 4294967170
4294967294 4294967270 4294967246 4294967170
2760034352 1520708208 281382064 2083472336
570334923 3119386703 1373471187 1571361781
2863311530 2863311522 2863311514 4294967254
1637735899 4110697503 2288691811 98146533
3984152055 254369163 819553567 1893476297
1412515815 1182836411 953157007 3089150425
2 26 50 126
2 26 50 126
2 26 50 126
2 26 50 126
2 26 50 126
439298083 1415907783 2392517483 1905975453
2664586310 279883662 2190148310 365212986
1356346855 452639931 3843900303 3845473241
3268755173 3839111585 114500701 4068112987
1431655765 1431655761 1431655757 4294967275
4024629814 780580030 1831497542 148607818
2889108106 3198667010 3508225914 1625184246
1431655765 1431655761 1431655757 4294967275
1431655765 1431655761 1431655757 4294967275
1273178742 3666421758 1764697478 2900849418
1778023384 1639467512 1500911640 346323496
0 0 0 0
0 0 0 0
0 0 0 0
0 0 0 0
0 0 0 0
2863311530 2863311522 2863311514 4294967254
1438643004 1522489868 1606336732 440196036
1438643004 1522489868 1606336732 440196036
1438643004 1522489868 1606336732 440196036
3690736796 734938092 2074106684 588184164
4198261663 3037794067 1877326471 2497479713
4079297200 1491256048 3198182192 3592653136
2690693687 619279563 2842832735 2009977737
2115137046 1726977822 1338818598 109647722
1443185584 1581543408 1719901232 726378576
1110114829 1546590889 1983066949 1217757491
1680963896 377694168 3369391736 2821510344
1769240953 1525295909 1281350865 4087997639
2863311530 2863311522 2863311514 4294967254
2319650113 90680397 2156677977 109069055
2147483648 2147483648 2147483648 2147483648
1431655765 1431655761 1431655757 4294967275
2691468590 629353302 2862205310 2058796626
2147483648 2147483648 2147483648 2147483648
1498347966 2298654374 3098960782 4201608642
4156047683 2489012327 821976971 4132966269
609898022 3633706990 2362548662 4063837018
1 13 25 63
1 13 25 63
1 13 25 63
1 13 25 63
4235122275 3516982023 2798841771 524730973
4235122275 3516982023 2798841771 524730973
4235122275 3516982023 2798841771 524730973
2498735388 2418788972 2338842556 2801506788
3706480083 939600823 2467688859 1580011245
3261291081 3742078389 4222865697 3597875191
2147483648 2147483648 2147483648 2147483648
2147483648 2147483648 2147483648 2147483648
2147483648 2147483648 2147483648 2147483648
900995043 3123000967 1050039595 928112861
1608872391 3735471899 1567104111 2574712825
1608872391 3735471899 1567104111 2574712825
1608872391 3735471899 1567104111 2574712825
1608872391 3735471899 1567104111 2574712825
0 0 0 0
36652737 476485581 916318425 2309122431
36652737 476485581 916318425 2309122431
36652737 476485581 916318425 2309122431
463862137 1735240485 3006618833 3453510855
4294967294 4294967270 4294967246 4294967170
4294967295 4294967283 4294967271 4294967233
4294967295 4294967283 4294967271 4294967233
554740084 2916653796 983600212 588886924
1644302482 4196063082 2452856386 511841262
2935020520 3795528392 361068968 222699032
1431655765 1431655761 1431655757 4294967275
248122824 3225596712 1908103304 2746836024
251278899 3266625687 1987005179 2945668749
4169183725 2659780873 1150378021 665569619
4169183725 2659780873 1150378021 665569619
4169183725 2659780873 1150378021 665569619
4169183725 2659780873 1150378021 665569619
4169183725 2659780873 1150378021 665569619
2537362573 2920942377 3304522181 940052147
2537362573 2920942377 3304522181 940052147
3306874835 39699895 1067492251 2174684397
3306874835 39699895 1067492251 2174684397
3306874835 39699895 1067492251 2174684397
2367952058 718605682 3364226602 3152091590
1293201415 3926716507 2265264303 4162277817
1 13 25 63
2363909199 666048515 3263155127 2897391473
3894475540 3383541764 2872607988 538823148
2147483648 2147483648 2147483648 2147483648
2891855715 3234385927 3576916139 1798283613
3134481664 2093555968 1052630272 4198816512
253200668 3291608684 2035049404 3066740196
2265846955 3686206639 811599027 1014437397
2265846955 3686206639 811599027 1014437397
2265846955 3686206639 811599027 1014437397
2265846955 3686206639 811599027 1014437397
2265846955 3686206639 811599027 1014437397
1235516226 3176809050 823134578 528110910
2594212971 3659997551 430814835 226659925
4294967295 4294967283 4294967271 4294967233
2147483648 2147483648 2147483648 2147483648
2147483648 2147483648 2147483648 2147483648
3415569754 1452733842 3784865226 432529702
2147483648 2147483648 2147483648 2147483648
1457764185 1771065221 2084366257 1644830439
3984877119 263794995 837680167 1939155329
2077987556 1244034452 410081348 2064197148
4294967295 4294967283 4294967271 4294967233
1717069013 847060689 4272019661 801165419
4294967294 4294967270 4294967246 4294967170
4294967294 4294967270 4294967246 4294967170
4294967294 4294967270 4294967246 4294967170
4294967294 4294967270 4294967246 4294967170
4294967295 4294967283 4294967271 4294967233
2539807343 2952724387 3365641431 1094072657
2 26 50 126
2246934947 3440350535 338798827 4117948189
2246934947 3440350535 338798827 4117948189
2246934947 3440350535 338798827 4117948189
2246934947 3440350535 338798827 4117948189
2883904469 3131019729 3378134989 1297355115
2883904469 3131019729 3378134989 1297355115
2883904469 3131019729 3378134989 1297355115
2883904469 3131019729 3378134989 1297355115
0 0 0 0
988470586 4260183026 3236928170 2144104774
1538048443 2814760575 4091472707 2407771397
740008784 1030179600 1320350416 3670880432
0 0 0 0
4294967294 4294967270 4294967246 4294967170
2552977281 3123933581 3694889881 1923778751
3958004935 4209423899 165875567 246207737
3958004935 4209423899 165875567 246207737
3958004935 4209423899 165875567 246207737
3958004935 4209423899 165875567 246207737
3958004935 4209423899 165875567 246207737
251901349 3274717537 2002566429 2984883099
3396288074 1202072002 3302823226 3512751158
3241089046 3479451934 3717814822 2325146986
1785532341 1737083953 1688635565 819387787
2155535043 2252151783 2348768523 2654721533
2315244595 33408663 2046540027 4126488717
2315244595 33408663 2046540027 4126488717
2315244595 33408663 2046540027 4126488717
2315244595 33408663 2046540027 4126488717
3513497747 2725797751 1938097755 2307025965
989752366 4276846166 3268972670 2224856914
4294967295 4294967283 4294967271 4294967233
2524985695 2760042963 2995100231 160308833
3729821420 1243038204 3051222284 3050515476
196224574 2550919462 610647054 3772213570
801066781 1823933561 2846800341 3222566947
2733591867 1176955903 3915287235 417595781
1903204541 3266822553 335473269 3937769091
4154765817 2472348069 789930321 4052208711
1 13 25 63
2 26 50 126
3702980800 894110144 2380206784 1359556416
1431655765 1431655761 1431655757 4294967275
2878798139 3064637439 3250476739 975656325
890059623 2980840507 776654095 239181401
3109549358 1769435990 429322622 2628081234
180019759 2340256867 205526679 2751310225
2417410731 1361568431 305726131 1973020693
2 26 50 126
2 26 50 126
2 26 50 126
3525149099 2877265327 2229381555 3041061141
3525149099 2877265327 2229381555 3041061141
3525149099 2877265327 2229381555 3041061141
3525149099 2877265327 2229381555 3041061141
2267899997 3712896185 862925077 1143779043
2301441450 4148935074 1701461402 3256890582
2543556182 3001459294 3459362406 1330249514
3708994926 972293782 2530559934 1738446354
1557873710 3072489046 292137086 3656763218
186467012 2424071156 366708004 3157487164
2024786854 552425326 3375031094 3007520218
4283199641 4141987781 4000775921 3553605031
430920004 1306992756 2183065508 1378156476
1367961853 603634905 4134275253 282250819
3905112191 3521818227 3138524263 1208932161
0 0 0 0
602848317 3542060825 2186306037 3619705603
692155896 408092056 124028216 656148488
1054976474 829792274 604608074 2039008422
1336892961 199739309 3357552953 2619877919
2863311530 2863311522 2863311514 4294967254
0 0 0 0
2 26 50 126
2 26 50 126
2 26 50 126
2 26 50 126
2 26 50 126
2446959344 1745700400 1044441456 3834583312
1431655765 1431655761 1431655757 4294967275
2 26 50 126
2042693062 785206030 3822686294 4135611322
2042693062 785206030 3822686294 4135611322
2042693062 785206030 3822686294 4135611322
2042693062 785206030 3822686294 4135611322
116074470 1508968110 2901861750 3017724314
3365013989 795508897 2520971101 1542483803
2863311530 2863311522 2863311514 4294967254
2863311530 2863311522 2863311514 4294967254
1906051545 3303833605 406648369 4117130343
4035098997 916679409 2093227117 808166347
1047171111 728322555 409473999 1547270553
1752090502 1302340046 852589590 3007519226
1661431783 123776699 2881088911 1590987225
1661431783 123776699 2881088911 1590987225
1661431783 123776699 2881088911 1590987225
1661431783 123776699 2881088911 1590987225
1661431783 123776699 2881088911 1590987225
2055339698 949612298 4138852194 637382094
3202590416 2978969744 2755349072 4194700592
660072833 4285979533 3616918937 2929882815
660072833 4285979533 3616918937 2929882815
2380236421 878302401 3671335677 3926006459
3006333980 427636076 2143905468 420479716
3526787187 2898560471 2270333755 3144260685
3526787187 2898560471 2270333755 3144260685
3526787187 2898560471 2270333755 3144260685
3510707666 2689526698 1868345730 2131250862
2173574049 2486658861 2799743673 3791178911
2 26 50 126
3527625383 2909457019 2291288655 3197067033
0 0 0 0
756742981 1247724161 1738705341 430167547
38403448 499244824 960086200 2419417224
1188000786 2559108330 3930215874 1829605486
116756645 1517836385 2918916125 3060701339
4294967295 4294967283 4294967271 4294967233
2059728878 1006671638 4248581694 913900434
3832951037 2583723225 1334495413 957746755
2147483648 2147483648 2147483648 2147483648
2463565655 1961582443 1459599231 585813609
711630831 661266211 610901591 1883069393
164647838 2140421894 4116195950 1782879202
4294967294 4294967270 4294967246 4294967170
4270618429 3978432025 3686245621 2760988675
3975640172 143714684 606756492 1357227668
2147483648 2147483648 2147483648 2147483648
2147483648 2147483648 2147483648 2147483648
2147483648 2147483648 2147483648 2147483648
1 13 25 63
1 13 25 63
1418192919 1256638763 1095084607 3446807977
2420637201 1403512541 386387881 2176288303
3880579265 3202890189 2525201113 3958325119
0 0 0 0
327968418 4263589434 3904243154 3482141150
1132526569 1837943509 2543360449 2629697111
1132526569 1837943509 2543360449 2629697111
1132526569 1837943509 2543360449 2629697111
1488200183 2166733195 2845266207 3562298313
0 0 0 0
160449878 2085848414 4011246950 1518407722
799942520 1809318168 2818693816 3151738504
0 0 0 0
0 0 0 0
0 0 0 0
0 0 0 0
0 0 0 0
2147483648 2147483648 2147483648 2147483648
0 0 0 0
3975831861 146206641 611548717 1369304075
1124514608 1733788016 2343061424 2124943568
0 0 0 0
1326642599 66484603 3101293903 1974105113
4244077439 3633399155 3022720871 1088906305
1376647252 716545092 56442932 829430956
1113257815 1587449707 2061641599 1415765609
1171985287 2350906843 3529828399 820629049
1171985287 2350906843 3529828399 820629049
1171985287 2350906843 3529828399 820629049
3936219149 3926208681 3916198213 3168670515
2 26 50 126
2 26 50 126
2177227883 2534158703 2891089523 4021370453
1431655765 1431655761 1431655757 4294967275
2195198349 2767774761 3340351173 858542515
3589812112 3717884496 3845956880 2819863664
1352003455 396175731 3735315303 3571839041
2 26 50 126
1580896219 3371781663 867699811 812213989
2910450681 3476120485 4041790289 2969766471
2810078550 2171282782 1532487014 941289514
2147483648 2147483648 2147483648 2147483648
4294967295 4294967283 4294967271 4294967233
4099357426 1752038986 3699687842 561480078
292666126 3804659638 3021685854 1258096754
2852694712 2725292888 2597891064 3626107720
3883607600 3242258544 2600909488 4149110224
532263823 2624462403 421693687 3467849777
2147483648 2147483648 2147483648 2147483648
1431655765 1431655761 1431655757 4294967275
2 26 50 126
2 26 50 126
819958224 2069522320 3319086416 117760560
0 0 0 0
3068235422 1232354822 3691441518 25303266
3068235422 1232354822 3691441518 25303266
3068235422 1232354822 3691441518 25303266
3068235422 1232354822 3691441518 25303266
3068235422 1232354822 3691441518 25303266
2 26 50 126
1520595710 2587875046 3655154382 1308249218
2202717353 2865521813 3528326273 1332239767
4294967295 4294967283 4294967271 4294967233
4090664777 1639034549 3482371617 13843191
4090664777 1639034549 3482371617 13843191
4090664777 1639034549 3482371617 13843191
1218317973 2953231761 393178253 3739588267
1 13 25 63
458261955 1662438119 2866614283 3100699389
0 0 0 0
2147483648 2147483648 2147483648 2147483648
3317193796 173846388 1325466276 2824778940
624162593 3819146413 2719162937 667537695
3564796937 3392687221 3220577505 1243907639
172607374 2243895862 20217054 2284329970
1431655765 1431655761 1431655757 4294967275
3687228776 689333832 1986406184 367178904
1870290296 2838937368 3807584440 1864171656
1250152657 3367082653 1189045353 1450206063
3284848188 4048320780 516826076 787005636
2649814905 87855397 1820863185 3729581767
1368615848 612136840 4150625128 323452504
3858335140 2913716564 1969097988 2556945244
1563846230 3150131806 441450086 4033031978
2357657113 584771397 3106852977 2503510055
4294967294 4294967270 4294967246 4294967170
2744784684 1322462524 4195107660 1122743252
2147483648 2147483648 2147483648 2147483648
4294967294 4294967270 4294967246 4294967170
2 26 50 126
884511517 2908715129 637951445 4184618019
4294967294 4294967270 4294967246 4294967170
2 26 50 126
647025857 4116368845 3290744537 2107923327
1431655765 1431655761 1431655757 4294967275
525291833 2533826533 247393937 3028614407
2823022828 2339558396 1856093964 1756779028
2 26 50 126
4294967295 4294967283 4294967271 4294967233
1565172036 3167367284 474595236 4116557756
2147483648 2147483648 2147483648 2147483648
2 26 50 126
3813750183 2334112123 854474063 4043060249
4294967295 4294967283 4294967271 4294967233
782786677 1586292209 2389797741 2070920395
4014848706 653425626 1586969842 3827365310
0 0 0 0
2 26 50 126
2 26 50 126
2 26 50 126
2 26 50 126
637259062 3989400510 3046574662 1492615242
4107434961 1857046941 3901626217 1070364783
4107434961 1857046941 3901626217 1070364783
4107434961 1857046941 3901626217 1070364783
4107434961 1857046941 3901626217 1070364783
0 0 0 0
289676012 3765788156 2946933004 1069719572
3529623813 2935436609 2341249405 3322968123
4294967295 4294967283 4294967271 4294967233
2 26 50 126
2221558025 3110450549 3999343073 2519202103
2221558025 3110450549 3999343073 2519202103
1985496619 41652271 2392775219 532235413
575608620 3187944764 1505313612 1903604692
3091969871 1540902659 4284802743 1520573553
1431655765 1431655761 1431655757 4294967275
2766547866 1605383890 444219914 2493823718
2215614509 3033184841 3850755173 2144760595
874226606 2775011286 380828670 3536668626
2007336528 325571088 2938772944 1908149680
922477558 3402273662 1587102470 2281511306
1627463166 3977151974 2031873486 3745931650
3975080172 136434684 592756492 1321947668
3636329092 27637940 713914084 1455466108
711682865 661942653 612202441 1886347535
711682865 661942653 612202441 1886347535
711682865 661942653 612202441 1886347535
711682865 661942653 612202441 1886347535
711682865 661942653 612202441 1886347535
2 26 50 126
2520545954 2702326330 2884106706 4175572446
1431655765 1431655761 1431655757 4294967275
244313340 3176073420 1812866204 2506838532
2147483648 2147483648 2147483648 2147483648
3329649094 335765262 1636848726 3609462714
4040100457 981698389 2218263617 1123258327
4040100457 981698389 2218263617 1123258327
4040100457 981698389 2218263617 1123258327
4040100457 981698389 2218263617 1123258327
1419217939 1269964023 1120710107 3511384237
2502612163 2469187047 2435761931 3045743613
2054729746 941682922 4123603394 598955118
2450641747 1793571639 1136501531 4066574701
451776365 1578125449 2704474533 2692107219
1 13 25 63
1049028410 752467442 455906474 1664280390
1057976134 868787854 679599574 2227987002
3745415693 1445763753 3441079109 4032954675
3745415693 1445763753 3441079109 4032954675
3343912620 521191100 1993436876 213097556
3343912620 521191100 1993436876 213097556
3343912620 521191100 1993436876 213097556
3343912620 521191100 1993436876 213097556
3343912620 521191100 1993436876 213097556
1700195378 627703434 3850178786 4033093710
2 26 50 126
2863311530 2863311522 2863311514 4294967254
152949141 1988338833 3823728525 1045861291
902107608 3137464312 1077853720 998204456
902107608 3137464312 1077853720 998204456
902107608 3137464312 1077853720 998204456
902107608 3137464312 1077853720 998204456
2147483648 2147483648 2147483648 2147483648
1437936247 1513302027 1588667807 395670345
4015066678 656259262 1592419142 3841097546
1062929145 933176997 803424849 2540026695
2 26 50 126
2 26 50 126
2 26 50 126
2 26 50 126
2 26 50 126
4294967294 4294967270 4294967246 4294967170
4285798811 4175776991 4065755171 3717352741
1 13 25 63
1 13 25 63
70476701 916197113 1761917525 145064867
70476701 916197113 1761917525 145064867
70476701 916197113 1761917525 145064867
70476701 916197113 1761917525 145064867
70476701 916197113 1761917525 145064867
2813443978 2215033346 1616622714 1153311478
1431655765 1431655761 1431655757 4294967275
725475755 841250223 957024691 2755299605
4294967294 4294967270 4294967246 4294967170
492369728 2105839168 3719308608 954521792
1431655765 1431655761 1431655757 4294967275
1431655765 1431655761 1431655757 4294967275
1431655765 1431655761 1431655757 4294967275
4294967294 4294967270 4294967246 4294967170
3228996124 3322243948 3415491772 1563292900
1 13 25 63
398563488 886358048 1374152608 3634663264
482708971 1980249327 3477789683 345894101
4294967294 4294967270 4294967246 4294967170
406479623 989267803 1572055983 4133379769
143035746 1859464698 3575893650 421317406
1 13 25 63
3045584205 937889001 3125161093 2893243891
1 13 25 63
1 13 25 63
1 13 25 63
3752829671 1542145467 3626428559 205067993
0 0 0 0
3871336942 3082739990 2294143038 3376058770
1431655765 1431655761 1431655757 4294967275
1386568581 845522369 304476157 1454474683
962157986 3918119226 2579113170 486410974
1141006199 1948178699 2755351199 3163913801
4294967294 4294967270 4294967246 4294967170
2479823500 2172934428 1866045356 1610057844
2147483648 2147483648 2147483648 2147483648
2520030945 2695631213 2871231481 4143126879
2520030945 2695631213 2871231481 4143126879
2520030945 2695631213 2871231481 4143126879
2520030945 2695631213 2871231481 4143126879
3804310613 2211397713 618484813 3448367339
4294967294 4294967270 4294967246 4294967170
333452024 39909016 4041333304 3827608328
4294967294 4294967270 4294967246 4294967170
2003076730 270193714 2832277994 1639782406
276923793 3600009309 2628127529 266329775
3469391688 2152418984 835446280 3823311544
2 26 50 126
3826132730 2495085234 1164037738 528193414
1592620730 3524200306 1160812586 1550858182
2726910279 1090095259 3748247535 4291623033
4294967294 4294967270 4294967246 4294967170
1358959548 486604940 3909217628 4010072900
865888253 2666612697 172369845 3011352387
2863158159 2861317699 2859477239 4285304881
4294967294 4294967270 4294967246 4294967170
2401695341 1157268361 4207808677 982951123
2707911692 843113628 3273282860 3094712052
2341860859 379420095 2711946627 1508346053
573012033 3154189133 1440398937 1740019711
2654286705 145988797 1932658185 4011305167
4294967294 4294967270 4294967246 4294967170
4027258969 814759045 1897226417 314244583
0 0 0 0
395324626 844252842 1293181058 3430614958
2160909840 2322024144 2483138448 2993333744
3670134244 467104916 1559042884 3585190684
2282376030 3901084614 1224825902 2055769122
124746595 1621705735 3118664875 3564068189
4294967294 4294967270 4294967246 4294967170
4119402039 2012618955 4200803167 1824290697
193839981 2519919753 551032229 3621984211
193839981 2519919753 551032229 3621984211
193839981 2519919753 551032229 3621984211
3048666731 977961839 3202224243 3087443029
0 0 0 0
3747469733 1472466273 3492430109 4162359195
3747469733 1472466273 3492430109 4162359195
2211174149 2975460161 3739746173 1865017915
2211174149 2975460161 3739746173 1865017915
2211174149 2975460161 3739746173 1865017915
2211174149 2975460161 3739746173 1865017915
2211174149 2975460161 3739746173 1865017915
2880269112 3083760088 3287251064 1068327624
3010002074 475321298 2235607818 651569638
3010002074 475321298 2235607818 651569638
3010002074 475321298 2235607818 651569638
3010002074 475321298 2235607818 651569638
1317217417 4238924533 2865664353 1380318647
2800086142 2041381478 1282676814 311767810
890537262 2987049814 788595070 269272658
890537262 2987049814 788595070 269272658
890537262 2987049814 788595070 269272658
890537262 2987049814 788595070 269272658
890537262 2987049814 788595070 269272658
4294967295 4294967283 4294967271 4294967233
1336798646 198513214 3355195078 2613936074
2640001774 4255251990 1575534910 3111354514
1 13 25 63
641349646 4042578102 3148839262 1750322034
4057249538 1204636442 2646990642 2203650430
2967434743 4216913291 1171424543 2264795081
2 26 50 126
4117597968 1989166032 4155701392 1710634224
527180340 2558377124 294606612 3147590348
3922768407 3751349035 3579929663 2321273769
4045043327 1045955699 2341835367 1434659137
2 26 50 126
4049129384 1099074440 2443986792 1692080728
4049129384 1099074440 2443986792 1692080728
4049129384 1099074440 2443986792 1692080728
2347674531 454997831 2857288427 1874607389
3282819644 4021949708 466112476 659207364
2 26 50 126
1658837410 90049850 2816229586 1427541726
2106217745 1611026909 1115836073 3842699055
2106217745 1611026909 1115836073 3842699055
1431655765 1431655761 1431655757 4294967275
4171917084 2695314540 1218711996 837771236
4080171956 1502627876 3220051092 3647762764
2222150040 3118146744 4014143448 2556499048
3168332400 2533615536 1898898672 2036445584
3168332400 2533615536 1898898672 2036445584
3168332400 2533615536 1898898672 2036445584
2836802027 2518687983 2200573939 2624868565
2863311530 2863311522 2863311514 4294967254
1 13 25 63
1 13 25 63
1 13 25 63
1 13 25 63
3911797348 3608725268 3305653188 1630097052
3370959637 872802321 2669612301 1917059627
3142740775 2200924411 1259108047 424173209
4294967295 4294967283 4294967271 4294967233
2 26 50 126
59189818 769467634 1479745450 3728958534
2555191878 3152723342 3750254806 2063298362
2147483648 2147483648 2147483648 2147483648
2768815546 1634863730 500911914 2636687558
2067458233 1107153253 146848273 1400849799
2926449112 3684100088 146783768 3977667624
4106492595 1844796183 3878067067 1010995725
1202853256 2752190440 6560328 2765311096
1431655765 1431655761 1431655757 4294967275
1 13 25 63
2 26 50 126
2183576286 2616687942 3049799598 126352546
3329886961 338857533 1642795401 3624448335
4154052921 2463080421 772107921 4007296263
1215435453 2915759001 321115253 3557989507
1215435453 2915759001 321115253 3557989507
1215435453 2915759001 321115253 3557989507
1402611540 1054080836 705550132 2465181100
3037408144 831600208 2920759568 2378152048
4294967294 4294967270 4294967246 4294967170
4294967294 4294967270 4294967246 4294967170
4294967294 4294967270 4294967246 4294967170
4294967294 4294967270 4294967246 4294967170
1 13 25 63
751386973 1178096057 1604805141 92739043
0 0 0 0
2147483648 2147483648 2147483648 2147483648
3659263152 325780720 1287265584 2900311888
4059919971 1239352071 2713751467 2371887709
1 13 25 63
1503122989 2360729673 3218336357 207467795
3799614036 2150342212 501070388 3152482988
274586947 3569630311 2569706379 119108477
274586947 3569630311 2569706379 119108477
274586947 3569630311 2569706379 119108477
2636503981 4209780681 1488090085 2890993555
2147483648 2147483648 2147483648 2147483648
2147483648 2147483648 2147483648 2147483648
2147483648 2147483648 2147483648 2147483648
2147483648 2147483648 2147483648 2147483648
2147483648 2147483648 2147483648 2147483648
4290601715 4238214743 4185827771 4019935693
1 13 25 63
1132090782 1832278278 2532465774 2602242530
2047759476 851069412 3949346644 159828108
2881581020 3100814892 3320048764 1150977828
2881581020 3100814892 3320048764 1150977828
3948699409 4088452061 4228204713 3954926895
3727176203 1208650383 2985091859 2883866805
1749217181 1264986873 780756565 2826500003
1 13 25 63
383805613 694505673 1005205733 2704917139
383805613 694505673 1005205733 2704917139
2 26 50 126
0 0 0 0
1780478365 1671382265 1562286165 500987299
4294967295 4294967283 4294967271 4294967233
1897005698 3186237594 180502194 3547241982
1883007035 3004254975 4125502915 2665326213
1431655765 1431655761 1431655757 4294967275
4294967294 4294967270 4294967246 4294967170
570606252 3122913980 1380254412 1588455508
570606252 3122913980 1380254412 1588455508
570606252 3122913980 1380254412 1588455508
570606252 3122913980 1380254412 1588455508
570606252 3122913980 1380254412 1588455508
3118863104 1890514688 662166272 3214847232
2491964806 2330771406 2169578006 2374960122
1533076534 2750125758 3967174982 2094541130
2705093869 806481929 3202837285 2917189203
2640001617 4255249949 1575530985 3111344623
2 26 50 126
2719270422 990777118 3557251110 3810312042
2147483648 2147483648 2147483648 2147483648
2969358490 4241922002 1219518218 2385991142
2969358490 4241922002 1219518218 2385991142
3785654654 1968870246 152085838 2273041922
3240638629 3473596513 3706554397 2296770715
3240638629 3473596513 3706554397 2296770715
383360068 688713588 994067108 2676847804
1403336751 1063508579 723680407 2510869393
3710293820 989179404 2563032284 1820276676
3012373246 506146534 2294887118 800953474
14811230 192545990 370280750 933107490
1431655765 1431655761 1431655757 4294967275
4294967295 4294967283 4294967271 4294967233
4294967295 4294967283 4294967271 4294967233
4294967295 4294967283 4294967271 4294967233
723497618 815534442 907571266 2630676974
1062158506 923158690 784158874 2491476438
0 0 0 0
0 0 0 0
0 0 0 0
0 0 0 0
0 0 0 0
2513547011 2611340071 2709133131 3734639037
122193574 1588516462 3054839350 3403227866
1838689874 2428131882 3017573890 4168312366
2223485210 3135503954 4047522698 2640614758
2145715415 2124496619 2103277823 2036084969
2145715415 2124496619 2103277823 2036084969
2145715415 2124496619 2103277823 2036084969
2145715415 2124496619 2103277823 2036084969
2145715415 2124496619 2103277823 2036084969
2 26 50 126
513129818 2375720338 4238310858 2262407462
2147483648 2147483648 2147483648 2147483648
966796007 3978413499 2695063695 778606297
1 13 25 63
1431655765 1431655761 1431655757 4294967275
3290467079 4121366363 657298351 1140995769
3352379380 631258980 2205105876 746503436
3075294694 1324125358 3867923318 470037402
1938080194 3720206042 1207364594 1839967934
1022673959 409859579 4092012495 3949977
3727651098 1214824018 2996964234 2913785190
1431655765 1431655761 1431655757 4294967275
2708528095 851126867 3288692935 3133545441
4087056158 1592122502 3392156142 4081467490
2401958606 1160690806 4214390302 999536818
1 13 25 63
2220287623 3093935323 3967583023 2439166777
167973750 2183658750 4199343750 1992411658
0 0 0 0
3134246658 2090500890 1046755122 4184011134
2386792948 963537252 3835248852 44100364
2 26 50 126
0 0 0 0
985965529 4227617285 3174301745 1986286183
985965529 4227617285 3174301745 1986286183
985965529 4227617285 3174301745 1986286183
985965529 4227617285 3174301745 1986286183
1 13 25 63
2572220918 3374100862 4175980806 3136127882
4294967294 4294967270 4294967246 4294967170
4294967294 4294967270 4294967246 4294967170
4294967294 4294967270 4294967246 4294967170
4294967294 4294967270 4294967246 4294967170
0 0 0 0
544222783 2779928883 720667687 4221264257
3624373113 4167177509 415014609 702239431
3120480472 1911540472 702600472 3316741416
4282742831 4136049251 3989355671 3524826001
4282742831 4136049251 3989355671 3524826001
3620359045 4114994625 314662909 449353147
979808054 4147570110 3020364870 1598365258
3797847258 2127374098 456900938 3041175974
411799260 1058423084 1705046908 173549604
367387814 481074286 594760758 1670595802
367387814 481074286 594760758 1670595802
367387814 481074286 594760758 1670595802
367387814 481074286 594760758 1670595802
3260393875 3730414711 4200435547 3541351213
3071909195 1280113871 3783285843 256750965
4294967294 4294967270 4294967246 4294967170
2073996823 1192154923 310313023 1812780969
2184521761 2628979117 3073436473 185917471
2907376161 3436151725 3964927289 2776071711
2765625589 1593394289 421162989 2435720267
1388765951 874088179 359410407 1592908993
2 26 50 126
2863311530 2863311522 2863311514 4294967254
2185155170 2637213434 3089271698 225822238
2 26 50 126
1926683942 3572054766 922458294 1122004058
1380090861 761312009 142533157 1046378323
813249382 1982307374 3151365366 3990070810
2147483648 2147483648 2147483648 2147483648
0 0 0 0
651928526 4180103542 3413311262 2416791474
751726839 1182514315 1613301791 114150601
2667050586 311919250 2251755210 520462374
4268037765 3944883393 3621729021 2598406843
0 0 0 0
0 0 0 0
2132716353 1955508813 1778301273 1217144063
1 13 25 63
3466251898 2111601714 756951530 3625504774
2137462550 2017209374 1896956198 1516154474
2137462550 2017209374 1896956198 1516154474
2137462550 2017209374 1896956198 1516154474
2137462550 2017209374 1896956198 1516154474
455455747 1625957415 2796459083 2923908285
945043645 3695632793 2151254645 3703174787
1 13 25 63
1 13 25 63
1 13 25 63
1 13 25 63
0 0 0 0
823949056 2121403136 3418857216 369182976
3477492190 2257725510 1037958830 38675874
2147483648 2147483648 2147483648 2147483648
2147483648 2147483648 2147483648 2147483648
1091125154 1299725114 1508325074 21407966
2131169947 1935405535 1739641123 1119720485
2131169947 1935405535 1739641123 1119720485
2131169947 1935405535 1739641123 1119720485
2131169947 1935405535 1739641123 1119720485
2131169947 1935405535 1739641123 1119720485
3505967837 2627908921 1749850005 1832641635
800529554 1816949610 2833369666 3188721646
2745249804 1328509084 4206735660 1152045812
137001911 1781024843 3425047775 41185801
137001911 1781024843 3425047775 41185801
1431655765 1431655761 1431655757 4294967275
2 26 50 126
1997500454 197702126 2692871094 1288477018
1997500454 197702126 2692871094 1288477018
1997500454 197702126 2692871094 1288477018
1997500454 197702126 2692871094 1288477018
3719563202 1109681370 2794766834 2404247742
275983718 3587788334 2604625654 207105050
2240576142 3357686070 179828702 3717343474
0 0 0 0
4182299788 2830289692 1478279596 1491881588
4056937984 1200586240 2639201792 2184022528
402729017 940509925 1478290833 3897091591
2147483648 2147483648 2147483648 2147483648
0 0 0 0
0 0 0 0
4026820325 809056673 1886260317 286610011
1736038502 1093664046 451289590 1996243226
768475682 1400249274 2032022866 1169327710
3861630008 2956549848 2051469688 2764521928
3471908057 2185131781 898355505 3981842791
907624677 3209186209 1215780445 1345779803
1603250655 3662389331 1426560711 2220543457
0 0 0 0
2 26 50 126
4165749854 2615140550 1064531246 449235746
1987878377 72615125 2452319169 682286167
0 0 0 0
919671301 3365792321 1516946045 2104717115
4294967295 4294967283 4294967271 4294967233
2863311530 2863311522 2863311514 4294967254
599197951 3494606067 2095046887 3389732545
3513251068 2722590924 1931930780 2291485188
3513251068 2722590924 1931930780 2291485188
3513251068 2722590924 1931930780 2291485188
3513251068 2722590924 1931930780 2291485188
3451888194 1924873562 397858930 2720591422
2239575560 3344678504 154814152 3654306808
3782825653 1932093233 81360813 2094814859
23829343 309781459 595733575 1501248609
3380784494 1000525462 2915233726 2536025618
3372446284 892128732 2706778476 2010718388
2499387866 2427271186 2355154506 2842612902
2499387866 2427271186 2355154506 2842612902
2499387866 2427271186 2355154506 2842612902
2499387866 2427271186 2355154506 2842612902
2499387866 2427271186 2355154506 2842612902
1033809887 554626643 75443399 705513441
1033809887 554626643 75443399 705513441
2500471662 2441360534 2382249406 2910892050
2117986581 1764021777 1410056973 289168427
4294967295 4294967283 4294967271 4294967233
2 26 50 126
2241335923 3367563223 198823227 3765209677
462490903 1717414443 2972337983 3367123113
4294967295 4294967283 4294967271 4294967233
4290384073 4235385397 4180386721 4006224247
4238229798 3557379822 2876529846 720504922
2401083398 1149313102 4192510102 944398714
3537374459 3036195007 2535015555 3811258821
3643144815 116242339 884307159 1884856657
2147483648 2147483648 2147483648 2147483648
2147483648 2147483648 2147483648 2147483648
2147483648 2147483648 2147483648 2147483648
2147483648 2147483648 2147483648 2147483648
2147483648 2147483648 2147483648 2147483648
2 26 50 126
2147483648 2147483648 2147483648 2147483648
3886780717 3283509065 2680237413 54049299
3505322392 2619518136 1733713880 1791978600
1991873577 124552725 2552199169 933983767
1991873577 124552725 2552199169 933983767
1991873577 124552725 2552199169 933983767
1991873577 124552725 2552199169 933983767
1991873577 124552725 2552199169 933983767
3210534430 3082241926 2953949422 400206178
348827259 239787071 130746883 501280837
2147483648 2147483648 2147483648 2147483648
2147483648 2147483648 2147483648 2147483648
1 13 25 63
520432847 2470659715 125919287 2722498289
520432847 2470659715 125919287 2722498289
520432847 2470659715 125919287 2722498289
520432847 2470659715 125919287 2722498289
1864436748 2762841244 3661245740 1495398132
1864436748 2762841244 3661245740 1495398132
1864436748 2762841244 3661245740 1495398132
308909369 4015821797 3427766929 2281421063
2311214034 4275978666 1945776002 3872563374
3749667885 1501042249 3547383909 5875475
2147483648 2147483648 2147483648 2147483648
2147483648 2147483648 2147483648 2147483648
1628946664 3996437448 2068960936 3839392024
4294967294 4294967270 4294967246 4294967170
154527538 2008857994 3863188450 1145300302
1431655765 1431655761 1431655757 4294967275
4294967294 4294967270 4294967246 4294967170
2148814956 2164790652 2180766348 2231356052
2147483648 2147483648 2147483648 2147483648
0 0 0 0
1578835831 3344996619 816190111 682409545
2303209398 4171918398 1745660102 3368271306
1093402710 1329333342 1565263974 164893994
1418213781 1256909969 1095606157 3448122283
1863742319 2753813667 3643885015 1451649105
3593411903 3764681779 3935951655 3046650497
3593411903 3764681779 3935951655 3046650497
3593411903 3764681779 3935951655 3046650497
3593411903 3764681779 3935951655 3046650497
3117469525 1872398161 627326797 3127051755
1 13 25 63
3455458003 1971281079 487104155 2945489389
742467432 1062142024 1381816616 3825775256
553246486 2897237022 946260262 494790250
140793392 1830314096 3519834800 280049104
0 0 0 0
37217462 483827006 930436550 2344700106
1427844542 1382109862 1336375182 4054860226
3656426761 288907637 1216355809 2721619255
1149639607 2060413003 2971186399 3707818505
711487010 659396538 607306066 1874008670
2274951362 3804563930 1039209202 1588015038
4065772235 1315431503 2860058067 2740580341
0 0 0 0
4149828032 2408156864 666485696 3741128256
231951060 3015363780 1503809204 1728014892
1357193023 463640115 3865054503 3898781825
2740483447 1266546443 4087576735 851765321
1431655765 1431655761 1431655757 4294967275
2301775151 4153273187 1709803927 3277913745
4294967294 4294967270 4294967246 4294967170
0 0 0 0
4061633971 1261634071 2756601467 2479869709
4061633971 1261634071 2756601467 2479869709
4061633971 1261634071 2756601467 2479869709
4061633971 1261634071 2756601467 2479869709
3752365217 1536107565 3614817209 175807391
3589141052 3709160716 3829180380 2777586884
2438888293 1640776737 842665181 3326107099
4294967294 4294967270 4294967246 4294967170
3292800009 4151694453 715621601 1287970359
3530695867 2949373311 2368050755 3390507525
1901808554 3248674722 300573594 3849821910
1 13 25 63
3441811773 1793880089 145948405 2085776899
3441811773 1793880089 145948405 2085776899
3441811773 1793880089 145948405 2085776899
3441811773 1793880089 145948405 2085776899
3441811773 1793880089 145948405 2085776899
1580717537 3369458797 863232761 800957023
2 26 50 126
4294967295 4294967283 4294967271 4294967233
4294967295 4294967283 4294967271 4294967233
4186311906 2882447226 1578582546 1744645022
2953297869 4033133929 818002693 1374172019
1873959642 2886638866 3899318090 2095340454
595642907 3448390495 2006170787 3165764773
1903825604 3274896372 350999844 3976896060
1903825604 3274896372 350999844 3976896060
3546759840 3158204960 2769650080 107570528
1971577003 4155664559 2044784819 3950266901
568406969 3094323301 1325272337 1449900679
1431655765 1431655761 1431655757 4294967275
2991309440 232317056 1768291968 3768900992
3133980070 2087035246 1040090422 4167216090
3133980070 2087035246 1040090422 4167216090
3133980070 2087035246 1040090422 4167216090
3133980070 2087035246 1040090422 4167216090
3435308537 1709338021 4278334801 1676073031
2371845061 769214721 3461551677 3397350779
1 13 25 63
1723911024 936006832 148102640 1232212112
3232180022 3363634622 3495089222 1763878474
3232180022 3363634622 3495089222 1763878474
3232180022 3363634622 3495089222 1763878474
3693091438 765548438 2132972734 736526610
4021238259 736489815 1746708667 4229907149
1028064542 479937158 4226777070 343556706
1364892112 563728272 4057531728 88857136
3547299841 3165224973 2783150105 141590591
4232065238 3477240542 2722415846 332137642
1 13 25 63
2633447594 4170047650 1411680410 2698441174
2633447594 4170047650 1411680410 2698441174
930615221 3508063281 1790544045 2794184075
1319941630 4274339302 2933769678 1551944066
1319941630 4274339302 2933769678 1551944066
1319941630 4274339302 2933769678 1551944066
1319941630 4274339302 2933769678 1551944066
2863311530 2863311522 2863311514 4294967254
2555676202 3159019554 3762362906 2093810774
0 0 0 0
0 0 0 0
4294967295 4294967283 4294967271 4294967233
1110112399 1546559299 1983006199 1217604401
1110112399 1546559299 1983006199 1217604401
581039035 3258540159 1641073987 2245720837
3239700431 3461399939 3683099447 2237664241
4294967295 4294967283 4294967271 4294967233
0 0 0 0
1 13 25 63
1 13 25 63
3974997238 135356542 590683142 1316722826
2696623435 696366287 2991076435 2383551861
1995561091 172490407 2644387019 1166297149
3530565389 2947677097 2364788805 3382287411
2 26 50 126
2572730977 3380731629 4188732281 3168261599
2572730977 3380731629 4188732281 3168261599
2572730977 3380731629 4188732281 3168261599
2572730977 3380731629 4188732281 3168261599
2335725175 299656203 2558554527 1121797961
4294967294 4294967270 4294967246 4294967170
2147483648 2147483648 2147483648 2147483648
3958916037 4221268225 188653117 303607163
941130689 3644764365 2053430745 3456658559
3017472397 572435497 2422365893 1122199987
3806447111 2239172187 671897263 3582966713
0 0 0 0
2418285373 1372938777 327592181 2028123139
2291919546 4025150322 1463413802 2657010630
3845580181 2747902097 1650224013 1753382827
3845580181 2747902097 1650224013 1753382827
3845580181 2747902097 1650224013 1753382827
3845580181 2747902097 1650224013 1753382827
1008470798 225218486 3736933470 3404118130
2621065504 4009080480 1102128160 1918369504
307480636 3997248268 3392048604 2191410884
4192691837 2965386329 1738080821 2146580675
481216493 1960847113 3440477733 251867987
481216493 1960847113 3440477733 251867987
481216493 1960847113 3440477733 251867987
481216493 1960847113 3440477733 251867987
1781849471 1689206643 1596563815 587366977
1781849471 1689206643 1596563815 587366977
1781849471 1689206643 1596563815 587366977
393912028 825889068 1257866108 3341621284
3186481553 2769554525 2352627497 3179842223
2140636996 2058477172 1976317348 1716144572
4294967294 4294967270 4294967246 4294967170
4294967294 4294967270 4294967246 4294967170
4294967294 4294967270 4294967246 4294967170
4294967294 4294967270 4294967246 4294967170
4294967294 4294967270 4294967246 4294967170
244051205 3172665665 1806312829 2490324027
212219339 2758851407 1010516179 484916469
212219339 2758851407 1010516179 484916469
212219339 2758851407 1010516179 484916469
642502741 4057568337 3177666637 1822967019
304987001 3964831013 3329707729 2034311879
0 0 0 0
550298645 2858915089 872564237 309076267
1607520273 3717894365 1533301161 2489529391
1607520273 3717894365 1533301161 2489529391
1607520273 3717894365 1533301161 2489529391
1607520273 3717894365 1533301161 2489529391
1607520273 3717894365 1533301161 2489529391
986692210 4237064138 3192468770 2032067086
44791344 582287472 1119783600 2821854672
174236692 2265076996 60950004 2386977004
1431655765 1431655761 1431655757 4294967275
2718841063 985195451 3546517135 3783262425
2718841063 985195451 3546517135 3783262425
2718841063 985195451 3546517135 3783262425
4294967294 4294967270 4294967246 4294967170
1129491745 1798490797 2467489849 2438503199
444787678 1487272518 2529757358 2251819938
2366614151 701212891 3330778927 3067803449
2366614151 701212891 3330778927 3067803449
2366614151 701212891 3330778927 3067803449
2366614151 701212891 3330778927 3067803449
2366614151 701212891 3330778927 3067803449
1709207472 744860656 4075481136 305888336
844079308 2383096412 3922113516 1637388852
3022763584 641220928 2554645568 1455544768
3222048392 3231923432 3241798472 1125585784
523710818 2513273338 207868562 2929010462
2813107244 2210655804 1608204364 1132097236
1431655765 1431655761 1431655757 4294967275
908615485 3222066713 1240550645 1408200707
2863311530 2863311522 2863311514 4294967254
4294967294 4294967270 4294967246 4294967170
2736625056 1216387360 3991116960 608686688
1031569519 525501859 19434199 564370257
234999467 3054993071 1580019379 1920064533
4294967295 4294967283 4294967271 4294967233
1054320298 821261986 588203674 1997669334
397018263 866270123 1335521983 3537314089
0 0 0 0
2611796818 3888587562 870411010 1334442286
787378742 1645989054 2504599366 2360220490
2353037005 524709993 2991350277 2212443251
2353037005 524709993 2991350277 2212443251
4294967295 4294967283 4294967271 4294967233
4294967295 4294967283 4294967271 4294967233
4294967295 4294967283 4294967271 4294967233
2147483648 2147483648 2147483648 2147483648
3998253712 437690704 1172094992 2781880688
1 13 25 63
1 13 25 63
3035392644 805398708 2870372068 2251175548
1873928841 2886238453 3898548065 2093399991
1873928841 2886238453 3898548065 2093399991
1767406026 1501441858 1235477690 3972397238
1767406026 1501441858 1235477690 3972397238
1767406026 1501441858 1235477690 3972397238
1767406026 1501441858 1235477690 3972397238
1767406026 1501441858 1235477690 3972397238
1669186726 224590958 3074962486 2079548634
1039874678 633468926 227063174 1087595274
1039874678 633468926 227063174 1087595274
1039874678 633468926 227063174 1087595274
1039874678 633468926 227063174 1087595274
812462939 1972083615 3131704291 3940524901
2863311530 2863311522 2863311514 4294967254
1 13 25 63
3608332683 3958651919 14003859 3986659637
470298797 1818917065 3167535333 3859020435
2801542022 2060307918 1319073814 403488250
4294967295 4294967283 4294967271 4294967233
4294967295 4294967283 4294967271 4294967233
4294967295 4294967283 4294967271 4294967233
4294967295 4294967283 4294967271 4294967233
4294967295 4294967283 4294967271 4294967233
3332377016 371228248 1705046776 3781321800
3332377016 371228248 1705046776 3781321800
3332377016 371228248 1705046776 3781321800
3332377016 371228248 1705046776 3781321800
3332377016 371228248 1705046776 3781321800
2167487336 2407531592 2647575848 3407715992
2512591498 2598918402 2685245306 3674441718
802971340 1848692828 2894414316 3342554164
2372084202 772323554 3467530202 3412416662
1 13 25 63
1 13 25 63
1 13 25 63
1 13 25 63
1 13 25 63
768346415 1398568803 2028791191 1161183889
3492651000 2454790040 1416929080 993680904
3492651000 2454790040 1416929080 993680904
2782929921 1818350605 853771289 3525893183
2782929921 1818350605 853771289 3525893183
2147483648 2147483648 2147483648 2147483648
455980591 1632780387 2809580183 2956973457
2863311530 2863311522 2863311514 4294967254
3067323993 1220506245 3668655793 4262850535
2636337055 4207610643 1483916935 2880477217
2636337055 4207610643 1483916935 2880477217
166319439 2162152707 4157985975 1888190065
1481189874 2075599178 2670008482 3120648846
3974693211 131404191 583082467 1297569125
1 13 25 63
657495005 4252467769 3552473237 2767479651
3118477019 1885495583 652514147 3190523877
822948978 2108402122 3393855266 306178062
2147483648 2147483648 2147483648 2147483648
2877306939 3045251839 3213196739 881710725
2877306939 3045251839 3213196739 881710725
2877306939 3045251839 3213196739 881710725
2877306939 3045251839 3213196739 881710725
2877306939 3045251839 3213196739 881710725
4294967295 4294967283 4294967271 4294967233
408683045 1017912289 1627141533 4272195355
0 0 0 0
1308955039 4131513619 2659104903 859788833
1031965171 530645335 29325499 589296333
0 0 0 0
1595328895 3559406451 1228516711 1721472577
1549077051 2958132479 72220611 3102573701
343039932 164551820 4281031004 136679236
2337561630 323530118 2604465902 1237494626
25978554 337721202 649463850 1636648902
1 13 25 63
1431655765 1431655761 1431655757 4294967275
2 26 50 126
863339096 2633473656 108640920 2850755496
863339096 2633473656 108640920 2850755496
4005849037 536429929 1361978117 3260386163
4005849037 536429929 1361978117 3260386163
4005849037 536429929 1361978117 3260386163
4005849037 536429929 1361978117 3260386163
4005849037 536429929 1361978117 3260386163
325633923 4233240999 3845880779 3335067965
325633923 4233240999 3845880779 3335067965
325633923 4233240999 3845880779 3335067965
325633923 4233240999 3845880779 3335067965
4294967294 4294967270 4294967246 4294967170
3434749486 1702070358 4264358526 1640852818
2931720856 3752632760 278577368 14820200
121061279 1573796627 3026531975 3331893281
1431655765 1431655761 1431655757 4294967275
1431655765 1431655761 1431655757 4294967275
1431655765 1431655761 1431655757 4294967275
1057523390 862902182 668280974 2199464130
2033013939 659377431 3580708219 3525826573
242325024 3150225312 1763158304 2381574624
4185383060 2870372228 1555361396 1686127724
2 26 50 126
0 0 0 0
484369936 2001841872 3519313808 450534896
484369936 2001841872 3519313808 450534896
329988696 4289853048 3954750104 3609418664
2970352898 4254849306 1244378418 2448638846
589273394 3365586826 1846932962 2764485454
2650324578 94481146 1833605010 3761691166
1897809776 3196690608 200604144 3597898896
1897809776 3196690608 200604144 3597898896
1897809776 3196690608 200604144 3597898896
1897809776 3196690608 200604144 3597898896
1897809776 3196690608 200604144 3597898896
3190642996 2823653284 2456663572 3442013132
2460491703 1921621067 1382750431 392154633
2460491703 1921621067 1382750431 392154633
2460491703 1921621067 1382750431 392154633
2460491703 1921621067 1382750431 392154633
4294967294 4294967270 4294967246 4294967170
4294967294 4294967270 4294967246 4294967170
4294967294 4294967270 4294967246 4294967170
4294967294 4294967270 4294967246 4294967170
1431655765 1431655761 1431655757 4294967275
1523150308 2621084820 3719019332 1469188892
1523150308 2621084820 3719019332 1469188892
1523150308 2621084820 3719019332 1469188892
1523150308 2621084820 3719019332 1469188892
1523150308 2621084820 3719019332 1469188892
4176013676 2748570236 1321126796 1095856532
3909268271 3575847267 3242426263 1470765201
3909268271 3575847267 3242426263 1470765201
1431655765 1431655761 1431655757 4294967275
2372422595 776722663 3475990027 3433735421
571277125 3131635329 1397026237 1630720507
571277125 3131635329 1397026237 1630720507
571277125 3131635329 1397026237 1630720507
1425095930 1346377906 1267659882 3881697670
230437431 2995686603 1465968479 1632656265
3855418249 2875796981 1896175713 2373181111
1132234909 1834151929 2536068949 2611322531
2147483648 2147483648 2147483648 2147483648
2844518072 2618996568 2393475064 3110979400
4073399545 1414586533 3050740817 3221100871
3594074842 3773299986 3952525130 3088415654
4251519157 3730141489 3208763821 1557734539
1431655765 1431655761 1431655757 4294967275
1431655765 1431655761 1431655757 4294967275
3597664686 3819967958 4042271230 3314575826
2863311530 2863311522 2863311514 4294967254
157823247 2051702211 3945581175 1352929969
2147483648 2147483648 2147483648 2147483648
2863311530 2863311522 2863311514 4294967254
2994373118 272144870 1844883918 3961912706
2163621078 2357270238 2550919398 3164141738
2926393182 3683372998 145385518 3974144034
1088496598 1265553886 1442611174 4150776234
2147483648 2147483648 2147483648 2147483648
1431655765 1431655761 1431655757 4294967275
0 0 0 0
0 0 0 0
0 0 0 0
1600444655 3625911331 1356410711 2043765457
1363437513 544818485 4021166753 4292184695
2 26 50 126
2 26 50 126
506497692 2289502700 4072507708 1844583524
506497692 2289502700 4072507708 1844583524
1336057653 188880305 3336670253 2567253515
1336057653 188880305 3336670253 2567253515
1336057653 188880305 3336670253 2567253515
1336057653 188880305 3336670253 2567253515
2161254004 2326498276 2491742548 3015016076
743111273 1070511957 1397912641 3866337239
1504462289 2378140573 3251818857 291843695
1249317461 3356225105 1168165453 1397588715
3651718474 227699906 1098648634 2424997174
2386181921 955593901 3819973177 5605663
0 0 0 0
0 0 0 0
2621138921 4010034901 1103963585 1922994775
968008801 3994179821 2725383545 855012319
968008801 3994179821 2725383545 855012319
968008801 3994179821 2725383545 855012319
968008801 3994179821 2725383545 855012319
2559626017 3210367149 3861108281 2342649119
4294967294 4294967270 4294967246 4294967170
2863311530 2863311522 2863311514 4294967254
2863311530 2863311522 2863311514 4294967254
2863311530 2863311522 2863311514 4294967254
3662541445 368398529 1369222909 3106844347
681138770 264869418 4143567362 4257036846
2863311530 2863311522 2863311514 4294967254
3920630920 3723561704 3526492488 2186612088
4294967295 4294967283 4294967271 4294967233
1885804091 3040616703 4195429315 2841540741
2173936364 2491368956 2808801548 3814004756
3463406144 2074606912 685807680 3446222272
2253167369 3521372021 494609377 215623479
2502822563 2471922247 2441021931 3058998813
2502822563 2471922247 2441021931 3058998813
2502822563 2471922247 2441021931 3058998813
2526020430 2773494518 3020968606 225497138
2964955687 4184685563 1109448143 2108614553
2 26 50 126
1867160246 2798246718 3729333190 1666978506
1867160246 2798246718 3729333190 1666978506
4294967295 4294967283 4294967271 4294967233
907443028 3206824772 1211239220 1334335916
2986797837 173666217 1655501893 3484670003
3635201733 12982273 685730109 1384442491
2863311530 2863311522 2863311514 4294967254
1290836714 3895975394 2206146778 4013301654
3635443257 16122085 691768209 1399658503
73851192 960065496 1846279800 357657800
0 0 0 0
1 13 25 63
4294967295 4294967283 4294967271 4294967233
1017798338 346476506 3970121970 3991753150
2787320741 1875431265 963541789 3802514843
2863311530 2863311522 2863311514 4294967254
1 13 25 63
1 13 25 63
1 13 25 63
4294967295 4294967283 4294967271 4294967233
2147483648 2147483648 2147483648 2147483648
4249579803 3704929887 3160279971 1435555237
4249579803 3704929887 3160279971 1435555237
2372091086 772413046 3467702302 3412850354
285376495 3709894435 2839445079 798850001
468345497 1793524165 3118702833 3735962535
2365322059 684415695 3298476627 2986401653
3237336481 3430668589 3624000697 2088735391
4294967295 4294967283 4294967271 4294967233
4294967294 4294967270 4294967246 4294967170
1865305206 2774131198 3682957190 1550110986
1865305206 2774131198 3682957190 1550110986
1865305206 2774131198 3682957190 1550110986
1865305206 2774131198 3682957190 1550110986
4240382646 3585366846 2930351046 856134346
4240382646 3585366846 2930351046 856134346
4240382646 3585366846 2930351046 856134346
4240382646 3585366846 2930351046 856134346
3803311239 2198405851 593500463 3385406777
3686753618 683156778 1974527234 337243950
2938605165 3842128777 450685093 448531667
4294967295 4294967283 4294967271 4294967233
2147483648 2147483648 2147483648 2147483648
1063955605 946520977 829086349 2604693675
1063955605 946520977 829086349 2604693675
1063955605 946520977 829086349 2604693675
2074729987 1201686055 328642123 1858970301
1 13 25 63
2863311530 2863311522 2863311514 4294967254
2 26 50 126
2 26 50 126
2 26 50 126
76591023 995683299 1914775575 530267153
14973098 194650274 374327450 943305174
1533484862 2755434022 3977383182 2120265794
2147483648 2147483648 2147483648 2147483648
1 13 25 63
1 13 25 63
3228169098 3311492610 3394816122 1511190262
3896941658 3415601298 2934260938 694188582
1104301624 1471019224 1837736824 851525576
1104301624 1471019224 1837736824 851525576
1104301624 1471019224 1837736824 851525576
862780804 2626215860 94683620 2815583100
722676266 804856866 887037466 2578931798
2080594687 1277927155 475259623 2228446401
3016596205 561045001 2400461093 1066999891
3510783317 2690510161 1870237005 2136016875
3669960139 464841551 1554690259 3574222069
1847611880 2544117960 3240624040 435431448
1090734242 1294643258 1498552274 4291747806
1090734242 1294643258 1498552274 4291747806
1090734242 1294643258 1498552274 4291747806
1090734242 1294643258 1498552274 4291747806
1090734242 1294643258 1498552274 4291747806
298868796 3885294348 3176752604 1648864964
1 13 25 63
2956089946 4069430930 887804618 1550072870
2389952157 1004606969 3914229077 243130531
1 13 25 63
334059467 47805775 4056519379 3865877237
3402675752 1285111816 3462515176 3915174872
849644201 2455440021 4061235841 1987977111
849644201 2455440021 4061235841 1987977111
849644201 2455440021 4061235841 1987977111
849644201 2455440021 4061235841 1987977111
849644201 2455440021 4061235841 1987977111
0 0 0 0
667695520 90107168 3807486112 3410112096
525239132 2533141420 246076412 3025294244
1815906299 2131945407 2447984515 2732947141
1815906299 2131945407 2447984515 2732947141
1815906299 2131945407 2447984515 2732947141
198304090 2577953170 662634954 3903223078
640436210 4030703434 3126003362 1692775566
172677840 2244811920 21978704 2288769328
172677840 2244811920 21978704 2288769328
2950336684 3994638524 743973068 1187617364
226278982 2941626766 1362007254 1370673978
3683672477 643101945 1897498709 143132067
758004113 1264118877 1770233641 509618863
1198987838 2701940006 4204892174 2521789762
4052085503 1137503987 2517889767 1878316225
4052085503 1137503987 2517889767 1878316225
4052085503 1137503987 2517889767 1878316225
4052085503 1137503987 2517889767 1878316225
1 13 25 63
613973767 3686691675 2464442287 25641657
636292749 3976838441 3022416837 1431737523
1 13 25 63
2 26 50 126
1490035464 2190591848 2891148232 3677921016
386623574 731139166 1075654758 2882448682
386623574 731139166 1075654758 2882448682
386623574 731139166 1075654758 2882448682
3383941303 1041563979 2994153951 2734904585
2351533681 505166781 2953767177 2117733839
873957981 2771519161 374113045 3519745251
4121769610 2043397378 4259992442 1973447670
4294967295 4294967283 4294967271 4294967233
3236230814 3416294918 3596359022 2019078370
2555229665 3153214573 3751199481 2065678943
0 0 0 0
1 13 25 63
3588562140 3701634860 3814707580 2741115428
1558740308 3083754820 313802036 3711358892
1558740308 3083754820 313802036 3711358892
1558740308 3083754820 313802036 3711358892
1431655765 1431655761 1431655757 4294967275
1 13 25 63
311496868 4049459284 3492454404 2444433500
311496868 4049459284 3492454404 2444433500
1 13 25 63
687573039 348514915 9456791 367428497
2109979261 1659926617 1209873973 4079674563
2109979261 1659926617 1209873973 4079674563
2109979261 1659926617 1209873973 4079674563
2109979261 1659926617 1209873973 4079674563
4051234952 1126446824 2496625992 1824731512
456039971 1633552327 2811064683 2960714397
2014430165 417788369 3116113869 2355048811
1309823054 4142797814 2680805278 914473778
4202611322 3094339634 1986067946 2771508230
729814346 897651906 1065489466 3028630838
3408889482 1365890306 3617858426 11672566
857508155 2557671423 4257834691 2483406213
857508155 2557671423 4257834691 2483406213
1461464387 1819167847 2176871307 1877943165
3094266830 1570763126 47259422 1665281970
4294967295 4294967283 4294967271 4294967233
3399465526 1243378878 3382259526 3712930634
3399465526 1243378878 3382259526 3712930634
3399465526 1243378878 3382259526 3712930634
3399465526 1243378878 3382259526 3712930634
110354301 1434605913 2758857525 2657353667
472798806 1851417182 3230035558 4016521002
134201230 1744615990 3355030750 4159710194
1370007261 630225209 4185410453 411111523
3451084177 1914421341 377758505 2669938351
2 26 50 126
2 26 50 126
4294967294 4294967270 4294967246 4294967170
2 26 50 126
1 13 25 63
580803463 3255477723 1635184687 2230879801
4294967295 4294967283 4294967271 4294967233
4294967295 4294967283 4294967271 4294967233
4294967295 4294967283 4294967271 4294967233
4294967295 4294967283 4294967271 4294967233
2806807847 2128763643 1450719439 735235225
0 0 0 0
1773103710 1575511750 1377919790 36384034
136259265 1771370445 3406481625 4289366399
1498054861 2294844009 3091633157 4183143027
1498054861 2294844009 3091633157 4183143027
1131189029 1820555489 2509921949 2545432091
3854524397 2864176905 1873829413 2316868435
1 13 25 63
1010875232 256476128 3797044320 3555597472
2147483648 2147483648 2147483648 2147483648
1965805420 4080633980 1900495244 3586657172
1431655765 1431655761 1431655757 4294967275
3923931766 3766472702 3609013638 2394565386
3703849283 905400423 2401918859 1414270845
628331029 3873336081 2823373837 930149163
628331029 3873336081 2823373837 930149163
628331029 3873336081 2823373837 930149163
628331029 3873336081 2823373837 930149163
2863311530 2863311522 2863311514 4294967254
2541549284 2975369620 3409189956 1203814940
2541549284 2975369620 3409189956 1203814940
4294967295 4294967283 4294967271 4294967233
2115931447 1737305035 1358678623 159694985
1173224093 2367011321 3560798549 898673827
2612848783 3902263107 896710135 1400716081
2644978525 24982457 1699953685 3424889827
2644978525 24982457 1699953685 3424889827
2644978525 24982457 1699953685 3424889827
2644978525 24982457 1699953685 3424889827
2155267779 2248677351 2342086923 2637883901
1679331675 356475295 3328586211 2718680421
2329677992 221042824 2407374952 740825432
2147483648 2147483648 2147483648 2147483648
3038064539 840133343 2937169443 2419504933
3038064539 840133343 2937169443 2419504933
4055023864 1175702680 2591348792 2063432968
1877359194 2930833042 3984306890 2309512230
3825188537 2482810725 1140432913 468709255
0 0 0 0
2 26 50 126
0 0 0 0
4294967294 4294967270 4294967246 4294967170
3487654737 2389838621 1292022505 678916335
3487654737 2389838621 1292022505 678916335
3487654737 2389838621 1292022505 678916335
3487654737 2389838621 1292022505 678916335
1076853681 1114195965 1151538249 3417272463
2199362645 2821910609 3444458573 1120893163
2866908204 2910068284 2953228364 226590420
2863311530 2863311522 2863311514 4294967254
3221614299 3226280223 3230946147 1098237925
621474703 3784203843 2651965687 498200625
1251747892 3387820708 1228926228 1550705868
3660899768 347056728 1328180984 3003418696
1866621093 2791237729 3715854365 1633011867
837308600 2295077208 3752845816 1210834248
1431655765 1431655761 1431655757 4294967275
0 0 0 0
2962290168 4150033816 1042810168 1940686856
2962290168 4150033816 1042810168 1940686856
2962290168 4150033816 1042810168 1940686856
2962290168 4150033816 1042810168 1940686856
577718523 3215373503 1558061187 2036528581
4207846095 3162391683 2116937271 3101298929
4207846095 3162391683 2116937271 3101298929
4207846095 3162391683 2116937271 3101298929
4207846095 3162391683 2116937271 3101298929
4207846095 3162391683 2116937271 3101298929
178550943 2321162259 168806279 2658774817
2704815704 802865784 3195883160 2899664808
2704815704 802865784 3195883160 2899664808
2704815704 802865784 3195883160 2899664808
2704815704 802865784 3195883160 2899664808
3838777255 2659464059 1480150863 1324798489
4416824 57418712 110420600 278259912
2784131598 1833972406 883813214 3601598834
2784131598 1833972406 883813214 3601598834
2784131598 1833972406 883813214 3601598834
2784131598 1833972406 883813214 3601598834
359985088 384838848 409692608 1204224064
4227960046 3423873046 2619786046 73510546
613605162 3681899810 2455227162 2419542
2071006937 1153286405 235565873 1624418151
2274070588 3793113868 1017189852 1532526276
558330779 2963332831 1073367587 815100709
809917241 1938989541 3068061841 3780145927
4294967295 4294967283 4294967271 4294967233
4014263153 645813437 1572331017 3790475471
2239559333 3344467553 154408477 3653284507
2239559333 3344467553 154408477 3653284507
2239559333 3344467553 154408477 3653284507
2239559333 3344467553 154408477 3653284507
2239559333 3344467553 154408477 3653284507
650342537 4159485685 3373661537 2316874167
650342537 4159485685 3373661537 2316874167
650342537 4159485685 3373661537 2316874167
650342537 4159485685 3373661537 2316874167
650342537 4159485685 3373661537 2316874167
1650735904 4279697568 2613691936 917146848
2889560538 3204548626 3519536714 1653687462
2889560538 3204548626 3519536714 1653687462
2889560538 3204548626 3519536714 1653687462
4294967295 4294967283 4294967271 4294967233
2516238666 2646331586 2776424506 3904213302
600283210 3508714434 2122178362 3458103862
3569004865 3447390285 3325775705 1509007103
1 13 25 63
799275231 1800643411 2802011591 3109699297
4283312227 4143451399 4003590571 3560697949
4271277380 3986998388 3702719396 2802502588
4294967294 4294967270 4294967246 4294967170
4294967294 4294967270 4294967246 4294967170
246166388 3200163044 1859192404 2623580556
4034754289 912198205 2084609417 786449743
4034754289 912198205 2084609417 786449743
4034754289 912198205 2084609417 786449743
4294967294 4294967270 4294967246 4294967170
1121063508 1688923716 2256783924 1907524268
1610527110 3756983246 1608472086 2678960122
2147483648 2147483648 2147483648 2147483648
2147483648 2147483648 2147483648 2147483648
2147483648 2147483648 2147483648 2147483648
2147483648 2147483648 2147483648 2147483648
2147483648 2147483648 2147483648 2147483648
2191470361 2719310917 3247151473 623679271
0 0 0 0
3732132236 1273078812 3108992684 3196096884
2674718762 411605538 2443459610 1003557462
1080856284 1166229804 1251603324 3669436452
841463656 2349092936 3856722216 1472602776
955269524 3828569220 2406901620 52437868
4294967294 4294967270 4294967246 4294967170
1363578475 546650991 4024690803 6098005
0 0 0 0
0 0 0 0
0 0 0 0
0 0 0 0
0 0 0 0
3892768889 3361355301 2829941713 431304135
1442501115 1572645311 1702789507 683257029
1358058179 474887143 3886683403 3953286653
0 0 0 0
2019802555 487629439 3250423619 2693509381
2019802555 487629439 3250423619 2693509381
2019802555 487629439 3250423619 2693509381
2019802555 487629439 3250423619 2693509381
1894237353 3150249109 111293569 3372836247
1894237353 3150249109 111293569 3372836247
4294967294 4294967270 4294967246 4294967170
1598189922 3596599802 1300042386 1901717278
1756130018 1354853754 953577490 3262008734
1431655765 1431655761 1431655757 4294967275
3287518901 4083040049 583593901 955260555
2901729607 3362746523 3823763439 2420338809
2722929766 1038348590 3648734710 4040850714
2639944790 4254511198 1574110310 3107764522
2672043180 376822972 2376570060 834995796
196832937 2558828181 625856129 3810540439
2 26 50 126
2301139964 4145015756 1693924252 3237896964
3574668528 3521017904 3467367280 1865817872
3643921640 126341064 903727784 1933796632
4097571762 1728825354 3655046242 448983246
861944851 2615348471 73784795 2762918061
861944851 2615348471 73784795 2762918061
861944851 2615348471 73784795 2762918061
861944851 2615348471 73784795 2762918061
1238331676 3213409900 893520828 705484260
4294967295 4294967283 4294967271 4294967233
4294967295 4294967283 4294967271 4294967233
4294967295 4294967283 4294967271 4294967233
4294967295 4294967283 4294967271 4294967233
4294967295 4294967283 4294967271 4294967233
2298957452 4116643100 1639361452 3100398708
2298957452 4116643100 1639361452 3100398708
2298957452 4116643100 1639361452 3100398708
2298957452 4116643100 1639361452 3100398708
1 13 25 63
1 13 25 63
1 13 25 63
1211154870 2860111422 214100678 3288312778
0 0 0 0
1 13 25 63
1678917016 351084728 3318219736 2692556904
1678917016 351084728 3318219736 2692556904
1678917016 351084728 3318219736 2692556904
4294967294 4294967270 4294967246 4294967170
3196390251 2898367599 2600344947 3804090197
3534618807 3000371531 2466124255 3637652745
920061651 3370866871 1526704795 2129309165
416605562 1120905010 1825204458 476346630
2 26 50 126
4294967295 4294967283 4294967271 4294967233
528824585 2579752309 335712737 3251177783
0 0 0 0
4294967294 4294967270 4294967246 4294967170
1467122867 1892728087 2318333307 2234427405
1886156765 3045201465 4204246165 2863759203
1013948642 296430458 3873879570 3749222302
1730134345 1016910005 303685665 1624281335
3770277943 1768973003 4062635359 1304309129
2530202583 2827862507 3125522431 488972777
3871362753 3083075533 2294788313 3377684863
97453858 1266900154 2436346450 1844625758
97453858 1266900154 2436346450 1844625758
97453858 1266900154 2436346450 1844625758
3413097168 1420590224 3723050576 276756784
4294967295 4294967283 4294967271 4294967233
2140126845 2051845209 1963563573 1684005059
4294967294 4294967270 4294967246 4294967170
3877615267 3164358215 2451101163 3771593245
2276905103 3829962563 1088052727 1711100721
2258466429 3590259801 627085877 549464259
993527254 30952414 3363344870 2462674858
2317001658 56250482 2090466602 4237183686
2440014405 1655416193 870817981 3397052155
2440014405 1655416193 870817981 3397052155
2440014405 1655416193 870817981 3397052155
2440014405 1655416193 870817981 3397052155
2440014405 1655416193 870817981 3397052155
818670682 2052784274 3286897866 36645414
2 26 50 126
595417214 3445456486 2000528462 3151546114
2309258946 4250562522 1896898802 3749392830
2 26 50 126
3979649937 195841629 707000617 1609842863
1481978495 2085851251 2689724007 3170331969
619705715 3761206999 2607740987 386754381
619705715 3761206999 2607740987 386754381
619705715 3761206999 2607740987 386754381
619705715 3761206999 2607740987 386754381
2980759320 95165496 1504538968 3104243432
4058981461 1227151441 2690288717 2312761579
600148187 3506959135 2118802787 3449597413
3971932850 95519498 514073442 1123666382
3445059531 1836100943 227142355 2290385653
3989696187 326442879 958156867 2242756613
4108140853 1866223537 3919273517 1114835979
1784813393 1727737629 1670661865 774094063
1358782169 484299013 3904783153 3998898023
2257416635 3576612479 600841027 483327237
1779871578 1663494034 1547116490 462759718
1779871578 1663494034 1547116490 462759718
3647782803 176536183 1000256859 2177049901
2394655728 1065753392 4031818352 539455504
2 26 50 126
2 26 50 126
2 26 50 126
2 26 50 126
1969120451 4123729383 1983371019 3795504125
3652514397 238046905 1118546709 2475140323
0 0 0 0
0 0 0 0
0 0 0 0
0 0 0 0
4294967294 4294967270 4294967246 4294967170
0 0 0 0
2124983411 1854980567 1584977723 729968717
989709853 4276293497 3267909845 2222178595
2207916416 2933109632 3658302848 1659780736
1431655765 1431655761 1431655757 4294967275
1431655765 1431655761 1431655757 4294967275
614464381 3693069657 2476707637 56550339
2147483648 2147483648 2147483648 2147483648
25590990 332682870 639774750 1612232370
3080183904 1387685088 3990153568 778057632
1768529520 1516047280 1263565040 4043177360
4088453956 1610293876 3427101092 4169528764
2454229684 1840214820 1226199956 4292614732
661302232 6994424 3647653912 3007334952
1995328485 169466529 2638571869 1151642971
2300438907 4135902015 1676397827 3193730373
4294967294 4294967270 4294967246 4294967170
1 13 25 63
2541693111 2977239371 3412785631 1212876041
0 0 0 0
1887926456 3068207448 4248488440 2975249736
1826323563 2267369839 2708416115 3389234773
259255173 3370317249 2186412029 3448174011
259255173 3370317249 2186412029 3448174011
2147483648 2147483648 2147483648 2147483648
2147483648 2147483648 2147483648 2147483648
2172296704 2470053376 2767810048 3710706176
1948171907 3851398311 1459657419 2475745853
2 26 50 126
761213600 1305842208 1850470816 711816544
2060324015 1014408419 4263460119 951394065
1 13 25 63
0 0 0 0
3069448639 1248126643 3721771943 101735937
1520771388 2590158860 3659546332 1319316932
1307084463 4107196131 2612340503 741942545
2 26 50 126
3351120212 614889796 2173626676 667175852
807648215 1909492203 3011336191 3637197289
2 26 50 126
871408526 2738376246 310376670 3359129586
3406388186 1333373458 3555326026 4149058214
3406388186 1333373458 3555326026 4149058214
3406388186 1333373458 3555326026 4149058214
927929069 3473143305 1723390245 2624956499
4294967294 4294967270 4294967246 4294967170
4294967295 4294967283 4294967271 4294967233
4294967295 4294967283 4294967271 4294967233
4294967295 4294967283 4294967271 4294967233
4294967295 4294967283 4294967271 4294967233
2 26 50 126
752442008 1191811512 1631181016 159206248
3510281262 2683983446 1857685630 2104387410
1246755370 3322917922 1104113178 1236176982
3742077022 1402361030 3357612334 3822618402
1431655765 1431655761 1431655757 4294967275
3261874548 3749663460 4237452372 3634633612
801161710 1825167638 2849173566 3228547474
2902439356 3371973260 3841507164 2465052996
1609261171 3740526039 1576823611 2599205965
2948489027 3970618983 697781643 1071214973
2134566952 1979566600 1824566248 1333731800
2134566952 1979566600 1824566248 1333731800
2134566952 1979566600 1824566248 1333731800
2134566952 1979566600 1824566248 1333731800
2134566952 1979566600 1824566248 1333731800
3445170218 1837539874 229909530 2297358934
121938409 1585199317 3048460225 3387152471
131847570 1714018410 3296189250 4011429614
1561729731 3122617319 388537611 3899692541
1909788792 3352417816 500079544 57609608
1909788792 3352417816 500079544 57609608
0 0 0 0
1 13 25 63
1 13 25 63
1 13 25 63
4294967294 4294967270 4294967246 4294967170
2742543229 1293323609 4139071285 981531587
2179098689 2558479181 2937859673 4139231231
4294967295 4294967283 4294967271 4294967233
3856344924 2887843756 1919342588 2431561636
308703021 4013139273 3422608229 2268421139
3662250959 364622211 1361960759 3088543729
4294967295 4294967283 4294967271 4294967233
1465073264 1866083248 2267093232 2105302416
1102008494 1441208534 1780408574 707058386
0 0 0 0
3035544854 807377438 2874177318 2260764778
905563239 3182387515 1164244495 1215909209
3042101724 892616748 3038099068 2673847588
2147483648 2147483648 2147483648 2147483648
2722994123 1039185231 3650343635 4044905205
3040046918 865904270 2986728918 2544394810
3347972503 573969579 2094933951 468870185
1549946531 2969435719 93957611 3157350941
3396284147 1202020951 3302725051 3512503757
1 13 25 63
1 13 25 63
2261109942 3624625470 693173702 716005578
4294967295 4294967283 4294967271 4294967233
3845150825 2742320469 1639490113 1726333399
2841900335 2584965987 2328031639 2946061969
2 26 50 126
1574627236 3290284884 710975236 417268060
1 13 25 63
3390995366 1133266798 3170505526 3179310554
17537941 227993233 438448525 1104890283
3652909417 243182165 1128422209 2500026583
4278009010 4074509578 3871010146 3226595278
2533619422 2872281414 3210943406 704233634
68595170 891737210 1714879250 26528414
342874371 162399527 4276891979 126248893
2147483648 2147483648 2147483648 2147483648
2147483648 2147483648 2147483648 2147483648
0 0 0 0
0 0 0 0
4294967294 4294967270 4294967246 4294967170
3131180555 2050641551 970102547 3990846645
2 26 50 126
2 26 50 126
2863311530 2863311522 2863311514 4294967254
2183823533 2619902153 3055980773 141929107
1340160748 242220540 3439247628 2825748500
347781085 226186809 104592533 435371875
3548847056 3185338768 2821830480 239065136
2863311530 2863311522 2863311514 4294967254
381325899 662269391 943212883 2548695157
18776638 244096294 469415950 1182928194
3642937482 113547010 879123834 1871794678
1854843917 2638134441 3421424965 891049779
2826910470 2390097742 1953285014 2001700474
1 13 25 63
2876434904 3033915384 3191395864 826772520
2369266708 735696132 3397092852 3234914540
2117098774 1752480286 1387861798 233236586
3551593212 3221038796 2890484380 412072964
4026755357 808212089 1884636117 282517027
2816340274 2252685194 1689030114 1335778126
0 0 0 0
3053763422 1044218822 3329641518 3408534562
3053763422 1044218822 3329641518 3408534562
1662459318 137134654 2906777286 1655721930
3315304650 149287490 1278237626 2705762742
1434939282 1474341482 1513743682 206861550
150909765 1961826945 3772744125 917380603
2585167862 3542411134 204687110 3951785354
2585167862 3542411134 204687110 3951785354
2585167862 3542411134 204687110 3951785354
2585167862 3542411134 204687110 3951785354
659336034 4276401146 3598498962 2883464478
1876471030 2919286910 3962102790 2253557898
1876471030 2919286910 3962102790 2253557898
1876471030 2919286910 3962102790 2253557898
1551877234 2994534858 142225186 3278985230
1318498831 4255582915 2897699703 1461047729
4294967294 4294967270 4294967246 4294967170
3700860190 866542214 2327191534 1225957986
4294967294 4294967270 4294967246 4294967170
3666515830 420065534 1468582534 3357230602
3666515830 420065534 1468582534 3357230602
3666515830 420065534 1468582534 3357230602
3881681177 3217215045 2552748913 4027745575
1769016097 1522372781 1275729465 4073831711
2863311530 2863311522 2863311514 4294967254
2147483648 2147483648 2147483648 2147483648
851277865 2476677653 4102077441 2090897943
2372207259 773923295 3470606627 3420169253
2 26 50 126
2848979832 2676999448 2505019064 3392070280
2848979832 2676999448 2505019064 3392070280
2848979832 2676999448 2505019064 3392070280
2848979832 2676999448 2505019064 3392070280
3598205269 3826995537 4055785805 3348632555
2147483648 2147483648 2147483648 2147483648
2534173254 2879481230 3224789206 739125050
2147483648 2147483648 2147483648 2147483648
4294967295 4294967283 4294967271 4294967233
4294967295 4294967283 4294967271 4294967233
4294967295 4294967283 4294967271 4294967233
4294967295 4294967283 4294967271 4294967233
2459546688 1909335872 1359125056 332618688
1861369924 2722972532 3584575140 1302188220
3733313390 1288433814 3138521534 3270509586
1300290657 4018876653 2442495353 313932767
1300290657 4018876653 2442495353 313932767
1431655765 1431655761 1431655757 4294967275
472350749 1845592441 3218834133 3988293411
1431655765 1431655761 1431655757 4294967275
1438683790 1523020086 1607356382 442765554
743199847 1071663419 1400126991 3871917401
4294967295 4294967283 4294967271 4294967233
4294967295 4294967283 4294967271 4294967233
2863311530 2863311522 2863311514 4294967254
1431655765 1431655761 1431655757 4294967275
2024966738 554763818 3379528194 3018852910
2024966738 554763818 3379528194 3018852910
398197250 881596954 1364996658 3611590270
2802270011 2069771775 1337273539 449351557
1431655765 1431655761 1431655757 4294967275
1431655765 1431655761 1431655757 4294967275
1431655765 1431655761 1431655757 4294967275
1431655765 1431655761 1431655757 4294967275
4294967294 4294967270 4294967246 4294967170
1710651121 763628093 4111572361 396838223
3671373002 483208770 1590011834 3663232438
3671373002 483208770 1590011834 3663232438
3671373002 483208770 1590011834 3663232438
4294967295 4294967283 4294967271 4294967233
2752653782 1424760798 96867814 1618496426
1213666306 2892760090 276886578 3446533246
951839479 3783978635 2321150495 4131312329
4266022367 3918683219 3571344071 2471436769
1383281667 802792487 222303307 1247399101
4164268686 2595885366 1027502046 355922162
1431655765 1431655761 1431655757 4294967275
2063318761 1053340117 43361473 1140063063
1 13 25 63
3805164608 2222499648 639834688 3502169024
3758801589 1619780401 3775726509 581298827
3758801589 1619780401 3775726509 581298827
3758801589 1619780401 3775726509 581298827
3758801589 1619780401 3775726509 581298827
3758801589 1619780401 3775726509 581298827
175931900 2287114700 103330204 2493775108
1327649894 79579438 3126476278 2037564698
3695557105 797602109 2194614409 891863631
539577577 2719541205 604537537 3928616279
2381491639 894620235 3702716127 4005085193
2381491639 894620235 3702716127 4005085193
2381491639 894620235 3702716127 4005085193
2381491639 894620235 3702716127 4005085193
2381491639 894620235 3702716127 4005085193
220209817 2862727621 1210278129 988316583
220209817 2862727621 1210278129 988316583
220209817 2862727621 1210278129 988316583
220209817 2862727621 1210278129 988316583
220209817 2862727621 1210278129 988316583
2334121023 278802227 2518450727 1020736385
347187794 218474026 89760258 397994542
3123153611 1946291279 769428947 3485149173
1431655765 1431655761 1431655757 4294967275
3783597070 1942121654 100646238 2143414130
1377350957 725693257 74035557 873764371
1 13 25 63
2938070308 3835175636 437313668 414835676
322833490 4196835370 3775869954 3158640686
29410681 382338853 735267025 1852872903
29410681 382338853 735267025 1852872903
29410681 382338853 735267025 1852872903
29410681 382338853 735267025 1852872903
1050008602 765209938 480411274 1726032486
634595647 3954776115 2979989287 1324820097
2147483648 2147483648 2147483648 2147483648
1112125950 1572735462 2033344974 1344458114
1403759499 1069004303 734249107 2537502517
91085047 1184105611 2277126175 1443390665
147837884 1921892492 3695947100 723852100
2863311530 2863311522 2863311514 4294967254
2 26 50 126
4294967294 4294967270 4294967246 4294967170
782813441 1586640141 2390466841 2072606527
2 26 50 126
2450369585 1790033533 1129697481 4049428495
4294967294 4294967270 4294967246 4294967170
1 13 25 63
4294967295 4294967283 4294967271 4294967233
4294967295 4294967283 4294967271 4294967233
4294967295 4294967283 4294967271 4294967233
4294967295 4294967283 4294967271 4294967233
1431655765 1431655761 1431655757 4294967275
2531304112 2842182384 3153060656 558369104
2531304112 2842182384 3153060656 558369104
2531304112 2842182384 3153060656 558369104
2531304112 2842182384 3153060656 558369104
2531304112 2842182384 3153060656 558369104
2347643852 454599004 2856521452 1872674612
3839511611 2669010687 1498509763 1371062917
4294967295 4294967283 4294967271 4294967233
4294967295 4294967283 4294967271 4294967233
2147483648 2147483648 2147483648 2147483648
1752805655 1311637035 870468415 3052573865
1406996408 1111084120 815171832 2741427784
345031420 190441164 35850908 262142980
1431655765 1431655761 1431655757 4294967275
2743037756 1299752460 4151434460 1012686788
4294967295 4294967283 4294967271 4294967233
1046572922 720546098 394519274 1509584646
2147483648 2147483648 2147483648 2147483648
4294967294 4294967270 4294967246 4294967170
101094729 1314231477 2527368225 2074000631
3515024544 2745646112 1976267680 2403214176
841004219 2343120255 3845236291 1443658245
2174939333 2504407553 2833875773 3877191803
899321653 3101246897 1008204845 822689291
1329170987 99353647 3164503603 2133393557
2208448249 2940023461 3671598673 1693286215
2208448249 2940023461 3671598673 1693286215
2208448249 2940023461 3671598673 1693286215
2208448249 2940023461 3671598673 1693286215
2039958934 749662366 3754333094 3963361258
4294967295 4294967283 4294967271 4294967233
4294967295 4294967283 4294967271 4294967233
4294967295 4294967283 4294967271 4294967233
4294967295 4294967283 4294967271 4294967233
1807000343 2016167979 2225335615 2171871913
1807000343 2016167979 2225335615 2171871913
1807000343 2016167979 2225335615 2171871913
1807000343 2016167979 2225335615 2171871913
4294967295 4294967283 4294967271 4294967233
390222972 777931340 1165639708 3109210756
390222972 777931340 1165639708 3109210756
390222972 777931340 1165639708 3109210756
1782982893 1703941129 1624899365 658772563
0 0 0 0
2949322593 3981455341 718620793 1123729631
2863311530 2863311522 2863311514 4294967254
2662762735 256177187 2144558935 250327761
0 0 0 0
2225285069 3158902121 4092519173 2754005875
0 0 0 0
1397063608 981957720 566851832 2115661384
4294967295 4294967283 4294967271 4294967233
4294967295 4294967283 4294967271 4294967233
1431655765 1431655761 1431655757 4294967275
2863311530 2863311522 2863311514 4294967254
4213662989 3238011305 2262359621 3467763251
3548081557 3175387281 2802693005 190838699
3976620637 156460729 631268117 1418996963
846658801 2416629821 3986600841 1799896911
989130749 4268765145 3253432245 2185695043
417191645 1128524089 1839856533 513269859
417191645 1128524089 1839856533 513269859
417191645 1128524089 1839856533 513269859
417191645 1128524089 1839856533 513269859
417191645 1128524089 1839856533 513269859
1453974555 1721800031 1989625507 1406083749
1 13 25 63
2440811792 1665782224 890752656 3447287536
736759637 987940689 1239121741 3466184171
2147483648 2147483648 2147483648 2147483648
1235353933 3174699241 819077253 517886451
2358142235 591077983 3118981027 2534072741
1344608548 300041940 3550442628 3105959900
3495161695 2487429075 1479696455 1151854689
1431655765 1431655761 1431655757 4294967275
1609839561 3748045109 1591283361 2635644535
4294967294 4294967270 4294967246 4294967170
1698210986 601906338 3800568986 3908077014
2863311530 2863311522 2863311514 4294967254
1546711425 2927379341 13079961 2953539263
1122454854 1707011214 2291567574 1995179066
829260809 2190455925 3551651041 703823415
5954879 77413427 148871975 375157377
2744589937 1319930813 4190238985 1110474191
50622156 658088028 1265553900 3189195828
318730384 4143494992 3673292304 2900145008
1 13 25 63
2216801379 3048614151 3880426923 2219533405
1687438859 461868687 3531265811 3229433013
3708085662 960473350 2507828334 1681162722
3562377989 3361240897 3160103805 1091513915
288288956 3747756428 2912256604 982335044
1428123602 1385737642 1343351682 4072441006
3192193364 2843808068 2495422772 3539686316
1966370367 4087978291 1914618919 3622248833
3851849596 2829404492 1806959388 2148355972
2147483648 2147483648 2147483648 2147483648
1285637123 3828380711 2076157003 3685727421
963019413 3929317777 2600648845 540680875
4294967294 4294967270 4294967246 4294967170
656532411 4239954047 3528408387 2706836229
656532411 4239954047 3528408387 2706836229
656532411 4239954047 3528408387 2706836229
656532411 4239954047 3528408387 2706836229
1431655765 1431655761 1431655757 4294967275
4294967295 4294967283 4294967271 4294967233
1576122452 3309722692 748355636 511466668
1576122452 3309722692 748355636 511466668
1576122452 3309722692 748355636 511466668
1576122452 3309722692 748355636 511466668
1576122452 3309722692 748355636 511466668
2726701046 1087375230 3743016710 4278441354
1431655765 1431655761 1431655757 4294967275
1431655765 1431655761 1431655757 4294967275
1431655765 1431655761 1431655757 4294967275
1799438982 1917870286 2036301590 1695506170
2460604289 1923084685 1385565081 399247551
3418360473 1489013189 3854633201 608344999
2459965029 1914774305 1369583581 358974171
1734932206 1079282198 423632190 1926546578
2256885176 3569703512 587554552 449845320
4294967294 4294967270 4294967246 4294967170
4294967294 4294967270 4294967246 4294967170
4294967294 4294967270 4294967246 4294967170
3099857203 1643437975 187018747 2017475469
364106117 438412225 512718333 1463848891
4190061138 2931187242 1672313346 1980846638
2207405054 2926461926 3645518798 1627564930
4294967294 4294967270 4294967246 4294967170
831176272 2215356944 3599537616 824497584
831176272 2215356944 3599537616 824497584
2 26 50 126
3568915729 3446231517 3323547305 1503391535
4294967295 4294967283 4294967271 4294967233
2353399093 529417137 3000402477 2235254795
2353399093 529417137 3000402477 2235254795
1479414283 2052516495 2625618707 3008786613
1479414283 2052516495 2625618707 3008786613
1479414283 2052516495 2625618707 3008786613
1479414283 2052516495 2625618707 3008786613
3946408052 4058664420 4170920788 3810571404
1609728525 3746601641 1588507461 2628649267
95748883 1244735479 2393722075 1737212333
2125230598 1858193998 1591157398 745541498
3499329235 2541607095 1583884955 1414409709
3457521635 1998108295 538694955 3075498205
0 0 0 0
1628630438 3992326510 2061055286 3819469786
4282909686 4138218366 3993527046 3535337866
1924106705 3538550685 858027369 959638127
714911632 703916624 692921616 2089759856
1333062716 149946124 3261796828 2378572484
2868542311 2931311675 2994081039 329539161
3685801302 670776670 1950719334 277248042
1658492493 85565929 2807606661 1405811955
313231188 4072005444 3535812404 2553695660
3728163027 1221479095 3009762459 2946036717
2682232279 509281259 2631297535 1476909033
1181202636 2470732380 3760262124 1401322036
1005148839 182033019 3653884495 3194834713
79139572 1028814436 1978489300 690825740
2 26 50 126
0 0 0 0
1612909358 3787952470 1668028286 2829041746
1777085822 1627279206 1477472590 287257090
4294967295 4294967283 4294967271 4294967233
4294967295 4294967283 4294967271 4294967233
4294967295 4294967283 4294967271 4294967233
2030668960 628892704 3522083744 3378092896
2030668960 628892704 3522083744 3378092896
2030668960 628892704 3522083744 3378092896
2 26 50 126
4294967294 4294967270 4294967246 4294967170
4294967294 4294967270 4294967246 4294967170
4294967294 4294967270 4294967246 4294967170
4198353613 3038989417 1879625221 2503272563
3112460017 1807274557 502089097 2811452751
4084880155 1563834463 3337756067 3944379301
316012162 4108158106 3605336754 2728897022
2698095841 715507565 3027886585 2476313439
1886963375 3055687395 4224411415 2914575633
1886963375 3055687395 4224411415 2914575633
1886963375 3055687395 4224411415 2914575633
1430026649 1410477253 1390927857 4192332967
2 26 50 126
320280310 4163644030 3712040454 2997790346
2405872595 1211572663 17272731 1246118125
2863311530 2863311522 2863311514 4294967254
984940447 4214291219 3148674695 1921706017
817757977 2040919109 3264080241 4274112295
2 26 50 126
2 26 50 126
2910540857 3477292773 4044044689 2975447559
1571005267 3243199287 620426011 189084013
1571005267 3243199287 620426011 189084013
3835990883 2623241223 1410491563 1149257053
3835990883 2623241223 1410491563 1149257053
3835990883 2623241223 1410491563 1149257053
3835990883 2623241223 1410491563 1149257053
3835990883 2623241223 1410491563 1149257053
3172962167 2593802507 2014642847 2328120905
4229013159 3437563515 2646113871 139856665
4294967295 4294967283 4294967271 4294967233
2303172023 4171432523 1744725727 3365916681
322361831 4190703803 3764078479 3128926169
4194470794 2988512770 1782554746 2258654966
4194470794 2988512770 1782554746 2258654966
2863311530 2863311522 2863311514 4294967254
1345623927 313241867 3575827103 3169928777
2863311530 2863311522 2863311514 4294967254
2433655722 1572753314 711850906 2996455126
2387112138 967686722 3843228602 64209334
4110622368 1898483232 3981311392 1271171424
3211552631 3095478539 2979404447 464352841
263633579 3427236527 2295872179 3724013589
2685065060 546107412 2702117060 1655374236
2803885844 2090777604 1377669364 551149036
1940347872 3749685856 1264056544 1982831648
1940347872 3749685856 1264056544 1982831648
669668163 115751527 3856802187 3534388605
1 13 25 63
1 13 25 63
1 13 25 63
1 13 25 63
1 13 25 63
2482122574 2202822390 1923522206 1754899506
2482122574 2202822390 1923522206 1754899506
2482122574 2202822390 1923522206 1754899506
2482122574 2202822390 1923522206 1754899506
897622898 3079163082 965735970 715667726
1484799740 2122527436 2760255132 3348070404
1767981298 1508920394 1249859490 4008639374
1804039560 1977677800 2151316040 1985342584
1301357708 4032748316 2469171628 381156980
2232378926 3251122262 4269865598 3200918866
766465879 1374121835 1981777791 1042710121
2147483648 2147483648 2147483648 2147483648
2147483648 2147483648 2147483648 2147483648
1267362561 3590811405 1619292953 2534430015
2481067111 2189101371 1897135631 1688405337
1873851540 2885233540 3896615540 2088530028
1099802721 1412533485 1725264249 568094687
1699513012 618832676 3833119636 3990104652
826482124 2154333020 3482183916 528766260
2147483648 2147483648 2147483648 2147483648
2 26 50 126
2758104000 1495613632 233123264 1961860160
1206419404 2798550364 95714028 2989978420
3721185544 1130771816 2835325384 2506455288
4294967294 4294967270 4294967246 4294967170
2513368476 2609019116 2704669756 3723391332
4065679401 1314224661 2857737217 2734731799
1589005951 3477208179 1070443111 1323127105
0 0 0 0
2760279011 1523888775 287498539 2098885853
328136521 4265774773 3908445729 3492731639
349277843 245644663 142011483 529667629
1431655765 1431655761 1431655757 4294967275
3339375011 462202183 1879996651 4222195485
3339375011 462202183 1879996651 4222195485
0 0 0 0
3503434379 2594973967 1686513555 1673033781
1438357288 1518775560 1599193832 422195928
4294967294 4294967270 4294967246 4294967170
4294967294 4294967270 4294967246 4294967170
4294967294 4294967270 4294967246 4294967170
4294967294 4294967270 4294967246 4294967170
4294967294 4294967270 4294967246 4294967170
2147483648 2147483648 2147483648 2147483648
2147483648 2147483648 2147483648 2147483648
2147483648 2147483648 2147483648 2147483648
2147483648 2147483648 2147483648 2147483648
3585450259 3661180407 3736910555 2545066925
3585450259 3661180407 3736910555 2545066925
3585450259 3661180407 3736910555 2545066925
3585450259 3661180407 3736910555 2545066925
108169453 1406202889 2704236325 2519708243
3863916006 2986267822 2108619638 2908539802
2 26 50 126
2728169007 1106458723 3779715735 75955601
4130985783 2163207627 195429471 2554066569
1991066997 114067185 2532034669 883169227
4294967294 4294967270 4294967246 4294967170
4196022918 3008690382 1821357846 2356438778
1431655765 1431655761 1431655757 4294967275
52902532 687732916 1322563300 3332859516
1431655765 1431655761 1431655757 4294967275
584959658 3309508258 1739089562 2492720086
679636776 245343496 4106017512 4162411224
1 13 25 63
1 13 25 63
1 13 25 63
1 13 25 63
3530630105 2948518405 2366406705 3386364519
2633731002 4173731954 1418765610 2716295878
3586641418 3676665474 3766689530 2620109942
2878921392 3066239728 3253558064 983421264
948783795 3744254743 2244758395 3938804237
4294967295 4294967283 4294967271 4294967233
623740734 3813662246 2708616462 640960578
1685712723 439428919 3488112411 3120686445
1324656592 40666512 3051643728 1848986672
2275014010 3805378354 1040775402 1591961862
3109326743 1766541995 423757247 2614056489
3109326743 1766541995 423757247 2614056489
3672569467 498762815 1619923459 3738609733
1333384384 154127808 3269838528 2398837568
2147483648 2147483648 2147483648 2147483648
1808474197 2035328081 2262181965 2264724715
628352231 3873611707 2823903887 931484889
4015832297 666212309 1611559617 3889331543
0 0 0 0
3525828493 2886097449 2246366405 3083862963
4164684391 2601289531 1037894671 382111577
4164684391 2601289531 1037894671 382111577
4164684391 2601289531 1037894671 382111577
3701177307 870664735 2335119459 1245936357
138700206 1803102678 3467505150 148178386
2353210495 526965363 2995687527 2223373121
2220523674 3097003986 3973484298 2454037990
3094317276 1571418924 48520572 1668460068
2410526409 1272072245 133618081 1539308407
1 13 25 63
1431655765 1431655761 1431655757 4294967275
4294967295 4294967283 4294967271 4294967233
1669956714 234600802 3094212186 2128057878
2104949163 1594535343 1084121523 3762778389
2923491573 3645652081 72845293 3791342667
2147483648 2147483648 2147483648 2147483648
2147483648 2147483648 2147483648 2147483648
2147483648 2147483648 2147483648 2147483648
3710825355 996089359 2576320659 1853763381
1872552156 2868341548 3864130940 2006668836
1872552156 2868341548 3864130940 2006668836
1872552156 2868341548 3864130940 2006668836
1872552156 2868341548 3864130940 2006668836
1872552156 2868341548 3864130940 2006668836
3365722330 804717330 2538679626 1587109286
3365722330 804717330 2538679626 1587109286
3741814767 1398951715 3351055959 3806096337
2 26 50 126
2946307145 3942254517 643234593 933756407
1377982109 733898233 89814357 913526947
1377982109 733898233 89814357 913526947
1377982109 733898233 89814357 913526947
1377982109 733898233 89814357 913526947
3691606007 746237835 2095836959 642944457
2147483648 2147483648 2147483648 2147483648
2371019090 758477098 3440902402 3345314606
149569470 1944403110 3739236750 832942018
1645977457 4217837757 2494730761 617364687
2299095597 4118438985 1642815077 3109101843
1 13 25 63
1 13 25 63
2568263249 3322651165 4077039081 2886794735
2 26 50 126
2 26 50 126
2 26 50 126
3484130036 2344017508 1203904980 456860172
2147483648 2147483648 2147483648 2147483648
1431655765 1431655761 1431655757 4294967275
2206439729 2913912701 3621385673 1566749455
3908395283 3564498423 3220601563 1415766957
2 26 50 126
2 26 50 126
2 26 50 126
2 26 50 126
2863311530 2863311522 2863311514 4294967254
911640280 3261389048 1316170520 1598762792
1726772264 973202952 219633640 1412470232
3590390435 3725402695 3860414955 2856298013
2147483648 2147483648 2147483648 2147483648
4294967295 4294967283 4294967271 4294967233
4294967295 4294967283 4294967271 4294967233
2147483648 2147483648 2147483648 2147483648
713897668 690735092 667572516 2025880124
713897668 690735092 667572516 2025880124
713897668 690735092 667572516 2025880124
1181086154 2469218114 3757350074 1393983670
945820432 3705731024 2170674320 3752112368
4119477277 2013597049 4202684117 1829030691
1843557668 2491413204 3139268740 180016092
3511277307 2696932031 1882586755 2167138245
2682667062 514933438 2642167110 1504300362
1663887141 155696353 2942472861 1745674779
2147483648 2147483648 2147483648 2147483648
531629579 2616217231 405837587 3427892405
3166157125 2505336961 1844516797 1899403259
3227335449 3300655173 3373974897 1458670375
3139389368 2157356120 1175322872 213034568
3139389368 2157356120 1175322872 213034568
3139389368 2157356120 1175322872 213034568
3445131183 1837032419 228933655 2294899729
2609549902 3859377654 814238110 1192886578
3701839117 879268265 2351664709 1287630387
1196797161 2673461205 4150125249 2383777111
51929080 675078040 1298227000 3271532040
3680693637 604377025 1823027709 4250432443
0 0 0 0
2188239242 2677306370 3166373498 420118774
3680818613 606001713 1826152109 4258305931
267686113 3479919469 2397185529 3979323231
4294967295 4294967283 4294967271 4294967233
3899416017 3447767965 2996119913 850073199
1334382187 167099247 3294783603 2461699157
2147483648 2147483648 2147483648 2147483648
2869349407 2941803923 3014258439 380386209
2814129791 2223948915 1633768039 1196517697
1619926976 3879181504 1843468736 3271151680
1133102421 1845429585 2557756749 2665975787
1133102421 1845429585 2557756749 2665975787
445684684 1498933596 2552182508 2308331316
473189701 1856498817 3239807933 4041147387
407410107 1001364095 1595318083 4192000261
1513754900 2498944516 3484134132 877278188
2057263871 974626547 4186956519 758604993
3257729583 3695778915 4133828247 3373500817
752379890 1191003978 1629628066 155292814
3489887439 2418863747 1347840055 819576561
3489887439 2418863747 1347840055 819576561
3489887439 2418863747 1347840055 819576561
3489887439 2418863747 1347840055 819576561
3489887439 2418863747 1347840055 819576561
3347827288 572081784 2091303576 459721640
2899971084 3339885724 3779800364 2309551860
2903971509 3391891249 3879810989 2561578635
2190911975 2712051899 3233191823 588500953
2147483648 2147483648 2147483648 2147483648
3494066655 2473193555 1452320455 1082867169
2615779125 3940357553 969968685 1585327627
4294967294 4294967270 4294967246 4294967170
2255361034 3549889666 549451002 353824374
2863311530 2863311522 2863311514 4294967254
4294967295 4294967283 4294967271 4294967233
3141437841 2183986269 1226534697 342088367
3141437841 2183986269 1226534697 342088367
3141437841 2183986269 1226534697 342088367
3141437841 2183986269 1226534697 342088367
3141437841 2183986269 1226534697 342088367
1891241908 3111308324 36407444 3184123212
4026494316 804818556 1878110092 266071444
596808982 3463549470 2035322662 3239227498
596808982 3463549470 2035322662 3239227498
596808982 3463549470 2035322662 3239227498
596808982 3463549470 2035322662 3239227498
596808982 3463549470 2035322662 3239227498
254007185 3302093405 2055212329 3117550767
3003877816 395705944 2082501368 265741384
4000023268 460694932 1216333892 2893362716
0 0 0 0
0 0 0 0
1402423248 1051633040 700842832 2453318704
3039700274 861397898 2978062818 2522556238
3039700274 861397898 2978062818 2522556238
3039700274 861397898 2978062818 2522556238
2396247957 1086452369 4071624077 639765931
4217474222 3287557334 2357640446 3707870930
4294967295 4294967283 4294967271 4294967233
4294967295 4294967283 4294967271 4294967233
1117931781 1648211265 2178490749 1710225467
3520226532 2813271956 2106317380 2730939420
2270373845 3745056209 924771277 1299631467
3047109338 957715730 3163289418 2989327270
3616342692 4062782036 214254084 196322908
2147483648 2147483648 2147483648 2147483648
2147483648 2147483648 2147483648 2147483648
1431655765 1431655761 1431655757 4294967275
3336592387 426028071 1810431051 4046890173
0 0 0 0
1084271624 1210629224 1336986824 3884602872
1750097256 1276427848 802758440 2881944728
1649703498 4266276290 2587881786 852105270
2863311530 2863311522 2863311514 4294967254
3979806698 197879522 710919642 1619718806
3979806698 197879522 710919642 1619718806
3727930271 1218453267 3003943559 2931373089
1431655765 1431655761 1431655757 4294967275
4247084462 3672490454 3097896446 1278348754
4294967295 4294967283 4294967271 4294967233
4294967295 4294967283 4294967271 4294967233
709380297 632009269 554638241 1741285751
709380297 632009269 554638241 1741285751
709380297 632009269 554638241 1741285751
709380297 632009269 554638241 1741285751
709380297 632009269 554638241 1741285751
2147483648 2147483648 2147483648 2147483648
0 0 0 0
0 0 0 0
0 0 0 0
2487907027 2278020279 2068133531 2119320045
4262454247 3872297659 3482141071 2246645209
1871862324 2859373732 3846885140 1963209420
2045455486 821117542 3891746894 14676738
2517896703 2667886067 2817875431 4008669633
956676519 3846860155 2442076495 141078553
3156812416 2383855744 1610899072 1310686592
3101478853 1664519425 227559997 2119639419
1431655765 1431655761 1431655757 4294967275
1 13 25 63
959297554 3880933610 2507602370 306203758
1815643521 2128529293 2441415065 2716392127
1815643521 2128529293 2441415065 2716392127
4294967295 4294967283 4294967271 4294967233
1660125775 106798595 2848438711 1508708721
1660125775 106798595 2848438711 1508708721
1660125775 106798595 2848438711 1508708721
1779948611 1664495463 1549042315 467612797
2863311530 2863311522 2863311514 4294967254
2863311530 2863311522 2863311514 4294967254
2863311530 2863311522 2863311514 4294967254
1229721026 3101471450 678254578 163013310
2 26 50 126
1106242826 1496254850 1886266874 973821302
4294967294 4294967270 4294967246 4294967170
3524621152 2870402016 2216182880 3007800480
3524621152 2870402016 2216182880 3007800480
3524621152 2870402016 2216182880 3007800480
3524621152 2870402016 2216182880 3007800480
3524621152 2870402016 2216182880 3007800480
616335965 3717400249 2523497237 174460131
3836086115 2624479239 1412872363 1155256669
2202988076 2869041212 3535094348 1349295316
2202988076 2869041212 3535094348 1349295316
1888411353 3074511109 4260610865 3005798247
104995481 1364941253 2624887025 2319748007
104995481 1364941253 2624887025 2319748007
2648568755 71655447 1789709435 3651074317
2147483648 2147483648 2147483648 2147483648
2147483648 2147483648 2147483648 2147483648
2147483648 2147483648 2147483648 2147483648
2147483648 2147483648 2147483648 2147483648
3541640154 3091649042 2641657930 4079997606
3398627490 1232484410 3361308626 3660134366
3585356565 3659962385 3734568205 2539164203
2147483648 2147483648 2147483648 2147483648
2147483648 2147483648 2147483648 2147483648
2147483648 2147483648 2147483648 2147483648
2147483648 2147483648 2147483648 2147483648
2147483648 2147483648 2147483648 2147483648
628617183 3877056083 2830527687 948176865
2598001487 3709248259 525527735 465336433
2598001487 3709248259 525527735 465336433
1431655765 1431655761 1431655757 4294967275
3889833449 3323194581 2756555713 246371415
2147483648 2147483648 2147483648 2147483648
2474425551 2102761091 1731096631 1269987057
2924497072 3658723568 97982768 3854689104
1373591464 676819848 4275015528 636916312
989308679 4271078235 3257880495 2196904633
393241638 817173998 1241106358 3299386714
2390870789 1016549185 3937194877 301004347
3213981700 3127056436 3040131172 617384188
2863311530 2863311522 2863311514 4294967254
4294967294 4294967270 4294967246 4294967170
4294967294 4294967270 4294967246 4294967170
4294967294 4294967270 4294967246 4294967170
4294967294 4294967270 4294967246 4294967170
4294967294 4294967270 4294967246 4294967170
598898286 3490710422 2087555262 3370853650
2306721547 4217576335 1833463827 3589536693
1117308377 1640107013 2162905649 1670951015
4294967295 4294967283 4294967271 4294967233
4294967295 4294967283 4294967271 4294967233
4294967295 4294967283 4294967271 4294967233
4294967295 4294967283 4294967271 4294967233
4294967295 4294967283 4294967271 4294967233
2371512876 764896316 3453247052 3376423124
2 26 50 126
2 26 50 126
3732783953 1281551133 3125285609 3237155055
3486934919 2380480987 1274027055 633567801
1813532609 2101087437 2388642265 2583404671
535473852 2666192780 501944412 3670081604
2229144800 3209078624 4189012448 2997168928
857573202 2558517034 4259460866 2487504174
2147483648 2147483648 2147483648 2147483648
1431655765 1431655761 1431655757 4294967275
2147483648 2147483648 2147483648 2147483648
2900779589 3350396289 3800012989 2360487675
523978255 2516750019 214554487 2945858993
4294967295 4294967283 4294967271 4294967233
148483133 1930280729 3712078325 764502787
3261104303 3739650275 4218196247 3586108177
2147483648 2147483648 2147483648 2147483648
0 0 0 0
3112321658 1805475890 498630122 2802736134
1895199766 3162760478 135353894 3433468266
2 26 50 126
3729456544 1238294816 3042100384 3027528288
1853054373 2614870369 3376686365 778308507
3601544592 3870406736 4139268880 3559009904
106261819 1381403647 2656545475 2399527301
1431655765 1431655761 1431655757 4294967275
2147483648 2147483648 2147483648 2147483648
2147483648 2147483648 2147483648 2147483648
2147483648 2147483648 2147483648 2147483648
2683516705 525978797 2663408185 1557827871
3571311936 3477382208 3383452480 1654352576
0 0 0 0
773671540 1467795428 2161919316 1496666764
4294967294 4294967270 4294967246 4294967170
4294967294 4294967270 4294967246 4294967170
4294967294 4294967270 4294967246 4294967170
4294967294 4294967270 4294967246 4294967170
4294967294 4294967270 4294967246 4294967170
2147483648 2147483648 2147483648 2147483648
2147483648 2147483648 2147483648 2147483648
510986135 2347852459 4184718783 2127355433
1233422219 3149586959 770784403 396188469
144604205 1879854665 3615105125 520130323
158935610 2066162930 3973390250 1423008838
4267270357 3934907089 3602543821 2550060139
4267270357 3934907089 3602543821 2550060139
4267270357 3934907089 3602543821 2550060139
4267270357 3934907089 3602543821 2550060139
4267270357 3934907089 3602543821 2550060139
2888989061 3197119425 3505249789 1617684411
1719743058 881823274 43903490 969630254
2747710433 1360497261 4268251385 1307065439
2475144942 2112113174 1749081406 1315308690
277571319 3608427147 2644315679 307123913
277571319 3608427147 2644315679 307123913
277571319 3608427147 2644315679 307123913
277571319 3608427147 2644315679 307123913
277571319 3608427147 2644315679 307123913
4279045035 4087977903 3896910771 3291864853
1693541841 541207453 3683840361 3613920879
1895611083 3168107599 145636819 3459381237
0 0 0 0
4284378197 4157309009 4030239821 3627854059
3512279933 2709966169 1907652405 2230303683
787449760 1646912288 2506374816 2364694624
4144571982 2339828214 535084446 3409997106
4294967295 4294967283 4294967271 4294967233
3584977736 3655037608 3725097480 2515297976
198011281 2574146653 655314729 3884776111
1638627887 4122293347 2310991511 154341777
1911172263 3370402939 534666319 144768281
1733118018 1055697754 378277490 1812252734
1733118018 1055697754 378277490 1812252734
1492762546 2226043914 2959325282 3849727182
1413832354 1199951418 986070482 3172092382
3544758389 3132186097 2719613805 4276446411
2534643853 2885599017 3236554181 768772787
1 13 25 63
1 13 25 63
1 13 25 63
2863311530 2863311522 2863311514 4294967254
884967561 2914643701 649352545 4213348791
2184291149 2625981161 3067671173 171388915
1901042466 3238715578 281421394 3801558366
2 26 50 126
3601568842 3870721986 4139875130 3560537654
0 0 0 0
3789197143 2014922603 240648063 2496218729
3789197143 2014922603 240648063 2496218729
3789197143 2014922603 240648063 2496218729
4294967294 4294967270 4294967246 4294967170
3690298750 729243494 2063155534 560587266
2385763191 950150411 3809504927 4274192969
2385763191 950150411 3809504927 4274192969
2385763191 950150411 3809504927 4274192969
2385763191 950150411 3809504927 4274192969
898103341 3085408841 977747045 745935635
4294967295 4294967283 4294967271 4294967233
4294967295 4294967283 4294967271 4294967233
3686953220 685751604 1979517284 349818876
4294967294 4294967270 4294967246 4294967170
2979466695 78361371 1472223343 3022808057
1707812184 726721912 4040598936 217985192
1633482265 4055400261 2182350961 4125134887
3885948996 3272696692 2659444388 1650876
3885948996 3272696692 2659444388 1650876
3885948996 3272696692 2659444388 1650876
3885948996 3272696692 2659444388 1650876
3885948996 3272696692 2659444388 1650876
3588782289 3704496797 3820211305 2754984815
2444594566 1714958286 985322006 3685602298
2444594566 1714958286 985322006 3685602298
2444594566 1714958286 985322006 3685602298
2444594566 1714958286 985322006 3685602298
2444594566 1714958286 985322006 3685602298
1 13 25 63
1 13 25 63
1 13 25 63
1 13 25 63
1 13 25 63
1179087273 2443232661 3707378049 1268054167
1179087273 2443232661 3707378049 1268054167
886914727 2939956859 698031695 41052953
2323868659 145521495 2262141627 374837453
2778829891 1765050215 751270539 3267591293
276451364 3593867732 2616316804 236566748
1332999234 149120858 3260209778 2374573118
2519718609 2691570845 2863423081 4123449711
2166365837 2392952105 2619538373 3337061555
2166365837 2392952105 2619538373 3337061555
2166365837 2392952105 2619538373 3337061555
343543760 171101584 4293626704 168420400
2 26 50 126
2 26 50 126
2 26 50 126
2 26 50 126
0 0 0 0
2 26 50 126
267985726 3483814438 2404675854 3998198850
4294967294 4294967270 4294967246 4294967170
882971233 2888691437 599444345 4087580127
2927642694 3699616654 176623318 4052863290
3158166762 2401462242 1644757722 1396010390
3158166762 2401462242 1644757722 1396010390
3158166762 2401462242 1644757722 1396010390
3158166762 2401462242 1644757722 1396010390
3158166762 2401462242 1644757722 1396010390
2126481874 1874460586 1622439298 824371886
475000161 1880034797 3285069433 4155206367
152462284 1982009692 3811557100 1015189300
3989152016 319368656 944552592 2208473840
2039018638 737438518 3730825694 3904122610
2778884566 1765760990 752637414 3271035818
2863311530 2863311522 2863311514 4294967254
1 13 25 63
1726202960 965802000 205401040 1376604080
1726202960 965802000 205401040 1376604080
1726202960 965802000 205401040 1376604080
1431655765 1431655761 1431655757 4294967275
2412100916 1292540836 172980756 1638502348
4294967294 4294967270 4294967246 4294967170
3842405303 2706628683 1570852063 1553365513
0 0 0 0
162552653 2113184489 4063816325 1650882547
2610562036 3872535396 839541460 1256651020
387934030 748175094 1108416158 2965007410
3067954270 1228699846 3684412718 7590690
3925017431 3780586347 3636155263 2462962281
3925017431 3780586347 3636155263 2462962281
3925017431 3780586347 3636155263 2462962281
3364665382 790977006 2512255926 1520521562
468750143 1798784563 3128818983 3761455233
2856208270 2770969142 2685730014 3847461874
2863311530 2863311522 2863311514 4294967254
2863311530 2863311522 2863311514 4294967254
2602104011 3762581071 628090835 723795445
2188902198 2685924798 3182947398 461885002
2188902198 2685924798 3182947398 461885002
2188902198 2685924798 3182947398 461885002
2188902198 2685924798 3182947398 461885002
2188902198 2685924798 3182947398 461885002
243015681 3159203853 1780424729 2425086015
1683923234 416165562 3443375186 3007948638
0 0 0 0
2 26 50 126
4083619593 1547447157 3306242017 3864963895
413248434 1077262346 1741276258 264847566
2863311530 2863311522 2863311514 4294967254
1646602552 4225963992 2510358136 656745672
1 13 25 63
1740780546 1155310618 569840690 2294991998
1740780546 1155310618 569840690 2294991998
1740780546 1155310618 569840690 2294991998
112766751 1465967763 2819168775 2809338017
774789700 1482331508 2189873316 1567110844
4294967294 4294967270 4294967246 4294967170
446242552 1506185880 2566129208 2343477000
2019495347 483635735 3242743419 2674155277
2019495347 483635735 3242743419 2674155277
2019495347 483635735 3242743419 2674155277
2019495347 483635735 3242743419 2674155277
185618608 2413041904 345497904 3104037712
4260657914 3848945330 3437232746 2133476230
1538916785 2826049021 4113181257 2462476943
850117216 2461589216 4073061216 2017777056
3849014966 2792554302 1736093638 1969774282
3976800852 158803524 635773492 1430350508
852490164 2492437540 4132384916 2167272780
3021164074 620427298 2514657818 1354775638
2486612760 2261194808 2035776856 2037781224
489384639 2067033011 3644681383 766461185
489384639 2067033011 3644681383 766461185
489384639 2067033011 3644681383 766461185
694151754 434038210 173924666 781887542
694151754 434038210 173924666 781887542
694151754 434038210 173924666 781887542
694151754 434038210 173924666 781887542
694151754 434038210 173924666 781887542
2204183933 2884587353 3564990773 1424634307
2204183933 2884587353 3564990773 1424634307
2204183933 2884587353 3564990773 1424634307
0 0 0 0
3332075054 367302742 1697497726 3762298194
2279086665 3858322869 1142591777 1848539127
2279086665 3858322869 1142591777 1848539127
2279086665 3858322869 1142591777 1848539127
2279086665 3858322869 1142591777 1848539127
2279086665 3858322869 1142591777 1848539127
3789352272 2016939280 244526288 2505991856
1 13 25 63
484595877 2004779105 3524962333 464769179
1431655765 1431655761 1431655757 4294967275
1431655765 1431655761 1431655757 4294967275
1431655765 1431655761 1431655757 4294967275
1431655765 1431655761 1431655757 4294967275
1431655765 1431655761 1431655757 4294967275
675972551 197708571 4014411887 3931565049
4243859260 3630562828 3017266396 1075161028
693735799 428630795 163525791 755682377
1709715791 751468803 4088189111 337912433
902502470 3142597518 1087725270 1023080762
2 26 50 126
2127255013 1884511393 1641767773 873079643
2907347555 3435779847 3964212139 2774269533
601184779 3520434831 2144717587 3514902709
3864930838 2999460638 2133990438 2972474218
650190823 4157513403 3369868687 2307316185
650190823 4157513403 3369868687 2307316185
650190823 4157513403 3369868687 2307316185
650190823 4157513403 3369868687 2307316185
650190823 4157513403 3369868687 2307316185
4243091641 3620583781 2998075921 1026801031
2662059040 247029152 2126966560 205994976
2662059040 247029152 2126966560 205994976
2662059040 247029152 2126966560 205994976
2662059040 247029152 2126966560 205994976
2662059040 247029152 2126966560 205994976
2863311530 2863311522 2863311514 4294967254
2900782999 3350440619 3800098239 2360702505
348194171 231556927 114919683 461396293
3252981246 3634050534 4015119822 3074355586
3284510644 4043932708 508387476 765740364
1431655765 1431655761 1431655757 4294967275
1009248853 235333201 3756384845 3453135595
1009248853 235333201 3756384845 3453135595
1009248853 235333201 3756384845 3453135595
2863311530 2863311522 2863311514 4294967254
2710645011 878646775 3341615835 3266911149
716905150 729832358 742759566 2215351490
716905150 729832358 742759566 2215351490
2863311530 2863311522 2863311514 4294967254
1096168724 1365291524 1634414324 339152876
805259147 1878434319 2951609491 3486686005
111245920 1446196960 2781148000 2713525664
541328231 2742299707 648303887 4038907481
1266510186 3579730530 1597983578 2480730390
1248083629 3340185289 1137319653 1319857299
1431655765 1431655761 1431655757 4294967275
1698474312 605329576 3807152136 3924666552
1431655765 1431655761 1431655757 4294967275
4294967295 4294967283 4294967271 4294967233
4294967295 4294967283 4294967271 4294967233
4294967295 4294967283 4294967271 4294967233
4294967295 4294967283 4294967271 4294967233
4294967295 4294967283 4294967271 4294967233
3677026547 556704855 1731350459 4019405773
3677026547 556704855 1731350459 4019405773
3677026547 556704855 1731350459 4019405773
702414224 541450320 380486416 1302423152
3546487166 3154660198 2762833230 90392066
3546487166 3154660198 2762833230 90392066
3546487166 3154660198 2762833230 90392066
3546487166 3154660198 2762833230 90392066
2481921489 2200208285 1918495081 1742231151
4255617999 3783426435 3311234871 1815961585
2863311530 2863311522 2863311514 4294967254
934780746 3562215106 1894682170 3056612150
2863311530 2863311522 2863311514 4294967254
2863311530 2863311522 2863311514 4294967254
2863311530 2863311522 2863311514 4294967254
2863311530 2863311522 2863311514 4294967254
2863311530 2863311522 2863311514 4294967254
4294967294 4294967270 4294967246 4294967170
3593967815 3771908635 3949849455 3081672953
2147483648 2147483648 2147483648 2147483648
2 26 50 126
2256195954 3560743626 570324002 406424334
4127763729 2121320925 114878121 2351077167
3313588254 126974342 1235327726 2597629794
1491180326 2205475054 2919769782 3750047322
277582054 3608566702 2644584054 307800218
2451236072 1801297864 1151359656 4104017176
2451236072 1801297864 1151359656 4104017176
2451236072 1801297864 1151359656 4104017176
2345792738 430534522 2810243602 1756054430
0 0 0 0
510872926 2346380742 4181888558 2120223266
3255936182 3672464702 4088993222 3260516554
2863311530 2863311522 2863311514 4294967254
1450431750 1675743566 1901055382 1182887034
571994764 3140964636 1414967212 1675931764
571994764 3140964636 1414967212 1675931764
571994764 3140964636 1414967212 1675931764
3336061384 419125032 1797155976 4013436984
2863311530 2863311522 2863311514 4294967254
2863311530 2863311522 2863311514 4294967254
504405811 2262308247 4020210683 1712795021
3978118731 175935951 668720467 1513376885
4194935062 2994548254 1794161446 2287903850
2648424867 69784903 1786112235 3642009373
3927030067 3806750615 3686471163 2589758349
924295313 3425904477 1632546345 2396029871
2767248601 1614493445 461738289 2537970023
3706475856 939545872 2467583184 1579744944
294752890 3831787570 3073854954 1389562886
13503324 175543212 337583100 850709412
984578376 4209584296 3139622920 1898895544
2 26 50 126
3794466810 2083428274 372389738 2828207750
1256777687 3453208043 1354671103 1867582953
307986782 4003828166 3404702254 2223298082
307986782 4003828166 3404702254 2223298082
307986782 4003828166 3404702254 2223298082
307986782 4003828166 3404702254 2223298082
307986782 4003828166 3404702254 2223298082
2854575885 2749748137 2644920389 3744621619
4294967295 4294967283 4294967271 4294967233
0 0 0 0
1682448810 396998050 3406514586 2915059926
2663240967 262394203 2156514735 280456377
2863311530 2863311522 2863311514 4294967254
810049178 1940704722 3071360266 3788457958
810049178 1940704722 3071360266 3788457958
3441622147 1791414951 141207755 2073830461
2821464972 2319306268 1817147564 1658634100
3380722708 999722244 2913689076 2532133100
1856309944 2657192792 3458075640 983409480
768077461 1395072401 2022067341 1144239787
2 26 50 126
3274410122 3912625922 255874426 129407478
3274410122 3912625922 255874426 129407478
3274410122 3912625922 255874426 129407478
3488765161 2404274133 1319783105 748873047
2215948642 3037528570 3859108498 2165810974
2775878806 1726686110 677493414 3081672938
1771030277 1548557121 1326083965 4200725051
2863311530 2863311522 2863311514 4294967254
2863311530 2863311522 2863311514 4294967254
2863311530 2863311522 2863311514 4294967254
2863311530 2863311522 2863311514 4294967254
2863311530 2863311522 2863311514 4294967254
2922118154 3627797634 38509818 3704817270
1053311858 808152266 562992674 1934137614
1771436162 1553833626 1336231090 4226295806
0 0 0 0
1 13 25 63
3523211571 2852077463 2180943355 2918996877
0 0 0 0
3038782659 849468903 2955122443 2464746493
4294967294 4294967270 4294967246 4294967170
3597614056 3819309768 4041005480 3311386136
1581557546 3380378914 884232986 853877590
1119294000 1665920112 2212546224 1796045264
73637353 957285589 1840933825 344185943
2147483648 2147483648 2147483648 2147483648
4025807411 795888791 1860937467 222796429
2758300282 1498165298 238030314 1974225926
2198160776 2806286312 3414411848 1045175416
3204835401 3008154549 2811473697 41167351
1059303457 886043053 712782649 2311608351
429137691 1283822687 2138507683 1265870757
1185187506 2522535690 3859883874 1652368846
2750531794 1397174954 43818114 1484811182
1526036140 2658600636 3791165132 1650996308
3499289236 2541087108 1582884980 1411889772
2034554119 679399771 3619212719 3622857913
166438409 2163699317 4160960225 1895685175
1 13 25 63
1 13 25 63
1 13 25 63
1 13 25 63
3198935538 2931456330 2663977122 3964443278
2863311530 2863311522 2863311514 4294967254
2863311530 2863311522 2863311514 4294967254
2863311530 2863311522 2863311514 4294967254
772412151 1451423371 2130434591 1417325257
2591221010 3621102058 356015810 38166382
3522365842 2841082986 2159800130 2865715950
3522365842 2841082986 2159800130 2865715950
3522365842 2841082986 2159800130 2865715950
0 0 0 0
1610462078 3756137830 1606846286 2674863106
1610462078 3756137830 1606846286 2674863106
447833141 1526863537 2605893933 2443684107
1775522185 1606951925 1438381665 188747959
2147483648 2147483648 2147483648 2147483648
2147483648 2147483648 2147483648 2147483648
2147483648 2147483648 2147483648 2147483648
2147483648 2147483648 2147483648 2147483648
800505081 1816631461 2832757841 3187179847
658691700 4268024804 3582390612 2842871436
3753573196 1551811292 3645016684 251910068
1606758471 3707990939 1514256111 2441535865
1606758471 3707990939 1514256111 2441535865
3219780091 3202435519 3185090947 982682821
785035156 1615522436 2446009716 2212574572
4294967295 4294967283 4294967271 4294967233
1 13 25 63
1 13 25 63
99022444 1287291772 2475561100 1943446676
99022444 1287291772 2475561100 1943446676
99022444 1287291772 2475561100 1943446676
99022444 1287291772 2475561100 1943446676
99022444 1287291772 2475561100 1943446676
2816028571 2248633055 1681237539 1316140837
721723022 792464694 863206366 2518877426
237963137 3093520781 1654111129 2106775743
0 0 0 0
0 0 0 0
0 0 0 0
2 26 50 126
1259530981 3489000865 1423503453 2041040475
3202430969 2976896933 2751362897 4184655431
2304955100 4194612524 1789302652 3478250532
2968868258 4235548986 1207262418 2355106526
2410566723 1272596327 134625931 1541848189
1601081990 3634196686 1372344086 2083917562
613774490 3684101074 2459460362 13087206
4294967295 4294967283 4294967271 4294967233
3659196293 324911553 1285594109 2896099771
491773831 2098092507 3704411183 916980281
2870349329 2954802909 3039256489 443381295
2870349329 2954802909 3039256489 443381295
2870349329 2954802909 3039256489 443381295
2870349329 2954802909 3039256489 443381295
2870349329 2954802909 3039256489 443381295
2147483648 2147483648 2147483648 2147483648
2522071774 2722161990 2922252206 4271699106
3346491095 554711275 2057898751 375541481
1238593515 3216813807 900066803 721980117
876254669 2801376105 431530245 3664436595
876254669 2801376105 431530245 3664436595
876254669 2801376105 431530245 3664436595
3167560327 2523578587 1879596847 1987804985
4294967294 4294967270 4294967246 4294967170
4294967294 4294967270 4294967246 4294967170
1371568507 650521407 4224441603 509470021
4149052264 2398071880 647091496 3692254872
4149052264 2398071880 647091496 3692254872
2863311530 2863311522 2863311514 4294967254
2863311530 2863311522 2863311514 4294967254
2863311530 2863311522 2863311514 4294967254
2863311530 2863311522 2863311514 4294967254
2863311530 2863311522 2863311514 4294967254
64853614 843096982 1621340350 4085777682
0 0 0 0
4294967295 4294967283 4294967271 4294967233
1627747405 3980847081 2038979461 3763838707
1627747405 3980847081 2038979461 3763838707
1627747405 3980847081 2038979461 3763838707
1627747405 3980847081 2038979461 3763838707
4294967294 4294967270 4294967246 4294967170
1709923931 754174623 4093392611 351025253
922943342 3408328854 1598747070 2310855698
2863311530 2863311522 2863311514 4294967254
1 13 25 63
3540590602 3078004866 2615419130 4013875830
2217678384 3060015216 3902352048 2274784720
461747075 1707744679 2953742283 3320261949
2012193144 388707096 3060188344 2214116488
2250852149 3491274161 436728877 69764619
2147483648 2147483648 2147483648 2147483648
1921401640 3503384840 790400744 789219032
4001543856 480462576 1254348592 2989159760
716219125 720914033 725608941 2172131915
0 0 0 0
0 0 0 0
0 0 0 0
1 13 25 63
2435766600 1600194728 764622856 3129440440
2040098523 751477023 3757822819 3972155365
1431655765 1431655761 1431655757 4294967275
2951494988 4009696476 772930668 1260590516
4288719718 4213748782 4138777846 3901369882
2346824749 443950665 2836043877 1821071123
4294967294 4294967270 4294967246 4294967170
1168988661 2311950705 3454912749 631841611
946742716 3717720716 2193731420 3810216260
2100531879 1537110651 973689423 3484489497
2 26 50 126
4127884403 2122889687 117894971 2358679629
3096566583 1600659915 104753247 1810166409
2592590058 3638899682 390242010 124416406
1431655765 1431655761 1431655757 4294967275
2154896919 2243856171 2332815423 2614519721
2 26 50 126
1771394611 1553293463 1335192315 4223678093
4294967295 4294967283 4294967271 4294967233
855561592 2532366104 4209170616 2360772744
2089527185 1394049629 698572073 2791193775
2089527185 1394049629 698572073 2791193775
2089527185 1394049629 698572073 2791193775
2089527185 1394049629 698572073 2791193775
2089527185 1394049629 698572073 2791193775
904881121 3173519981 1147191545 1172935775
1431655765 1431655761 1431655757 4294967275
1431655765 1431655761 1431655757 4294967275
1431655765 1431655761 1431655757 4294967275
1431655765 1431655761 1431655757 4294967275
1043050937 674760293 306469649 1287699591
1431655765 1431655761 1431655757 4294967275
3598690118 3833298574 4067907030 3379178042
291673201 3791751613 2996862729 1195542479
2463986483 1967053207 1470119931 612325773
2619781102 3992383254 1070018110 1837452178
2619781102 3992383254 1070018110 1837452178
2619781102 3992383254 1070018110 1837452178
2619781102 3992383254 1070018110 1837452178
3188077799 2790305723 2392533647 3280405721
4294967294 4294967270 4294967246 4294967170
1 13 25 63
1 13 25 63
1 13 25 63
1 13 25 63
1511321397 2467308977 3423296557 723967499
4294967295 4294967283 4294967271 4294967233
1958402481 3984395773 1715421769 3120272015
4187190848 2893873472 1600556096 1800018368
2 26 50 126
2067063913 1102027093 136990273 1376007639
4294967294 4294967270 4294967246 4294967170
621976489 3790727061 2664510337 529813143
595265003 3443477743 1996723187 3141956821
2863311530 2863311522 2863311514 4294967254
2 26 50 126
0 0 0 0
2147483648 2147483648 2147483648 2147483648
2147483648 2147483648 2147483648 2147483648
2147483648 2147483648 2147483648 2147483648
2147483648 2147483648 2147483648 2147483648
2147483648 2147483648 2147483648 2147483648
1 13 25 63
2290654544 4008705296 1431788752 2577315504
2 26 50 126
777154392 1513072504 2248990616 1716086440
208687904 2712942752 922230304 262436064
1972914209 4173048237 2078214969 4034510879
1924904623 3548923619 877975319 1009906961
1924904623 3548923619 877975319 1009906961
1924904623 3548923619 877975319 1009906961
851527570 2479923818 4108320066 2106629358
0 0 0 0
3906356083 3537988823 3169621563 1287297357
2129800071 1917597147 1705394223 1033418297
997311219 80143959 3457943995 2701064653
731797414 923431790 1115066166 3153564122
731797414 923431790 1115066166 3153564122
731797414 923431790 1115066166 3153564122
3117587428 1873930900 630274372 3134479644
48038005 624494065 1200950125 3026394315
2147483648 2147483648 2147483648 2147483648
4204702135 3121520203 2038338271 2903229449
0 0 0 0
1708505831 735739323 4057940111 261684953
4051785214 1133600230 2510382542 1859398018
480750029 1954783081 3428816133 222480755
1415388986 1220187634 1024986282 3270160198
1415388986 1220187634 1024986282 3270160198
1415388986 1220187634 1024986282 3270160198
2245586299 3422818111 305082627 4032983365
403482047 950299315 1497116583 3944532481
3783209614 1937084726 90959838 2119004402
3811109599 2299784531 788459463 3876703457
1304634753 4075349901 2551097753 587610815
2742660058 1294842386 4141992010 988891814
2863311530 2863311522 2863311514 4294967254
571591253 3135718993 1404879437 1650510571
377020826 606303442 835586058 2277475558
3178194958 2661828790 2145462622 2657786738
2507542570 2533282338 2559022106 3356359254
1642758045 4175985401 2414245461 414541731
1210389328 2850159376 194962128 3240083632
1431655765 1431655761 1431655757 4294967275
3803567616 2201738752 599909888 3401558528
3803567616 2201738752 599909888 3401558528
2147483648 2147483648 2147483648 2147483648
1028392242 484197258 4234969570 364201806
4098513962 1741073954 3678601242 508341846
3368341634 838768282 2604162226 1752125438
740581672 1037627144 1334672616 3706972376
740581672 1037627144 1334672616 3706972376
740581672 1037627144 1334672616 3706972376
2147483648 2147483648 2147483648 2147483648
2786348064 1862786464 939224864 3741236192
2202173485 2858451529 3514729573 1297976083
4268650802 3952852874 3637054946 2637028174
838947645 2316384793 3793821941 1314094083
1548148678 2946063630 49011286 3044086202
2246222600 3431090024 320990152 4073070328
1228941972 3091343748 658778228 113932908
4128115968 2125900032 123684096 2373268224
2 26 50 126
2301497663 4149665843 1702866727 3260432001
3262457733 3757244865 4252031997 3671374267
510007972 2335136340 4160264708 2065731164
743679505 1077898973 1412118441 3902135855
3645353268 144952228 939518484 2023989196
2567857444 3317375700 4066893956 2861229020
1127976039 1778786619 2429597199 2343013721
2753582910 1436839462 120096014 1677031490
3351628083 621492119 2186323451 699171725
3351628083 621492119 2186323451 699171725
3351628083 621492119 2186323451 699171725
3351628083 621492119 2186323451 699171725
3351628083 621492119 2186323451 699171725
2196969625 2790801349 3384633073 970132903
3007304508 440252940 2168168668 481622980
4294967295 4294967283 4294967271 4294967233
113567188 1476373444 2839179700 2859765548
2570819786 3355886146 4140952506 3047856566
2570819786 3355886146 4140952506 3047856566
4294967294 4294967270 4294967246 4294967170
4294967295 4294967283 4294967271 4294967233
0 0 0 0
1757133653 1367901009 978668365 3325237739
3698710997 838602705 2273461709 1090558827
2626732944 4082757200 1243814160 2275418224
3490845811 2431322583 1371799355 879953997
1142589286 1968758830 2794928374 3263648282
631225402 3910962930 2895733162 1112494662
2 26 50 126
0 0 0 0
3935338989 3914766601 3894194213 3113220435
2147483648 2147483648 2147483648 2147483648
4294967295 4294967283 4294967271 4294967233
2029563877 614526625 3494456669 3308472667
4294967295 4294967283 4294967271 4294967233
953147149 3800978345 2353842245 4213695539
3972937009 108573565 539177417 1186928399
1639027001 4127481829 2320969361 179485959
703055466 549786466 396517466 1342821398
1642498992 4172617712 2407769136 398221392
1431655765 1431655761 1431655757 4294967275
2805781601 2115422445 1425063289 670581727
1 13 25 63
2569961020 3344722188 4119483356 2993754308
2841372440 2578103352 2314834264 2912804584
2 26 50 126
4294967294 4294967270 4294967246 4294967170
3209807121 3072786909 2935766697 354385711
720832297 780885269 840938241 2462761751
0 0 0 0
930506205 3506646073 1787818645 2787316067
2 26 50 126
2329203780 214878068 2395519652 710950076
2489829642 2303014274 2116198906 2240444790
0 0 0 0
4294967294 4294967270 4294967246 4294967170
2147023295 2141499059 2135974823 2118481409
2113708543 1708407283 1303106023 19652033
127076814 1651998582 3176920350 3710871986
127076814 1651998582 3176920350 3710871986
3393011291 1159473823 3220903651 3306313829
2863311530 2863311522 2863311514 4294967254
135122276 1756589588 3378056900 4217736092
613730160 3683524784 2458352112 10294416
1 13 25 63
3476879455 2249759955 1022640455 73569
2147483648 2147483648 2147483648 2147483648
3674390820 522440404 1665457284 3853354972
1431655765 1431655761 1431655757 4294967275
779318708 1541208612 2303098516 1852438348
1336584905 195734581 3349851553 2600470391
3220280885 3208945841 3197610797 1014232843
4294967295 4294967283 4294967271 4294967233
2 26 50 126
2224842066 3153143082 4081444098 2726096686
854783121 2522245981 4189708841 2311729071
854783121 2522245981 4189708841 2311729071
854783121 2522245981 4189708841 2311729071
2563330786 3258529146 3953727506 2576049566
665589138 62724202 3754826562 3277410030
690451517 385935129 81418741 548772611
690451517 385935129 81418741 548772611
690451517 385935129 81418741 548772611
3404595793 1310072349 3510516201 4036137455
4294967294 4294967270 4294967246 4294967170
627310529 3860069581 2797861337 865857663
606275528 3586614568 2271986312 3835619896
1210830490 2855894482 205991178 3267876838
3025475438 676475030 2622441918 1626391570
1 13 25 63
1 13 25 63
1 13 25 63
2863311530 2863311522 2863311514 4294967254
1635443304 4080893768 2231376936 4248680344
1335467542 181208862 3321917478 2530076522
4294967294 4294967270 4294967246 4294967170
3060511070 1131938246 3498332718 3833636386
3060511070 1131938246 3498332718 3833636386
3060511070 1131938246 3498332718 3833636386
3060511070 1131938246 3498332718 3833636386
1703477463 670370539 3932230911 4239865065
4294967295 4294967283 4294967271 4294967233
3821342378 2432810658 1044278938 226401238
3734902340 1309090164 3178245284 3370613436
3734902340 1309090164 3178245284 3370613436
3734902340 1309090164 3178245284 3370613436
3734902340 1309090164 3178245284 3370613436
3734902340 1309090164 3178245284 3370613436
1828730527 2298660371 2768590215 3540873505
1828730527 2298660371 2768590215 3540873505
1828730527 2298660371 2768590215 3540873505
1828730527 2298660371 2768590215 3540873505
1828730527 2298660371 2768590215 3540873505
0 0 0 0
2799723024 2036660944 1273598864 288891376
2081010019 1283326471 485642923 2254612317
1979722258 4261552874 2248416194 168450670
2400901873 1146953277 4187971977 932962639
2 26 50 126
1262434824 3526750824 1496099528 2223982584
383833845 694872689 1005911533 2706695755
383833845 694872689 1005911533 2706695755
383833845 694872689 1005911533 2706695755
383833845 694872689 1005911533 2706695755
3049641818 990637970 3226601418 3148873510
3103118274 1685831898 268545522 2222922942
4294967294 4294967270 4294967246 4294967170
1482988868 2098986100 2714983332 3233985468
3424808805 1572841505 4015841501 1014589915
2863311530 2863311522 2863311514 4294967254
2904821066 3402935490 3901049914 2615100726
4294967294 4294967270 4294967246 4294967170
4109668746 1886086146 3957470842 1211093238
1692558896 528429168 3659266736 3551995344
2 26 50 126
2863311530 2863311522 2863311514 4294967254
2818595554 2282003834 1745412114 1477860766
1941350007 3762713611 1289109919 2045966153
4294967294 4294967270 4294967246 4294967170
1895246064 3163362352 136511344 3436385040
601777491 3528140087 2159535387 3552243565
2309064197 4248030785 1892030077 3737123643
660307143 4289025563 3622776687 2944644345
4294967294 4294967270 4294967246 4294967170
1 13 25 63
1 13 25 63
240328164 3124266132 1713236804 2255772444
2303396793 4174354533 1750344977 3380077191
2303396793 4174354533 1750344977 3380077191
2303396793 4174354533 1750344977 3380077191
2303396793 4174354533 1750344977 3380077191
3857003668 2896407428 1935811188 2473062508
2 26 50 126
3497856158 2522457094 1547058030 1321605858
1553434695 3014781851 181161711 3377105273
1906143451 3305028383 408946019 4122920421
1906143451 3305028383 408946019 4122920421
2147483648 2147483648 2147483648 2147483648
2629679983 4121068707 1317490135 2461081681
3766689009 1722316861 3972912009 1078206287
3077022089 1346581493 3911108193 578863287
1562966088 3138689960 419446536 3977583032
2147483648 2147483648 2147483648 2147483648
2609790396 3862504076 820250460 1208037700
1001583560 135684392 3564752520 2970222136
2767266452 1614725508 462184564 2539094636
562879306 3022463682 1187080762 1101657910
368419063 494480523 620541983 1735564489
1027383945 471089397 4209762145 300679095
1540864709 2851372033 4161879357 2585196155
1274489215 3683457907 1797459303 2983409217
3401543693 1270395049 3434213701 3843855155
3401543693 1270395049 3434213701 3843855155
3401543693 1270395049 3434213701 3843855155
3401543693 1270395049 3434213701 3843855155
2034192193 674694733 3610164569 3600056575
604653141 3565523537 2231426637 3733409515
604653141 3565523537 2231426637 3733409515
604653141 3565523537 2231426637 3733409515
604653141 3565523537 2231426637 3733409515
4294967295 4294967283 4294967271 4294967233
2070848528 1151227088 231605648 1614438384
2070848528 1151227088 231605648 1614438384
2853274185 2732826037 2612377889 3662614519
2811808069 2193766529 1575724989 1050249211
4294967295 4294967283 4294967271 4294967233
1293497041 3930559645 2272654953 4180902255
747490755 1127445223 1507399691 4142244605
1214083267 2898180583 287310603 3472801789
4229022480 3437684688 2646346896 140443888
2148105361 2155565917 2163026473 2186651567
2664161181 274356985 2179520085 338429859
0 0 0 0
1545472658 2911275370 4277078082 2875496942
3443205435 1811997695 180789955 2173577605
3186924867 2775317607 2363710347 3207771005
1431655765 1431655761 1431655757 4294967275
3567240901 3424458753 3281676605 1397877371
2586258923 3556594927 231963635 4020522197
2377862661 847443521 3611991677 3776459579
2377862661 847443521 3611991677 3776459579
2377862661 847443521 3611991677 3776459579
773861075 1470259383 2166657691 1508607469
2425133071 1461958851 498784631 2459528113
2425133071 1461958851 498784631 2459528113
2425133071 1461958851 498784631 2459528113
2425133071 1461958851 498784631 2459528113
2425133071 1461958851 498784631 2459528113
2590068778 3606123042 327210010 4260543062
3632767215 4276300835 624867159 1231067857
3612353489 4010922397 114524009 4239970415
1746736495 1232737955 718739415 2670216785
3472548000 2193451040 914354080 4022159200
1410726195 1159571351 908416507 2976404365
1 13 25 63
299013894 3887180622 3180380054 1658006138
2147483648 2147483648 2147483648 2147483648
2147483648 2147483648 2147483648 2147483648
2147483648 2147483648 2147483648 2147483648
2147483648 2147483648 2147483648 2147483648
0 0 0 0
0 0 0 0
0 0 0 0
0 0 0 0
0 0 0 0
3280971574 3997924798 419910726 542778954
314356682 4086636866 3563949754 2624601782
3391508823 1139941739 3183341951 3211658345
3508456797 2660265401 1812074005 1989446115
1431655765 1431655761 1431655757 4294967275
4240470767 3586512419 2932554071 861685969
875630914 2793267290 415936370 3625140030
2643342975 3720307 1659064935 3321850177
2073862691 1190411207 306959723 1804330653
2029593748 614914948 3495203444 3310354540
592689284 3409993396 1932330212 2979686524
592689284 3409993396 1932330212 2979686524
592689284 3409993396 1932330212 2979686524
1431655765 1431655761 1431655757 4294967275
4294967294 4294967270 4294967246 4294967170
4249583588 3704979092 3160374596 1435793692
1072553535 1058294067 1044034599 3146363265
447450079 1521883731 2596317383 2419551201
447450079 1521883731 2596317383 2419551201
447450079 1521883731 2596317383 2419551201
447450079 1521883731 2596317383 2419551201
1431655765 1431655761 1431655757 4294967275
4294967295 4294967283 4294967271 4294967233
40343488 524465344 1008587200 2541639744
2670603033 358101061 2340566385 744266535
2147483648 2147483648 2147483648 2147483648
2 26 50 126
1445076211 1606121559 1767166907 845488077
1645963220 4217652676 2494374836 616467756
1645963220 4217652676 2494374836 616467756
1645963220 4217652676 2494374836 616467756
1645963220 4217652676 2494374836 616467756
1645963220 4217652676 2494374836 616467756
2601858240 3759386048 621946560 708311872
2863311530 2863311522 2863311514 4294967254
461417052 1703454380 2945491708 3299470500
461417052 1703454380 2945491708 3299470500
461417052 1703454380 2945491708 3299470500
461417052 1703454380 2945491708 3299470500
461417052 1703454380 2945491708 3299470500
1473961410 1981629146 2489296882 2665255614
2960938622 4132463718 1009021518 1855539458
33630922 437201986 840773050 2118748086
4029167906 839575226 1944949842 434507614
2682428379 511830559 2636200035 1489263333
1073204977 1066762813 1060320649 3187404111
0 0 0 0
4294967294 4294967270 4294967246 4294967170
4294967294 4294967270 4294967246 4294967170
2 26 50 126
1096536142 1370067958 1643599774 362300210
4294967295 4294967283 4294967271 4294967233
2147483648 2147483648 2147483648 2147483648
1 13 25 63
1 13 25 63
4294967294 4294967270 4294967246 4294967170
454608396 1614941852 2775275308 2870525172
454608396 1614941852 2775275308 2870525172
454608396 1614941852 2775275308 2870525172
454608396 1614941852 2775275308 2870525172
2 26 50 126
2458192843 1891735887 1325278931 247326453
2147483648 2147483648 2147483648 2147483648
560200823 2987643403 1120118687 932913481
1210175346 2847377610 189612578 3226602766
1210175346 2847377610 189612578 3226602766
1210175346 2847377610 189612578 3226602766
1210175346 2847377610 189612578 3226602766
1210175346 2847377610 189612578 3226602766
971307115 4037057903 2807841395 1062806101
4294967294 4294967270 4294967246 4294967170
1153983464 2116883144 3079782824 3981481496
3647337727 170750195 989129959 2149010113
1651135636 4284894084 2623685236 942329964
2025532932 562124340 3393683044 3054523132
2591838358 3629127582 371449510 77059306
399207861 894734897 1390261933 3675258763
1771236223 1551234419 1331232615 4213699649
3378449320 970168200 2856854376 2388909656
3378449320 970168200 2856854376 2388909656
1761351927 1422738571 1084125215 3590989001
1 13 25 63
787582882 1648642874 2509702866 2373081310
787582882 1648642874 2509702866 2373081310
1180247575 2458316587 3736385599 1341153193
2863311530 2863311522 2863311514 4294967254
434581143 1354587563 2274593983 1608808233
1933472334 3660303862 1092168094 1549672754
2100487852 1536538300 972588748 3481715796
4294967294 4294967270 4294967246 4294967170
740592517 1037768129 1334943741 3707655611
740592517 1037768129 1334943741 3707655611
740592517 1037768129 1334943741 3707655611
740592517 1037768129 1334943741 3707655611
1431655765 1431655761 1431655757 4294967275
4294967295 4294967283 4294967271 4294967233
1370120162 631692922 4188232978 418224286
0 0 0 0
4154833805 2473231913 791630021 4056491955
4124329130 2076671138 29013146 2134697430
1 13 25 63
1 13 25 63
3733226098 1287299018 3136339234 3265010190
3035762795 810210671 2879625843 2274495061
1699395453 617304409 3830180661 3982698435
1431655765 1431655761 1431655757 4294967275
1431655765 1431655761 1431655757 4294967275
113123267 1470602471 2828081675 2831798525
1557448175 3066957091 281498711 3629954513
1071322329 1042288389 1013254449 3068797287
4026174654 800662950 1870118542 245932738
2102878752 1567620000 1032361248 3632342496
2579412681 3467593781 60807585 3589208951
4294967295 4294967283 4294967271 4294967233
553751823 2903806403 958893687 526626481
2 26 50 126
4294967295 4294967283 4294967271 4294967233
2863311530 2863311522 2863311514 4294967254
2863311530 2863311522 2863311514 4294967254
2863311530 2863311522 2863311514 4294967254
2863311530 2863311522 2863311514 4294967254
2863311530 2863311522 2863311514 4294967254
2837250213 2524514401 2211778589 2653104283
3517534634 2778277282 2039019930 2561349846
3464469275 2088427615 712385955 3513199525
2516584433 2650826557 2785068681 3925996623
2516584433 2650826557 2785068681 3925996623
1231475533 3124280041 722117253 273547251
1431655765 1431655761 1431655757 4294967275
2840091140 2561446452 2282801764 2832082684
2840091140 2561446452 2282801764 2832082684
2840091140 2561446452 2282801764 2832082684
2840091140 2561446452 2282801764 2832082684
2840091140 2561446452 2282801764 2832082684
2147483648 2147483648 2147483648 2147483648
1 13 25 63
2147483648 2147483648 2147483648 2147483648
3617518986 4078073858 243661434 270429430
2525731907 2769743719 3013755531 207320189
384820939 707704911 1030588883 2768882677
384820939 707704911 1030588883 2768882677
384820939 707704911 1030588883 2768882677
1038310536 613135080 187959624 989054328
1038310536 613135080 187959624 989054328
1038310536 613135080 187959624 989054328
2519728114 2691694410 2863660706 4124048526
1 13 25 63
1508669674 2432836578 3357003482 556908950
4171343074 2687852410 1204361746 801608606
2863311530 2863311522 2863311514 4294967254
668265183 97512787 3821727687 3446000865
4244243158 3635553502 3026863846 1099346602
4294967294 4294967270 4294967246 4294967170
4294967294 4294967270 4294967246 4294967170
4294967294 4294967270 4294967246 4294967170
4294967294 4294967270 4294967246 4294967170
4294967294 4294967270 4294967246 4294967170
1 13 25 63
1258533330 3476031402 1398562178 1978188462
1269745845 3621794097 1678875053 2684576907
1 13 25 63
1788047387 1769779551 1751511715 977835685
3741847699 1399379831 3351879259 3808171053
654122063 4208619523 3468149687 2554984305
635522981 3966831457 3003172637 1383242139
61920219 804962847 1548005475 3900973797
4294967294 4294967270 4294967246 4294967170
786392759 1633171275 2479949791 2298103561
2147483648 2147483648 2147483648 2147483648
1168823699 2309806199 3450788699 621449005
2900912039 3352118139 3803324239 2368832025
4294967295 4294967283 4294967271 4294967233
2459679018 1911056162 1362433306 340955478
4191062327 2944202699 1697343071 2043921545
4191062327 2944202699 1697343071 2043921545
4191062327 2944202699 1697343071 2043921545
1431655765 1431655761 1431655757 4294967275
4294967295 4294967283 4294967271 4294967233
4294967295 4294967283 4294967271 4294967233
4294967295 4294967283 4294967271 4294967233
4294967295 4294967283 4294967271 4294967233
4294967295 4294967283 4294967271 4294967233
4294967295 4294967283 4294967271 4294967233
3690532084 732276836 2068988884 575287308
2147483648 2147483648 2147483648 2147483648
2 26 50 126
3425089449 1576489877 4022857601 1032270487
4209484238 3183687542 2157890846 3204501938
1 13 25 63
4294967294 4294967270 4294967246 4294967170
4294967294 4294967270 4294967246 4294967170
1788312861 1773230713 1758148565 994560547
3552816839 3236945947 2921075055 489161465
2 26 50 126
2873799468 2999654716 3125509964 660740052
2873799468 2999654716 3125509964 660740052
2873799468 2999654716 3125509964 660740052
2873799468 2999654716 3125509964 660740052
2873799468 2999654716 3125509964 660740052
2056563868 965526508 4169456444 714504804
1997779636 201331492 2699850644 1306065484
3894700737 3386469325 2878237913 553010559
1729930339 1014257927 298585515 1611428957
4102036082 1786861514 3766654242 730235406
4294967295 4294967283 4294967271 4294967233
222456334 2891932342 1266441054 1129847154
3192384594 2846294058 2500203522 3551733806
1 13 25 63
1 13 25 63
1 13 25 63
1 13 25 63
3938686393 3958282853 3977879313 3324106887
3796020929 2103631821 411242713 2926117247
305533947 3971941311 3343381379 2068769477
1804605745 1985038205 2165470665 2021012239
3471236686 2176403958 881571230 3939546418
236273814 3071559582 1611878054 2000348394
2147483648 2147483648 2147483648 2147483648
2788724390 1893678702 998633014 3890944730
2788724390 1893678702 998633014 3890944730
2863311530 2863311522 2863311514 4294967254
184577724 2399510412 319475804 3038462020
4177469738 2767499042 1357528346 1187588438
4177469738 2767499042 1357528346 1187588438
3474337717 2216717361 959097005 4134911371
3209846034 3073292778 2936739522 356837230
2433267381 1567704881 702142381 2971989643
2188293106 2678006602 3167720098 423512206
2863311530 2863311522 2863311514 4294967254
1988072613 75140193 2457175069 694523035
166402286 2163229718 4160057150 1893409426
2 26 50 126
3624096256 4163578368 408093184 684797440
2019486517 483520945 3242522669 2673598987
4294967295 4294967283 4294967271 4294967233
4154595436 2470133116 785670796 4041474708
127766812 1660968556 3194170300 3754341860
3104946813 1709602905 314258997 2338120899
3104946813 1709602905 314258997 2338120899
3104946813 1709602905 314258997 2338120899
3104946813 1709602905 314258997 2338120899
2888606199 3192142219 3495678239 1593564105
2147483648 2147483648 2147483648 2147483648
2147483648 2147483648 2147483648 2147483648
2147483648 2147483648 2147483648 2147483648
2147483648 2147483648 2147483648 2147483648
2147483648 2147483648 2147483648 2147483648
1431655765 1431655761 1431655757 4294967275
4294967294 4294967270 4294967246 4294967170
3345149684 537272932 2024363476 291032588
3345149684 537272932 2024363476 291032588
3345149684 537272932 2024363476 291032588
3345149684 537272932 2024363476 291032588
1971328907 4152439311 2038582419 3934636853
1971328907 4152439311 2038582419 3934636853
2863311530 2863311522 2863311514 4294967254
1101199250 1430688362 1760177474 656076014
177247528 2304217864 136220904 2576659672
1104517315 1473823207 1843129099 865114109
2863311530 2863311522 2863311514 4294967254
0 0 0 0
1 13 25 63
2 26 50 126
1396745172 977818052 558890932 2095599916
1396745172 977818052 558890932 2095599916
1396745172 977818052 558890932 2095599916
1396745172 977818052 558890932 2095599916
2207056096 2921925472 3636794848 1605580576
1847619922 2544222506 3240825090 435938094
3985338452 269792324 849213492 1968219308
1234808653 3167610601 805445253 483533811
2162001408 2336214528 2510427648 3062102528
3785510727 1966999195 148487663 2263974521
3785510727 1966999195 148487663 2263974521
3785510727 1966999195 148487663 2263974521
3785510727 1966999195 148487663 2263974521
1745955564 1222585852 699216140 2621018132
3779214852 1885152820 4286058084 1867334396
3154619468 2355347420 1556075372 1172530868
2181937184 2595379616 3008822048 23089120
1274336112 3681467568 1793631728 2973763728
2358520729 595998405 3128443377 2557917863
2358520729 595998405 3128443377 2557917863
2358520729 595998405 3128443377 2557917863
2358520729 595998405 3128443377 2557917863
2358520729 595998405 3128443377 2557917863
2863311530 2863311522 2863311514 4294967254
2069348252 1131723500 194098748 1519920996
4294967295 4294967283 4294967271 4294967233
1866567925 2790546545 3714525165 1629662283
2147483648 2147483648 2147483648 2147483648
2147483648 2147483648 2147483648 2147483648
3884212163 3250117863 2616023563 4187197693
2458103177 1890570229 1323037281 241677495
2657584778 188863746 2015110010 4219083766
3765646147 1708759655 3946840459 1012505981
1 13 25 63
1 13 25 63
0 0 0 0
4237178777 3543716549 2850254321 654290599
0 0 0 0
2856795804 2778607084 2700418364 3884476516
2856795804 2778607084 2700418364 3884476516
2462562672 1948543664 1434524656 522625680
3144116343 2218806795 1293497247 510833993
2262165073 3638342173 719551977 782478831
2262165073 3638342173 719551977 782478831
2262165073 3638342173 719551977 782478831
2262165073 3638342173 719551977 782478831
2262165073 3638342173 719551977 782478831
1256893868 3454718396 1357575628 1874902356
1286897950 3844771462 2107677678 3765159522
1286897950 3844771462 2107677678 3765159522
1286897950 3844771462 2107677678 3765159522
2094696786 1461254442 827812098 3116878638
2094696786 1461254442 827812098 3116878638
2094696786 1461254442 827812098 3116878638
2 26 50 126
1629927192 4009184312 2093474136 3901165288
2511312777 2582295029 2653277281 3593882295
337437014 91713886 4140958054 4078662698
3666426853 418908833 1466358109 3351625051
3666426853 418908833 1466358109 3351625051
3666426853 418908833 1466358109 3351625051
3666426853 418908833 1466358109 3351625051
3666426853 418908833 1466358109 3351625051
374779326 577163942 779548558 2136261058
4094666174 1691052710 3582406542 265931202
4094666174 1691052710 3582406542 265931202
4094666174 1691052710 3582406542 265931202
122469907 1592108791 3061747675 3420636845
1431655765 1431655761 1431655757 4294967275
1431655765 1431655761 1431655757 4294967275
1431655765 1431655761 1431655757 4294967275
1431655765 1431655761 1431655757 4294967275
1431655765 1431655761 1431655757 4294967275
3116005446 1853365134 590724822 3034814778
3116005446 1853365134 590724822 3034814778
3116005446 1853365134 590724822 3034814778
3116005446 1853365134 590724822 3034814778
3116005446 1853365134 590724822 3034814778
1474831850 1992944866 2511057882 2720093334
2623312715 4038294223 1158308435 2059943797
885434793 2920717717 661033345 4242784407
2589185595 3594641663 305130435 4204902533
2374346701 801736041 3524092677 3554954099
3222848649 3242326773 3261804897 1176001975
3400884026 1261819378 3417722026 3802296134
348155890 231059274 113962658 458984590
2461543957 1935300369 1409056781 458446635
879037011 2837546551 501088795 3839724141
1094434615 1342748107 1591061599 229904009
2 26 50 126
4107474564 1857561780 3902616292 1072859772
3871231815 3081373339 2291514863 3369435769
3871231815 3081373339 2291514863 3369435769
3871231815 3081373339 2291514863 3369435769
3871231815 3081373339 2291514863 3369435769
3871231815 3081373339 2291514863 3369435769
3822629162 2449538850 1076448538 307468630
2822419504 2331715184 1841010864 1718769616
2 26 50 126
48058822 624764686 1201470550 3027705786
2460837405 1926115193 1391392981 413933859
4294967294 4294967270 4294967246 4294967170
267059561 3471774293 2381521729 3939850455
1 13 25 63
1 13 25 63
6984495 90798435 174612375 440023185
6984495 90798435 174612375 440023185
3668146464 441263776 1509348384 3459960544
1431655765 1431655761 1431655757 4294967275
1431655765 1431655761 1431655757 4294967275
1431655765 1431655761 1431655757 4294967275
1431655765 1431655761 1431655757 4294967275
1431655765 1431655761 1431655757 4294967275
4294967294 4294967270 4294967246 4294967170
356910238 344865798 332821358 1010508514
3963338858 4278764898 299223642 582244886
2147483648 2147483648 2147483648 2147483648
2591242164 3621377060 356544660 39499084
2976739465 42907381 1404042593 2850992567
1515663447 2523755627 3531847807 997516649
3911464552 3604398920 3297333288 1609130904
2863311530 2863311522 2863311514 4294967254
148514324 1930686212 3712858100 766467820
148514324 1930686212 3712858100 766467820
148514324 1930686212 3712858100 766467820
4294967294 4294967270 4294967246 4294967170
997985453 88909001 3474799845 2743541395
1417277860 1244742996 1072208132 3389159260
279725506 3636431578 2698170354 442837694
2769157353 1639307221 509457089 2658221399
2404306650 1191215378 4273091402 1147463590
1431655765 1431655761 1431655757 4294967275
852734421 2495612881 4138491341 2182660971
852734421 2495612881 4138491341 2182660971
852734421 2495612881 4138491341 2182660971
852734421 2495612881 4138491341 2182660971
256480958 3334252454 2117056654 3273398466
3368952164 846705172 2619425476 1790588828
3368952164 846705172 2619425476 1790588828
1431655765 1431655761 1431655757 4294967275
1431655765 1431655761 1431655757 4294967275
107481317 1397257121 2687032925 2476355675
2147483648 2147483648 2147483648 2147483648
1496173824 2270390528 3044607232 4064637696
1496173824 2270390528 3044607232 4064637696
1496173824 2270390528 3044607232 4064637696
1496173824 2270390528 3044607232 4064637696
2 26 50 126
4012801611 626813391 1535792467 3698398325
1423047693 1319750825 1216453957 3752658739
1423047693 1319750825 1216453957 3752658739
1423047693 1319750825 1216453957 3752658739
1423047693 1319750825 1216453957 3752658739
1423047693 1319750825 1216453957 3752658739
3824199833 2469957573 1115715313 406420903
3742669606 1410064622 3372426934 3859951194
4294967295 4294967283 4294967271 4294967233
62551930 813175090 1563798250 3940771590
2863311530 2863311522 2863311514 4294967254
2182788982 2606452990 3030116998 76752394
2147483648 2147483648 2147483648 2147483648
3942300146 4005261642 4068223138 3551773326
2541731930 2977744018 3413756106 1215321638
2147483648 2147483648 2147483648 2147483648
1719913634 884040762 48167890 980376542
0 0 0 0
1872628961 2869340013 3866051065 2011507551
1872628961 2869340013 3866051065 2011507551
1872628961 2869340013 3866051065 2011507551
1872628961 2869340013 3866051065 2011507551
1872628961 2869340013 3866051065 2011507551
4203943097 3111652709 2019362321 2855410055
1258971761 3481731005 1409522953 2005809615
3591666238 3741988134 3892310030 2936673602
1726053698 963861594 201669490 1367200574
3249578832 3589819152 3930059472 2860003504
4294967295 4294967283 4294967271 4294967233
1372278752 659754592 4242197728 554215456
1372278752 659754592 4242197728 554215456
1372278752 659754592 4242197728 554215456
1372278752 659754592 4242197728 554215456
1372278752 659754592 4242197728 554215456
256634389 3336247057 2120892429 3283064619
0 0 0 0
0 0 0 0
4294967295 4294967283 4294967271 4294967233
4108950838 1876753342 3939523142 1165865034
1261463535 3514124067 1471817303 2162791377
0 0 0 0
2416285143 1346935787 277586431 1902108649
1460521287 1806907547 2153293807 1818527865
1460521287 1806907547 2153293807 1818527865
1460521287 1806907547 2153293807 1818527865
1460521287 1806907547 2153293807 1818527865
1278803279 3739540739 1905310903 3255195249
4294967294 4294967270 4294967246 4294967170
2616404152 3948482904 985594360 1624704328
972188921 4048521381 2829886545 1118359879
1553417133 3014553545 180722661 3375998867
2598252348 3712509452 531799260 481140676
2446307220 1737222788 1028138356 3793499500
2095027474 1465553386 836079298 3137711982
2095027474 1465553386 836079298 3137711982
2095027474 1465553386 836079298 3137711982
1225326533 3044343041 568392253 4181127547
2420822958 1405927382 391031806 2187990994
4294967294 4294967270 4294967246 4294967170
924009305 3422186373 1625396145 2378011367
3451661497 1921926501 392191505 2706309511
1003164499 156236599 3604275995 3069821293
2914287542 3525999678 4137711814 3211488714
424476983 1223233483 2021989983 972246153
0 0 0 0
3318317290 188451810 1353553626 2895559062
426429336 1248614072 2070798808 1095244392
2 26 50 126
1618500278 3860634430 1807801286 3181269706
1 13 25 63
1 13 25 63
1 13 25 63
1 13 25 63
1 13 25 63
1 13 25 63
50616376 658012888 1265409400 3188831688
2863311530 2863311522 2863311514 4294967254
4242251040 3609655968 2977060896 973843168
4294967295 4294967283 4294967271 4294967233
2895387637 3280300913 3665214189 2020794699
976283432 4101750024 2932249320 1376314072
1120366006 1679856190 2239346374 1863581642
2831283631 2446948835 2062614039 2277209617
654707198 4216226278 3482778062 2591847810
2056687336 967131592 4172543144 722283288
1026905910 464874942 4197811270 270562890
1647636657 4239407357 2536210761 721894287
1473738065 1978725661 2483713257 2651184879
1473738065 1978725661 2483713257 2651184879
1473738065 1978725661 2483713257 2651184879
1473738065 1978725661 2483713257 2651184879
4160170397 2542607609 925044821 97729955
0 0 0 0
2755447077 1461073633 166700189 1794474011
2755447077 1461073633 166700189 1794474011
2755447077 1461073633 166700189 1794474011
2755447077 1461073633 166700189 1794474011
778808012 1534569564 2290331116 1820264500
778808012 1534569564 2290331116 1820264500
778808012 1534569564 2290331116 1820264500
778808012 1534569564 2290331116 1820264500
87373265 1135852445 2184331625 1209548399
2202641177 2864531525 3526421873 1327440679
2 26 50 126
2204729156 2891675252 3578621348 1458983356
1969258563 4125524839 1986823819 3804205181
0 0 0 0
516598257 2420810045 30054537 2480919119
516598257 2420810045 30054537 2480919119
516598257 2420810045 30054537 2480919119
516598257 2420810045 30054537 2480919119
516598257 2420810045 30054537 2480919119
1732230652 1044161996 356093340 1756348676
2259906303 3608978163 663082727 640176321
2259906303 3608978163 663082727 640176321
2259906303 3608978163 663082727 640176321
4294967295 4294967283 4294967271 4294967233
1990879623 111631323 2527350319 871364665
3460286024 2034045352 607804680 3249654712
1702879848 662601544 3917290536 4202215320
442433481 1456667957 2470902433 2103505527
2505578893 2507754537 2509930181 3232647603
2505578893 2507754537 2509930181 3232647603
2505578893 2507754537 2509930181 3232647603
4120558610 2027654378 4229717442 1897154670
2815457125 2241204257 1666951389 1280139739
1034208689 559811069 85413449 730637967
1 13 25 63
4008463896 570423096 1427349592 3425122280
2644016266 12473090 1675897210 3364267510
0 0 0 0
3969014962 57586954 441126242 939839438
1431655765 1431655761 1431655757 4294967275
1338418029 219565193 3395679653 2715957203
4259279412 3831024804 3402770196 2046630604
1653522897 20961181 2683366761 1092727407
1019638466 370398170 4016125170 4107681214
252738165 3285596145 2023486829 3037602507
2863311530 2863311522 2863311514 4294967254
1032166418 533261546 34356674 601974894
2165734997 2384751185 2603767373 3297318635
160934975 2092154675 4023374375 1548968833
1431655765 1431655761 1431655757 4294967275
2736990535 1221138587 4000253935 631711865
298132010 3875716130 3158332954 1602447446
2077215314 1233995306 390775298 2015545902
1 13 25 63
0 0 0 0
2745904926 1337025670 4223113710 1193318498
2107951838 1633570118 1159188398 3951946914
4063761792 1289295744 2809796992 2613922432
1155942477 2142350313 3128758149 4104899315
1431655765 1431655761 1431655757 4294967275
3658692916 318367652 1273009684 2864387020
14615548 190002124 365388700 920779524
1897491031 3192546923 192635519 3577817961
1897491031 3192546923 192635519 3577817961
1897491031 3192546923 192635519 3577817961
1445396552 1610285992 1775175432 865669560
2655810720 165800992 1970758560 4107318112
4152678246 2445209646 737741046 3920691738
2 26 50 126
4294967294 4294967270 4294967246 4294967170
4294967294 4294967270 4294967246 4294967170
4294967294 4294967270 4294967246 4294967170
4294967294 4294967270 4294967246 4294967170
4294967294 4294967270 4294967246 4294967170
1 13 25 63
1 13 25 63
1 13 25 63
1 13 25 63
1 13 25 63
2147483648 2147483648 2147483648 2147483648
4294967295 4294967283 4294967271 4294967233
0 0 0 0
879397347 2842230919 510097195 3862425309
879397347 2842230919 510097195 3862425309
879397347 2842230919 510097195 3862425309
879397347 2842230919 510097195 3862425309
3628701608 4223447944 523226984 974934616
3010268504 478784888 2242268568 668354728
3010268504 478784888 2242268568 668354728
3010268504 478784888 2242268568 668354728
2708884808 855764136 3297610760 3156018360
3371223394 876231162 2676206226 1933676318
1 13 25 63
661979688 15801352 3664590312 3050014680
2 26 50 126
2868228985 2927238437 2986247889 309799623
3166020826 2503565074 1841109322 1890816422
3655220221 273222617 1186192309 2645607235
3655220221 273222617 1186192309 2645607235
3655220221 273222617 1186192309 2645607235
2392589393 1038891037 3980159977 409276399
2392589393 1038891037 3980159977 409276399
1431655765 1431655761 1431655757 4294967275
2492334183 2335573307 2178812431 2398230873
2929805340 3727731052 230689468 4189109988
1596948942 3580467062 1269017886 1823535538
2926515697 3684965693 148448393 3981862479
2926515697 3684965693 148448393 3981862479
2926515697 3684965693 148448393 3981862479
4294967294 4294967270 4294967246 4294967170
1268970826 3611718850 1659499578 2635750710
2863311530 2863311522 2863311514 4294967254
3350284474 604025202 2152733226 614524358
3350284474 604025202 2152733226 614524358
2932012180 3756419972 285860468 33173612
2618094123 3970452527 1027843635 1731172501
2147483648 2147483648 2147483648 2147483648
260905156 3391767028 2227661604 3552122940
2053286150 922916174 4087513494 508008570
770143379 1421929335 2073715291 1274392621
3911114399 3599846931 3288579463 1587071265
3911114399 3599846931 3288579463 1587071265
460057150 1685775654 2911494158 3213796674
3165209226 2493014274 1820819322 1839685622
1490503322 2196674002 2902844682 3707396070
1490503322 2196674002 2902844682 3707396070
1490503322 2196674002 2902844682 3707396070
1490503322 2196674002 2902844682 3707396070
1490503322 2196674002 2902844682 3707396070
1060337143 899480971 738624799 2376730569
2066491676 1094588012 122684348 1339956708
1431655765 1431655761 1431655757 4294967275
3942198788 4003943988 4065689188 3545387772
3942198788 4003943988 4065689188 3545387772
2717392279 966361259 3510297535 3691989033
3909492234 3578758786 3248025338 1484874870
0 0 0 0
1667780668 206312204 3039811036 1990966980
0 0 0 0
1431655765 1431655761 1431655757 4294967275
2510553946 2572430226 2634306506 3546075942
1773476265 1580354965 1387233665 59854999
1859981572 2704923956 3549866340 1214722044
4163761203 2589288087 1014814971 323950733
4063837908 1290285252 2811699892 2618717740
0 0 0 0
878246872 2827274744 481335320 3789945384
1724735320 946722680 168710040 1284142760
3103821865 1694978581 286135297 2267249175
3493547039 2466438547 1439330055 1050131361
3043779115 914422831 3080033843 2779523221
0 0 0 0
1684481520 423423280 3457332336 3043120656
3546849324 3159368252 2771887180 113208020
2863311530 2863311522 2863311514 4294967254
2640952981 4267617681 1599315085 3171280555
1431655765 1431655761 1431655757 4294967275
3473520342 2206091486 938662630 4083416746
2841239250 2576371882 2311504514 2904413614
2841239250 2576371882 2311504514 2904413614
2841239250 2576371882 2311504514 2904413614
966965619 3980618455 2699303995 789291853
3879146062 3184258550 2489371038 3868033330
1431655765 1431655761 1431655757 4294967275
4008082137 565460229 1417805617 3401071463
3294386823 4172323035 755291951 1387939641
3121367299 1923069223 724771147 3372611517
2120098422 1791475710 1462852998 422214410
706791578 598355922 489920266 1578196454
4294967295 4294967283 4294967271 4294967233
2 26 50 126
4294967294 4294967270 4294967246 4294967170
4229146763 3439300367 2649453971 148273717
4229146763 3439300367 2649453971 148273717
2147483648 2147483648 2147483648 2147483648
4294967294 4294967270 4294967246 4294967170
4110082507 1891465039 3967814867 1237160181
1291320120 3902259672 2218231928 4043756232
1291320120 3902259672 2218231928 4043756232
1291320120 3902259672 2218231928 4043756232
1291320120 3902259672 2218231928 4043756232
1291320120 3902259672 2218231928 4043756232
4294967295 4294967283 4294967271 4294967233
1431655765 1431655761 1431655757 4294967275
1431655765 1431655761 1431655757 4294967275
1431655765 1431655761 1431655757 4294967275
2193954413 2751603593 3309252773 780174547
2193954413 2751603593 3309252773 780174547
2193954413 2751603593 3309252773 780174547
2193954413 2751603593 3309252773 780174547
0 0 0 0
3641988918 101215678 855409734 1812035146
3641988918 101215678 855409734 1812035146
3641988918 101215678 855409734 1812035146
3225888961 3281850829 3337812697 1367541631
4294967295 4294967283 4294967271 4294967233
2 26 50 126
0 0 0 0
3361728593 752798749 2438836201 1335503855
2264413317 3667569345 775758077 924118203
297028112 3861365456 3130735504 1532901872
2553746330 3133931218 3714116106 1972228838
2843393855 2604381747 2365369639 3040153729
51272561 666543293 1281814025 3230171343
51272561 666543293 1281814025 3230171343
472308485 1845043009 3217777533 3985630779
3356814027 688909391 2315972051 1025886197
1431655765 1431655761 1431655757 4294967275
3442847601 1807345853 171844105 2151034063
2147483648 2147483648 2147483648 2147483648
1 13 25 63
3388232196 1097345588 3101426276 3005230844
3388232196 1097345588 3101426276 3005230844
3388232196 1097345588 3101426276 3005230844
3388232196 1097345588 3101426276 3005230844
2079473619 1263353271 447232923 2157819117
1764052887 1457851051 1151649215 3761149481
2972567891 4283644215 1299753243 2588183405
4294967295 4294967283 4294967271 4294967233
2439180038 1644569422 849958806 3344487034
2965027407 4185617923 1111241143 2113132913
2 26 50 126
2 26 50 126
1421865189 1304378273 1186891357 3678160987
4294967295 4294967283 4294967271 4294967233
1330441200 115866416 3196258928 2213416976
2147483648 2147483648 2147483648 2147483648
2147483648 2147483648 2147483648 2147483648
2147483648 2147483648 2147483648 2147483648
2147483648 2147483648 2147483648 2147483648
2147483648 2147483648 2147483648 2147483648
1431655765 1431655761 1431655757 4294967275
3415511767 1451980011 3783415551 428876521
2 26 50 126
717032586 731489026 745945466 2223379958
2301108833 4144611053 1693145977 3235935711
2806765560 2128213912 1449662264 732571144
1 13 25 63
1431655765 1431655761 1431655757 4294967275
2 26 50 126
2599016017 3722437149 550890985 529251823
0 0 0 0
3876660609 3151947661 2427234713 3711449791
3863733488 2983895088 2104056688 2897041168
2800766242 2050222778 1299679314 354614110
584584193 3304627213 1729702937 2469065791
4294967295 4294967283 4294967271 4294967233
2851272458 2706803586 2562334714 3536505718
569045406 3102622982 1341233262 1490122210
2865777055 2895363347 2924949639 155328033
2 26 50 126
2 26 50 126
2 26 50 126
2 26 50 126
2280711215 3879442019 1183205527 1950885777
1093698906 1333183890 1572668874 183554342
2988944401 201571549 1709165993 3619903535
2988944401 201571549 1709165993 3619903535
2988944401 201571549 1709165993 3619903535
0 0 0 0
1772902347 1572894031 1372885715 23698165
3524444023 2868099339 2211754655 2996641353
3524444023 2868099339 2211754655 2996641353
3524444023 2868099339 2211754655 2996641353
3524444023 2868099339 2211754655 2996641353
21846789 284008257 546169725 1376347707
209067050 2717871650 931708954 286322262
4294967294 4294967270 4294967246 4294967170
4050455158 1116309502 2477131142 1775604490
0 0 0 0
2049232694 870221246 3986177094 252640842
2 26 50 126
2 26 50 126
1312707966 4180301670 2752928078 1096223234
1309347341 4136613545 2668912453 884503859
4294967294 4294967270 4294967246 4294967170
2304138366 4183994982 1768884302 3426796290
607958869 3608498001 2314069837 3941670379
4179146155 2789292463 1399438771 1293202709
3303432270 4289913846 981428126 1957802802
1969550102 4129314846 1994112294 3822572138
4294967295 4294967283 4294967271 4294967233
3198149191 2921233819 2644318447 3914903417
1996430135 183787979 2666113119 1221046921
4017936725 693569873 1664170317 4021910507
4017936725 693569873 1664170317 4021910507
4017936725 693569873 1664170317 4021910507
4017936725 693569873 1664170317 4021910507
4017936725 693569873 1664170317 4021910507
2459765695 1912182963 1364600231 346416129
2646175244 40539804 1729871660 3500283124
3300070989 4246217193 897396101 1746042099
3300070989 4246217193 897396101 1746042099
3300070989 4246217193 897396101 1746042099
3300070989 4246217193 897396101 1746042099
3300070989 4246217193 897396101 1746042099
3877076445 3157353529 2437630613 3737647459
4294967295 4294967283 4294967271 4294967233
1461345694 1817624838 2173903982 1870465506
2035865623 696449323 3652000319 3705482665
2035865623 696449323 3652000319 3705482665
2035865623 696449323 3652000319 3705482665
2035865623 696449323 3652000319 3705482665
4294967294 4294967270 4294967246 4294967170
4294967294 4294967270 4294967246 4294967170
4294967294 4294967270 4294967246 4294967170
3466035447 2108787851 751540255 3611868361
2147483648 2147483648 2147483648 2147483648
2 26 50 126
4289286355 4221115063 4152943771 3937068013
4289286355 4221115063 4152943771 3937068013
2863311530 2863311522 2863311514 4294967254
1682396292 396315316 3405201636 2911751292
3335551840 412500960 1784417376 3981335712
2194641787 2760539455 3326437123 823479109
698154543 486074467 273994391 1034063249
2 26 50 126
494470661 2133151297 3771831933 1086880571
3835542086 2617406862 1399271638 1120982842
1 13 25 63
1 13 25 63
1 13 25 63
1 13 25 63
2832923378 2468265546 2103607714 2380513678
1069597713 1019868381 970139049 2960146479
1069597713 1019868381 970139049 2960146479
1369897795 628802151 4182673803 404215165
2538760673 2939117677 3339474681 1028132447
2146476923 2134396223 2122315523 2084059973
664262031 45471811 3721648887 3193802289
4110302302 1894322374 3973309742 1251007266
622130143 3792724563 2668351687 539493345
2087128741 1362869857 638610973 2640091803
1077850705 1127157277 1176463849 3480084975
3559724099 3326740327 3093756555 924318845
2863311530 2863311522 2863311514 4294967254
2458564308 1896564932 1334565556 270728748
2863311530 2863311522 2863311514 4294967254
2863311530 2863311522 2863311514 4294967254
1369717642 626460162 4178169978 392865526
1415260549 1218517953 1021775357 3262068667
2664869626 283566770 2197231210 383061894
3560624526 3338445878 3116267230 981045746
1311571440 4165526832 2724514928 1024622096
1311571440 4165526832 2724514928 1024622096
287334243 3735345159 2888388779 922188125
2720863626 1011488770 3597081210 3910683894
4243258181 3622748801 3002239421 1037293051
1431655765 1431655761 1431655757 4294967275
2 26 50 126
486445062 2028818510 3571191958 581267834
0 0 0 0
1377323708 725339020 73354332 872047684
138181135 1796354755 3454528375 115476913
4294967295 4294967283 4294967271 4294967233
2079838137 1268092005 456345873 2180783751
4139478546 2273613546 407748546 3089110638
2587884790 3577731198 272610310 4122951818
2863311530 2863311522 2863311514 4294967254
2863311530 2863311522 2863311514 4294967254
0 0 0 0
0 0 0 0
2911008118 3483367166 4055726214 3004885002
4156343452 2492857324 829371196 4151599716
4294967294 4294967270 4294967246 4294967170
2883814564 3129850964 3375887364 1291691100
4234854281 3513498101 2792141921 507847351
1829568770 2309557530 2789546290 3593682814
2147483648 2147483648 2147483648 2147483648
4013858038 640546942 1562203142 3764953226
4013858038 640546942 1562203142 3764953226
4013858038 640546942 1562203142 3764953226
4013858038 640546942 1562203142 3764953226
3186904403 2775051575 2363198747 3206481773
2115679428 1734028788 1352378148 143817788
1778637526 1647451358 1516265190 385014442
824458596 2128027156 3431595716 401283996
2863311530 2863311522 2863311514 4294967254
625072282 3830972370 2741905162 724848102
1304443549 4072864249 2546317653 575564963
3871875298 3089738618 2307601938 3409975198
1 13 25 63
2080564178 1277530538 474496898 2226524334
2080564178 1277530538 474496898 2226524334
2080564178 1277530538 474496898 2226524334
2080564178 1277530538 474496898 2226524334
2080564178 1277530538 474496898 2226524334
2147483648 2147483648 2147483648 2147483648
2863311530 2863311522 2863311514 4294967254
3293526479 4161138563 733783351 1333737969
3293526479 4161138563 733783351 1333737969
3293526479 4161138563 733783351 1333737969
3293526479 4161138563 733783351 1333737969
4234266062 3505851254 2777436446 470789554
3205513085 3016964441 2828415797 83861443
3367519353 828078629 2583605201 1700321735
4294967295 4294967283 4294967271 4294967233
3220575097 3212770597 3204966097 1032768199
583265735 3287487259 1696741487 2386002937
4294967295 4294967283 4294967271 4294967233
4294967295 4294967283 4294967271 4294967233
2147483648 2147483648 2147483648 2147483648
3482223824 2319236752 1156249680 336768816
4294967295 4294967283 4294967271 4294967233
2560204526 3217887766 3875571006 2379095186
1602340237 3650553897 1403800261 2163187123
3016288346 557042834 2392764618 1047604774
4294967295 4294967283 4294967271 4294967233
580707813 3254234273 1632793437 2224853851
3447271689 1864858997 282446305 2429751607
3447271689 1864858997 282446305 2429751607
3447271689 1864858997 282446305 2429751607
3447271689 1864858997 282446305 2429751607
3447271689 1864858997 282446305 2429751607
919184258 3359460762 1504769970 2074033406
2 26 50 126
2147483648 2147483648 2147483648 2147483648
2124558464 1849456256 1574354048 703197056
447966256 1528594032 2609221808 2452070352
1807325178 2020390834 2233456490 2192336518
2809714955 2166556047 1523397139 918383029
439475030 1418208094 2396941158 1917123114
439475030 1418208094 2396941158 1917123114
439475030 1418208094 2396941158 1917123114
439475030 1418208094 2396941158 1917123114
439475030 1418208094 2396941158 1917123114
1229701779 3101221239 677773403 161800749
3268441353 3835031925 106655201 4048342327
2 26 50 126
3278291112 3963078792 352899176 373909848
505854202 2281137330 4056420458 1804043654
2089031891 1387610807 686189723 2759990253
1504359822 2376808502 3249257182 285388274
3784656478 1955893958 127131438 2210156834
2965276914 4188861514 1117478818 2128851854
1271923875 3650108487 1733325803 2821792797
1997441143 196931083 2691388319 1284740425
3038739115 848902831 2954033843 2462003221
3046051419 943962783 3136841443 2922678373
2 26 50 126
2 26 50 126
273388142 3554045846 2539736254 43583762
1 13 25 63
3952487660 4137699324 27943692 4193586708
2863311530 2863311522 2863311514 4294967254
3604473108 3908477444 4212481780 3743506412
1116247571 1626316535 2136385499 1604120237
1116247571 1626316535 2136385499 1604120237
1116247571 1626316535 2136385499 1604120237
1116247571 1626316535 2136385499 1604120237
1116247571 1626316535 2136385499 1604120237
1842058208 2471920224 3101782240 85550112
3152306298 2325276210 1498246122 1026801158
1166342195 2277546647 3388751099 465114253
1166342195 2277546647 3388751099 465114253
1166342195 2277546647 3388751099 465114253
1166342195 2277546647 3388751099 465114253
1166342195 2277546647 3388751099 465114253
2719146965 989172177 3554164685 3802534251
2872185228 2978669596 3085153964 559042932
2255580266 3552739682 554931802 367635990
2194329923 2756485223 3318640523 803831677
2809339217 2161671453 1514003689 894711535
1640519326 4146882054 2358277486 273502434
4268751010 3954155578 3639560146 2643341278
3456074295 1979292875 502511455 2984315785
3456074295 1979292875 502511455 2984315785
3456074295 1979292875 502511455 2984315785
3456074295 1979292875 502511455 2984315785
3795664595 2098999479 402334363 2903668205
2 26 50 126
1400501860 1026654996 652808132 2332271260
774122635 1473659663 2173196691 1525085749
774122635 1473659663 2173196691 1525085749
774122635 1473659663 2173196691 1525085749
3942682586 4010233362 4077784138 3575867046
2863311530 2863311522 2863311514 4294967254
325436040 4230668520 3840933704 3322601336
2243959771 3401673247 264419427 3930512101
1922700060 3520264300 822861244 871019492
2686508343 564870091 2738199135 1746301065
4294967295 4294967283 4294967271 4294967233
1125766591 1750063795 2374360999 2203818497
1 13 25 63
223096499 2900254487 1282445179 1170177549
1265714965 3569392657 1578103053 2430631467
2863311530 2863311522 2863311514 4294967254
2990630206 223487014 1751311118 3726109250
1396619325 976182041 555744757 2087671555
2 26 50 126
2147483648 2147483648 2147483648 2147483648
3005297355 414159951 2117989843 355172341
3005297355 414159951 2117989843 355172341
3005297355 414159951 2117989843 355172341
3005297355 414159951 2117989843 355172341
3005297355 414159951 2117989843 355172341
4294967295 4294967283 4294967271 4294967233
4294967295 4294967283 4294967271 4294967233
4294967295 4294967283 4294967271 4294967233
3089234003 1505336375 4216406043 1348213869
209732918 2726527934 948355654 328271946
4294967295 4294967283 4294967271 4294967233
4294967295 4294967283 4294967271 4294967233
759850290 1288119178 1816388066 625928014
1994659390 160768294 2621844494 1109489986
1994659390 160768294 2621844494 1109489986
3007861978 447500050 2182105418 516743590
2146439442 2133908970 2121378498 2081698670
3323579516 256860748 1485109276 3227079300
2905783167 3415442803 3925102439 2675713089
3960014108 4235543148 216104892 372785636
1542939209 2878340533 4213741857 2715889655
2562447188 3247042372 3931637556 2520382892
2562447188 3247042372 3931637556 2520382892
2562447188 3247042372 3931637556 2520382892
1591823753 3513839605 1140888161 1500648631
3774551882 1824534210 4169483834 1573567286
2147483648 2147483648 2147483648 2147483648
2651791332 113548948 1870273860 3854096668
4050496870 1116851758 2478173942 1778232346
1600301920 3624055776 1352842336 2034773152
956522237 3844854489 2438219445 131358787
2147483648 2147483648 2147483648 2147483648
0 0 0 0
186200386 2420605018 360042354 3140689726
2147483648 2147483648 2147483648 2147483648
1839046198 2432764094 3026481990 4190760778
1839046198 2432764094 3026481990 4190760778
1839046198 2432764094 3026481990 4190760778
4013258553 632753637 1547216017 3727185671
3443460320 1815311200 187162080 2189635360
2 26 50 126
2769927702 1649321758 528715814 2706753386
1 13 25 63
2172756275 2476027799 2779299323 3739659149
4190863721 2941620821 1692377921 2031409367
4190863721 2941620821 1692377921 2031409367
2147483648 2147483648 2147483648 2147483648
2863311530 2863311522 2863311514 4294967254
2 26 50 126
3706689783 942326923 2472931359 1593222345
3695933759 802498611 2204030759 915592833
1403433422 1064765302 726097182 2516959666
1997038320 191694384 2681317744 1259362576
2863311530 2863311522 2863311514 4294967254
3186398997 2768481297 2350563597 3174641195
4294967295 4294967283 4294967271 4294967233
3728506795 1225948079 3018356659 2967694101
3728506795 1225948079 3018356659 2967694101
2147483648 2147483648 2147483648 2147483648
2791545044 1930347204 1069149364 4068645932
196780954 2558152402 624556554 3807265510
3553303768 3243276024 2933248280 519837992
1405837659 1096020383 786203107 2668426597
4294967294 4294967270 4294967246 4294967170
4294967294 4294967270 4294967246 4294967170
4294967294 4294967270 4294967246 4294967170
4294967294 4294967270 4294967246 4294967170
2926834637 3689111913 156421893 4001955699
2926834637 3689111913 156421893 4001955699
2147483648 2147483648 2147483648 2147483648
1089767152 1282071088 1474375024 4230821136
3964395028 4292495108 325627892 648783596
830073950 2201026758 3571979566 755051298
1839648739 2440597127 3041545515 4228720861
2599288840 3725983848 557711560 546439672
2599288840 3725983848 557711560 546439672
1720396190 890313990 60231790 1010777570
3713290668 1028138428 2637953484 2009078100
2149822544 2177889296 2205956048 2294834096
1515415339 2520530223 3525645107 981885845
791871627 1704396559 2616921491 2643272245
791871627 1704396559 2616921491 2643272245
791871627 1704396559 2616921491 2643272245
119497391 1553466083 2987434775 3233368337
4294967294 4294967270 4294967246 4294967170
470368622 1819824790 3169280958 3863419410
2 26 50 126
2 26 50 126
2 26 50 126
2 26 50 126
2 26 50 126
218268483 2837490279 1161744779 866012541
1306967838 4105680006 2609424878 734595170
1260442729 3500853589 1446297153 2098480599
1260442729 3500853589 1446297153 2098480599
1260442729 3500853589 1446297153 2098480599
0 0 0 0
1470913307 1942003807 2413094307 2473225125
1390689648 899096240 407502832 1714101904
1475640365 2003455561 2531270757 2771029779
1475640365 2003455561 2531270757 2771029779
1475640365 2003455561 2531270757 2771029779
141810343 1843534459 3545258575 344117017
2918867495 3585539067 4252210639 3500025753
3553919507 3251280631 2948641755 558629549
2863311530 2863311522 2863311514 4294967254
4294967294 4294967270 4294967246 4294967170
4294967294 4294967270 4294967246 4294967170
4294967294 4294967270 4294967246 4294967170
4294967294 4294967270 4294967246 4294967170
1431655765 1431655761 1431655757 4294967275
3211953214 3100686118 2989419022 489589570
848021321 2434342581 4020663841 1885735671
1431655765 1431655761 1431655757 4294967275
185220533 2407866929 335546029 3078958987
3173641264 2602630768 2031620272 2370904016
4294967295 4294967283 4294967271 4294967233
2405718164 1209565060 13411956 1236388972
1830404337 2320419901 2810435465 3646323535
614814730 3697624194 2485466362 78622326
1 13 25 63
3057866924 1097564348 3432229068 3667055188
2 26 50 126
767040998 1381598382 1996155766 1078942618
2 26 50 126
4118970679 2007011275 4190019167 1797115017
465898909 1761718521 3057538133 3581827491
3504664694 2610968062 1717271430 1750543626
2205025103 2895522563 3586020023 1477628017
4226457127 3404335099 2582213071 4273793945
1625404316 3950386924 1980402236 3616224100
1 13 25 63
3356994296 691252888 2320478776 1037243144
2563140128 3256050592 3948961056 2564038112
759301473 1280984557 1802667641 591352543
759301473 1280984557 1802667641 591352543
759301473 1280984557 1802667641 591352543
3898339860 3433777924 2969215988 782275308
451242912 1571190560 2691138208 2658499680
3257510145 3692926221 4128342297 3359676223
3883815884 3244966236 2606116588 4162232116
3204470046 3003404934 2802339822 18149986
1 13 25 63
1 13 25 63
1 13 25 63
1 13 25 63
2959704130 4116415322 978159218 1777766462
46161573 600100449 1154039325 2908179099
0 0 0 0
2500904926 2446992966 2393081006 2938187682
3967426451 36936311 401413467 839763245
3967426451 36936311 401413467 839763245
3967426451 36936311 401413467 839763245
1807892019 2027759767 2247627515 2228047501
3328796087 324676171 1615523551 3555723273
3328796087 324676171 1615523551 3555723273
3328796087 324676171 1615523551 3555723273
3328796087 324676171 1615523551 3555723273
0 0 0 0
0 0 0 0
0 0 0 0
0 0 0 0
2147483648 2147483648 2147483648 2147483648
2483034391 2214676011 1946317631 1812343977
1767613327 1504136771 1240660215 3985457201
1767613327 1504136771 1240660215 3985457201
2317468339 62317335 2102133627 4266584589
1045907412 711894468 377881524 1467657516
0 0 0 0
428186723 1271460103 2114733483 1205959773
1809443926 2047934558 2286425190 2325817642
2147483648 2147483648 2147483648 2147483648
2783605531 1827133535 870661539 3568456613
2656953470 180656742 1999327310 4179311362
166751574 2167770462 4168789350 1915414570
2 26 50 126
370098930 516318794 662538658 1841396110
3880725927 3204796795 2528867663 3967564825
4180121002 2801965474 1423809946 1354618070
98526737 1280847581 2463168425 1912217135
4204530751 3119292211 2034053671 2892432257
3389748218 1117053874 3139326826 3100740230
2863311530 2863311522 2863311514 4294967254
4294967294 4294967270 4294967246 4294967170
1147256859 2029437279 2911617699 3557705381
2863311530 2863311522 2863311514 4294967254
1096336506 1367472690 1638608874 349723142
0 0 0 0
70289542 913764046 1757238550 133273850
1 13 25 63
2209815035 2957791679 3705768323 1779393733
2209815035 2957791679 3705768323 1779393733
2209815035 2957791679 3705768323 1779393733
2209815035 2957791679 3705768323 1779393733
2209815035 2957791679 3705768323 1779393733
1 13 25 63
1679327672 356423256 3328486136 2718428232
4294967294 4294967270 4294967246 4294967170
4294967294 4294967270 4294967246 4294967170
597450766 3471892662 2051367262 3279659890
3875011584 3130510336 2386009088 3607561216
4294967295 4294967283 4294967271 4294967233
1321250516 4291354820 2966491828 1634403884
2863311530 2863311522 2863311514 4294967254
1925070230 3551076510 882115494 1020340202
4294967295 4294967283 4294967271 4294967233
3731805129 1268826421 3100815009 3175489143
2008125976 335833912 2958509144 1957884904
2008125976 335833912 2958509144 1957884904
2008125976 335833912 2958509144 1957884904
3752801147 1541774655 3625715459 203270981
4294967294 4294967270 4294967246 4294967170
1 13 25 63
2863311530 2863311522 2863311514 4294967254
1552915995 3008038751 168194211 3344427173
4294967295 4294967283 4294967271 4294967233
4294967295 4294967283 4294967271 4294967233
4294967295 4294967283 4294967271 4294967233
4294967295 4294967283 4294967271 4294967233
4294967295 4294967283 4294967271 4294967233
2147483648 2147483648 2147483648 2147483648
2771143242 1665123778 559104314 2783332406
1573179579 3271465343 674783811 326065669
278889877 3625568401 2677279629 390193067
3601775373 3873406889 4145038405 3573549107
3601775373 3873406889 4145038405 3573549107
3601775373 3873406889 4145038405 3573549107
3601775373 3873406889 4145038405 3573549107
362977513 423740373 484503233 1392746839
1 13 25 63
4092765243 1666340607 3534883267 146172549
2210024932 2960520340 3711015748 1792617244
2210024932 2960520340 3711015748 1792617244
2210024932 2960520340 3711015748 1792617244
1087967089 1258670269 1429373449 4117417167
1303902681 4065832965 2532795953 541490279
1303902681 4065832965 2532795953 541490279
1303902681 4065832965 2532795953 541490279
2253449384 3525038216 501659752 233390424
3990693975 339414123 983101567 2305617257
0 0 0 0
3569917107 3459249431 3348581755 1566478349
3418923998 1496339014 3868721326 643847074
2863311530 2863311522 2863311514 4294967254
468158077 1791087705 3114017333 3724155075
1998923955 216207639 2728458619 1378157581
1998923955 216207639 2728458619 1378157581
1998923955 216207639 2728458619 1378157581
1998923955 216207639 2728458619 1378157581
1990217439 103022931 2510795719 829647073
2467414499 2011617415 1555820331 828290781
2 26 50 126
3509337231 2671711043 1834084855 2044913457
3919967599 3714938531 3509909463 2144822865
2892809652 3246787108 3600764564 1858381644
3510893469 2691942137 1872990805 2142956451
3510893469 2691942137 1872990805 2142956451
3510893469 2691942137 1872990805 2142956451
3510893469 2691942137 1872990805 2142956451
4180901881 2812116901 1443331921 1403813447
2 26 50 126
1857764516 2676102228 3494439940 1075047516
1857764516 2676102228 3494439940 1075047516
1857764516 2676102228 3494439940 1075047516
1857764516 2676102228 3494439940 1075047516
1812919831 2093121323 2373322815 2544799657
2147483648 2147483648 2147483648 2147483648
2147483648 2147483648 2147483648 2147483648
2147483648 2147483648 2147483648 2147483648
2147483648 2147483648 2147483648 2147483648
2863311530 2863311522 2863311514 4294967254
522684827 2499935455 182218787 2864373029
4192804040 2966844968 1740885896 2153649464
4176825018 2759117682 1341410346 1146971078
2 26 50 126
1706675525 711945345 4012182461 146375675
3263284014 3767986518 4272689022 3723429970
3263284014 3767986518 4272689022 3723429970
3263284014 3767986518 4272689022 3723429970
2 26 50 126
4294967294 4294967270 4294967246 4294967170
2232088782 3247350390 4262611998 3182639794
4271438832 3989097264 3706755696 2812674064
0 0 0 0
3955411806 4175713222 101047342 82840610
2008647140 342609044 2971538244 1990718236
2008647140 342609044 2971538244 1990718236
2008647140 342609044 2971538244 1990718236
2008647140 342609044 2971538244 1990718236
3512783793 2716516349 1920248905 2262046863
1000814095 125681347 3545515895 2921745841
4294967294 4294967270 4294967246 4294967170
4294967294 4294967270 4294967246 4294967170
4294967295 4294967283 4294967271 4294967233
2 26 50 126
1367638277 599428417 4126185853 261865531
4126520035 2105152903 83785771 2272724445
2090429566 1405780582 721131598 2848043778
3548849045 3185364625 2821880205 239190443
4294967294 4294967270 4294967246 4294967170
2539793849 2952548965 3365304081 1093222535
561961915 3010537599 1164145987 1043862277
561961915 3010537599 1164145987 1043862277
561961915 3010537599 1164145987 1043862277
129508219 1683606847 3237705475 3864050501
2863311530 2863311522 2863311514 4294967254
2080256522 1273531010 466805498 2207142006
836332984 2282394200 3728455416 1149370440
1534169313 2764331885 3994494457 2163386207
1779372740 1657009140 1534645540 431332924
1779372740 1657009140 1534645540 431332924
1779372740 1657009140 1534645540 431332924
1805630135 1998355275 2191080415 2085548809
328435255 4269658315 3915914079 3511551881
328435255 4269658315 3915914079 3511551881
328435255 4269658315 3915914079 3511551881
916362603 3322779247 1434228595 1896269141
2307674770 4229968234 1857294402 3649589742
0 0 0 0
4294967295 4294967283 4294967271 4294967233
4294967295 4294967283 4294967271 4294967233
0 0 0 0
0 0 0 0
0 0 0 0
0 0 0 0
0 0 0 0
2851912878 2715129046 2578345214 3576852178
1521764308 2603066820 3684369332 1381870892
1521764308 2603066820 3684369332 1381870892
2096731342 1487703670 878675998 3245055666
2 26 50 126
1095103296 1351440960 1607778624 272030912
1095103296 1351440960 1607778624 272030912
1095103296 1351440960 1607778624 272030912
1095103296 1351440960 1607778624 272030912
1095103296 1351440960 1607778624 272030912
1891039820 3108681180 31355244 3171391668
951528869 3779940705 2313385245 4111743899
2643770228 9274596 1669746260 3348767116
1287544383 3853175091 2123838503 3805884801
2998227606 322253214 1941246118 4204745450
2 26 50 126
3579122095 3578914275 3578706455 2146392593
443531313 1470939773 2498348233 2172668943
4294967295 4294967283 4294967271 4294967233
2559095480 3203470168 3847844856 2309225288
595947119 3452345251 2013776087 3184930129
2863311530 2863311522 2863311514 4294967254
2863311530 2863311522 2863311514 4294967254
2863311530 2863311522 2863311514 4294967254
2863311530 2863311522 2863311514 4294967254
2863311530 2863311522 2863311514 4294967254
584170756 3299252532 1719367012 2443019260
584170756 3299252532 1719367012 2443019260
584170756 3299252532 1719367012 2443019260
310419971 4035459623 3465531979 2376588989
1395340552 959557992 523775432 2007108856
1395340552 959557992 523775432 2007108856
2147483648 2147483648 2147483648 2147483648
2147483648 2147483648 2147483648 2147483648
2731681352 1152119208 3867524360 297233336
3527982045 2914093625 2300205205 3219536739
1964225465 4060094565 1860996369 3487120007
3577796879 3561686467 3545576055 2062903985
2147483648 2147483648 2147483648 2147483648
1 13 25 63
3552834030 3237169430 2921504830 490244498
0 0 0 0
1115656201 1618628725 2121601249 1566863927
3696677262 812164150 2222618334 962433522
3696677262 812164150 2222618334 962433522
3696677262 812164150 2222618334 962433522
3696677262 812164150 2222618334 962433522
185044984 2405584792 331157304 3067899400
1379609513 755054485 130499457 1016053399
2 26 50 126
1431655765 1431655761 1431655757 4294967275
2 26 50 126
1118976565 1661793457 2204610349 1776046859
2863311530 2863311522 2863311514 4294967254
2184199907 2624795015 3065390123 165640669
2184199907 2624795015 3065390123 165640669
2184199907 2624795015 3065390123 165640669
2184199907 2624795015 3065390123 165640669
2184199907 2624795015 3065390123 165640669
3485676411 2364120383 1242564355 554281797
2445049227 1720868879 996688531 3714245941
2445049227 1720868879 996688531 3714245941
2445049227 1720868879 996688531 3714245941
2445049227 1720868879 996688531 3714245941
1684553496 424358968 3459131736 3047655144
2444438593 1712930637 981422681 3675775999
2807521912 2138046488 1468571064 780221320
874020561 2772332701 375677545 3523687791
874020561 2772332701 375677545 3523687791
2922181061 3628615425 40082493 3708780411
0 0 0 0
2815621127 2243336283 1671051439 1290471865
4294967295 4294967283 4294967271 4294967233
4294967295 4294967283 4294967271 4294967233
4294967295 4294967283 4294967271 4294967233
4294967295 4294967283 4294967271 4294967233
3921877816 3739771352 3557664888 2265166536
3321103054 224666742 1423197726 3071062194
3321103054 224666742 1423197726 3071062194
2967348612 4215793588 1169271268 2259368828
268299935 3487899155 2412531079 4017994017
1996155336 180215592 2659243144 1203734584
709544647 634145819 558746991 1751639801
4153273404 2452946700 752619996 3958186692
1821086156 2199283548 2577480940 3059278132
0 0 0 0
1940747818 3754885154 1274055194 2008028246
1940747818 3754885154 1274055194 2008028246
1940747818 3754885154 1274055194 2008028246
2863311530 2863311522 2863311514 4294967254
2863311530 2863311522 2863311514 4294967254
2863311530 2863311522 2863311514 4294967254
2863311530 2863311522 2863311514 4294967254
1563676392 3147923912 437204136 4022332184
0 0 0 0
3124173558 1959550590 794927622 3549405834
3124173558 1959550590 794927622 3549405834
3124173558 1959550590 794927622 3549405834
3124173558 1959550590 794927622 3549405834
3124173558 1959550590 794927622 3549405834
4188420438 2909858142 1631295846 1877482538
4188420438 2909858142 1631295846 1877482538
4188420438 2909858142 1631295846 1877482538
3741007758 1388460598 3330880734 3755254770
2041135645 764959609 3783750869 4037494051
3535118793 3006871349 2478623905 3669151863
3535118793 3006871349 2478623905 3669151863
3535118793 3006871349 2478623905 3669151863
3535118793 3006871349 2478623905 3669151863
3535118793 3006871349 2478623905 3669151863
2772117598 1677790406 583463214 2844716834
2772117598 1677790406 583463214 2844716834
4294967294 4294967270 4294967246 4294967170
4087648215 1599819243 3406957567 4118767081
3920880300 3726803644 3532726988 2202323028
2147483648 2147483648 2147483648 2147483648
241056597 3133735761 1731447629 2301663723
2624761904 4057133680 1194538160 2151242704
3774064863 1818202963 4157308359 1542885089
4294967295 4294967283 4294967271 4294967233
4294967295 4294967283 4294967271 4294967233
4294967295 4294967283 4294967271 4294967233
10467977 136083701 261699425 659482551
10467977 136083701 261699425 659482551
10467977 136083701 261699425 659482551
10467977 136083701 261699425 659482551
10467977 136083701 261699425 659482551
4294967295 4294967283 4294967271 4294967233
3506054687 2629037971 1752021255 1838113185
1220714955 2984392527 453102803 3890598133
2037781867 721360495 3699906419 3826206037
1402219441 1048983549 695747657 2440478863
174089620 2263165060 57273204 2377711468
440003208 1425074408 2410145608 1950398328
2863311530 2863311522 2863311514 4294967254
3613982710 4032102270 155254534 47644042
877539224 2818075320 463644120 3745363560
4294967295 4294967283 4294967271 4294967233
2016890186 449768642 3177614394 2510030134
2 26 50 126
599135280 3493791344 2093480112 3385784272
3845767322 2750334930 1654902538 1765172710
4187382699 2896367535 1605352371 1812104981
4187382699 2896367535 1605352371 1812104981
4187382699 2896367535 1605352371 1812104981
4187382699 2896367535 1605352371 1812104981
894360485 3036751713 884175645 510135707
2 26 50 126
3231234629 3351344513 3471454397 1704318715
3195475997 2886482297 2577488597 3746492195
3642212739 104125351 861005259 1826135869
3859487140 2928692564 1997897988 2629521244
2017123968 452807808 3183458944 2524758400
1 13 25 63
2074707005 1201387289 328067573 1857522435
469338688 1806435648 3143532608 3798533568
3771925591 1790392427 4103826559 1408110953
2677040894 441793254 2501512910 1149851778
2503428084 2479794020 2456159956 3097146636
2503428084 2479794020 2456159956 3097146636
3587407161 3686620133 3785833105 2668351751
1316487535 4229436067 2847417303 1334336081
1439174099 1529394103 1619614107 473655021
3819932969 2414488341 1009043713 137608471
2147483648 2147483648 2147483648 2147483648
1004060099 167879399 3626665995 3126244093
1004060099 167879399 3626665995 3126244093
1004060099 167879399 3626665995 3126244093
1138400571 1914305535 2690210499 2999759237
1138400571 1914305535 2690210499 2999759237
1138400571 1914305535 2690210499 2999759237
2147483648 2147483648 2147483648 2147483648
2147483648 2147483648 2147483648 2147483648
2147483648 2147483648 2147483648 2147483648
2737700156 1230363660 4017994460 676417988
2549624459 3080346895 3611069331 1712550965
1115896275 1621749687 2127603099 1581988589
1115896275 1621749687 2127603099 1581988589
1115896275 1621749687 2127603099 1581988589
4294967294 4294967270 4294967246 4294967170
3838322402 2653550970 1468779538 1296142750
1633116140 4050640636 2173197836 4102069012
3238030210 3439687066 3641343922 2132440318
481697109 1967095121 3452493133 282146795
4203380049 3104333085 2005286121 2819938031
1 13 25 63
1431655765 1431655761 1431655757 4294967275
4294967294 4294967270 4294967246 4294967170
1 13 25 63
806690184 1897037800 2987385416 3576841336
1431655765 1431655761 1431655757 4294967275
4010119724 591948860 1468745292 3529439444
228455763 2969924919 1416426779 1507811181
228455763 2969924919 1416426779 1507811181
228455763 2969924919 1416426779 1507811181
228455763 2969924919 1416426779 1507811181
228455763 2969924919 1416426779 1507811181
4218841510 3305332078 2391822646 3794010074
2387056464 966962960 3841836752 60701872
1462315499 1830232303 2198149107 1931563221
2103488233 1575543253 1047598273 3670739799
4021614503 741380987 1756114767 4253610521
4003738807 508996939 1309222367 3127441673
3760642829 1643716521 3821757509 697296947
1 13 25 63
2968292148 4228059556 1192859668 2318811596
1920479961 3491403013 767358769 731153255
1554985999 3034948803 219944311 3474837425
3580521858 3597111194 3613700530 2234577662
4294967295 4294967283 4294967271 4294967233
2014796324 422548436 3125267844 2378116828
3992053362 357086154 1017086242 2391258638
3992053362 357086154 1017086242 2391258638
1729683078 1011043534 292403990 1595851514
1127295863 1769944331 2412592799 2300162633
1127295863 1769944331 2412592799 2300162633
1127295863 1769944331 2412592799 2300162633
1127295863 1769944331 2412592799 2300162633
1127295863 1769944331 2412592799 2300162633
1404183992 1074522712 744861432 2564245576
1307588667 4113750783 2624945603 773707397
3457335849 1995693077 534050305 3063793687
3691647862 746781950 2096883334 645581322
3691647862 746781950 2096883334 645581322
3691647862 746781950 2096883334 645581322
3949438500 4098060244 4246681988 4001489628
3949438500 4098060244 4246681988 4001489628
3949438500 4098060244 4246681988 4001489628
3949438500 4098060244 4246681988 4001489628
2646936761 50439525 1748909585 3548258695
0 0 0 0
694620712 440134664 185648616 811431896
2147483648 2147483648 2147483648 2147483648
1 13 25 63
1184626863 2515247331 3845867799 1617048337
1567029 20371377 39175725 98722827
2 26 50 126
2586211284 3555975620 230772660 4017520940
4140568529 2287783325 434998121 3157779567
142423003 1851499039 3560575075 382714597
157756619 2050836047 3943915475 1348732405
1346663824 326760528 3601824528 3235442288
2208885179 2945703551 3682521923 1720812805
1 13 25 63
823257400 2112411608 3401565816 325608648
3588930642 3706425386 3823920130 2764331054
3588930642 3706425386 3823920130 2764331054
3588930642 3706425386 3823920130 2764331054
3588930642 3706425386 3823920130 2764331054
3588930642 3706425386 3823920130 2764331054
0 0 0 0
1379428735 752704371 125980007 1004664385
1863279284 2747794212 3632309140 1422477900
2 26 50 126
1 13 25 63
685900402 326770634 4262608162 262052366
1431655765 1431655761 1431655757 4294967275
2803882754 2090737434 1377592114 550954366
1147902269 2037827609 2927752949 3598366211
1147902269 2037827609 2927752949 3598366211
1431655765 1431655761 1431655757 4294967275
1514341718 2506573150 3498804582 914247722
1514341718 2506573150 3498804582 914247722
1514341718 2506573150 3498804582 914247722
1775145169 1602050717 1428956265 164995951
3354280529 655973917 2252634601 866275823
826207900 2150768108 3475328316 511490148
3070052240 1255973456 3736861968 139762800
3070052240 1255973456 3736861968 139762800
3070052240 1255973456 3736861968 139762800
3117258079 1869649363 622040647 3113730657
1010343112 249558568 3783741320 3522073912
4294967294 4294967270 4294967246 4294967170
459798400 1682411904 2905025408 3197495424
3201336497 2962668797 2724001097 4115703695
3301985179 4271101663 945250851 1866636069
3350032859 600754207 2146442851 598672613
2147483648 2147483648 2147483648 2147483648
4294967295 4294967283 4294967271 4294967233
1350167894 372313438 3689426278 3456198698
1431655765 1431655761 1431655757 4294967275
2279335990 3861564094 1148824902 1864246602
2221040996 3103729172 3986417348 2486629276
1600648170 3628557026 1361498586 2056586902
615942481 3712284957 2513660137 149670639
0 0 0 0
2894042467 3262813703 3631584939 1936048989
3269637954 3850587738 136570226 4123728190
3262892174 3762892598 4262893022 3698744050
3912917883 3623292223 3333666563 1700690757
4294967294 4294967270 4294967246 4294967170
2878359566 3058935990 3239512414 948026226
2878359566 3058935990 3239512414 948026226
1431655765 1431655761 1431655757 4294967275
1431655765 1431655761 1431655757 4294967275
1482262597 2089544577 2696826557 3188230395
3897239323 3419470943 2941702563 712941477
2334109535 278652883 2518163527 1020012641
2412862242 1302438074 192013906 1686465886
2733353003 1173850671 3909315635 402547349
3081151077 1400258337 4014332893 838989531
2366996370 706181738 3340334402 3091883246
561750741 3007792337 1158866637 1030558315
47627156 619153028 1190678900 3000510828
2147483648 2147483648 2147483648 2147483648
2147483648 2147483648 2147483648 2147483648
2147483648 2147483648 2147483648 2147483648
2147483648 2147483648 2147483648 2147483648
370838315 525930799 681023283 1887977365
378285526 622744542 867203558 2357151658
3290061707 4116096527 647164051 1115457333
1141169435 1950300767 2759432099 3174197669
231115016 3004495208 1482908104 1675344120
205784266 2675195458 849639354 79506870
0 0 0 0
2 26 50 126
2863311530 2863311522 2863311514 4294967254
3508917081 2666249093 1823581105 2018444007
2014335742 416560870 3113753294 2349100162
3387397080 1086489080 3080548376 2952618536
4154489047 2468750059 783011071 4034772201
818255875 2047391783 3276527691 10512573
597951506 3478402282 2063885762 3311206510
1175490049 2396468749 3617447449 1041429055
207177222 2693303886 884463254 167263098
4187163839 2893522355 1599880871 1798316801
499538221 2199029577 3898520933 1406136851
1688273600 472720320 3552134336 3282021696
3649435946 198027042 1041585434 2281197910
3634509773 3986793 668431109 1340849011
121296259 1576851367 3032406475 3346697021
2776631459 1736470599 696309739 3129090077
1607318764 3715274748 1528263436 2476834324
3846728897 2762835405 1678941913 1825751935
2742851324 1297328844 4146773660 1000941572
1728069503 990067059 252064615 1494196289
3727085393 1207469853 2982821609 2878145775
2 26 50 126
2491542118 2325276462 2159010806 2348330778
2491542118 2325276462 2159010806 2348330778
2491542118 2325276462 2159010806 2348330778
2491542118 2325276462 2159010806 2348330778
2491542118 2325276462 2159010806 2348330778
2863311530 2863311522 2863311514 4294967254
1254071951 3418033475 1287027703 1697121585
0 0 0 0
4294967295 4294967283 4294967271 4294967233
1870761320 2845060680 3819360040 1893846168
1136334495 1887446547 2638558599 2869596449
1136334495 1887446547 2638558599 2869596449
1136334495 1887446547 2638558599 2869596449
507830910 2306834534 4105838158 1928576258
1462462410 1832142146 2201821882 1940818614
1462462410 1832142146 2201821882 1940818614
1462462410 1832142146 2201821882 1940818614
2607866546 3837494026 772154210 1086835150
1139131988 1923813956 2708495924 3045838508
3808909538 2271183738 733457938 3738099614
2147483648 2147483648 2147483648 2147483648
119348657 1551532541 2983716425 3223998095
2 26 50 126
1920097236 3486427588 757790644 707041580
2863311530 2863311522 2863311514 4294967254
2290611254 4008142526 1430706502 2574588234
2600488671 3741581651 587707335 622029025
1161889240 2219658232 3277427224 184578088
334567427 54409255 4069218379 3897878717
0 0 0 0
1 13 25 63
1 13 25 63
2700432954 745890034 3086314410 2623551558
2879983482 3080046898 3280110314 1050332934
4294967294 4294967270 4294967246 4294967170
3022179018 633621570 2540031418 1418717110
1282582755 3788673927 1999797803 3493302237
394688893 835988313 1277287733 3390563779
1586965093 3450677025 1019421661 1194553051
1002243041 144257645 3581239545 3011769439
2788299899 1888160319 988020739 3864201797
1611757649 3772980253 1639235561 2756484079
109728326 1426468238 2743208150 2617917242
2376185326 825638166 3570058302 3670787474
4279506392 4093975544 3908444696 3320930344
3190884601 2826794149 2462703697 3457234247
1 13 25 63
1 13 25 63
1 13 25 63
1370737502 639718342 4203666478 457116706
1762983717 1443951841 1124919965 3693791771
2 26 50 126
532720527 2630399555 433111287 3496622129
532720527 2630399555 433111287 3496622129
532720527 2630399555 433111287 3496622129
532720527 2630399555 433111287 3496622129
3774927776 1829420832 4178881184 1597248608
4014746804 652100900 1584422292 3820945484
4294967295 4294967283 4294967271 4294967233
0 0 0 0
1054072281 818037765 582003249 1982044263
1107460977 1512090813 1916720649 1050564815
3320847386 221343058 1416806026 3054955110
1329766783 107098995 3179398503 2170928705
1329766783 107098995 3179398503 2170928705
1329766783 107098995 3179398503 2170928705
1329766783 107098995 3179398503 2170928705
1329766783 107098995 3179398503 2170928705
3831453144 2564250616 1297048088 863379496
4273115817 4010898069 3748680321 2918324119
1825560245 2257446705 2689333165 3341145739
2848026840 2664610552 2481194264 3332031784
67607382 878895966 1690184550 4259265066
3517808387 2781836071 2045863755 2578596285
3740447236 1381173812 3316867684 3719941884
2689579427 604794183 2814976235 1939779357
450513062 1561702510 2672891958 2612519130
4213475177 3235569749 2257664321 3455931095
1 13 25 63
0 0 0 0
0 0 0 0
0 0 0 0
0 0 0 0
1431655765 1431655761 1431655757 4294967275
305623928 3973111064 3345630904 2074438280
2 26 50 126
2863311530 2863311522 2863311514 4294967254
3660558571 342621167 1319651059 2981923285
3660558571 342621167 1319651059 2981923285
3660558571 342621167 1319651059 2981923285
3660558571 342621167 1319651059 2981923285
1941584146 3765757418 1294963394 2060716910
4294967295 4294967283 4294967271 4294967233
3124996447 1970248147 815499847 3601247841
2 26 50 126
2315633610 38465858 2056265402 4150996662
55269448 718502824 1381736200 3481975224
806512216 1894724216 2982936216 3565629352
877261585 2814466013 456703145 3727872303
877261585 2814466013 456703145 3727872303
877261585 2814466013 456703145 3727872303
877261585 2814466013 456703145 3727872303
877261585 2814466013 456703145 3727872303
4294967295 4294967283 4294967271 4294967233
503554897 2251246365 3998937833 1659187439
1380783923 770321815 159859707 1090041229
4087037680 1591882288 3391694192 4080303376
3575002386 3525358058 3475713730 1886850926
190237936 2473093168 460981104 3395055376
190237936 2473093168 460981104 3395055376
190237936 2473093168 460981104 3395055376
190237936 2473093168 460981104 3395055376
435247767 1363253675 2291259583 1650805545
0 0 0 0
1172960707 2363587303 3554213899 882080509
1431655765 1431655761 1431655757 4294967275
717628722 739238794 760848866 2260936526
717628722 739238794 760848866 2260936526
717628722 739238794 760848866 2260936526
2863311530 2863311522 2863311514 4294967254
3807843604 2257326596 706809588 3670945772
2863311530 2863311522 2863311514 4294967254
2095346852 1469705300 844063748 3157832796
4294967294 4294967270 4294967246 4294967170
2510329198 2569508502 2628687806 3531916818
2510329198 2569508502 2628687806 3531916818
2035137224 686980136 3633790344 3659593528
2035137224 686980136 3633790344 3659593528
2035137224 686980136 3633790344 3659593528
2161002022 2323222510 2485442998 2999141210
1664896101 168812833 2967696861 1809239259
1664896101 168812833 2967696861 1809239259
4214419330 3247843738 2281268146 3515412734
2155401752 2250419000 2345436248 2646324200
157172972 2043248636 3929324300 1311962644
2113179762 1701533130 1289886498 4281306126
3426615298 1596325914 4061003826 1128398974
0 0 0 0
1232745445 3140788897 753865053 353551707
4193852290 2980472218 1767092146 2219689214
203556873 2646239349 793954529 4234148407
2862935921 2858428605 2853921289 4271303887
3406885162 1339834146 3567750426 4180367702
3406885162 1339834146 3567750426 4180367702
2103348827 1573730975 1044113123 3661957221
984073330 4203018698 3126996770 1867077646
2117802227 1761625175 1405448123 277554125
4294967294 4294967270 4294967246 4294967170
1238551673 3216269861 899020753 719344071
1238551673 3216269861 899020753 719344071
2021245207 506383915 3286489919 2784396457
1479103945 2048482101 2617860257 2989235319
1991160000 115276224 2534359744 889028416
1 13 25 63
3864729465 2996842789 2128956113 2959787719
2659243372 210425468 2056574860 28607892
781491901 1569460121 2357428341 1989349507
1431655765 1431655761 1431655757 4294967275
2 26 50 126
4294967294 4294967270 4294967246 4294967170
760088479 1291215635 1822342791 640933921
1 13 25 63
1 13 25 63
2514701507 2626348519 2737995531 3807372285
1819266318 2175625654 2531984990 2944628338
3402946156 1288627068 3469275276 3932210324
827757330 2170910698 3514064066 609104238
2 26 50 126
4019132147 709110359 1694055867 4097222093
2026518178 574932538 3418314194 3116593630
1 13 25 63
3778182509 1871732361 4260249509 1802296787
3778182509 1871732361 4260249509 1802296787
3778182509 1871732361 4260249509 1802296787
3778182509 1871732361 4260249509 1802296787
1 13 25 63
2 26 50 126
2957204283 4083917311 915663043 1620276101
0 0 0 0
2147483648 2147483648 2147483648 2147483648
2552255480 3114550168 3676844856 1878305288
0 0 0 0
0 0 0 0
0 0 0 0
0 0 0 0
0 0 0 0
3682238903 624465483 1861659359 52816905
2187448116 2667021732 3146595348 370277836
4039577192 974895944 2205181992 1090292632
4039577192 974895944 2205181992 1090292632
4039577192 974895944 2205181992 1090292632
4039577192 974895944 2205181992 1090292632
4039577192 974895944 2205181992 1090292632
2571694011 3367251071 4162808131 3102932741
4294967295 4294967283 4294967271 4294967233
1431655765 1431655761 1431655757 4294967275
2 26 50 126
1983062877 10013625 2331931669 378909667
4294967295 4294967283 4294967271 4294967233
994007916 37201020 3375361420 2492956564
404306185 961013109 1517720033 3996453175
4282785194 4136599970 3990414746 3527494870
4294967295 4294967283 4294967271 4294967233
3321138619 225129087 1424086851 3073302789
1836812568 2403726904 2970641240 4050042088
1432945881 1448427269 1463908657 81277287
0 0 0 0
0 0 0 0
0 0 0 0
0 0 0 0
4294967295 4294967283 4294967271 4294967233
1914726814 3416612102 623530094 368704994
2441214027 1671011279 900808531 3472628341
3202245759 2974489203 2746732647 4172987201
2762459636 1552236900 342014164 2236265228
2762459636 1552236900 342014164 2236265228
2762459636 1552236900 342014164 2236265228
77508037 1007604481 1937700925 588039035
2747851756 1362334460 4271784460 1315968788
2 26 50 126
2 26 50 126
2 26 50 126
2 26 50 126
634699506 3956126282 2982585762 1331363214
1376256984 711471608 46686232 804844072
1539560755 2834420631 4129280507 2503047053
3873317838 3108491638 2343665438 3500855218
0 0 0 0
3490330101 2424618353 1358906605 847464267
3490330101 2424618353 1358906605 847464267
3490330101 2424618353 1358906605 847464267
2259243140 3600357044 646503652 598397052
3509285858 2671043194 1832800530 2041676958
3509285858 2671043194 1832800530 2041676958
3509285858 2671043194 1832800530 2041676958
3509285858 2671043194 1832800530 2041676958
3509285858 2671043194 1832800530 2041676958
1785956261 1742594913 1699233565 846094747
1771056593 1548899229 1326741865 4202382959
1771056593 1548899229 1326741865 4202382959
1771056593 1548899229 1326741865 4202382959
1771056593 1548899229 1326741865 4202382959
4284396820 4157551108 4030705396 3629027308
2938680543 3843108691 452569543 453280481
1431655765 1431655761 1431655757 4294967275
1 13 25 63
1 13 25 63
4267246071 3934591371 3601936671 2548530121
2072857323 1177341423 281825523 1740992469
2072857323 1177341423 281825523 1740992469
2072857323 1177341423 281825523 1740992469
2072857323 1177341423 281825523 1740992469
2072857323 1177341423 281825523 1740992469
0 0 0 0
2 26 50 126
2 26 50 126
2 26 50 126
895379223 3049995307 909644095 574316201
1946454962 3829078026 1416733794 2367578318
624073842 3817992650 2716944162 661946382
2 26 50 126
2 26 50 126
2616715908 3952535732 993388260 1644344956
3268856601 3840430149 117036401 4074502951
642542789 4058088961 3178667837 1825490043
741421185 1048540813 1355660441 3759861695
2612656682 3899765794 891907610 1388613718
4294967295 4294967283 4294967271 4294967233
4009800537 587799429 1460765617 3509330663
4257804831 3811855251 3365905671 1953732001
4294967295 4294967283 4294967271 4294967233
1 13 25 63
2967424462 4216779638 1171167518 2264147378
2201646100 2851595524 3501544948 1264750828
2472120258 2072792282 1673464306 1124753598
1186337439 2537484819 3888632199 1724814625
1502985263 2358939235 3214893207 198791057
1796156064 1875192352 1954228640 1488682336
2863311530 2863311522 2863311514 4294967254
1431655765 1431655761 1431655757 4294967275
3483468185 2335413445 1187358705 415163559
3815710915 2359601639 903492363 4166586365
905654688 3183576352 1166530720 1221670496
1382820343 796795275 210770207 1218335689
2280120837 3871767105 1168446077 1913691963
4294967295 4294967283 4294967271 4294967233
4063390222 1284465334 2800507742 2590513522
2702335841 770627565 3133886585 2743433439
1977743574 4235829982 2198949094 43793578
3002812222 381853222 2055861518 198608962
2653058373 130020481 1901949885 3933920251
2 26 50 126
2 26 50 126
1238652159 3217576179 901532903 725674689
1238652159 3217576179 901532903 725674689
1706329154 707442522 4003523186 124554302
2063198040 1051770744 40343448 1132457640
4294967294 4294967270 4294967246 4294967170
32032106 416417378 800802650 2018022678
32032106 416417378 800802650 2018022678
32032106 416417378 800802650 2018022678
32032106 416417378 800802650 2018022678
3832079204 2572389396 1312699588 902821276
3832079204 2572389396 1312699588 902821276
3832079204 2572389396 1312699588 902821276
3832079204 2572389396 1312699588 902821276
3832079204 2572389396 1312699588 902821276
1107750778 1515858226 1923965674 1068822278
1140263390 1938522182 2736780974 3117116834
1140263390 1938522182 2736780974 3117116834
1140263390 1938522182 2736780974 3117116834
62412414 811361382 1560310350 3931982082
4294967294 4294967270 4294967246 4294967170
1 13 25 63
1 13 25 63
1 13 25 63
3206512102 3029951662 2853391222 146799514
2863311530 2863311522 2863311514 4294967254
2654993394 155175754 1950325410 4055826574
1431655765 1431655761 1431655757 4294967275
670822575 130758883 3885662487 3607116561
3922385249 3746367981 3570350713 2297134815
2147483648 2147483648 2147483648 2147483648
1195288162 2653844218 4112400274 2288710174
4294967295 4294967283 4294967271 4294967233
4294967295 4294967283 4294967271 4294967233
4294967295 4294967283 4294967271 4294967233
0 0 0 0
1293801343 3934515571 2280262503 4200073281
4294967295 4294967283 4294967271 4294967233
4294967295 4294967283 4294967271 4294967233
4294967295 4294967283 4294967271 4294967233
4294967294 4294967270 4294967246 4294967170
2648984163 77055751 1800094635 3677245021
3215743698 3149962410 3084181122 728390062
4294967295 4294967283 4294967271 4294967233
2349105670 473602638 2893066902 1964769146
2349105670 473602638 2893066902 1964769146
0 0 0 0
889121897 2968650069 753210945 180104663
3657802930 306797834 1250760034 2808317902
2887741297 3180898493 3474055689 1539075279
903958418 3161524842 1124123970 1114805486
3463517119 2076049587 688582055 3453213697
2147483648 2147483648 2147483648 2147483648
1936949622 3705508606 1179100294 1768741898
3019984316 605090444 2485163868 1280450884
3019984316 605090444 2485163868 1280450884
4225522284 3392182140 2558841996 4214898836
2147483648 2147483648 2147483648 2147483648
3984822811 263088991 836322467 1935733925
1896679298 3181994394 172342194 3526678782
2979792663 82598955 1480372543 3043344041
3477006917 2251416961 1025827005 8103675
4212047993 3217016357 2221984721 3366018503
634620463 3955098723 2980609687 1326383505
558731592 2968543400 1083387912 840351928
2938223227 3837163583 441136643 424469573
2863311530 2863311522 2863311514 4294967254
2018040593 464723933 3206374569 2582505775
438768385 1409021709 2379275033 1872604479
4294967294 4294967270 4294967246 4294967170
2863311530 2863311522 2863311514 4294967254
2863311530 2863311522 2863311514 4294967254
2863311530 2863311522 2863311514 4294967254
2863311530 2863311522 2863311514 4294967254
2863311530 2863311522 2863311514 4294967254
2256879693 3569632233 587417477 449499891
2503622834 2482325770 2461028706 3109415886
2503622834 2482325770 2461028706 3109415886
2503622834 2482325770 2461028706 3109415886
2503622834 2482325770 2461028706 3109415886
2503622834 2482325770 2461028706 3109415886
0 0 0 0
0 0 0 0
29812565 387563345 745314125 1878191595
2863311530 2863311522 2863311514 4294967254
3442336557 1800702281 159068005 2118838291
3442336557 1800702281 159068005 2118838291
3442336557 1800702281 159068005 2118838291
3442336557 1800702281 159068005 2118838291
3442336557 1800702281 159068005 2118838291
399981745 904795389 1409609033 3724013455
1431655765 1431655761 1431655757 4294967275
1787400694 1761372542 1735344390 937094026
2863311530 2863311522 2863311514 4294967254
1300666396 4023761260 2451888828 337604324
3915492873 3656767093 3398041313 1862915127
466843527 1773998555 3081153583 3641338425
4294967294 4294967270 4294967246 4294967170
4294967294 4294967270 4294967246 4294967170
4294967294 4294967270 4294967246 4294967170
63124123 820613599 1578103075 3976819749
626996130 3855982394 2790001362 846050526
626996130 3855982394 2790001362 846050526
626996130 3855982394 2790001362 846050526
2147483648 2147483648 2147483648 2147483648
2147483648 2147483648 2147483648 2147483648
2147483648 2147483648 2147483648 2147483648
2147483648 2147483648 2147483648 2147483648
3428221679 1617208867 4101163351 1229600977
3428221679 1617208867 4101163351 1229600977
3428221679 1617208867 4101163351 1229600977
3428221679 1617208867 4101163351 1229600977
4114258905 1945758213 4072224817 1500273255
1 13 25 63
1 13 25 63
2267012663 3701360843 840741727 1087877001
2863311530 2863311522 2863311514 4294967254
1594211502 3544880342 1200581886 1651076818
4033464485 895430753 2052364317 705192091
825592697 2142770469 3459948241 472732359
4294967295 4294967283 4294967271 4294967233
2 26 50 126
2147483648 2147483648 2147483648 2147483648
1431655765 1431655761 1431655757 4294967275
3825904926 2492123782 1158342638 513841762
4278495209 4080830165 3883165121 3257225815
0 0 0 0
3019866091 603553519 2482208243 1273002709
2848761530 2674161522 2499561514 3378317254
2848761530 2674161522 2499561514 3378317254
2 26 50 126
2863311530 2863311522 2863311514 4294967254
3549242822 3190483726 2831724630 263998394
3531783745 2963515725 2395247705 3459043839
831160946 2215157706 3599154466 823532046
3644380337 132304125 915195209 1962694543
1053469341 810199545 566929749 1944059043
865414088 2660448552 160515720 2981479992
2147483648 2147483648 2147483648 2147483648
0 0 0 0
302362947 3930718311 3264106379 1868996477
3070563666 1262621994 3749647618 171982638
3070563666 1262621994 3749647618 171982638
3070563666 1262621994 3749647618 171982638
969417980 4012499148 2760613020 943790596
2504112892 2488696524 2473280156 3140289540
1 13 25 63
862810531 2626602311 95426795 2817455901
862810531 2626602311 95426795 2817455901
862810531 2626602311 95426795 2817455901
862810531 2626602311 95426795 2817455901
862810531 2626602311 95426795 2817455901
1731578501 1035684033 339789565 1715263163
620175562 3767315010 2619487162 416354742
156726374 2037442862 3918159350 1283826970
2147483648 2147483648 2147483648 2147483648
0 0 0 0
4294967294 4294967270 4294967246 4294967170
1738992973 1132072169 525151365 2182374899
0 0 0 0
3054299836 1051192204 3343051868 3442328644
2863311530 2863311522 2863311514 4294967254
302001223 3926015899 3255063279 1846207865
302001223 3926015899 3255063279 1846207865
302001223 3926015899 3255063279 1846207865
302001223 3926015899 3255063279 1846207865
3114326799 1831542723 548758647 2929060017
146243597 1901166761 3656089925 623412019
3076888059 1344839103 3907757443 570419397
4294967295 4294967283 4294967271 4294967233
2147483648 2147483648 2147483648 2147483648
4294967294 4294967270 4294967246 4294967170
3445270355 1838841655 232412955 2303667565
2074454927 1198110275 321765623 1841641521
1492175599 2218413603 2944651607 3812749521
2739816904 1257881384 4070913160 809773112
1 13 25 63
1 13 25 63
1 13 25 63
1 13 25 63
2298487240 4110530344 1627606152 3070775352
1030370059 509908879 4284414995 488804277
2796686915 1997191527 1197696139 97616509
62338298 810397874 1558457450 3927312774
1407362919 1115848763 824334607 2764517977
642976970 4063733314 3189522362 1852843446
1602799444 3656523588 1415280436 2192117164
4294967294 4294967270 4294967246 4294967170
4294967294 4294967270 4294967246 4294967170
4294967294 4294967270 4294967246 4294967170
4294967294 4294967270 4294967246 4294967170
2235056450 3285930074 41836402 3369602878
4294967295 4294967283 4294967271 4294967233
1 13 25 63
3780857686 1906509662 32161638 1970832938
1001026146 128438010 3550817170 2935105054
651464213 4174067473 3401703437 2387539755
2581096408 3489482232 102900760 3695283752
2323603174 142070190 2255504502 358111898
2 26 50 126
1363811292 549677612 4030511228 20765476
1626725649 3967564253 2013435561 3699468079
869116366 2708578166 253072670 3214723506
2031383322 638179410 3539942794 3423097702
2868919659 2936217199 3003514739 353312085
3577960076 3563808028 3549655980 2073185396
2863311530 2863311522 2863311514 4294967254
2355315781 554334081 3048319677 2356006139
525792455 2540334619 259909487 3060153593
1431655765 1431655761 1431655757 4294967275
985100877 4216376809 3152685445 1931813107
3403923865 1301337285 3493718001 3993805991
4294967295 4294967283 4294967271 4294967233
3568748905 3444062805 3319376705 1492881623
1404943402 1084395042 763846682 2612088406
4294967294 4294967270 4294967246 4294967170
0 0 0 0
435296456 1363886632 2292476808 1653872952
1119137836 1663889980 2208642124 1786206932
4294967295 4294967283 4294967271 4294967233
146659473 1906573149 3666486825 649612207
189792162 2467298106 449836754 3366971614
1030686504 514022664 4292326120 508740312
1034884621 568598185 102311749 773221683
1950115292 3876662316 1508242044 2598179108
1 13 25 63
1822935203 2223321159 2623707115 3175768093
4010367471 595169571 1474938967 3545047505
0 0 0 0
0 0 0 0
2557003600 3176275728 3795547856 2177436848
2 26 50 126
3510171167 2682552211 1854933255 2097451425
824446371 2127868231 3431290091 400513821
4294967294 4294967270 4294967246 4294967170
3097157764 1608345268 119532772 1847410812
3097157764 1608345268 119532772 1847410812
3097157764 1608345268 119532772 1847410812
3175064440 2621132056 2067199672 2460564104
1202641105 2749432477 1256553 2751945583
4294967294 4294967270 4294967246 4294967170
3010633189 483525793 2251385693 691329883
1903531747 3271076231 343653419 3958383069
3543809375 3119848915 2695888455 4216658529
3543809375 3119848915 2695888455 4216658529
3543809375 3119848915 2695888455 4216658529
2497998791 2409213211 2320427631 2755101177
1770406685 1540450425 1310494165 4161438755
4294967295 4294967283 4294967271 4294967233
2863311530 2863311522 2863311514 4294967254
1 13 25 63
1 13 25 63
1 13 25 63
2031176510 635490854 3534772494 3410068546
4126561694 2105694470 84827246 2275348962
25922937 336998181 648073425 1633145031
2863311530 2863311522 2863311514 4294967254
906278391 3191684491 1182123295 1260963785
1 13 25 63
1 13 25 63
891059969 2993845005 801662745 302203199
2147483648 2147483648 2147483648 2147483648
1431971319 1435757963 1439544607 19879881
1186953165 2545489257 3904025349 1763605363
1181944624 2480378224 3778811824 1448067280
2249615637 3475199505 405816077 4286831659
3492741848 2455971064 1419200280 999404328
445281574 1493693166 2542104758 2282935386
2469883490 2043714298 1617545106 983837214
3261564976 3745639024 4229713072 3615130576
908029929 3214454485 1225911745 1371310679
3716776226 1073450682 2725092434 2228668254
883569823 2896473107 614409095 4125291297
3681353058 612949498 1839513234 4291975966
3681353058 612949498 1839513234 4291975966
1 13 25 63
1431655765 1431655761 1431655757 4294967275
3476463196 2244348588 1012233980 4268816548
1788751067 1778927391 1769103715 1022167525
1788751067 1778927391 1769103715 1022167525
1788751067 1778927391 1769103715 1022167525
1788751067 1778927391 1769103715 1022167525
1508130682 2425829682 3343528682 522952454
4008760049 574273085 1434753417 3443779919
2 26 50 126
2 26 50 126
3729085776 1233474832 3032831184 3004169904
3729085776 1233474832 3032831184 3004169904
3729085776 1233474832 3032831184 3004169904
3729085776 1233474832 3032831184 3004169904
3729085776 1233474832 3032831184 3004169904
8766445 113963785 219161125 552286035
4294967295 4294967283 4294967271 4294967233
0 0 0 0
0 0 0 0
0 0 0 0
0 0 0 0
0 0 0 0
1 13 25 63
2641933924 4280369940 1623838660 3233079964
2 26 50 126
4262731252 3875898724 3489066196 2264096524
4262731252 3875898724 3489066196 2264096524
4262731252 3875898724 3489066196 2264096524
4262731252 3875898724 3489066196 2264096524
4262731252 3875898724 3489066196 2264096524
612857466 3672179762 2436534762 4250281990
4294967295 4294967283 4294967271 4294967233
4294967294 4294967270 4294967246 4294967170
4294967294 4294967270 4294967246 4294967170
4294967294 4294967270 4294967246 4294967170
4294967294 4294967270 4294967246 4294967170
4294967294 4294967270 4294967246 4294967170
2863311530 2863311522 2863311514 4294967254
2863311530 2863311522 2863311514 4294967254
3791637507 2046647335 301657163 2649961661
3791637507 2046647335 301657163 2649961661
3791637507 2046647335 301657163 2649961661
3791637507 2046647335 301657163 2649961661
3791637507 2046647335 301657163 2649961661
4294967294 4294967270 4294967246 4294967170
1367208373 593839665 4115438253 234781579
1766726786 1492611738 1218496690 3929605118
889613193 2975036917 765493345 211056311
4294967294 4294967270 4294967246 4294967170
3483477028 2335528404 1187579780 415720668
1 13 25 63
4274422917 4027890369 3781357821 3000671419
4294967295 4294967283 4294967271 4294967233
4294967295 4294967283 4294967271 4294967233
697679417 479897829 262116241 1004130311
3861864214 2959594526 2057324838 2779276906
0 0 0 0
4294967294 4294967270 4294967246 4294967170
483914836 1995925572 3507936308 421863596
3250583383 3602878315 3955173247 2923290217
3250583383 3602878315 3955173247 2923290217
3250583383 3602878315 3955173247 2923290217
3250583383 3602878315 3955173247 2923290217
1724372345 942004005 159635665 1261275335
3741527637 1395219025 3343877709 3788007147
1 13 25 63
3709004903 972423483 2530809359 1739074905
4294967295 4294967283 4294967271 4294967233
3759059944 1623139016 3782185384 597575192
4294967294 4294967270 4294967246 4294967170
2470842635 2056183183 1641523731 1044263349
4294967294 4294967270 4294967246 4294967170
1494988103 2254976155 3014964207 3989937273
2384627652 935388404 3781116452 4202654012
1369888653 628683305 4182445253 403639219
0 0 0 0
1414025953 1202468205 990910457 3184289119
1674524841 293986453 3208415361 2415849879
90286638 1173726294 2257165950 1393090898
1453052237 1709809897 1966567557 1347977715
43987679 571839827 1099691975 2771223777
943348029 3673589785 2108864245 3596350979
1526228659 2661103383 3795978107 1663125005
3841261737 2691762325 1542262913 1481320855
2375662592 818842624 3556989952 3637855232
2272905545 3777968309 988063777 1459128567
4294967295 4294967283 4294967271 4294967233
2949174777 3979533733 714925393 1114417223
3017360039 570974843 2419556943 1115121433
2272532714 3773121506 978743002 1435640214
2272532714 3773121506 978743002 1435640214
2272532714 3773121506 978743002 1435640214
2272532714 3773121506 978743002 1435640214
2824652845 2360748617 1896844389 1859470099
66932695 870125035 1673317375 4216759785
1431655765 1431655761 1431655757 4294967275
1431655765 1431655761 1431655757 4294967275
1431655765 1431655761 1431655757 4294967275
1431655765 1431655761 1431655757 4294967275
1431655765 1431655761 1431655757 4294967275
140440543 1825727059 3511013575 257819617
4208962506 3176905026 2144847546 3171632822
1 13 25 63
1677115088 327659664 3273171536 2579035440
4294967294 4294967270 4294967246 4294967170
1955241485 3943302825 1636396869 2921129267
1176069827 2404005863 3631941899 1077955069
2863311530 2863311522 2863311514 4294967254
2863311530 2863311522 2863311514 4294967254
2863311530 2863311522 2863311514 4294967254
2863311530 2863311522 2863311514 4294967254
2863311530 2863311522 2863311514 4294967254
2147483648 2147483648 2147483648 2147483648
968816411 4004678751 2745573795 905891749
1431655765 1431655761 1431655757 4294967275
2147483648 2147483648 2147483648 2147483648
2863311530 2863311522 2863311514 4294967254
27548714 358133282 688717850 1735568982
2300915484 4142097516 1688312252 3223754724
0 0 0 0
0 0 0 0
0 0 0 0
0 0 0 0
0 0 0 0
2 26 50 126
2843265322 2602710818 2362156314 3032056150
2843265322 2602710818 2362156314 3032056150
1431655765 1431655761 1431655757 4294967275
1431655765 1431655761 1431655757 4294967275
4266074599 3919362235 3572649871 2474727385
2863311530 2863311522 2863311514 4294967254
2863311530 2863311522 2863311514 4294967254
2863311530 2863311522 2863311514 4294967254
2863311530 2863311522 2863311514 4294967254
2863311530 2863311522 2863311514 4294967254
2 26 50 126
2 26 50 126
1688821116 479838028 3565822236 3316515204
2863311530 2863311522 2863311514 4294967254
1970951747 4147536231 2029153419 3910875773
4294967295 4294967283 4294967271 4294967233
3070530906 1262196114 3748828618 169918758
3344707536 531525008 2013309776 263177264
3344707536 531525008 2013309776 263177264
3344707536 531525008 2013309776 263177264
3344707536 531525008 2013309776 263177264
1218211902 2951852838 390526478 3732905794
684277851 305677471 4222044387 159831653
2 26 50 126
2508022271 2539518451 2571014631 3386580417
2715844626 946241770 3471606210 3594486894
2262634915 3644450119 731298027 812078877
2262634915 3644450119 731298027 812078877
3702238414 884459126 2361647134 1312786098
4294967294 4294967270 4294967246 4294967170
773088016 1460209616 2147331216 1459904752
2147483648 2147483648 2147483648 2147483648
2098884865 1515699469 932514073 3380727615
2680533412 487195988 2588825860 1369880412
2964496339 4178714039 1097964443 2079675629
1761756335 1427995875 1094235415 3616466705
1503608320 2367038976 3230469632 238043648
2050288833 883951053 4012580569 319177599
2666388246 303308830 2235196710 478734954
2821651526 2321731470 1821811414 1670387002
3163460722 2470283722 1777106722 1729529870
1431655765 1431655761 1431655757 4294967275
3796506806 2109948222 423389638 2956727498
1210003216 2845139920 185309328 3215758576
1210003216 2845139920 185309328 3215758576
2863311530 2863311522 2863311514 4294967254
4294967294 4294967270 4294967246 4294967170
1545384615 2910130811 4274877007 2869950233
3029752162 732072442 2729360018 1895825182
2341915320 380128088 2713308152 1511777096
2341915320 380128088 2713308152 1511777096
2341915320 380128088 2713308152 1511777096
2341915320 380128088 2713308152 1511777096
2391191671 1020720651 3945216927 321219913
1 13 25 63
1712627604 789322372 4160984436 521356652
172806992 2246490896 25207504 2296905904
520062218 2465841538 116653562 2699148662
520062218 2465841538 116653562 2699148662
520062218 2465841538 116653562 2699148662
520062218 2465841538 116653562 2699148662
520062218 2465841538 116653562 2699148662
976340313 4102489477 2933671345 1379897575
976340313 4102489477 2933671345 1379897575
976340313 4102489477 2933671345 1379897575
976340313 4102489477 2933671345 1379897575
976340313 4102489477 2933671345 1379897575
1519325606 2571363694 3623401782 1228232666
3842536463 2708333763 1574131063 1561628593
3798531231 2136265747 474000263 3084266273
1758950842 1391524466 1024098090 3439720646
3031387600 753333136 2770245968 1998857776
4294967294 4294967270 4294967246 4294967170
3242192525 3493797161 3745401797 2394666163
2147483648 2147483648 2147483648 2147483648
2066311914 1092251106 118190298 1328631702
1431655765 1431655761 1431655757 4294967275
3565619832 3403384856 3241149880 1295750024
3565619832 3403384856 3241149880 1295750024
3565619832 3403384856 3241149880 1295750024
3565619832 3403384856 3241149880 1295750024
3565619832 3403384856 3241149880 1295750024
2863311530 2863311522 2863311514 4294967254
1930542777 3622219621 1018929169 1365110663
1579492501 3353533329 832606861 723779755
2147483648 2147483648 2147483648 2147483648
1295739074 3959706074 2328705778 27183038
1589504805 3483693281 1082914461 1354554907
1911708562 3377374826 548073794 178555118
1259829632 3492883328 1430969728 2059855488
3991959185 355861853 1014731817 2385325487
3991959185 355861853 1014731817 2385325487
3991959185 355861853 1014731817 2385325487
548052641 2829717037 816414137 167578015
722043643 796632767 871221891 2539076549
722043643 796632767 871221891 2539076549
4294967294 4294967270 4294967246 4294967170
4294967294 4294967270 4294967246 4294967170
438318189 1403169161 2368020133 1844242131
438318189 1403169161 2368020133 1844242131
3771597326 1786124982 4095619934 1387430258
3771597326 1786124982 4095619934 1387430258
3771597326 1786124982 4095619934 1387430258
1 13 25 63
1159189616 2184563120 3209936624 14501776
2855100415 2756567027 2658033639 3777667009
4294967295 4294967283 4294967271 4294967233
4294967295 4294967283 4294967271 4294967233
4294967295 4294967283 4294967271 4294967233
4294967295 4294967283 4294967271 4294967233
4294967295 4294967283 4294967271 4294967233
2642723849 4290638965 1643586785 3282845239
3848256712 2782697000 1717137288 1922004280
2147483648 2147483648 2147483648 2147483648
2147483648 2147483648 2147483648 2147483648
2147483648 2147483648 2147483648 2147483648
2147483648 2147483648 2147483648 2147483648
4289174016 4219654656 4150135296 3929990656
2147483648 2147483648 2147483648 2147483648
2147483648 2147483648 2147483648 2147483648
2147483648 2147483648 2147483648 2147483648
2147483648 2147483648 2147483648 2147483648
2147483648 2147483648 2147483648 2147483648
1449286914 1660860698 1872434482 1110762366
2849787567 2687500003 2525212439 3442957585
2978726142 68734182 1453709518 2976153218
650332365 4159353449 3373407237 2316233331
1428470964 1390253348 1352035732 4094324812
1428470964 1390253348 1352035732 4094324812
2870019359 2950513299 3031007239 422593185
4294967295 4294967283 4294967271 4294967233
2558326812 3193477484 3828628156 2260799204
2558326812 3193477484 3828628156 2260799204
2147483648 2147483648 2147483648 2147483648
1935116229 3681674497 1133265469 1653238139
4294967295 4294967283 4294967271 4294967233
691552785 400251613 108950441 618152495
691552785 400251613 108950441 618152495
1305412861 4085465305 2570550453 636631619
383920874 696004066 1008087258 2712178582
3953086054 4145478446 42903542 4231285530
4073260332 1412776764 3047260492 3212330452
1529548797 2704265177 3878981557 1872293699
2077799843 1241594183 405388523 2052371229
1414466094 1208190038 1001913982 3212018002
1414466094 1208190038 1001913982 3212018002
1414466094 1208190038 1001913982 3212018002
60578177 787516301 1514454425 3816425151
1919565700 3479517620 744502244 673554812
2 26 50 126
3347086977 562457741 2072795801 413082047
3347086977 562457741 2072795801 413082047
3347086977 562457741 2072795801 413082047
3415298863 1449212259 3778092951 415463569
3415298863 1449212259 3778092951 415463569
3415298863 1449212259 3778092951 415463569
4294967294 4294967270 4294967246 4294967170
2597220453 3699094817 506001885 416131291
4294967295 4294967283 4294967271 4294967233
3782004408 1921417048 60829688 2043076424
3353287987 643070871 2227821051 803745677
984026412 4202408764 3125823820 1864121812
1004599245 174888297 3640144645 3160210291
1965883449 4081648357 1902445969 3591572999
1354650911 430592659 3801501703 3738628769
2147483648 2147483648 2147483648 2147483648
1574940360 3294355496 718803336 436994872
255180741 3317349633 2084551229 3191484795
4294967295 4294967283 4294967271 4294967233
1375827914 705893698 35959482 777812662
495184110 2142426134 3789668158 1131827858
0 0 0 0
2215823083 3035896303 3855969523 2157900757
277464466 3607038058 2641644354 300392174
176681841 2296863933 122078729 2541021391
1261374333 3512964441 1469587253 2157171651
2147483648 2147483648 2147483648 2147483648
2780357551 1784909795 789462039 3363833873
2640199915 4257827823 1580488435 3123837397
2001339092 247604420 2788837044 1530311212
2001339092 247604420 2788837044 1530311212
2001339092 247604420 2788837044 1530311212
2001339092 247604420 2788837044 1530311212
1188621489 2567177469 3945733449 1868709775
1713024447 794481331 4170905511 546357761
1431655765 1431655761 1431655757 4294967275
1108512045 1525754697 1942997349 1116782099
0 0 0 0
0 0 0 0
1 13 25 63
2635054775 4190941003 1451859935 2799693577
1983195074 11732186 2335236594 387238078
701545804 530160860 358775916 1247712692
3185656121 2758823909 2331991697 3127840007
3185961804 2762797788 2339633772 3147098036
1 13 25 63
2070702528 1149329088 227955648 1605240384
815981527 2017825259 3219668991 4162195945
1384710058 821361570 258013082 1337387734
1083791474 1204387274 1324983074 3854353422
4040149202 982332074 2219482242 1126329262
4040149202 982332074 2219482242 1126329262
3098218768 1622138320 146057872 1914254064
193137441 2510786733 533468729 3577724191
2 26 50 126
0 0 0 0
3450037677 1900816841 351596005 2604008851
2683222083 522148711 2656042635 1539266685
2287706863 3970385443 1358096727 2391611601
2287706863 3970385443 1358096727 2391611601
3812644728 2319741208 826837688 3973416584
2028212216 596955032 3460665144 3223318024
2954137879 4044054059 839002943 1427092649
0 0 0 0
1496818610 2278772746 3060726882 4105259214
1 13 25 63
457665657 1654686245 2851706833 3063132615
3478508087 2270932171 1063356255 102677385
3478508087 2270932171 1063356255 102677385
3478508087 2270932171 1063356255 102677385
2929100649 3718570069 213072193 4144714455
2 26 50 126
3158522943 2406092595 1653662247 1418449793
1845311547 2514213631 3183115715 290510469
1845311547 2514213631 3183115715 290510469
1845311547 2514213631 3183115715 290510469
1719259386 875535538 31811690 939158918
1719259386 875535538 31811690 939158918
1719259386 875535538 31811690 939158918
1719259386 875535538 31811690 939158918
1719259386 875535538 31811690 939158918
2 26 50 126
1927500744 3582673192 942878344 1173462584
1431655765 1431655761 1431655757 4294967275
490553871 2082233027 3673912183 840122801
2835103456 2496606560 2158109664 2517858592
4117142323 1983242647 4144310267 1681928589
2004271645 285727609 2862150869 1715062051
1190435719 2590762459 3991089199 1983006265
1190435719 2590762459 3991089199 1983006265
1190435719 2590762459 3991089199 1983006265
3825966581 2492925297 1159884013 517726027
3799457682 2148309610 497161538 3142632686
4294967295 4294967283 4294967271 4294967233
3867971120 3038984304 2209997488 3164011984
4294967294 4294967270 4294967246 4294967170
3032208214 764001118 2790761318 2050556458
1343336738 283508410 3518647378 3025835870
2147483648 2147483648 2147483648 2147483648
2147483648 2147483648 2147483648 2147483648
4111135548 1905154572 3994140892 1303501764
866552051 2675242071 188964795 3053171661
3400159451 1252399903 3399607651 3756647909
4161844135 2564366203 966888271 203175449
2147483648 2147483648 2147483648 2147483648
4099988443 1760242207 3715463267 601234149
1826747073 2272875469 2719003865 3415915903
3326160724 290416452 1549639476 3389695404
3326160724 290416452 1549639476 3389695404
3326160724 290416452 1549639476 3389695404
3326160724 290416452 1549639476 3389695404
3326160724 290416452 1549639476 3389695404
2 26 50 126
1520183853 2582520905 3644857957 1282302227
2316184856 45632056 2070046552 4185725160
272241756 3539142828 2511076604 4266328740
3994868932 393688564 1087475492 2568639548
1193690410 2633073442 4072456474 2188051798
1 13 25 63
3643894608 125989648 903051984 1932093616
3742092516 1402562452 3357999684 3823594524
2483655911 2222755771 1961855631 1851499737
946809878 3718593822 2195410470 3814447466
946809878 3718593822 2195410470 3814447466
946809878 3718593822 2195410470 3814447466
946809878 3718593822 2195410470 3814447466
1431655765 1431655761 1431655757 4294967275
1 13 25 63
1 13 25 63
1 13 25 63
2863311530 2863311522 2863311514 4294967254
4294967294 4294967270 4294967246 4294967170
2863311530 2863311522 2863311514 4294967254
2863311530 2863311522 2863311514 4294967254
0 0 0 0
1391996419 916084263 440172107 1796428477
1391996419 916084263 440172107 1796428477
3817033766 2376798702 936563638 4249925978
2 26 50 126
0 0 0 0
1453385852 1714146892 1974907932 1368995460
1718025319 859492667 960015 861412697
1690675089 503939677 3612171561 3433315503
2122975313 1828875293 1534775273 603458543
1974926615 4199209515 2128525119 4161292457
3175951061 2632658129 2089365197 2516421227
3420961473 1522826189 3919658201 772207999
3581856329 3614459317 3647062305 2318649335
2706998424 831241144 3250451160 3037176168
1 13 25 63
1431655765 1431655761 1431655757 4294967275
2782748658 1815994186 849239714 3514473614
1758068745 1380057205 1002045665 3384148535
1758068745 1380057205 1002045665 3384148535
1758068745 1380057205 1002045665 3384148535
1758068745 1380057205 1002045665 3384148535
1758068745 1380057205 1002045665 3384148535
82112386 1067461018 2052809650 878113022
434993330 1359945994 2284898658 1634776014
1806333090 2007493690 2208654290 2129834974
1092663865 1319728357 1546792849 118346759
1396475684 974314708 552153732 2078622172
4294967294 4294967270 4294967246 4294967170
3022371308 636121340 2544838668 1430831380
3835643761 2618728637 1401813513 1127388367
2767098528 1612542496 457986464 2528515424
337083482 87117970 4132119754 4056390182
3692781392 761517840 2125221584 716993712
3705207754 923060546 2435880634 1499854518
587480093 3342273913 1802100437 2651507491
1 13 25 63
2863311530 2863311522 2863311514 4294967254
4294967294 4294967270 4294967246 4294967170
1431655765 1431655761 1431655757 4294967275
2863311530 2863311522 2863311514 4294967254
2863311530 2863311522 2863311514 4294967254
2863311530 2863311522 2863311514 4294967254
2863311530 2863311522 2863311514 4294967254
286116445 3719513785 2857943829 845466851
286116445 3719513785 2857943829 845466851
281747268 3662714484 2748714404 570208700
2 26 50 126
2172451934 2472071366 2771690798 3720485666
1431655765 1431655761 1431655757 4294967275
4294967295 4294967283 4294967271 4294967233
3683291022 638143030 1887962334 119100402
1915529179 3427042847 643589219 419253989
1431655765 1431655761 1431655757 4294967275
1911779220 3378293380 549840244 183006572
4186410008 2883722552 1581035096 1750825448
3354134577 654076541 2248985801 857080847
3354134577 654076541 2248985801 857080847
3354134577 654076541 2248985801 857080847
3354134577 654076541 2248985801 857080847
3354134577 654076541 2248985801 857080847
1145221489 2002977469 2860733449 3429477071
2733251540 1172531652 3906779060 396155180
3753174121 1546623317 3635039809 226768343
2988249511 192537979 1691793743 3576125465
642037414 4051519086 3166033462 1793651418
642037414 4051519086 3166033462 1793651418
642037414 4051519086 3166033462 1793651418
2 26 50 126
4294967294 4294967270 4294967246 4294967170
3136608315 2121202431 1105796547 37828229
2757208800 1483976032 210743264 1905462560
1 13 25 63
2455466930 1856299018 1257131106 75593934
3508829401 2665109253 1821389105 2012920167
1 13 25 63
1 13 25 63
1 13 25 63
2 26 50 126
1186818937 2543744293 3900669649 1755148999
4294967295 4294967283 4294967271 4294967233
498558709 2186295921 3874033133 1344427595
4294967294 4294967270 4294967246 4294967170
1603416510 3664545446 1430707086 2230992322
1603416510 3664545446 1430707086 2230992322
1603416510 3664545446 1430707086 2230992322
1603416510 3664545446 1430707086 2230992322
1603416510 3664545446 1430707086 2230992322
1656618798 61207894 2760764286 1287769170
2151718935 2202542379 2253365823 2414306729
1370887141 641663649 4207407453 466543963
3227526561 3303139629 3378752697 1470710431
2147483648 2147483648 2147483648 2147483648
4294967294 4294967270 4294967246 4294967170
4043503589 1025939105 2303341917 1337655643
936395427 3583205959 1935049195 3158337053
936395427 3583205959 1935049195 3158337053
936395427 3583205959 1935049195 3158337053
936395427 3583205959 1935049195 3158337053
3697131172 818064980 2233966084 991029852
3885409589 3265684401 2645959213 4262635531
3960196058 4237908498 220653642 384248486
0 0 0 0
1748500134 1255665262 762830390 2781326042
1866108468 2784573604 3703038740 1600716492
1 13 25 63
1913593228 3401875484 595190444 297289076
3811739680 2307975584 804211488 3916398560
0 0 0 0
99693728 1296018464 2492343200 1985737568
555758931 2929898807 1009071387 653074285
3036475527 819476187 2897444143 2319397177
3036475527 819476187 2897444143 2319397177
3036475527 819476187 2897444143 2319397177
3036475527 819476187 2897444143 2319397177
2688102367 585592403 2778049735 1846724577
3908758976 3569226432 3229693888 1438679616
2625318268 4064366412 1208447260 2186293636
4050945673 1122686197 2489394017 1806506935
4294967295 4294967283 4294967271 4294967233
0 0 0 0
3547988048 3174171664 2800355280 184947632
1 13 25 63
2863311530 2863311522 2863311514 4294967254
3850154346 2807366242 1764578138 2041555222
2863311530 2863311522 2863311514 4294967254
3915784690 3660560714 3405336738 1881299598
1228762342 3089008558 654287478 102616218
3926197778 3795930858 3665663938 2537324142
267977575 3483708475 2404472079 3997685337
576409288 3198353448 1525330312 1954046776
2 26 50 126
3539286561 3061052333 2582818105 3931721247
3539286561 3061052333 2582818105 3931721247
249763394 3246924122 1949117554 2850191934
3698982751 842135507 2280255559 1107679329
2521942813 2720485497 2919028181 4263574563
1431655765 1431655761 1431655757 4294967275
901804111 3133518851 1070266295 979084145
3494126754 2473974842 1453822930 1086653406
4294967295 4294967283 4294967271 4294967233
2917383972 3566253268 4215122564 3406563804
553487627 2900371855 952288787 509982133
1635703661 4084278409 2237885861 4265082835
0 0 0 0
4294967294 4294967270 4294967246 4294967170
2 26 50 126
4169604947 2665256759 1160908571 692106605
1683189859 406631687 3425040811 2961746013
0 0 0 0
2 26 50 126
989725870 4276501718 3268310270 2223187666
1195107306 2651493090 4107878874 2277316246
3531953751 2965725803 2399497855 3469754217
1431655765 1431655761 1431655757 4294967275
2788432210 1889880362 991328514 3872537390
1658729739 88650127 2813537811 1420758453
3131356941 2052934569 974512197 4001958963
755057258 1225809762 1696562266 323966998
755057258 1225809762 1696562266 323966998
755057258 1225809762 1696562266 323966998
2440625900 1663365628 886105356 3435576340
2238996550 3337151374 140338902 3617829178
1656931245 65269705 2768575461 1307453331
2422287368 1424964712 427642056 2280248824
2642449166 4287068086 1636719710 3265540210
1431655765 1431655761 1431655757 4294967275
332182878 23410118 4009604654 3747652130
0 0 0 0
4294967294 4294967270 4294967246 4294967170
1791410303 1813497459 1835584615 1189699393
1033914559 555987379 78060199 712107777
2777271483 1744790911 712310339 3169411589
2432119218 1552778762 673438306 2899655374
1894952277 3159543121 129166669 3417876459
1365903404 576875068 4082814028 152568532
1365903404 576875068 4082814028 152568532
2883370709 3124080849 3364790989 1263728235
3930846261 3856361137 3781876013 2830178571
3951577248 4125863968 5183392 4136230752
207020593 2691267709 880547529 157395471
207020593 2691267709 880547529 157395471
4219120828 3308963212 2398805596 3811607108
4219120828 3308963212 2398805596 3811607108
4219120828 3308963212 2398805596 3811607108
4219120828 3308963212 2398805596 3811607108
2222534709 3123147441 4023760173 2580733195
2222534709 3123147441 4023760173 2580733195
2222534709 3123147441 4023760173 2580733195
2222534709 3123147441 4023760173 2580733195
2 26 50 126
2725078720 1066284992 3702458560 4176234816
2725078720 1066284992 3702458560 4176234816
2725078720 1066284992 3702458560 4176234816
2725078720 1066284992 3702458560 4176234816
2725078720 1066284992 3702458560 4176234816
4294967295 4294967283 4294967271 4294967233
412769737 1071039285 1729308833 234689655
3461593314 2051040122 640486930 3332013982
4294967295 4294967283 4294967271 4294967233
247461667 3217001671 1891574379 2705183133
2190983770 2712985234 3234986698 593024038
2190983770 2712985234 3234986698 593024038
2190983770 2712985234 3234986698 593024038
2190983770 2712985234 3234986698 593024038
2190983770 2712985234 3234986698 593024038
958964815 3876608003 2499283895 285241201
1786567825 1750545245 1714522665 884623279
2880245699 3083455719 3286665739 1066852605
2203848330 2880224514 3556600698 1403491318
602290976 3534815392 2172372512 3584593120
3572158 46438054 89303950 225045954
3086808262 1473801742 4155762518 1195392186
1 13 25 63
1347896006 342778894 3632629078 3313069754
4108667623 1873071547 3932442767 1148022489
2 26 50 126
3192130997 2842997297 2493863597 3535757195
3682319751 625516507 1863680559 57910329
2000158607 232258115 2759324919 1455940657
2147483648 2147483648 2147483648 2147483648
2147483648 2147483648 2147483648 2147483648
163323865 2123210245 4083096625 1699468903
587332446 3340354502 1798409262 2642205730
1031645455 526489027 21332599 569154225
1449605456 1665001744 1880398032 1130830512
605371456 3574861632 2249384512 3778663360
1 13 25 63
816660393 2026650517 3236640641 4204964503
816660393 2026650517 3236640641 4204964503
816660393 2026650517 3236640641 4204964503
2914440871 3527992955 4141545039 3221148441
179585164 2334607132 194661804 2723930740
2804962803 2104778071 1404593339 618997453
2804962803 2104778071 1404593339 618997453
2804962803 2104778071 1404593339 618997453
1797839145 1897072405 1996305665 1594716439
3464000457 2082332981 700665505 3483663991
2 26 50 126
3552731357 3235834681 2918938005 483776099
3355679819 674164687 2287616851 954431093
341688076 146977692 4247234604 51512308
2821397126 2318424270 1815451414 1654359802
2147483648 2147483648 2147483648 2147483648
2971068711 4264154875 1262273743 2493735065
1357295693 464974825 3867621253 3905250035
701501551 529585571 357669591 1244924753
0 0 0 0
2170216458 2443010178 2715803898 3579650678
2177407087 2536488355 2895569623 4032660305
2863311530 2863311522 2863311514 4294967254
2706515269 824960129 3238372285 3006737403
4294967294 4294967270 4294967246 4294967170
2890044468 3210839716 3531634964 1684175052
3083282254 1427963638 4067612318 973253682
1774798922 1597549506 1420300090 143182390
1431655765 1431655761 1431655757 4294967275
1360402288 505360560 3945286128 4100965520
2945236346 3928334130 616464618 866296070
3593386811 3764355583 3935324355 3045069701
381127512 659690360 938253208 2536196776
547672159 2824770771 806902087 143607649
2395606598 1078114702 4055590102 599360314
560443932 2990803820 1126196412 948229348
1453767778 1719111930 1984456082 1393056798
2147483648 2147483648 2147483648 2147483648
3876027367 3143715515 2411403663 3671555545
3967722040 40778968 408803192 858385352
3967722040 40778968 408803192 858385352
3457647653 1999746529 541845405 3083437339
4172068552 2697283624 1222498696 847313720
2289376423 3992089723 1399835727 2496793881
1635594042 4082853362 2235145386 4258176838
462093494 1712248126 2962402758 3342086346
2 26 50 126
2653151040 131225152 1904266560 3939758272
386214437 725820385 1065426333 2856673051
3123332560 1948617616 773902672 3496422960
1956335382 3957523486 1663744294 2990044778
2147483648 2147483648 2147483648 2147483648
1431655765 1431655761 1431655757 4294967275
4294967295 4294967283 4294967271 4294967233
3722458986 1147326562 2867161434 2586682134
3722458986 1147326562 2867161434 2586682134
3722458986 1147326562 2867161434 2586682134
1127228036 1769062580 2410897124 2295889532
4294967295 4294967283 4294967271 4294967233
4193624977 2977517149 1761409321 2205368495
2828465505 2410313197 1992160889 2099667679
2828465505 2410313197 1992160889 2099667679
2828465505 2410313197 1992160889 2099667679
1181196977 2470658813 3760120649 1400965519
2738338597 1238663393 4033955485 716639771
1207604508 2813956716 125341628 3064639972
4294967294 4294967270 4294967246 4294967170
229616835 2985018855 1445453579 1580958717
229616835 2985018855 1445453579 1580958717
4294967294 4294967270 4294967246 4294967170
1 13 25 63
4189382230 2922361438 1655340646 1938075434
486682216 2031901512 3577120808 596208536
560780765 2995182649 1134617237 969449827
4294967295 4294967283 4294967271 4294967233
2325797357 170594569 2310359077 496345427
2681432629 498885809 2611306285 1426531083
4294967295 4294967283 4294967271 4294967233
2 26 50 126
851490396 2479440556 4107390716 2104287396
851490396 2479440556 4107390716 2104287396
851490396 2479440556 4107390716 2104287396
851490396 2479440556 4107390716 2104287396
851490396 2479440556 4107390716 2104287396
1431655765 1431655761 1431655757 4294967275
2845648865 2633696877 2421744889 3182219359
781779223 1573195307 2364611391 2007450793
2 26 50 126
1769295731 1526008023 1282720315 4091448653
4294967294 4294967270 4294967246 4294967170
1970331819 4139477167 2013655219 3871820309
569089568 3103197088 1342337312 1492904416
1940865279 3756412147 1276991719 2015428289
143904212 1870754756 3597605300 476030764
143904212 1870754756 3597605300 476030764
143904212 1870754756 3597605300 476030764
143904212 1870754756 3597605300 476030764
143904212 1870754756 3597605300 476030764
3455384289 1970322797 485261305 2940845407
142462195 1852008535 3561554875 385183693
4294967295 4294967283 4294967271 4294967233
4294967295 4294967283 4294967271 4294967233
4294967295 4294967283 4294967271 4294967233
2 26 50 126
3852070100 2832271044 1812471988 2162247724
1205753678 2789895926 79070878 2948037682
4294967295 4294967283 4294967271 4294967233
4154191361 2464880141 775568921 4016017983
2778699978 1763361346 748022714 3259406774
0 0 0 0
272979065 3548727845 2529509329 17811911
34609738 449926594 865243450 2180413494
3872034003 3091801783 2311569563 3419973613
309553855 4024200115 3443879079 2322023681
2582508431 3507838531 138201335 3784241201
1 13 25 63
0 0 0 0
2147483648 2147483648 2147483648 2147483648
760815667 1300669079 1840522491 686746765
3676624798 551482118 1721306734 3994095586
3058016439 1099508043 3435966943 3676474633
899800385 3107470413 1020173145 852849407
899800385 3107470413 1020173145 852849407
899800385 3107470413 1020173145 852849407
899800385 3107470413 1020173145 852849407
3024169918 659503270 2589803918 1544143810
3627899572 4213021476 503176084 924406348
3099371332 1637121652 174871972 1986865596
1435881482 1486590082 1537298682 266220150
1 13 25 63
1 13 25 63
1 13 25 63
2892824587 3246981263 3601137939 1859322549
1775776070 1610252430 1444728790 204742714
1739359165 1136832665 534306165 2205444995
1739359165 1136832665 534306165 2205444995
1739359165 1136832665 534306165 2205444995
1739359165 1136832665 534306165 2205444995
1739359165 1136832665 534306165 2205444995
3036940513 825521005 2909068793 2348691295
4294967294 4294967270 4294967246 4294967170
2147483648 2147483648 2147483648 2147483648
4294967295 4294967283 4294967271 4294967233
316945625 4120293125 3628673329 2787705191
316945625 4120293125 3628673329 2787705191
1675805411 310633863 3240429611 2496525789
1767206636 1498849788 1230492940 3959835668
821407750 2088366158 3355324566 209080698
821407750 2088366158 3355324566 209080698
821407750 2088366158 3355324566 209080698
3715576549 1057854881 2695100509 2153088603
2538801996 2939654876 3340507756 1030735796
1312016161 4171308205 2735632953 1052639519
1693736560 543738800 3688708336 3626188176
4294967295 4294967283 4294967271 4294967233
2147483648 2147483648 2147483648 2147483648
2314708709 26442145 2033142877 4092727899
3281491889 4004688893 432918601 575558799
4294967294 4294967270 4294967246 4294967170
3733760122 1294241330 3149689834 3298653702
1649605121 4264997389 2585422361 845907519
2 26 50 126
2 26 50 126
2 26 50 126
3457688284 2000274732 542861180 3085997092
3868291466 3043148802 2218006138 3184193782
2033953525 671592049 3604197869 3585020491
2699769559 737265899 3069729535 2581757673
4294967295 4294967283 4294967271 4294967233
3777004637 1856420025 4230802709 1728090851
314899525 4093693825 3577520829 2658800891
314899525 4093693825 3577520829 2658800891
3143453208 2210186040 1276918872 469056488
2076295360 1222035904 367776448 1957588800
2093265296 1442645072 792024848 3026694768
2093265296 1442645072 792024848 3026694768
2592890035 3642799383 397741435 143314957
2592890035 3642799383 397741435 143314957
2592890035 3642799383 397741435 143314957
1424802453 1342562705 1260322957 3863208619
3890140425 3327185269 2764230113 265710903
3708133525 961095569 2509024909 1684178091
4294967294 4294967270 4294967246 4294967170
2653816573 139877081 1920904885 3981686851
1834465460 2373214500 2911963540 3902174284
1834465460 2373214500 2911963540 3902174284
1834465460 2373214500 2911963540 3902174284
1834465460 2373214500 2911963540 3902174284
938904943 3615829667 1997787095 3316436561
3923783089 3764539901 3605296713 2385198735
3923783089 3764539901 3605296713 2385198735
3923783089 3764539901 3605296713 2385198735
674174018 174327642 3969448562 3818257470
2354241406 540367206 3021460302 2288320514
3988791294 314679270 935534542 2185748354
4294967294 4294967270 4294967246 4294967170
3527787560 2911565320 2295343080 3207284184
2 26 50 126
3847970221 2778972617 1709975013 1903955347
1360311004 504173868 3943004028 4095214628
1 13 25 63
1 13 25 63
1 13 25 63
1 13 25 63
1 13 25 63
2569695043 3341264487 4112833931 2976997757
3109329307 1766575327 423821347 2614218021
1899572993 3219612429 244684569 3708981567
3290137861 4117086529 649067901 1120255035
2261713374 3632470086 708259502 754021794
4294967294 4294967270 4294967246 4294967170
4294967294 4294967270 4294967246 4294967170
4294967294 4294967270 4294967246 4294967170
1431655765 1431655761 1431655757 4294967275
1431655765 1431655761 1431655757 4294967275
1431655765 1431655761 1431655757 4294967275
1431655765 1431655761 1431655757 4294967275
1431655765 1431655761 1431655757 4294967275
1 13 25 63
2541597946 2976002226 3410406506 1206880646
2541597946 2976002226 3410406506 1206880646
2863311530 2863311522 2863311514 4294967254
2090689650 1409161674 727633698 2864429070
1 13 25 63
2572304259 3375184295 4178064331 3141378365
2572304259 3375184295 4178064331 3141378365
4054220844 1165263420 2571273292 2012842708
507810011 2306562847 4105315683 1927259621
1204926108 2779137516 58381628 2895900772
1204926108 2779137516 58381628 2895900772
1204926108 2779137516 58381628 2895900772
1204926108 2779137516 58381628 2895900772
1204926108 2779137516 58381628 2895900772
4294967294 4294967270 4294967246 4294967170
4274548271 4029519971 3784491671 3008568721
4294967295 4294967283 4294967271 4294967233
1660671920 113898480 2862092336 1543115856
1660671920 113898480 2862092336 1543115856
1310115333 4146597441 2688112253 932887355
464751085 1746796809 3028842533 3509514579
1716618947 841209831 4260768011 772811261
250388976 3255056688 1964757104 2889603600
1431655765 1431655761 1431655757 4294967275
1431655765 1431655761 1431655757 4294967275
1431655765 1431655761 1431655757 4294967275
1431655765 1431655761 1431655757 4294967275
2147483648 2147483648 2147483648 2147483648
2543862826 3005445666 3467028506 1349568086
2543862826 3005445666 3467028506 1349568086
2543862826 3005445666 3467028506 1349568086
2543862826 3005445666 3467028506 1349568086
1629779503 4007264355 2089781911 3891860881
2863311530 2863311522 2863311514 4294967254
690740287 389689139 88637991 566965121
690740287 389689139 88637991 566965121
4294967294 4294967270 4294967246 4294967170
3318074330 185293330 1347479626 2880252582
2101200751 1545805987 990411223 3526628433
3160549660 2432439916 1704330172 1546132964
3160549660 2432439916 1704330172 1546132964
3160549660 2432439916 1704330172 1546132964
3160549660 2432439916 1704330172 1546132964
3160549660 2432439916 1704330172 1546132964
1421383214 1298112598 1174841982 3647796562
15760148 204881924 394003700 992889324
2833413551 2474637795 2115862039 2411394577
4169800493 2667798857 1165797221 704426003
2514850504 2628285480 2741720456 3816759096
2543424563 2999748247 3456071931 1321957517
556892716 2944638012 1037416012 724502740
2265163468 3677321308 794511852 971377716
4135652940 2223880668 312108396 2848097460
88311069 1148043897 2207776725 1268630051
88311069 1148043897 2207776725 1268630051
88311069 1148043897 2207776725 1268630051
88311069 1148043897 2207776725 1268630051
88311069 1148043897 2207776725 1268630051
2147483648 2147483648 2147483648 2147483648
2147483648 2147483648 2147483648 2147483648
2147483648 2147483648 2147483648 2147483648
2147483648 2147483648 2147483648 2147483648
3438985298 1757135914 75286530 1907708974
4202300928 3090304512 1978308096 2751953408
1547581251 2938687079 34825611 3008338301
2413533878 1311169342 208804806 1728778954
1465873164 1876481948 2287090732 2155696116
3135312801 2104360749 1073408697 4251178143
0 0 0 0
1314090565 4198275457 2787493053 1183326971
2148242178 2157344538 2166446898 2195271038
3312865669 117580737 1217263101 2552106939
29762815 386916595 744070375 1875057345
1236119152 3184647088 838207728 566095248
2 26 50 126
1 13 25 63
426726065 1252471549 2078217033 1113938319
2863311530 2863311522 2863311514 4294967254
4294967295 4294967283 4294967271 4294967233
3592983314 3759110122 3925236930 3019649390
3322929068 248404924 1468848076 3186101076
4294967295 4294967283 4294967271 4294967233
4294967295 4294967283 4294967271 4294967233
4294967295 4294967283 4294967271 4294967233
4294967295 4294967283 4294967271 4294967233
4294967295 4294967283 4294967271 4294967233
4294967294 4294967270 4294967246 4294967170
4294967294 4294967270 4294967246 4294967170
685833458 325900362 4260934562 257834894
1431655765 1431655761 1431655757 4294967275
2147483648 2147483648 2147483648 2147483648
4294967294 4294967270 4294967246 4294967170
4294967295 4294967283 4294967271 4294967233
4294967294 4294967270 4294967246 4294967170
233807221 3039493873 1550213229 1844953035
4142791098 2316676722 490562346 3297801414
1817179278 2148494134 2479808990 2813144818
2863311530 2863311522 2863311514 4294967254
353824108 304746108 255668108 816082324
131679321 1711831173 3291983025 4000829927
4225364890 3390136018 2554907146 4204983014
