# a b sum
0 0 0
255 255 510
222 125 347
188 251 439
121 247 368
243 238 481
231 221 452
206 187 393
157 119 276
59 239 298
118 222 340
236 188 424
216 121 337
177 243 420
99 231 330
199 206 405
143 157 300
30 59 89
61 118 179
123 236 359
246 216 462
237 177 414
219 99 318
182 199 381
108 143 251
216 30 246
176 61 237
96 123 219
192 246 438
128 237 365
0 219 219
0 182 182
1 108 109
2 216 218
5 176 181
10 96 106
21 192 213
43 128 171
86 0 86
173 0 173
91 1 92
182 2 184
109 5 114
218 10 228
180 21 201
105 43 148
210 86 296
164 173 337
73 91 164
147 182 329
39 109 148
79 218 297
158 180 338
60 105 165
120 210 330
240 164 404
225 73 298
195 147 342
135 39 174
15 79 94
30 158 188
60 60 120
121 120 241
243 240 483
230 225 455
205 195 400
154 135 289
52 15 67
105 30 135
210 60 270
164 121 285
72 243 315
144 230 374
33 205 238
66 154 220
133 52 185
11 105 116
23 210 233
47 164 211
95 72 167
190 144 334
125 33 158
250 66 316
244 133 377
233 11 244
210 23 233
165 47 212
74 95 169
148 190 338
41 125 166
83 250 333
167 244 411
78 233 311
157 210 367
58 165 223
117 74 191
235 148 383
214 41 255
172 83 255
89 167 256
179 78 257
103 157 260
206 58 264
156 117 273
56 235 291
113 214 327
226 172 398
196 89 285
136 179 315
17 103 120
34 206 240
69 156 225
138 56 194
21 113 134
43 226 269
87 196 283
175 136 311
95 17 112
190 34 224
125 69 194
251 138 389
246 21 267
237 43 280
219 87 306
182 175 357
108 95 203
216 190 406
176 125 301
97 251 348
195 246 441
134 237 371
13 219 232
26 182 208
53 108 161
107 216 323
215 176 391
175 97 272
94 195 289
188 134 322
121 13 134
243 26 269
230 53 283
204 107 311
153 215 368
50 175 225
101 94 195
202 188 390
148 121 269
41 243 284
82 230 312
164 204 368
72 153 225
145 50 195
34 101 135
68 202 270
136 148 284
17 41 58
34 82 116
68 164 232
136 72 208
17 145 162
35 34 69
71 68 139
143 136 279
30 17 47
61 34 95
122 68 190
245 136 381
234 17 251
213 35 248
170 71 241
84 143 227
169 30 199
83 61 144
167 122 289
79 245 324
158 234 392
60 213 273
121 170 291
243 84 327
231 169 400
206 83 289
156 167 323
57 79 136
115 158 273
231 60 291
206 121 327
156 243 399
57 231 288
114 206 320
229 156 385
202 57 259
148 115 263
41 231 272
83 206 289
166 156 322
76 57 133
152 114 266
48 229 277
97 202 299
194 148 342
133 41 174
10 83 93
21 166 187
42 76 118
85 152 237
171 48 219
86 97 183
173 194 367
91 133 224
182 10 192
108 21 129
216 42 258
176 85 261
96 171 267
192 86 278
128 173 301
1 91 92
3 182 185
6 108 114
12 216 228
25 176 201
50 96 146
100 192 292
200 128 328
144 1 145
33 3 36
66 6 72
132 12 144
8 25 33
17 50 67
35 100 135
70 200 270
140 144 284
24 33 57
49 66 115
99 132 231
199 8 207
143 17 160
31 35 66
62 70 132
124 140 264
248 24 272
241 49 290
227 99 326
198 199 397
141 143 284
27 31 58
55 62 117
111 124 235
223 248 471
190 241 431
124 227 351
248 198 446
240 141 381
224 27 251
192 55 247
129 111 240
3 223 226
7 190 197
15 124 139
31 248 279
63 240 303
127 224 351
254 192 446
252 129 381
249 3 252
242 7 249
229 15 244
203 31 234
150 63 213
45 127 172
90 254 344
181 252 433
107 249 356
215 242 457
175 229 404
94 203 297
188 150 338
120 45 165
240 90 330
224 181 405
192 107 299
129 215 344
2 175 177
4 94 98
8 188 196
16 120 136
33 240 273
66 224 290
133 192 325
11 129 140
23 2 25
46 4 50
92 8 100
184 16 200
113 33 146
226 66 292
197 133 330
139 11 150
23 23 46
47 46 93
94 92 186
188 184 372
120 113 233
240 226 466
225 197 422
194 139 333
132 23 155
8 47 55
17 94 111
35 188 223
71 120 191
143 240 383
31 225 256
63 194 257
126 132 258
253 8 261
250 17 267
245 35 280
235 71 306
215 143 358
174 31 205
93 63 156
186 126 312
117 253 370
235 250 485
214 245 459
173 235 408
91 215 306
183 174 357
111 93 204
222 186 408
189 117 306
122 235 357
244 214 458
233 173 406
210 91 301
164 183 347
73 111 184
147 222 369
39 189 228
78 122 200
157 244 401
58 233 291
117 210 327
234 164 398
213 73 286
170 147 317
84 39 123
169 78 247
83 157 240
166 58 224
77 117 194
155 234 389
54 213 267
109 170 279
218 84 302
181 169 350
107 83 190
215 166 381
174 77 251
93 155 248
187 54 241
118 109 227
237 218 455
219 181 400
183 107 290
111 215 326
223 174 397
190 93 283
124 187 311
248 118 366
240 237 477
224 219 443
192 183 375
129 111 240
2 223 225
4 190 194
9 124 133
18 248 266
36 240 276
72 224 296
145 192 337
34 129 163
69 2 71
138 4 142
20 9 29
40 18 58
81 36 117
163 72 235
70 145 215
140 34 174
24 69 93
49 138 187
98 20 118
197 40 237
138 81 219
21 163 184
42 70 112
84 140 224
168 24 192
80 49 129
160 98 258
64 197 261
129 138 267
3 21 24
7 42 49
15 84 99
30 168 198
61 80 141
123 160 283
247 64 311
238 129 367
221 3 224
186 7 193
116 15 131
233 30 263
210 61 271
165 123 288
74 247 321
148 238 386
41 221 262
83 186 269
166 116 282
77 233 310
154 210 364
52 165 217
104 74 178
209 148 357
163 41 204
70 83 153
140 166 306
25 77 102
50 154 204
101 52 153
202 104 306
148 209 357
41 163 204
83 70 153
167 140 307
79 25 104
159 50 209
63 101 164
126 202 328
252 148 400
249 41 290
242 83 325
229 167 396
202 79 281
149 159 308
43 63 106
87 126 213
174 252 426
92 249 341
184 242 426
112 229 341
224 202 426
192 149 341
128 43 171
1 87 88
3 174 177
6 92 98
12 184 196
25 112 137
51 224 275
102 192 294
204 128 332
153 1 154
51 3 54
102 6 108
204 12 216
152 25 177
48 51 99
96 102 198
193 204 397
131 153 284
6 51 57
12 102 114
24 204 228
49 152 201
99 48 147
198 96 294
141 193 334
26 131 157
53 6 59
106 12 118
212 24 236
168 49 217
80 99 179
161 198 359
66 141 207
132 26 158
9 53 62
19 106 125
38 212 250
76 168 244
152 80 232
49 161 210
99 66 165
199 132 331
143 9 152
31 19 50
63 38 101
126 76 202
252 152 404
248 49 297
240 99 339
225 199 424
195 143 338
134 31 165
13 63 76
27 126 153
55 252 307
110 248 358
221 240 461
186 225 411
116 195 311
232 134 366
208 13 221
161 27 188
66 55 121
133 110 243
10 221 231
20 186 206
40 116 156
81 232 313
163 208 371
70 161 231
141 66 207
27 133 160
54 10 64
108 20 128
216 40 256
176 81 257
96 163 259
192 70 262
129 141 270
3 27 30
6 54 60
12 108 120
25 216 241
50 176 226
100 96 196
200 192 392
145 129 274
35 3 38
71 6 77
143 12 155
31 25 56
62 50 112
124 100 224
248 200 448
240 145 385
225 35 260
195 71 266
134 143 277
13 31 44
26 62 88
53 124 177
106 248 354
212 240 452
169 225 394
82 195 277
165 134 299
75 13 88
150 26 176
44 53 97
89 106 195
179 212 391
102 169 271
204 82 286
152 165 317
49 75 124
99 150 249
198 44 242
140 89 229
24 179 203
49 102 151
99 204 303
199 152 351
142 49 191
29 99 128
59 198 257
119 140 259
238 24 262
221 49 270
187 99 286
118 199 317
236 142 378
217 29 246
179 59 238
102 119 221
205 238 443
154 221 375
52 187 239
104 118 222
209 236 445
163 217 380
70 179 249
141 102 243
27 205 232
55 154 209
110 52 162
220 104 324
184 209 393
112 163 275
224 70 294
193 141 334
130 27 157
4 55 59
9 110 119
19 220 239
39 184 223
79 112 191
158 224 382
60 193 253
120 130 250
241 4 245
227 9 236
199 19 218
142 39 181
29 79 108
59 158 217
119 60 179
239 120 359
222 241 463
189 227 416
123 199 322
247 142 389
238 29 267
221 59 280
186 119 305
117 239 356
235 222 457
215 189 404
175 123 298
94 247 341
189 238 427
123 221 344
246 186 432
236 117 353
217 235 452
178 215 393
101 175 276
203 94 297
150 189 339
44 123 167
88 246 334
177 236 413
99 217 316
198 178 376
140 101 241
25 203 228
50 150 200
101 44 145
203 88 291
150 177 327
44 99 143
89 198 287
179 140 319
102 25 127
205 50 255
154 101 255
52 203 255
105 150 255
211 44 255
166 89 255
76 179 255
152 102 254
49 205 254
99 154 253
199 52 251
142 105 247
28 211 239
57 166 223
114 76 190
229 152 381
202 49 251
149 99 248
43 199 242
86 142 228
173 28 201
91 57 148
183 114 297
111 229 340
222 202 424
189 149 338
123 43 166
246 86 332
237 173 410
218 91 309
181 183 364
106 111 217
213 222 435
171 189 360
86 123 209
173 246 419
90 237 327
180 218 398
104 181 285
209 106 315
163 213 376
71 171 242
142 86 228
28 173 201
57 90 147
115 180 295
230 104 334
205 209 414
154 163 317
52 71 123
104 142 246
208 28 236
160 57 217
65 115 180
131 230 361
6 205 211
13 154 167
27 52 79
55 104 159
110 208 318
220 160 380
185 65 250
115 131 246
231 6 237
207 13 220
159 27 186
63 55 118
126 110 236
253 220 473
250 185 435
245 115 360
234 231 465
212 207 419
169 159 328
83 63 146
167 126 293
78 253 331
156 250 406
57 245 302
115 234 349
231 212 443
206 169 375
157 83 240
58 167 225
116 78 194
232 156 388
208 57 265
161 115 276
67 231 298
135 206 341
14 157 171
29 58 87
58 116 174
116 232 348
233 208 441
211 161 372
166 67 233
77 135 212
154 14 168
53 29 82
107 58 165
215 116 331
174 233 407
93 211 304
186 166 352
116 77 193
233 154 387
210 53 263
165 107 272
74 215 289
149 174 323
43 93 136
87 186 273
175 116 291
95 233 328
190 210 400
124 165 289
249 74 323
243 149 392
230 43 273
204 87 291
152 175 327
49 95 144
99 190 289
198 124 322
140 249 389
25 243 268
50 230 280
100 204 304
201 152 353
146 49 195
36 99 135
72 198 270
144 140 284
33 25 58
67 50 117
135 100 235
14 201 215
28 146 174
57 36 93
115 72 187
230 144 374
204 33 237
153 67 220
51 135 186
102 14 116
204 28 232
152 57 209
49 115 164
98 230 328
196 204 400
137 153 290
19 51 70
38 102 140
76 204 280
153 152 305
50 49 99
100 98 198
200 196 396
144 137 281
32 19 51
64 38 102
129 76 205
3 153 156
6 50 56
12 100 112
24 200 224
49 144 193
98 32 130
197 64 261
138 129 267
20 3 23
41 6 47
82 12 94
164 24 188
73 49 122
146 98 244
36 197 233
72 138 210
144 20 164
33 41 74
67 82 149
134 164 298
12 73 85
24 146 170
49 36 85
99 72 171
199 144 343
142 33 175
28 67 95
56 134 190
113 12 125
227 24 251
198 49 247
141 99 240
26 199 225
53 142 195
106 28 134
213 56 269
170 113 283
85 227 312
170 198 368
84 141 225
169 26 195
82 53 135
165 106 271
75 213 288
150 170 320
44 85 129
89 170 259
179 84 263
102 169 271
204 82 286
152 165 317
49 75 124
99 150 249
199 44 243
143 89 232
30 179 209
60 102 162
121 204 325
243 152 395
231 49 280
207 99 306
159 199 358
63 143 206
127 30 157
255 60 315
254 121 375
253 243 496
250 231 481
244 207 451
232 159 391
208 63 271
160 127 287
65 255 320
130 254 384
5 253 258
11 250 261
23 244 267
46 232 278
92 208 300
184 160 344
113 65 178
226 130 356
196 5 201
136 11 147
16 23 39
32 46 78
64 92 156
128 184 312
1 113 114
2 226 228
4 196 200
9 136 145
18 16 34
36 32 68
72 64 136
145 128 273
35 1 36
71 2 73
142 4 146
29 9 38
59 18 77
118 36 154
236 72 308
216 145 361
177 35 212
99 71 170
199 142 341
143 29 172
31 59 90
62 118 180
124 236 360
248 216 464
241 177 418
226 99 325
197 199 396
139 143 282
22 31 53
44 62 106
89 124 213
178 248 426
100 241 341
201 226 427
146 197 343
36 139 175
72 22 94
144 44 188
33 89 122
67 178 245
134 100 234
13 201 214
26 146 172
52 36 88
105 72 177
211 144 355
167 33 200
78 67 145
157 134 291
59 13 72
119 26 145
239 52 291
222 105 327
189 211 400
123 167 290
247 78 325
239 157 396
222 59 281
188 119 307
121 239 360
242 222 464
228 189 417
201 123 324
146 247 393
37 239 276
74 222 296
148 188 336
41 121 162
82 242 324
165 228 393
75 201 276
150 146 296
44 37 81
88 74 162
176 148 324
97 41 138
195 82 277
134 165 299
13 75 88
27 150 177
55 44 99
110 88 198
220 176 396
185 97 282
114 195 309
228 134 362
200 13 213
145 27 172
34 55 89
68 110 178
136 220 356
16 185 201
33 114 147
67 228 295
135 200 335
14 145 159
28 34 62
57 68 125
114 136 250
228 16 244
201 33 234
147 67 214
38 135 173
77 14 91
155 28 183
55 57 112
110 114 224
220 228 448
185 201 386
114 147 261
228 38 266
201 77 278
146 155 301
37 55 92
74 110 184
149 220 369
42 185 227
85 114 199
171 228 399
86 201 287
173 146 319
91 37 128
183 74 257
111 149 260
223 42 265
190 85 275
125 171 296
250 86 336
245 173 418
234 91 325
212 183 395
168 111 279
81 223 304
163 190 353
70 125 195
141 250 391
26 245 271
53 234 287
107 212 319
215 168 383
174 81 255
93 163 256
186 70 256
117 141 258
234 26 260
213 53 266
170 107 277
84 215 299
169 174 343
82 93 175
165 186 351
75 117 192
151 234 385
47 213 260
94 170 264
189 84 273
122 169 291
244 82 326
233 165 398
210 75 285
165 151 316
74 47 121
149 94 243
42 189 231
84 122 206
168 244 412
80 233 313
160 210 370
64 165 229
129 74 203
3 149 152
7 42 49
15 84 99
30 168 198
60 80 140
120 160 280
240 64 304
224 129 353
192 3 195
128 7 135
0 15 15
0 30 30
0 60 60
1 120 121
3 240 243
7 224 231
14 192 206
28 128 156
56 0 56
112 0 112
225 0 225
194 1 195
133 3 136
10 7 17
21 14 35
43 28 71
86 56 142
173 112 285
91 225 316
182 194 376
109 133 242
218 10 228
180 21 201
105 43 148
210 86 296
164 173 337
73 91 164
146 182 328
37 109 146
75 218 293
150 180 330
45 105 150
90 210 300
181 164 345
106 73 179
212 146 358
168 37 205
80 75 155
160 150 310
65 45 110
130 90 220
5 181 186
11 106 117
22 212 234
44 168 212
89 80 169
178 160 338
100 65 165
201 130 331
146 5 151
37 11 48
74 22 96
148 44 192
41 89 130
83 178 261
166 100 266
77 201 278
155 146 301
55 37 92
110 74 184
220 148 368
184 41 225
112 83 195
224 166 390
193 77 270
130 155 285
5 55 60
10 110 120
21 220 241
43 184 227
87 112 199
175 224 399
95 193 288
191 130 321
127 5 132
255 10 265
255 21 276
255 43 298
255 87 342
255 175 430
254 95 349
253 191 444
250 127 377
245 255 500
235 255 490
215 255 470
174 255 429
93 255 348
187 254 441
119 253 372
238 250 488
220 245 465
185 235 420
114 215 329
228 174 402
201 93 294
147 187 334
39 119 158
78 238 316
156 220 376
56 185 241
112 114 226
225 228 453
195 201 396
135 147 282
14 39 53
29 78 107
59 156 215
119 56 175
238 112 350
221 225 446
187 195 382
118 135 253
236 14 250
217 29 246
178 59 237
100 119 219
200 238 438
145 221 366
35 187 222
71 118 189
143 236 379
30 217 247
61 178 239
123 100 223
247 200 447
239 145 384
223 35 258
190 71 261
125 143 268
250 30 280
245 61 306
234 123 357
212 247 459
169 239 408
82 223 305
165 190 355
75 125 200
151 250 401
47 245 292
94 234 328
188 212 400
120 169 289
240 82 322
224 165 389
193 75 268
131 151 282
7 47 54
15 94 109
31 188 219
63 120 183
126 240 366
252 224 476
248 193 441
240 131 371
225 7 232
195 15 210
135 31 166
14 63 77
29 126 155
58 252 310
117 248 365
235 240 475
215 225 440
174 195 369
93 135 228
186 14 200
116 29 145
232 58 290
208 117 325
160 235 395
64 215 279
129 174 303
3 93 96
6 186 192
13 116 129
27 232 259
54 208 262
109 160 269
219 64 283
183 129 312
110 3 113
220 6 226
185 13 198
114 27 141
228 54 282
200 109 309
144 219 363
33 183 216
66 110 176
133 220 353
10 185 195
21 114 135
42 228 270
85 200 285
171 144 315
86 33 119
173 66 239
90 133 223
181 10 191
106 21 127
212 42 254
169 85 254
83 171 254
167 86 253
78 173 251
157 90 247
58 181 239
116 106 222
232 212 444
208 169 377
161 83 244
67 167 234
134 78 212
12 157 169
25 58 83
50 116 166
100 232 332
200 208 408
145 161 306
34 67 101
68 134 202
137 12 149
19 25 44
38 50 88
76 100 176
152 200 352
49 145 194
98 34 132
196 68 264
136 137 273
17 19 36
35 38 73
71 76 147
142 152 294
28 49 77
57 98 155
114 196 310
228 136 364
200 17 217
144 35 179
33 71 104
67 142 209
135 28 163
14 57 71
28 114 142
56 228 284
113 200 313
227 144 371
199 33 232
142 67 209
28 135 163
56 14 70
113 28 141
227 56 283
198 113 311
141 227 368
27 199 226
55 142 197
111 28 139
222 56 278
189 113 302
123 227 350
246 198 444
237 141 378
219 27 246
182 55 237
109 111 220
218 222 440
180 189 369
105 123 228
210 246 456
165 237 402
74 219 293
148 182 330
40 109 149
81 218 299
163 180 343
71 105 176
142 210 352
29 165 194
59 74 133
118 148 266
236 40 276
217 81 298
178 163 341
101 71 172
202 142 344
148 29 177
40 59 99
81 118 199
162 236 398
68 217 285
137 178 315
19 101 120
38 202 240
76 148 224
153 40 193
50 81 131
101 162 263
202 68 270
149 137 286
43 19 62
87 38 125
175 76 251
94 153 247
188 50 238
120 101 221
240 202 442
225 149 374
194 43 237
133 87 220
11 175 186
23 94 117
46 188 234
92 120 212
184 240 424
112 225 337
225 194 419
194 133 327
133 11 144
10 23 33
20 46 66
41 92 133
82 184 266
165 112 277
75 225 300
150 194 344
45 133 178
90 10 100
181 20 201
107 41 148
214 82 296
173 165 338
91 75 166
182 150 332
108 45 153
216 90 306
176 181 357
96 107 203
193 214 407
130 173 303
4 91 95
9 182 191
18 108 126
37 216 253
75 176 251
151 96 247
47 193 240
94 130 224
189 4 193
123 9 132
246 18 264
236 37 273
216 75 291
176 151 327
97 47 144
194 94 288
132 189 321
8 123 131
17 246 263
35 236 271
70 216 286
140 176 316
24 97 121
48 194 242
97 132 229
194 8 202
132 17 149
9 35 44
18 70 88
37 140 177
75 24 99
151 48 199
46 97 143
92 194 286
184 132 316
113 9 122
227 18 245
199 37 236
143 75 218
30 151 181
61 46 107
123 92 215
246 184 430
237 113 350
219 227 446
182 199 381
109 143 252
219 30 249
182 61 243
108 123 231
217 246 463
179 237 416
103 219 322
207 182 389
158 109 267
61 219 280
122 182 304
244 108 352
233 217 450
211 179 390
167 103 270
79 207 286
158 158 316
61 61 122
123 122 245
247 244 491
239 233 472
223 211 434
190 167 357
125 79 204
250 158 408
245 61 306
235 123 358
214 247 461
172 239 411
88 223 311
177 190 367
98 125 223
196 250 446
137 245 382
18 235 253
36 214 250
72 172 244
144 88 232
33 177 210
67 98 165
135 196 331
14 137 151
28 18 46
57 36 93
114 72 186
229 144 373
202 33 235
149 67 216
42 135 177
84 14 98
169 28 197
82 57 139
165 114 279
74 229 303
149 202 351
43 149 192
86 42 128
172 84 256
89 169 258
179 82 261
103 165 268
207 74 281
158 149 307
61 43 104
123 86 209
246 172 418
237 89 326
218 179 397
181 103 284
106 207 313
212 158 370
169 61 230
83 123 206
166 246 412
76 237 313
153 218 371
50 181 231
101 106 207
203 212 415
151 169 320
47 83 130
95 166 261
190 76 266
124 153 277
249 50 299
242 101 343
229 203 432
202 151 353
148 47 195
40 95 135
80 190 270
161 124 285
66 249 315
133 242 375
10 229 239
20 202 222
41 148 189
82 40 122
164 80 244
73 161 234
147 66 213
39 133 172
79 10 89
158 20 178
60 41 101
120 82 202
241 164 405
226 73 299
196 147 343
137 39 176
18 79 97
36 158 194
73 60 133
147 120 267
38 241 279
76 226 302
153 196 349
51 137 188
102 18 120
205 36 241
155 73 228
55 147 202
111 38 149
222 76 298
188 153 341
121 51 172
243 102 345
230 205 435
205 155 360
155 55 210
54 111 165
109 222 331
218 188 406
180 121 301
104 243 347
209 230 439
163 205 368
70 155 225
141 54 195
26 109 135
53 218 271
107 180 287
215 104 319
175 209 384
94 163 257
188 70 258
120 141 261
241 26 267
227 53 280
199 107 306
143 215 358
30 175 205
60 94 154
120 188 308
241 120 361
227 241 468
198 227 425
141 199 340
27 143 170
54 30 84
109 60 169
218 120 338
180 241 421
104 227 331
209 198 407
162 141 303
69 27 96
138 54 192
20 109 129
41 218 259
83 180 263
167 104 271
78 209 287
156 162 318
57 69 126
114 138 252
228 20 248
201 41 242
147 83 230
38 167 205
77 78 155
154 156 310
53 57 110
107 114 221
214 228 442
173 201 374
91 147 238
183 38 221
111 77 188
223 154 377
191 53 244
127 107 234
254 214 468
252 173 425
248 91 339
240 183 423
224 111 335
192 223 415
129 191 320
2 127 129
4 254 258
9 252 261
19 248 267
39 240 279
79 224 303
159 192 351
63 129 192
127 2 129
255 4 259
254 9 263
253 19 272
250 39 289
245 79 324
234 159 393
212 63 275
169 127 296
83 255 338
167 254 421
79 253 332
159 250 409
62 245 307
124 234 358
249 212 461
243 169 412
231 83 314
207 167 374
159 79 238
63 159 222
127 62 189
255 124 379
254 249 503
253 243 496
250 231 481
244 207 451
232 159 391
209 63 272
162 127 289
69 255 324
139 254 393
22 253 275
45 250 295
90 244 334
180 232 412
104 209 313
208 162 370
161 69 230
66 139 205
133 22 155
11 45 56
22 90 112
45 180 225
91 104 195
182 208 390
108 161 269
217 66 283
178 133 311
100 11 111
200 22 222
145 45 190
35 91 126
70 182 252
140 108 248
25 217 242
50 178 228
101 100 201
203 200 403
150 145 295
45 35 80
91 70 161
182 140 322
109 25 134
219 50 269
182 101 283
108 203 311
216 150 366
176 45 221
97 91 188
194 182 376
133 109 242
10 219 229
21 182 203
42 108 150
84 216 300
169 176 345
82 97 179
165 194 359
75 133 208
151 10 161
46 21 67
92 42 134
184 84 268
113 169 282
226 82 308
196 165 361
137 75 212
19 151 170
39 46 85
79 92 171
159 184 343
63 113 176
126 226 352
253 196 449
251 137 388
247 19 266
238 39 277
220 79 299
184 159 343
113 63 176
227 126 353
199 253 452
143 251 394
30 247 277
60 238 298
121 220 341
243 184 427
231 113 344
207 227 434
158 199 357
61 143 204
123 30 153
247 60 307
239 121 360
222 243 465
189 231 420
122 207 329
244 158 402
233 61 294
210 123 333
164 247 411
72 239 311
144 222 366
32 189 221
65 122 187
130 244 374
4 233 237
8 210 218
17 164 181
34 72 106
68 144 212
137 32 169
19 65 84
38 130 168
77 4 81
154 8 162
53 17 70
107 34 141
215 68 283
175 137 312
94 19 113
189 38 227
122 77 199
244 154 398
233 53 286
210 107 317
164 215 379
73 175 248
147 94 241
38 189 227
77 122 199
155 244 399
54 233 287
108 210 318
217 164 381
179 73 252
102 147 249
205 38 243
154 77 231
52 155 207
104 54 158
209 108 317
163 217 380
70 179 249
140 102 242
24 205 229
48 154 202
96 52 148
193 104 297
131 209 340
6 163 169
12 70 82
25 140 165
51 24 75
102 48 150
205 96 301
155 193 348
55 131 186
110 6 116
221 12 233
186 25 211
117 51 168
234 102 336
213 205 418
170 155 325
85 55 140
170 110 280
84 221 305
168 186 354
81 117 198
162 234 396
68 213 281
136 170 306
17 85 102
35 170 205
71 84 155
142 168 310
28 81 109
57 162 219
114 68 182
228 136 364
200 17 217
144 35 179
33 71 104
66 142 208
133 28 161
11 57 68
22 114 136
44 228 272
89 200 289
179 144 323
102 33 135
205 66 271
154 133 287
53 11 64
107 22 129
215 44 259
174 89 263
93 179 272
187 102 289
119 205 324
239 154 393
222 53 275
189 107 296
123 215 338
246 174 420
236 93 329
216 187 403
177 119 296
99 239 338
199 222 421
143 189 332
31 123 154
62 246 308
124 236 360
249 216 465
242 177 419
229 99 328
203 199 402
150 143 293
44 31 75
88 62 150
176 124 300
97 249 346
194 242 436
132 229 361
8 203 211
17 150 167
34 44 78
69 88 157
139 176 315
22 97 119
45 194 239
91 132 223
183 8 191
111 17 128
223 34 257
191 69 260
126 139 265
252 22 274
248 45 293
241 91 332
226 183 409
196 111 307
137 223 360
18 191 209
37 126 163
74 252 326
149 248 397
43 241 284
87 226 313
175 196 371
95 137 232
190 18 208
124 37 161
248 74 322
241 149 390
226 43 269
196 87 283
136 175 311
16 95 111
33 190 223
66 124 190
132 248 380
9 241 250
18 226 244
37 196 233
74 136 210
149 16 165
42 33 75
84 66 150
169 132 301
82 9 91
165 18 183
74 37 111
149 74 223
42 149 191
85 42 127
171 84 255
86 169 255
172 82 254
89 165 254
178 74 252
101 149 250
202 42 244
149 85 234
42 171 213
85 86 171
171 172 343
86 89 175
172 178 350
88 101 189
176 202 378
# augmented golden-simulated vectors (rtlrewriter_run)
193 200 393
77 167 244
247 27 274
247 27 274
247 27 274
255 2 257
170 255 425
97 129 226
254 255 509
175 203 378
254 128 382
85 0 85
159 179 338
1 2 3
85 85 170
2 128 130
2 170 172
2 254 256
126 190 316
85 170 255
170 161 331
124 212 336
107 94 201
146 243 389
123 220 343
245 80 325
245 80 325
245 80 325
245 80 325
80 98 178
80 98 178
69 78 147
69 78 147
69 78 147
69 78 147
2 110 112
2 110 112
2 110 112
128 128 256
181 17 198
234 224 458
238 218 456
238 218 456
238 218 456
238 218 456
238 218 456
229 143 372
229 143 372
229 143 372
229 143 372
229 143 372
98 72 170
108 114 222
108 114 222
108 114 222
2 128 130
128 170 298
128 170 298
128 170 298
128 170 298
232 157 389
170 1 171
2 85 87
4 236 240
232 93 325
170 170 340
143 12 155
21 199 220
85 128 213
243 242 485
255 85 340
224 9 233
156 142 298
120 232 352
170 85 255
128 170 298
227 234 461
85 255 340
254 0 254
170 1 171
1 1 2
54 107 161
54 107 161
54 107 161
54 107 161
54 107 161
105 170 275
128 128 256
26 132 158
108 156 264
0 1 1
151 185 336
0 2 2
99 33 132
99 33 132
99 33 132
2 2 4
247 89 336
26 205 231
116 40 156
105 147 252
2 254 256
47 124 171
117 153 270
13 226 239
86 154 240
14 165 179
69 225 294
243 121 364
63 138 201
117 164 281
2 254 256
85 2 87
128 85 213
15 138 153
166 148 314
135 204 339
63 193 256
176 163 339
210 147 357
210 147 357
210 147 357
210 147 357
210 147 357
205 85 290
205 85 290
205 85 290
205 85 290
64 248 312
25 251 276
80 106 186
12 232 244
111 252 363
254 210 464
233 116 349
141 86 227
38 222 260
34 11 45
49 221 270
22 103 125
158 110 268
25 36 61
252 113 365
16 191 207
254 255 509
57 189 246
204 188 392
2 0 2
0 128 128
117 244 361
75 223 298
75 223 298
75 223 298
75 223 298
75 223 298
198 94 292
128 0 128
93 161 254
9 36 45
153 127 280
173 133 306
13 214 227
13 214 227
13 214 227
85 128 213
1 128 129
129 191 320
12 220 232
149 83 232
0 255 255
0 255 255
0 255 255
0 255 255
226 112 338
76 65 141
173 141 314
134 142 276
89 117 206
47 87 134
255 254 509
11 126 137
153 177 330
250 255 505
12 105 117
2 254 256
56 191 247
254 128 382
254 254 508
184 114 298
51 74 125
85 2 87
252 126 378
98 2 100
98 2 100
98 2 100
200 53 253
255 85 340
120 140 260
2 255 257
2 255 257
2 255 257
2 255 257
2 255 257
243 138 381
68 109 177
18 254 272
170 255 425
255 1 256
211 136 347
151 32 183
0 128 128
171 133 304
52 240 292
254 128 382
0 85 85
62 229 291
2 1 3
2 1 3
25 19 44
176 19 195
44 10 54
170 0 170
170 0 170
170 0 170
170 0 170
150 116 266
1 170 171
128 1 129
2 85 87
2 85 87
2 85 87
2 85 87
77 243 320
161 161 322
113 247 360
113 247 360
113 247 360
82 159 241
218 215 433
187 66 253
243 168 411
243 168 411
238 52 290
128 85 213
41 82 123
65 62 127
85 254 339
243 50 293
170 170 340
74 160 234
255 255 510
131 121 252
177 224 401
1 254 255
158 205 363
167 111 278
42 65 107
244 116 360
125 248 373
150 73 223
57 156 213
57 156 213
57 156 213
57 156 213
57 156 213
66 64 130
77 0 77
83 109 192
74 80 154
14 248 262
254 170 424
116 163 279
254 255 509
14 150 164
170 255 425
210 231 441
0 255 255
185 84 269
16 101 117
1 85 86
1 85 86
1 85 86
1 85 86
1 85 86
136 142 278
71 34 105
132 12 144
255 79 334
1 0 1
18 95 113
18 95 113
18 95 113
103 207 310
152 246 398
254 254 508
255 2 257
164 217 381
149 51 200
22 239 261
112 49 161
125 208 333
85 254 339
134 54 188
2 0 2
223 211 434
42 178 220
85 128 213
85 255 340
203 86 289
1 1 2
105 151 256
65 74 139
244 41 285
161 230 391
198 177 375
98 218 316
2 245 247
236 143 379
253 225 478
87 11 98
254 188 442
148 239 387
0 254 254
0 2 2
33 147 180
173 94 267
193 123 316
42 219 261
42 219 261
42 219 261
30 93 123
219 163 382
200 99 299
0 170 170
0 170 170
0 170 170
0 170 170
48 60 108
48 60 108
248 245 493
116 222 338
83 80 163
29 86 115
37 205 242
37 205 242
37 205 242
108 191 299
99 188 287
170 170 340
254 1 255
255 0 255
66 129 195
0 213 213
203 88 291
209 96 305
117 251 368
64 235 299
64 131 195
131 111 242
174 105 279
174 105 279
174 105 279
174 105 279
174 105 279
105 136 241
198 196 394
198 196 394
198 196 394
0 1 1
196 17 213
170 1 171
68 137 205
128 170 298
154 163 317
10 71 81
247 138 385
61 137 198
157 119 276
156 127 283
83 30 113
64 76 140
101 182 283
101 182 283
101 182 283
104 204 308
33 113 146
2 85 87
66 150 216
23 245 268
240 148 388
120 187 307
112 78 190
112 78 190
112 78 190
112 78 190
68 200 268
193 52 245
193 52 245
193 52 245
193 52 245
255 255 510
255 255 510
255 255 510
0 85 85
97 129 226
110 3 113
180 194 374
180 194 374
180 194 374
180 194 374
180 194 374
127 123 250
25 228 253
121 54 175
110 231 341
255 2 257
231 181 412
0 0 0
59 28 87
71 170 241
128 255 383
57 244 301
93 236 329
124 8 132
29 225 254
223 123 346
93 97 190
147 244 391
29 46 75
170 255 425
105 179 284
105 179 284
128 255 383
254 85 339
254 85 339
254 85 339
254 85 339
106 166 272
118 6 124
9 92 101
255 255 510
249 103 352
154 44 198
71 170 241
71 170 241
71 170 241
71 170 241
62 62 124
62 62 124
1 255 256
1 255 256
1 255 256
255 254 509
136 243 379
85 255 340
47 18 65
254 85 339
1 0 1
255 2 257
51 133 184
162 29 191
85 255 340
254 1 255
254 1 255
254 1 255
254 1 255
254 1 255
35 104 139
68 171 239
128 0 128
73 49 122
74 157 231
170 254 424
170 254 424
170 254 424
0 170 170
160 53 213
166 129 295
0 170 170
84 200 284
212 43 255
255 255 510
176 225 401
2 1 3
255 170 425
125 150 275
125 150 275
128 2 130
74 116 190
2 255 257
128 0 128
65 232 297
0 254 254
243 196 439
255 254 509
255 254 509
255 254 509
127 187 314
146 219 365
85 254 339
85 85 170
254 2 256
199 126 325
199 126 325
11 19 30
1 254 255
221 70 291
28 75 103
229 112 341
170 0 170
255 128 383
255 128 383
2 170 172
133 52 185
85 0 85
9 114 123
224 86 310
102 168 270
121 237 358
239 55 294
48 104 152
48 104 152
56 88 144
80 193 273
85 85 170
85 85 170
85 85 170
85 85 170
85 85 170
99 205 304
254 254 508
52 186 238
199 59 258
85 1 86
255 85 340
119 178 297
128 0 128
6 186 192
6 186 192
123 147 270
0 2 2
0 2 2
0 2 2
0 2 2
231 64 295
82 97 179
85 255 340
198 120 318
12 166 178
128 170 298
113 157 270
1 255 256
54 118 172
15 190 205
170 2 172
254 2 256
255 2 257
168 243 411
85 170 255
85 170 255
85 170 255
85 170 255
202 251 453
3 77 80
3 77 80
3 77 80
3 77 80
224 184 408
82 51 133
134 34 168
240 96 336
31 79 110
132 37 169
170 2 172
12 95 107
12 95 107
12 95 107
2 0 2
29 246 275
252 91 343
5 229 234
200 161 361
200 161 361
200 161 361
200 161 361
69 76 145
203 164 367
203 164 367
8 229 237
180 148 328
81 246 327
81 246 327
81 246 327
177 163 340
77 238 315
240 69 309
0 255 255
50 65 115
239 75 314
239 75 314
178 218 396
178 218 396
7 83 90
152 0 152
135 27 162
128 2 130
170 254 424
165 58 223
168 167 335
215 126 341
176 174 350
159 63 222
85 85 170
30 133 163
2 255 257
169 210 379
109 152 261
0 254 254
54 19 73
170 170 340
91 114 205
163 70 233
11 77 88
234 108 342
234 108 342
254 85 339
204 192 396
74 210 284
2 170 172
237 150 387
21 124 145
191 44 235
78 206 284
135 124 259
129 250 379
99 88 187
17 147 164
71 119 190
24 62 86
247 84 331
239 121 360
170 1 171
213 105 318
254 170 424
102 240 342
113 241 354
57 28 85
57 28 85
57 28 85
57 28 85
57 28 85
1 52 53
17 25 42
0 1 1
170 255 425
3 134 137
89 26 115
80 214 294
170 85 255
254 255 509
230 177 407
127 77 204
52 226 278
4 2 6
4 2 6
4 2 6
4 2 6
4 2 6
170 254 424
128 128 256
18 216 234
149 59 208
17 219 236
73 137 210
0 85 85
208 193 401
3 57 60
255 0 255
172 48 220
172 48 220
127 23 150
142 201 343
142 201 343
142 201 343
142 201 343
142 201 343
135 234 369
178 181 359
27 116 143
254 254 508
254 254 508
159 161 320
8 98 106
108 157 265
2 1 3
233 92 325
233 92 325
170 170 340
237 219 456
1 2 3
139 135 274
122 54 176
62 117 179
207 158 365
184 248 432
189 145 334
230 30 260
0 254 254
169 71 240
114 253 367
123 175 298
123 175 298
123 175 298
123 175 298
123 175 298
114 222 336
114 222 336
114 222 336
7 114 121
7 114 121
7 114 121
255 255 510
255 255 510
255 255 510
255 255 510
27 83 110
27 83 110
27 83 110
27 83 110
27 83 110
1 85 86
254 1 255
145 112 257
208 150 358
50 48 98
144 114 258
144 114 258
144 114 258
170 0 170
245 184 429
128 255 383
120 86 206
116 104 220
116 104 220
254 88 342
4 146 150
3 139 142
195 126 321
195 126 321
159 247 406
159 247 406
159 247 406
159 247 406
55 53 108
201 90 291
45 47 92
239 0 239
0 170 170
217 158 375
162 157 319
254 1 255
102 224 326
16 124 140
170 128 298
112 11 123
0 128 128
49 2 51
66 214 280
1 128 129
2 0 2
162 33 195
255 2 257
85 255 340
110 0 110
110 0 110
110 0 110
182 248 430
85 255 340
249 12 261
105 101 206
105 101 206
105 101 206
105 101 206
170 128 298
75 14 89
128 0 128
1 85 86
71 157 228
41 105 146
19 246 265
200 49 249
254 85 339
165 49 214
2 0 2
197 217 414
2 128 130
137 162 299
1 64 65
52 173 225
2 0 2
87 67 154
124 225 349
124 225 349
124 225 349
224 142 366
113 145 258
128 255 383
128 0 128
128 0 128
128 0 128
128 0 128
128 0 128
88 186 274
173 183 356
250 123 373
250 123 373
250 123 373
250 123 373
250 123 373
163 107 270
170 128 298
1 170 171
85 1 86
229 89 318
254 0 254
254 1 255
219 190 409
219 190 409
219 190 409
219 190 409
255 170 425
117 221 338
44 235 279
228 212 440
57 227 284
119 130 249
1 128 129
2 2 4
204 136 340
128 128 256
128 128 256
128 128 256
41 249 290
191 16 207
128 2 130
128 2 130
128 1 129
230 167 397
112 252 364
29 212 241
90 22 112
1 128 129
170 85 255
107 219 326
25 254 279
25 254 279
25 254 279
199 224 423
194 142 336
0 254 254
170 2 172
160 7 167
149 194 343
149 194 343
186 151 337
1 254 255
1 2 3
128 2 130
73 65 138
73 65 138
73 65 138
73 65 138
73 65 138
116 42 158
197 146 343
128 254 382
254 51 305
55 203 258
44 152 196
221 54 275
0 0 0
47 67 114
216 68 284
175 79 254
175 79 254
175 79 254
175 79 254
8 125 133
170 170 340
26 4 30
26 4 30
26 4 30
26 46 72
18 37 55
248 177 425
138 95 233
3 195 198
15 107 122
244 32 276
246 4 250
24 38 62
93 58 151
93 58 151
255 254 509
131 80 211
128 170 298
187 240 427
26 161 187
133 42 175
128 2 130
0 170 170
0 170 170
31 9 40
255 128 383
112 77 189
175 210 385
23 250 273
157 98 255
1 254 255
68 165 233
25 12 37
9 232 241
0 149 149
128 0 128
128 0 128
128 0 128
128 0 128
117 215 332
22 12 34
107 141 248
65 146 211
188 128 316
156 5 161
0 128 128
0 128 128
1 2 3
255 81 336
13 144 157
157 2 159
157 2 159
157 2 159
157 2 159
157 2 159
20 183 203
20 183 203
170 0 170
173 248 421
173 248 421
253 242 495
112 9 121
101 81 182
128 0 128
86 252 338
236 213 449
92 212 304
113 45 158
249 207 456
202 31 233
34 125 159
34 125 159
125 102 227
125 102 227
167 61 228
0 2 2
187 139 326
52 249 301
36 214 250
36 214 250
128 0 128
170 2 172
0 41 41
24 56 80
24 56 80
24 56 80
147 155 302
91 145 236
4 86 90
254 0 254
0 1 1
159 30 189
254 128 382
85 85 170
146 232 378
84 126 210
0 254 254
226 120 346
8 156 164
55 233 288
1 170 171
48 53 101
229 96 325
81 139 220
128 1 129
0 128 128
141 125 266
85 128 213
2 0 2
170 170 340
69 141 210
36 33 69
153 123 276
40 200 240
5 250 255
168 66 234
112 35 147
129 240 369
2 2 4
247 27 274
167 254 421
45 40 85
45 40 85
22 49 71
1 170 171
212 53 265
170 128 298
219 25 244
219 32 251
179 107 286
255 254 509
231 31 262
26 105 131
80 84 164
90 211 301
85 1 86
108 130 238
0 128 128
218 225 443
218 225 443
255 128 383
255 128 383
255 128 383
255 128 383
255 128 383
161 151 312
58 97 155
58 97 155
58 97 155
58 97 155
58 97 155
254 1 255
55 1 56
26 78 104
26 78 104
173 120 293
179 18 197
179 18 197
179 18 197
179 18 197
254 255 509
198 30 228
51 99 150
1 2 3
184 217 401
240 98 338
152 125 277
255 1 256
253 239 492
130 199 329
202 114 316
64 187 251
64 187 251
64 187 251
64 187 251
64 187 251
46 35 81
46 35 81
46 35 81
46 35 81
62 177 239
62 177 239
37 95 132
37 95 132
255 0 255
255 0 255
255 0 255
255 0 255
2 128 130
28 89 117
28 89 117
28 89 117
28 89 117
15 216 231
134 130 264
134 130 264
128 128 256
68 205 273
87 107 194
87 107 194
202 248 450
31 59 90
215 136 351
85 254 339
148 227 375
148 227 375
148 227 375
148 227 375
95 135 230
1 0 1
1 0 1
227 53 280
219 12 231
219 12 231
219 12 231
207 183 390
159 242 401
61 1 62
170 170 340
170 170 340
170 170 340
121 144 265
121 144 265
49 218 267
182 29 211
75 108 183
254 254 508
192 169 361
1 1 2
255 170 425
255 1 256
15 148 163
118 123 241
254 183 437
254 183 437
0 0 0
55 140 195
0 0 0
0 0 0
0 0 0
203 174 377
203 174 377
203 174 377
203 174 377
203 174 377
224 244 468
1 1 2
1 1 2
1 1 2
1 1 2
125 196 321
26 165 191
249 129 378
200 145 345
85 170 255
205 240 445
170 254 424
170 254 424
170 254 424
170 254 424
82 0 82
147 142 289
195 20 215
253 100 353
54 114 168
1 70 71
124 115 239
124 115 239
124 115 239
124 115 239
33 45 78
137 70 207
254 170 424
0 0 0
73 24 97
1 18 19
31 152 183
1 86 87
45 202 247
51 45 96
255 2 257
255 2 257
255 2 257
47 236 283
123 230 353
83 75 158
85 85 170
103 65 168
103 224 327
55 25 80
192 201 393
255 170 425
219 237 456
77 5 82
182 24 206
103 177 280
80 48 128
254 170 424
120 187 307
120 187 307
25 30 55
181 104 285
181 104 285
146 132 278
255 170 425
181 181 362
0 2 2
0 2 2
0 2 2
0 2 2
128 255 383
128 255 383
128 255 383
21 34 55
4 198 202
170 128 298
93 218 311
128 1 129
254 254 508
73 91 164
191 130 321
128 85 213
150 251 401
0 85 85
0 170 170
135 0 135
120 130 250
42 109 151
112 209 321
176 167 343
164 165 329
164 165 329
164 165 329
164 165 329
164 165 329
90 240 330
49 149 198
55 65 120
208 12 220
33 38 71
33 38 71
33 38 71
33 38 71
33 38 71
85 1 86
170 85 255
1 255 256
173 140 313
85 170 255
250 233 483
121 99 220
121 99 220
121 99 220
85 128 213
181 32 213
181 32 213
181 32 213
94 204 298
225 91 316
132 194 326
0 67 67
148 35 183
229 66 295
229 66 295
229 66 295
229 66 295
254 254 508
136 198 334
43 146 189
232 217 449
85 2 87
14 83 97
208 3 211
208 3 211
113 20 133
15 124 139
255 170 425
255 170 425
255 170 425
255 170 425
255 170 425
0 254 254
0 254 254
0 254 254
0 254 254
1 170 171
33 121 154
100 172 272
237 82 319
213 241 454
242 229 471
221 255 476
237 127 364
237 127 364
0 2 2
128 128 256
97 36 133
57 17 74
235 140 375
204 153 357
255 254 509
255 254 509
255 254 509
255 254 509
91 189 280
91 189 280
205 13 218
26 75 101
26 75 101
26 75 101
26 75 101
26 75 101
2 0 2
2 2 4
11 57 68
193 148 341
105 165 270
105 165 270
105 165 270
105 165 270
105 165 270
207 162 369
242 67 309
128 1 129
128 1 129
128 1 129
210 221 431
245 186 431
235 101 336
159 254 413
170 85 255
170 85 255
128 0 128
148 216 364
85 255 340
74 253 327
2 255 257
255 1 256
255 1 256
255 1 256
136 7 143
136 7 143
136 7 143
187 23 210
170 128 298
255 2 257
0 255 255
31 151 182
180 12 192
180 12 192
180 12 192
139 127 266
139 127 266
139 127 266
139 127 266
146 181 327
29 14 43
128 254 382
96 76 172
254 254 508
1 1 2
128 254 382
128 254 382
128 254 382
128 254 382
128 254 382
85 170 255
224 71 295
1 170 171
1 170 171
209 100 309
36 203 239
36 117 153
120 113 233
96 253 349
225 30 255
82 209 291
10 49 59
180 149 329
1 255 256
10 90 100
19 154 173
106 139 245
140 13 153
128 43 171
170 128 298
170 128 298
170 128 298
170 128 298
203 227 430
194 245 439
156 141 297
224 48 272
165 59 224
85 2 87
1 2 3
0 170 170
0 170 170
0 170 170
179 248 427
0 254 254
64 216 280
64 216 280
64 216 280
64 216 280
64 216 280
128 85 213
251 181 432
1 170 171
89 108 197
21 113 134
5 72 77
6 51 57
104 88 192
252 186 438
187 30 217
2 85 87
212 148 360
172 70 242
128 0 128
128 0 128
128 0 128
128 0 128
128 0 128
177 206 383
79 202 281
39 6 45
254 85 339
38 243 281
106 33 139
111 236 347
5 245 250
254 1 255
4 63 67
4 63 67
254 170 424
85 2 87
85 2 87
85 2 87
66 130 196
66 130 196
66 130 196
66 130 196
108 205 313
191 109 300
191 109 300
191 109 300
1 2 3
1 128 129
165 207 372
81 160 241
216 50 266
87 110 197
95 19 114
1 1 2
1 1 2
1 1 2
1 1 2
1 1 2
26 221 247
255 254 509
42 111 153
21 192 213
227 122 349
1 2 3
128 85 213
128 85 213
128 85 213
156 120 276
115 109 224
60 210 270
60 210 270
60 210 270
60 210 270
60 210 270
254 254 508
196 48 244
196 48 244
216 176 392
241 168 409
234 147 381
2 170 172
115 70 185
72 175 247
128 2 130
185 239 424
37 252 289
37 252 289
37 252 289
7 183 190
254 254 508
254 254 508
254 254 508
254 254 508
254 254 508
0 0 0
213 114 327
209 167 376
0 136 136
128 2 130
239 62 301
254 255 509
157 124 281
110 74 184
134 54 188
85 254 339
1 254 255
117 85 202
40 143 183
236 167 403
254 247 501
175 187 362
85 255 340
0 2 2
188 169 357
226 119 345
128 0 128
128 0 128
128 0 128
128 0 128
128 0 128
119 22 141
197 102 299
5 234 239
253 9 262
17 55 72
17 55 72
254 128 382
254 128 382
254 128 382
254 128 382
254 128 382
151 143 294
1 254 255
98 118 216
98 118 216
85 15 100
85 15 100
85 15 100
126 232 358
167 87 254
125 220 345
7 154 161
122 212 334
1 254 255
1 255 256
170 128 298
170 128 298
170 128 298
69 176 245
248 117 365
254 143 397
255 196 451
255 196 451
255 196 451
255 196 451
255 196 451
254 1 255
2 1 3
52 87 139
34 77 111
119 150 269
52 245 297
170 255 425
2 191 193
127 135 262
128 2 130
39 190 229
210 238 448
251 195 446
118 119 237
255 85 340
254 85 339
194 211 405
243 59 302
239 184 423
250 85 335
250 85 335
250 85 335
140 173 313
140 173 313
140 173 313
140 173 313
140 173 313
209 23 232
209 23 232
209 23 232
209 23 232
209 23 232
2 254 256
2 254 256
2 254 256
2 254 256
2 254 256
219 158 377
102 201 303
86 22 108
221 244 465
85 85 170
85 85 170
85 85 170
85 85 170
85 85 170
227 203 430
40 34 74
52 186 238
3 138 141
0 0 0
175 82 257
254 254 508
170 106 276
2 128 130
2 128 130
2 128 130
2 128 130
2 128 130
85 0 85
124 164 288
169 33 202
145 212 357
132 157 289
135 113 248
220 86 306
31 243 274
1 1 2
177 111 288
177 111 288
177 111 288
177 111 288
177 111 288
238 38 276
201 37 238
128 170 298
114 200 314
114 200 314
114 200 314
164 153 317
255 1 256
37 255 292
95 130 225
49 198 247
221 236 457
218 226 444
130 56 186
4 90 94
176 183 359
164 141 305
13 135 148
254 170 424
254 170 424
197 76 273
140 75 215
2 128 130
20 144 164
0 1 1
0 1 1
0 1 1
0 1 1
69 88 157
60 250 310
255 1 256
2 254 256
170 0 170
71 27 98
71 27 98
71 27 98
71 27 98
71 27 98
85 1 86
63 210 273
0 2 2
27 137 164
27 137 164
27 137 164
254 255 509
155 126 281
86 241 327
191 235 426
2 85 87
89 63 152
148 25 173
76 243 319
0 254 254
0 254 254
0 254 254
0 254 254
170 95 265
169 209 378
14 58 72
39 234 273
2 2 4
2 2 4
2 2 4
2 2 4
2 2 4
220 237 457
245 152 397
0 170 170
205 155 360
176 50 226
51 40 91
170 128 298
170 128 298
129 149 278
129 149 278
129 149 278
254 77 331
254 77 331
28 37 65
0 170 170
0 170 170
0 170 170
0 170 170
0 128 128
41 244 285
247 242 489
138 70 208
113 243 356
113 243 356
255 68 323
255 68 323
255 68 323
255 68 323
36 125 161
55 225 280
128 85 213
128 85 213
128 85 213
128 85 213
154 231 385
254 255 509
88 243 331
72 154 226
151 190 341
85 254 339
212 174 386
157 252 409
157 252 409
157 252 409
157 252 409
157 252 409
139 122 261
51 59 110
57 85 142
102 10 112
165 56 221
1 170 171
140 25 165
2 85 87
226 16 242
14 194 208
170 170 340
102 81 183
255 1 256
201 24 225
78 165 243
233 240 473
255 2 257
151 101 252
185 110 295
165 58 223
165 58 223
165 58 223
165 58 223
165 58 223
170 2 172
189 151 340
255 255 510
134 222 356
170 85 255
89 249 338
138 81 219
124 97 221
124 97 221
57 26 83
255 254 509
117 249 366
2 1 3
2 1 3
2 1 3
2 1 3
2 1 3
232 233 465
231 197 428
157 189 346
157 189 346
157 189 346
157 189 346
170 170 340
1 255 256
180 96 276
119 111 230
0 254 254
139 91 230
242 175 417
211 99 310
255 170 425
85 244 329
161 168 329
161 168 329
161 168 329
161 168 329
161 168 329
186 92 278
170 1 171
170 1 171
215 239 454
0 0 0
0 0 0
0 0 0
0 0 0
0 0 0
101 32 133
85 1 86
111 31 142
143 196 339
77 44 121
120 19 139
120 19 139
170 0 170
170 0 170
89 135 224
26 236 262
172 46 218
239 212 451
239 212 451
239 212 451
239 212 451
239 212 451
254 2 256
254 2 256
254 2 256
47 71 118
85 255 340
201 32 233
123 24 147
114 97 211
123 49 172
2 1 3
170 2 172
35 188 223
8 28 36
0 1 1
251 171 422
0 128 128
65 138 203
18 0 18
255 128 383
2 128 130
0 0 0
0 128 128
22 230 252
172 108 280
222 210 432
170 2 172
3 120 123
255 128 383
85 0 85
85 128 213
93 118 211
250 159 409
154 75 229
85 1 86
247 186 433
0 170 170
254 255 509
128 10 138
255 85 340
105 186 291
1 1 2
152 153 305
204 135 339
232 250 482
156 137 293
102 245 347
128 0 128
128 1 129
239 232 471
255 1 256
234 249 483
239 86 325
85 170 255
108 203 311
156 94 250
141 236 377
85 85 170
133 197 330
122 19 141
128 128 256
47 153 200
47 153 200
47 153 200
47 153 200
47 153 200
137 32 169
85 1 86
95 195 290
128 194 322
226 162 388
0 2 2
59 31 90
1 0 1
0 1 1
255 85 340
180 43 223
9 110 119
143 112 255
143 112 255
49 45 94
191 212 403
191 212 403
191 212 403
191 212 403
191 212 403
190 60 250
190 60 250
190 60 250
190 60 250
43 136 179
161 103 264
2 128 130
163 5 168
110 153 263
0 255 255
176 141 317
176 141 317
176 141 317
176 141 317
205 233 438
251 44 295
176 149 325
207 109 316
224 255 479
86 180 266
2 170 172
38 177 215
38 177 215
38 177 215
38 177 215
38 177 215
87 51 138
117 25 142
116 149 265
116 149 265
116 149 265
116 149 265
116 149 265
21 135 156
52 149 201
5 31 36
132 31 163
132 31 163
176 80 256
143 158 301
105 229 334
254 254 508
85 128 213
64 81 145
254 170 424
41 221 262
170 0 170
2 0 2
2 0 2
0 128 128
1 128 129
98 176 274
167 163 330
254 2 256
2 1 3
2 1 3
2 1 3
44 3 47
146 177 323
0 1 1
173 73 246
173 73 246
85 2 87
61 28 89
254 94 348
107 79 186
85 128 213
1 254 255
1 254 255
176 39 215
178 97 275
195 81 276
195 81 276
195 81 276
195 81 276
195 81 276
119 196 315
1 128 129
2 1 3
28 176 204
194 44 238
1 128 129
255 0 255
74 187 261
254 242 496
152 24 176
99 0 99
2 254 256
124 150 274
1 143 144
6 47 53
160 213 373
128 170 298
1 2 3
47 39 86
128 118 246
219 33 252
219 33 252
254 0 254
85 170 255
170 170 340
170 170 340
80 83 163
36 70 106
36 70 106
36 70 106
36 70 106
2 0 2
2 0 2
2 0 2
27 141 168
128 85 213
153 82 235
193 7 200
51 81 132
172 60 232
217 147 364
212 253 465
1 254 255
114 166 280
1 254 255
26 134 160
26 134 160
26 134 160
108 22 130
1 255 256
177 196 373
251 222 473
83 229 312
26 168 194
149 146 295
232 64 296
255 1 256
219 32 251
56 128 184
32 66 98
0 254 254
225 196 421
174 123 297
255 254 509
97 180 277
139 202 341
131 184 315
254 85 339
170 0 170
1 255 256
1 254 255
74 99 173
59 11 70
255 254 509
200 206 406
200 206 406
200 206 406
200 206 406
200 206 406
164 3 167
61 198 259
218 1 219
127 28 155
176 100 276
176 100 276
176 100 276
16 255 271
16 255 271
16 255 271
252 209 461
170 0 170
124 84 208
255 254 509
254 128 382
28 207 235
214 171 385
145 230 375
96 205 301
96 205 301
96 205 301
96 205 301
96 205 301
14 96 110
242 92 334
225 12 237
42 73 115
240 134 374
225 243 468
1 2 3
170 179 349
255 254 509
128 254 382
233 126 359
254 85 339
254 85 339
163 112 275
128 90 218
202 145 347
202 145 347
202 145 347
202 145 347
123 59 182
123 59 182
123 59 182
123 59 182
193 153 346
23 163 186
135 161 296
207 207 414
52 155 207
191 192 383
249 237 486
236 174 410
236 174 410
236 174 410
236 174 410
236 174 410
0 247 247
255 53 308
12 13 25
170 254 424
85 85 170
117 197 314
229 145 374
161 81 242
230 148 378
90 36 126
90 36 126
90 36 126
90 36 126
90 36 126
85 170 255
187 179 366
255 1 256
130 80 210
255 170 425
255 170 425
255 170 425
209 173 382
255 128 383
255 128 383
161 223 384
172 72 244
92 148 240
85 255 340
215 100 315
215 100 315
215 100 315
195 219 414
128 85 213
123 190 313
123 190 313
67 77 144
128 26 154
212 11 223
212 11 223
212 11 223
212 11 223
85 202 287
2 85 87
245 217 462
190 166 356
0 2 2
0 2 2
150 117 267
150 117 267
150 117 267
150 117 267
143 249 392
85 0 85
1 170 171
138 199 337
254 2 256
254 2 256
254 2 256
254 2 256
199 159 358
30 249 279
1 170 171
85 254 339
85 254 339
85 254 339
85 254 339
128 128 256
201 114 315
85 128 213
85 128 213
85 128 213
85 128 213
85 128 213
20 222 242
174 147 321
246 204 450
17 250 267
2 85 87
223 202 425
98 43 141
32 148 180
185 235 420
141 223 364
254 255 509
102 2 104
138 38 176
183 117 300
171 214 385
165 40 205
165 40 205
165 40 205
165 40 205
165 40 205
248 9 257
44 111 155
2 254 256
210 217 427
23 217 240
195 252 447
41 72 113
2 85 87
152 155 307
225 150 375
203 104 307
0 0 0
85 255 340
110 50 160
110 50 160
87 73 160
128 128 256
118 92 210
93 80 173
93 80 173
93 80 173
93 80 173
93 80 173
140 179 319
251 248 499
191 175 366
85 128 213
247 63 310
175 211 386
175 211 386
175 211 386
175 211 386
200 239 439
64 15 79
130 234 364
170 254 424
148 190 338
170 170 340
170 170 340
170 170 340
27 204 231
91 84 175
204 80 284
123 242 365
69 254 323
58 38 96
2 85 87
71 65 136
241 52 293
230 210 440
172 171 343
172 171 343
172 171 343
172 171 343
53 251 304
2 128 130
85 0 85
170 1 171
170 1 171
254 2 256
111 54 165
0 180 180
0 180 180
0 180 180
0 180 180
0 180 180
146 166 312
254 254 508
14 148 162
194 222 416
194 222 416
194 222 416
194 222 416
194 222 416
2 85 87
2 85 87
203 71 274
5 174 179
85 255 340
85 255 340
85 255 340
85 255 340
85 255 340
2 81 83
254 0 254
17 232 249
130 131 261
9 43 52
73 51 124
138 26 164
190 102 292
190 102 292
190 102 292
190 102 292
95 255 350
170 2 172
254 254 508
85 255 340
121 27 148
120 22 142
44 98 142
44 252 296
112 113 225
82 10 92
2 0 2
98 244 342
98 244 342
75 58 133
75 58 133
10 77 87
185 83 268
220 24 244
85 255 340
85 255 340
85 255 340
125 61 186
255 254 509
244 235 479
85 170 255
85 2 87
85 2 87
8 126 134
104 241 345
212 126 338
212 126 338
212 126 338
212 126 338
178 138 316
255 1 256
230 244 474
230 244 474
230 244 474
230 244 474
230 244 474
77 128 205
77 128 205
77 128 205
77 128 205
163 195 358
210 157 367
180 249 429
2 255 257
254 184 438
18 128 146
254 255 509
254 255 509
254 255 509
254 255 509
254 255 509
170 110 280
200 15 215
0 2 2
255 0 255
255 0 255
255 0 255
255 0 255
82 138 220
233 15 248
241 134 375
10 151 161
254 147 401
38 242 280
254 0 254
255 255 510
188 221 409
235 6 241
0 1 1
0 85 85
52 190 242
122 71 193
180 255 435
170 85 255
170 85 255
170 85 255
170 85 255
170 85 255
222 60 282
222 60 282
222 60 282
222 60 282
254 128 382
254 128 382
254 128 382
254 128 382
0 2 2
101 30 131
226 138 364
85 170 255
85 170 255
85 170 255
2 170 172
65 62 127
132 54 186
65 211 276
128 128 256
254 2 256
149 110 259
193 198 391
112 182 294
10 51 61
1 170 171
47 133 180
47 133 180
47 133 180
47 133 180
47 133 180
89 105 194
4 105 109
255 128 383
254 85 339
254 0 254
134 72 206
172 156 328
172 156 328
172 156 328
172 156 328
172 156 328
170 2 172
212 29 241
0 2 2
0 2 2
0 2 2
0 2 2
11 34 45
11 34 45
108 249 357
254 1 255
42 115 157
252 158 410
252 158 410
252 158 410
132 229 361
5 129 134
2 85 87
100 54 154
85 0 85
98 45 143
93 221 314
62 75 137
128 85 213
90 5 95
2 255 257
177 12 189
119 104 223
205 147 352
128 128 256
178 120 298
178 120 298
178 120 298
178 120 298
178 120 298
255 18 273
128 85 213
128 128 256
161 80 241
252 125 377
111 193 304
84 165 249
84 165 249
218 30 248
146 163 309
146 163 309
247 213 460
184 17 201
128 43 171
2 1 3
85 0 85
193 42 235
193 42 235
193 42 235
188 122 310
196 156 352
45 172 217
16 222 238
128 85 213
54 166 220
6 138 144
128 2 130
231 125 356
200 119 319
123 138 261
52 20 72
175 162 337
182 227 409
11 180 191
11 180 191
11 180 191
11 180 191
11 180 191
198 211 409
59 48 107
48 142 190
187 1 188
227 197 424
67 130 197
154 239 393
151 133 284
170 128 298
170 128 298
170 128 298
170 128 298
170 128 298
148 100 248
251 83 334
119 98 217
95 151 246
85 0 85
172 81 253
64 39 103
33 4 37
33 4 37
33 4 37
33 4 37
53 191 244
245 101 346
1 170 171
1 170 171
1 170 171
1 170 171
1 170 171
0 1 1
23 191 214
206 206 412
206 206 412
206 206 412
156 117 273
1 85 86
1 85 86
1 85 86
1 85 86
1 254 255
106 82 188
80 59 139
118 139 257
2 170 172
238 249 487
2 1 3
254 254 508
128 2 130
153 150 303
153 150 303
153 150 303
153 150 303
22 140 162
214 8 222
148 188 336
1 255 256
231 112 343
85 170 255
134 172 306
200 111 311
200 111 311
200 111 311
200 111 311
200 111 311
107 101 208
148 115 263
25 191 216
25 191 216
25 191 216
148 151 299
148 151 299
174 199 373
81 214 295
81 214 295
81 214 295
81 214 295
75 146 221
74 169 243
132 44 176
128 85 213
170 255 425
114 232 346
0 128 128
0 128 128
0 128 128
0 128 128
0 128 128
254 254 508
175 125 300
175 125 300
175 125 300
175 125 300
2 170 172
44 208 252
166 120 286
166 120 286
166 120 286
166 120 286
166 120 286
63 246 309
242 174 416
72 252 324
45 95 140
138 83 221
138 83 221
227 139 366
3 128 131
254 128 382
154 122 276
128 85 213
128 85 213
116 204 320
252 110 362
252 110 362
68 41 109
191 42 233
170 0 170
170 0 170
170 0 170
170 0 170
254 170 424
85 170 255
254 128 382
163 89 252
118 229 347
109 251 360
91 117 208
153 7 160
127 123 250
237 134 371
170 128 298
1 0 1
33 52 85
96 16 112
96 16 112
2 254 256
67 136 203
43 171 214
1 1 2
202 248 450
116 235 351
254 1 255
85 170 255
85 170 255
55 121 176
0 1 1
56 171 227
146 77 223
146 77 223
146 77 223
255 0 255
254 0 254
85 1 86
85 1 86
85 1 86
236 225 461
85 85 170
224 238 462
124 238 362
124 238 362
124 238 362
124 238 362
124 238 362
125 24 149
163 232 395
37 141 178
37 141 178
219 64 283
170 255 425
128 0 128
17 113 130
0 254 254
117 177 294
255 128 383
223 45 268
1 1 2
85 85 170
85 85 170
77 174 251
77 174 251
127 31 158
9 2 11
2 128 130
255 254 509
255 2 257
227 212 439
122 118 240
33 192 225
33 192 225
33 192 225
33 192 225
24 46 70
218 146 364
170 85 255
2 254 256
0 0 0
85 64 149
128 2 130
87 48 135
144 132 276
144 132 276
144 132 276
144 132 276
132 55 187
85 1 86
62 142 204
128 255 383
36 231 267
56 32 88
56 32 88
56 32 88
56 32 88
56 32 88
128 254 382
1 255 256
27 219 246
117 238 355
117 238 355
117 238 355
117 238 355
181 61 242
255 255 510
255 255 510
255 255 510
34 4 38
85 0 85
170 1 171
254 128 382
101 70 171
170 85 255
100 125 225
0 2 2
91 141 232
91 141 232
91 141 232
220 17 237
144 54 198
128 170 298
220 124 344
220 124 344
220 124 344
220 124 344
220 124 344
0 0 0
119 231 350
164 38 202
164 38 202
164 38 202
255 85 340
201 110 311
26 151 177
254 85 339
128 1 129
128 1 129
78 212 290
118 62 180
5 220 225
5 220 225
5 220 225
5 220 225
51 193 244
56 9 65
254 128 382
2 128 130
2 128 130
235 241 476
218 13 231
185 151 336
123 194 317
135 170 305
214 3 217
59 174 233
135 102 237
88 255 343
35 96 131
170 0 170
1 128 129
54 207 261
128 128 256
222 145 367
222 145 367
222 145 367
61 91 152
138 102 240
48 206 254
105 142 247
128 133 261
12 203 215
201 44 245
193 161 354
9 177 186
36 66 102
46 236 282
254 85 339
255 1 256
40 119 159
149 180 329
12 88 100
12 88 100
12 88 100
12 88 100
12 88 100
1 2 3
2 255 257
107 10 117
114 161 275
112 75 187
112 75 187
34 81 115
80 244 324
80 244 324
80 244 324
80 244 324
80 244 324
170 1 171
148 44 192
19 211 230
34 182 216
2 2 4
138 21 159
21 32 53
208 92 300
255 2 257
21 225 246
220 91 311
170 255 425
219 125 344
49 216 265
227 174 401
78 232 310
255 102 357
2 85 87
2 85 87
255 170 425
0 255 255
86 181 267
232 222 454
51 116 167
85 254 339
85 254 339
85 254 339
85 254 339
85 254 339
129 127 256
46 164 210
1 177 178
1 177 178
173 241 414
156 248 404
246 128 374
1 255 256
10 107 117
173 172 345
173 172 345
173 172 345
173 172 345
173 172 345
112 104 216
233 148 381
168 194 362
168 194 362
115 198 313
254 0 254
31 139 170
111 236 347
177 120 297
180 64 244
65 95 160
155 133 288
3 13 16
3 13 16
3 13 16
3 13 16
3 13 16
240 171 411
128 0 128
123 158 281
151 6 157
151 6 157
151 6 157
255 2 257
254 0 254
142 70 212
255 128 383
255 128 383
255 128 383
255 128 383
110 140 250
0 1 1
128 255 383
109 105 214
65 199 264
155 34 189
21 130 151
49 167 216
49 167 216
49 167 216
16 101 117
16 101 117
16 101 117
16 101 117
16 101 117
224 60 284
53 148 201
235 245 480
203 40 243
213 90 303
255 1 256
50 18 68
254 2 256
255 128 383
165 135 300
254 2 256
170 0 170
229 110 339
105 170 275
170 0 170
255 2 257
254 85 339
100 0 100
239 88 327
47 148 195
145 17 162
219 137 356
2 170 172
170 85 255
1 254 255
3 102 105
53 56 109
87 30 117
132 225 357
132 225 357
132 225 357
132 225 357
132 225 357
96 171 267
96 171 267
96 171 267
162 222 384
162 222 384
162 222 384
162 222 384
47 116 163
1 128 129
1 128 129
1 128 129
1 128 129
212 150 362
212 150 362
212 150 362
212 150 362
212 150 362
25 198 223
23 253 276
18 146 164
70 121 191
85 85 170
188 60 248
85 2 87
18 6 24
255 128 383
98 218 316
128 85 213
128 85 213
128 85 213
128 85 213
128 85 213
106 211 317
1 254 255
1 254 255
1 254 255
1 254 255
1 254 255
183 103 286
120 83 203
125 160 285
55 134 189
224 213 437
0 170 170
177 122 299
212 172 384
212 172 384
212 172 384
212 172 384
212 172 384
149 9 158
149 9 158
149 9 158
149 9 158
128 255 383
213 75 288
205 201 406
144 230 374
78 72 150
130 199 329
79 27 106
16 32 48
94 238 332
2 128 130
0 1 1
222 116 338
254 0 254
254 0 254
254 0 254
254 0 254
85 170 255
58 36 94
134 185 319
132 114 246
132 114 246
132 114 246
91 22 113
95 199 294
42 160 202
42 160 202
42 160 202
127 141 268
196 59 255
239 33 272
117 14 131
192 22 214
141 123 264
227 146 373
227 146 373
227 146 373
227 146 373
2 170 172
50 128 178
254 1 255
1 85 86
61 26 87
255 170 425
255 170 425
255 170 425
1 255 256
198 179 377
0 85 85
62 75 137
2 1 3
122 97 219
122 97 219
122 97 219
250 220 470
167 148 315
115 80 195
128 2 130
85 0 85
172 230 402
226 227 453
164 12 176
255 128 383
236 208 444
111 243 354
5 51 56
129 23 152
254 170 424
128 1 129
227 20 247
227 20 247
223 196 419
223 196 419
170 170 340
27 53 80
2 254 256
102 35 137
102 35 137
254 255 509
103 93 196
0 254 254
137 170 307
209 136 345
187 11 198
60 223 283
126 178 304
102 203 305
102 203 305
102 203 305
255 98 353
62 152 214
170 254 424
238 163 401
255 2 257
170 255 425
128 35 163
156 191 347
2 254 256
85 2 87
85 2 87
85 2 87
85 2 87
0 0 0
0 0 0
85 1 86
99 200 299
170 170 340
185 45 230
254 170 424
111 46 157
255 1 256
109 27 136
255 0 255
255 0 255
255 0 255
255 0 255
1 128 129
230 31 261
170 2 172
0 255 255
1 1 2
28 159 187
28 159 187
28 159 187
28 159 187
28 159 187
157 112 269
255 170 425
170 170 340
55 194 249
168 140 308
168 140 308
168 140 308
168 140 308
1 128 129
59 250 309
15 165 180
40 243 283
243 66 309
255 1 256
170 1 171
170 1 171
170 1 171
120 190 310
136 0 136
136 0 136
128 2 130
254 254 508
145 9 154
255 254 509
17 151 168
85 2 87
62 122 184
65 47 112
1 2 3
171 197 368
76 204 280
71 232 303
128 42 170
128 42 170
107 92 199
2 85 87
102 19 121
219 224 443
255 0 255
85 123 208
169 239 408
11 83 94
11 83 94
11 83 94
11 83 94
11 83 94
255 85 340
16 251 267
16 251 267
154 213 367
2 0 2
147 197 344
254 0 254
128 170 298
229 238 467
128 0 128
61 90 151
116 128 244
29 155 184
221 190 411
2 254 256
255 128 383
214 145 359
40 70 110
2 170 172
19 207 226
109 186 295
17 59 76
32 69 101
130 158 288
217 138 355
66 38 104
97 53 150
44 133 177
85 2 87
213 30 243
213 30 243
213 30 243
135 52 187
157 187 344
158 215 373
158 215 373
158 215 373
158 215 373
244 161 405
255 170 425
153 40 193
255 1 256
118 184 302
133 236 369
227 253 480
254 85 339
206 233 439
152 81 233
8 158 166
29 18 47
2 1 3
2 128 130
143 35 178
143 35 178
143 35 178
143 35 178
143 35 178
109 125 234
136 245 381
225 134 359
99 59 158
25 104 129
200 100 300
189 179 368
189 179 368
2 254 256
85 1 86
215 99 314
2 170 172
214 119 333
74 226 300
249 230 479
1 2 3
128 1 129
94 17 111
0 2 2
255 85 340
222 145 367
153 139 292
199 175 374
240 141 381
183 17 200
201 233 434
139 72 211
161 158 319
184 142 326
86 83 169
92 158 250
155 46 201
171 24 195
1 170 171
128 2 130
40 199 239
229 232 461
124 198 322
163 163 326
32 53 85
129 120 249
54 64 118
212 180 392
84 101 185
24 161 185
170 1 171
109 232 341
0 254 254
117 243 360
117 243 360
8 49 57
128 1 129
146 215 361
1 1 2
255 2 257
60 188 248
170 170 340
205 36 241
45 217 262
128 85 213
157 85 242
254 0 254
254 128 382
222 190 412
1 2 3
240 49 289
141 50 191
109 231 340
109 231 340
109 231 340
109 231 340
109 231 340
52 59 111
52 59 111
52 59 111
148 252 400
128 0 128
140 224 364
140 224 364
140 224 364
140 224 364
128 170 298
29 183 212
139 57 196
139 57 196
139 57 196
2 85 87
214 97 311
225 28 253
170 0 170
79 207 286
79 207 286
79 207 286
79 207 286
255 1 256
188 10 198
188 10 198
188 10 198
188 10 198
1 2 3
0 236 236
91 132 223
158 123 281
128 254 382
141 45 186
109 164 273
0 254 254
249 229 478
1 0 1
226 27 253
64 53 117
204 65 269
1 254 255
10 121 131
10 121 131
10 121 131
10 121 131
170 128 298
240 5 245
240 5 245
86 29 115
222 21 243
222 21 243
222 21 243
251 65 316
49 133 182
255 1 256
255 1 256
255 1 256
255 1 256
255 1 256
1 1 2
106 89 195
106 89 195
106 89 195
106 89 195
245 135 380
151 130 281
142 169 311
85 228 313
184 224 408
128 255 383
115 103 218
103 66 169
255 255 510
250 66 316
128 170 298
128 85 213
128 85 213
110 23 133
114 27 141
50 76 126
255 170 425
255 170 425
255 170 425
255 170 425
255 170 425
14 85 99
14 85 99
14 85 99
200 199 399
177 75 252
149 81 230
199 50 249
14 149 163
143 246 389
175 4 179
61 85 146
11 83 94
11 83 94
11 83 94
11 83 94
254 255 509
93 228 321
173 223 396
130 16 146
128 254 382
190 232 422
251 151 402
85 170 255
85 170 255
85 170 255
249 123 372
249 123 372
249 123 372
209 245 454
220 102 322
254 85 339
149 62 211
149 62 211
149 62 211
149 62 211
149 62 211
0 254 254
95 32 127
95 32 127
95 32 127
95 32 127
95 32 127
245 250 495
83 141 224
170 2 172
254 254 508
176 140 316
176 140 316
176 140 316
163 118 281
65 113 178
232 247 479
235 70 305
255 85 340
11 89 100
88 243 331
88 243 331
88 243 331
88 243 331
34 207 241
97 189 286
97 189 286
97 189 286
97 189 286
76 144 220
103 57 160
103 57 160
103 57 160
214 91 305
160 80 240
193 24 217
68 89 157
170 1 171
93 66 159
164 99 263
255 170 425
255 1 256
244 60 304
205 185 390
18 123 141
0 85 85
0 85 85
0 85 85
0 85 85
0 85 85
182 30 212
182 30 212
182 30 212
128 85 213
223 179 402
57 75 132
1 85 86
191 122 313
170 254 424
0 128 128
254 254 508
254 254 508
254 254 508
254 254 508
254 254 508
180 45 225
180 45 225
180 45 225
180 45 225
180 45 225
86 48 134
201 195 396
2 254 256
175 44 219
146 66 212
220 253 473
229 248 477
209 197 406
135 66 201
143 163 306
239 148 387
68 207 275
68 207 275
85 255 340
176 56 232
156 97 253
230 8 238
230 8 238
0 170 170
0 170 170
0 170 170
0 170 170
0 170 170
68 150 218
85 85 170
99 36 135
254 0 254
51 212 263
141 142 283
167 78 245
129 23 152
43 242 285
158 36 194
98 213 311
98 213 311
98 213 311
98 213 311
254 128 382
62 77 139
62 77 139
2 254 256
194 179 373
255 128 383
255 128 383
255 128 383
255 128 383
255 128 383
67 177 244
170 85 255
37 112 149
170 170 340
145 148 293
2 255 257
128 255 383
170 170 340
170 170 340
170 170 340
254 170 424
188 87 275
249 77 326
153 145 298
153 145 298
153 145 298
153 145 298
39 95 134
222 253 475
91 122 213
23 20 43
0 0 0
175 207 382
90 74 164
156 129 285
22 131 153
32 169 201
1 1 2
1 1 2
145 1 146
145 1 146
145 1 146
145 1 146
222 148 370
182 181 363
81 241 322
209 174 383
191 58 249
191 58 249
212 96 308
1 1 2
27 64 91
148 239 387
145 67 212
2 85 87
170 1 171
0 1 1
212 37 249
59 125 184
35 4 39
178 113 291
85 0 85
85 0 85
85 0 85
85 0 85
85 0 85
79 199 278
250 124 374
250 124 374
250 124 374
167 37 204
85 254 339
83 145 228
190 53 243
190 53 243
190 53 243
190 53 243
2 2 4
69 6 75
0 1 1
126 254 380
148 154 302
238 225 463
170 128 298
1 0 1
61 15 76
2 85 87
255 0 255
21 80 101
255 0 255
0 128 128
224 193 417
181 72 253
181 72 253
181 72 253
181 72 253
181 72 253
43 33 76
26 27 53
197 54 251
197 54 251
197 54 251
197 54 251
197 54 251
2 128 130
85 0 85
202 18 220
170 255 425
9 56 65
9 56 65
255 85 340
255 85 340
255 85 340
255 85 340
25 105 130
111 7 118
124 245 369
0 9 9
85 1 86
115 219 334
167 22 189
56 108 164
62 191 253
128 170 298
182 139 321
182 139 321
182 139 321
45 64 109
2 255 257
2 255 257
2 255 257
2 255 257
255 85 340
255 85 340
74 21 95
210 91 301
128 128 256
254 254 508
254 254 508
170 128 298
170 128 298
170 128 298
170 128 298
71 200 271
50 56 106
0 254 254
42 212 254
148 185 333
45 187 232
58 128 186
151 92 243
151 92 243
151 92 243
90 100 190
208 228 436
24 21 45
200 52 252
179 147 326
47 8 55
199 20 219
85 0 85
225 145 370
186 227 413
105 18 123
128 144 272
85 0 85
127 60 187
41 12 53
0 128 128
0 85 85
130 177 307
241 27 268
150 139 289
225 6 231
140 191 331
140 191 331
140 191 331
140 191 331
140 191 331
170 255 425
170 255 425
170 255 425
170 255 425
207 8 215
1 85 86
7 148 155
211 115 326
211 115 326
211 115 326
211 115 326
211 115 326
80 21 101
80 21 101
80 21 101
80 21 101
133 81 214
133 81 214
133 81 214
133 81 214
85 2 87
175 3 178
129 142 271
11 198 209
0 128 128
141 5 146
18 221 239
18 221 239
128 164 292
186 105 291
253 67 320
77 125 202
20 62 82
20 62 82
20 62 82
20 62 82
37 129 166
1 255 256
128 254 382
144 215 359
254 0 254
219 237 456
219 237 456
219 237 456
219 237 456
219 237 456
8 239 247
255 39 294
255 2 257
131 4 135
131 4 135
131 4 135
131 4 135
170 254 424
193 95 288
0 128 128
255 170 425
56 73 129
56 73 129
56 73 129
56 73 129
2 1 3
2 1 3
2 1 3
103 85 188
103 85 188
103 85 188
103 85 188
103 85 188
118 253 371
33 63 96
51 25 76
196 108 304
0 170 170
0 170 170
0 170 170
0 170 170
1 255 256
208 32 240
89 21 110
128 254 382
115 134 249
255 0 255
170 1 171
2 170 172
29 25 54
70 208 278
69 153 222
69 153 222
244 156 400
244 156 400
244 156 400
244 156 400
244 156 400
254 170 424
38 252 290
220 85 305
223 44 267
254 254 508
85 255 340
85 255 340
85 255 340
51 122 173
147 24 171
128 85 213
255 39 294
59 120 179
26 223 249
252 60 312
83 41 124
121 123 244
1 128 129
128 254 382
231 11 242
2 170 172
2 170 172
15 206 221
2 85 87
85 0 85
85 0 85
85 0 85
125 131 256
125 131 256
199 103 302
83 186 269
42 79 121
42 79 121
42 79 121
0 170 170
128 85 213
85 254 339
139 204 343
168 223 391
168 223 391
168 223 391
255 2 257
2 170 172
2 128 130
2 254 256
38 151 189
0 170 170
241 23 264
241 23 264
241 23 264
241 23 264
241 23 264
212 73 285
203 112 315
203 112 315
203 112 315
203 112 315
116 138 254
41 200 241
247 235 482
88 207 295
2 254 256
112 224 336
143 122 265
162 45 207
129 44 173
129 44 173
129 44 173
129 44 173
129 44 173
194 14 208
1 254 255
61 252 313
117 1 118
34 227 261
6 76 82
49 167 216
2 255 257
2 255 257
2 255 257
2 255 257
177 185 362
85 128 213
2 85 87
85 0 85
85 2 87
78 194 272
1 227 228
95 247 342
25 24 49
217 91 308
68 238 306
55 247 302
1 254 255
227 77 304
140 34 174
78 13 91
203 189 392
38 34 72
231 240 471
105 198 303
105 198 303
105 198 303
105 198 303
166 254 420
66 205 271
158 4 162
78 209 287
78 209 287
78 209 287
80 35 115
55 131 186
55 131 186
38 188 226
1 128 129
1 128 129
117 205 322
117 205 322
117 205 322
176 148 324
51 187 238
53 182 235
176 251 427
176 251 427
176 251 427
176 251 427
85 246 331
183 6 189
183 6 189
183 6 189
183 6 189
183 6 189
85 128 213
219 76 295
21 21 42
13 235 248
235 50 285
235 50 285
235 50 285
237 161 398
98 208 306
0 254 254
54 67 121
67 30 97
198 17 215
252 25 277
254 255 509
62 57 119
5 210 215
15 157 172
0 0 0
57 138 195
34 140 174
168 147 315
15 125 140
182 80 262
94 206 300
53 69 122
128 170 298
0 0 0
26 50 76
68 186 254
80 246 326
170 0 170
170 0 170
1 128 129
180 138 318
67 163 230
128 128 256
128 128 256
128 128 256
170 0 170
170 0 170
227 46 273
101 170 271
254 229 483
159 52 211
159 52 211
159 52 211
60 216 276
60 216 276
60 216 276
255 2 257
169 104 273
255 38 293
249 16 265
249 16 265
249 16 265
249 16 265
249 16 265
5 17 22
253 224 477
241 222 463
179 103 282
155 105 260
101 2 103
0 170 170
212 194 406
227 157 384
227 157 384
227 157 384
46 173 219
107 118 225
251 124 375
113 175 288
170 255 425
170 255 425
170 254 424
255 170 425
2 134 136
238 32 270
4 247 251
197 221 418
242 97 339
2 255 257
2 255 257
2 255 257
2 255 257
2 255 257
186 119 305
112 119 231
1 255 256
1 255 256
1 255 256
1 255 256
1 255 256
216 156 372
137 80 217
8 229 237
254 1 255
19 203 222
164 190 354
252 66 318
63 113 176
0 128 128
58 168 226
1 170 171
144 254 398
144 254 398
254 255 509
196 199 395
55 86 141
255 254 509
92 200 292
11 66 77
254 2 256
232 1 233
107 26 133
2 2 4
254 128 382
162 210 372
162 210 372
162 210 372
255 2 257
239 234 473
128 128 256
170 170 340
2 255 257
2 255 257
2 255 257
2 255 257
2 255 257
167 147 314
33 23 56
45 27 72
94 142 236
94 142 236
94 142 236
94 142 236
128 2 130
255 2 257
51 168 219
96 118 214
149 218 367
128 85 213
128 85 213
128 85 213
128 85 213
128 85 213
81 145 226
81 145 226
208 213 421
83 52 135
83 52 135
83 52 135
83 52 135
128 1 129
196 212 408
254 0 254
36 32 68
103 112 215
236 205 441
236 205 441
236 205 441
236 205 441
236 205 441
58 236 294
0 134 134
176 115 291
1 112 113
8 13 21
2 255 257
252 244 496
2 81 83
125 142 267
239 25 264
239 25 264
254 88 342
197 21 218
197 21 218
197 21 218
197 21 218
197 21 218
255 0 255
128 128 256
244 151 395
248 60 308
254 128 382
30 218 248
255 255 510
50 161 211
158 228 386
243 8 251
0 128 128
0 128 128
0 128 128
0 128 128
85 1 86
10 222 232
10 222 232
10 222 232
10 222 232
10 222 232
128 215 343
1 139 140
85 255 340
62 131 193
251 34 285
85 0 85
109 123 232
109 123 232
109 123 232
166 3 169
1 128 129
1 0 1
88 145 233
71 162 233
3 165 168
33 75 108
128 254 382
128 254 382
128 254 382
56 79 135
56 79 135
56 79 135
216 92 308
1 0 1
161 174 335
161 174 335
161 174 335
161 174 335
116 159 275
116 159 275
116 159 275
116 159 275
110 34 144
152 110 262
205 41 246
173 67 240
112 203 315
229 223 452
203 143 346
231 109 340
115 61 176
61 176 237
254 255 509
254 255 509
254 255 509
32 233 265
0 0 0
170 1 171
81 239 320
81 239 320
81 239 320
81 239 320
141 10 151
183 239 422
141 196 337
1 255 256
232 20 252
91 151 242
91 151 242
85 0 85
255 0 255
255 0 255
255 0 255
255 0 255
255 0 255
0 128 128
0 128 128
0 128 128
2 255 257
1 255 256
1 0 1
32 209 241
1 0 1
1 0 1
1 0 1
1 0 1
1 0 1
85 254 339
235 211 446
235 211 446
235 211 446
170 2 172
223 229 452
127 13 140
140 46 186
161 92 253
220 2 222
128 255 383
89 172 261
128 85 213
59 38 97
245 76 321
1 254 255
1 254 255
1 254 255
1 254 255
2 170 172
128 254 382
195 193 388
240 118 358
240 118 358
240 118 358
240 118 358
30 11 41
2 0 2
24 185 209
162 183 345
109 60 169
103 72 175
254 170 424
172 31 203
6 61 67
115 171 286
84 170 254
136 72 208
72 134 206
72 134 206
72 134 206
72 134 206
72 134 206
2 1 3
51 91 142
254 128 382
154 240 394
47 237 284
47 237 284
47 237 284
85 2 87
84 58 142
36 111 147
36 111 147
36 111 147
36 111 147
36 111 147
1 1 2
121 215 336
94 38 132
143 71 214
170 254 424
1 255 256
137 249 386
0 1 1
132 239 371
254 254 508
115 125 240
5 21 26
1 85 86
126 65 191
141 9 150
128 2 130
16 161 177
255 255 510
254 2 256
1 128 129
183 201 384
24 132 156
24 132 156
24 132 156
24 132 156
24 132 156
255 0 255
254 170 424
254 170 424
254 170 424
254 170 424
174 66 240
254 254 508
1 170 171
141 236 377
9 231 240
9 231 240
9 231 240
9 231 240
9 231 240
179 78 257
236 97 333
89 118 207
23 202 225
175 10 185
2 1 3
2 1 3
246 72 318
43 73 116
128 1 129
13 59 72
85 1 86
145 8 153
127 246 373
127 246 373
127 246 373
128 85 213
128 85 213
128 85 213
128 85 213
72 218 290
128 0 128
190 124 314
190 124 314
190 124 314
190 124 314
220 213 433
216 53 269
114 127 241
161 182 343
1 128 129
29 233 262
218 242 460
200 243 443
141 136 277
215 155 370
69 135 204
170 0 170
128 85 213
2 2 4
96 215 311
96 215 311
96 215 311
96 215 311
96 215 311
1 85 86
125 183 308
45 13 58
45 13 58
45 13 58
45 13 58
255 255 510
0 1 1
128 2 130
255 1 256
19 22 41
178 246 424
184 8 192
2 85 87
249 101 350
249 101 350
249 101 350
249 101 350
97 68 165
14 99 113
62 10 72
97 80 177
202 101 303
128 2 130
105 177 282
15 14 29
255 71 326
255 71 326
100 183 283
128 2 130
128 2 130
128 2 130
128 2 130
85 85 170
85 85 170
85 85 170
85 85 170
156 249 405
254 252 506
102 209 311
102 209 311
102 209 311
102 209 311
102 209 311
249 199 448
0 2 2
210 89 299
210 89 299
61 179 240
61 179 240
61 179 240
254 170 424
226 210 436
177 69 246
85 0 85
85 0 85
85 0 85
170 254 424
135 54 189
85 2 87
8 215 223
85 36 121
3 71 74
15 201 216
128 20 148
219 185 404
219 185 404
219 185 404
219 185 404
83 40 123
83 40 123
83 40 123
83 40 123
83 40 123
207 108 315
175 41 216
175 41 216
175 41 216
175 41 216
180 34 214
102 193 295
18 144 162
1 201 202
41 111 152
93 88 181
93 88 181
93 88 181
93 88 181
113 238 351
133 30 163
159 40 199
255 128 383
0 170 170
214 33 247
101 219 320
101 219 320
101 219 320
101 219 320
101 219 320
131 192 323
254 170 424
231 168 399
216 145 361
216 145 361
216 145 361
216 145 361
123 15 138
1 0 1
42 199 241
110 175 285
0 2 2
26 183 209
2 0 2
250 177 427
175 95 270
191 103 294
211 122 333
204 192 396
89 254 343
2 85 87
81 159 240
2 85 87
134 60 194
36 7 43
170 254 424
91 37 128
111 250 361
111 250 361
255 0 255
22 178 200
47 135 182
229 111 340
229 111 340
229 111 340
229 111 340
229 111 340
190 14 204
41 222 263
128 255 383
255 254 509
175 59 234
20 24 44
0 0 0
217 11 228
170 1 171
27 98 125
254 128 382
193 135 328
254 0 254
42 23 65
2 2 4
255 1 256
255 1 256
128 254 382
15 0 15
15 0 15
15 0 15
15 0 15
15 0 15
1 128 129
189 17 206
176 219 395
21 153 174
31 229 260
1 85 86
1 2 3
2 85 87
216 69 285
216 69 285
216 69 285
216 69 285
216 69 285
132 44 176
66 29 95
39 81 120
134 129 263
161 22 183
149 39 188
101 18 119
101 18 119
101 18 119
101 18 119
178 33 211
26 115 141
47 226 273
22 40 62
131 135 266
255 128 383
254 128 382
128 2 130
136 162 298
1 1 2
83 56 139
1 2 3
255 85 340
206 195 401
207 31 238
207 31 238
207 31 238
207 31 238
254 85 339
112 185 297
114 235 349
84 129 213
127 78 205
113 137 250
98 145 243
44 34 78
27 172 199
167 118 285
1 255 256
193 36 229
170 2 172
128 0 128
0 163 163
8 166 174
175 24 199
223 3 226
157 79 236
85 254 339
85 255 340
85 255 340
85 255 340
85 255 340
85 255 340
161 15 176
48 90 138
48 90 138
48 90 138
48 90 138
229 213 442
223 210 433
95 117 212
170 255 425
172 51 223
167 20 187
162 160 322
162 160 322
117 97 214
158 239 397
154 217 371
58 214 272
9 206 215
2 85 87
78 53 131
132 200 332
18 126 144
181 147 328
244 83 327
104 36 140
85 255 340
85 255 340
85 255 340
85 255 340
85 255 340
85 0 85
188 30 218
247 58 305
243 229 472
1 128 129
128 254 382
189 28 217
2 0 2
2 0 2
2 0 2
2 0 2
2 0 2
221 46 267
203 86 289
166 161 327
17 76 93
119 47 166
58 188 246
111 84 195
157 95 252
186 57 243
254 128 382
254 128 382
254 128 382
254 128 382
254 128 382
108 23 131
136 108 244
84 247 331
71 180 251
60 85 145
135 107 242
225 187 412
230 230 460
99 36 135
100 11 111
178 50 228
12 225 237
115 127 242
2 170 172
159 28 187
208 88 296
254 0 254
1 2 3
1 2 3
1 2 3
140 114 254
144 30 174
194 206 400
26 128 154
191 4 195
191 4 195
210 5 215
245 174 419
60 58 118
60 58 118
60 58 118
60 58 118
60 58 118
128 170 298
147 253 400
13 234 247
6 171 177
166 117 283
224 132 356
170 85 255
170 85 255
113 110 223
255 1 256
2 254 256
114 110 224
128 1 129
1 1 2
254 2 256
126 125 251
10 184 194
220 190 410
195 114 309
195 114 309
195 114 309
195 114 309
152 182 334
4 90 94
242 93 335
81 104 185
108 83 191
255 85 340
0 2 2
189 218 407
128 85 213
234 84 318
1 2 3
1 2 3
1 2 3
1 2 3
1 2 3
128 254 382
195 196 391
170 0 170
229 151 380
218 211 429
61 204 265
61 204 265
61 204 265
61 204 265
61 204 265
249 184 433
114 129 243
114 129 243
36 28 64
196 84 280
40 4 44
254 85 339
0 254 254
160 242 402
25 250 275
255 128 383
128 0 128
128 2 130
128 2 130
128 2 130
128 2 130
128 2 130
2 254 256
79 229 308
79 229 308
79 229 308
2 2 4
40 42 82
134 157 291
159 127 286
221 190 411
208 92 300
2 128 130
30 91 121
92 95 187
92 95 187
92 95 187
1 170 171
2 255 257
2 255 257
2 255 257
2 255 257
52 195 247
0 1 1
58 95 153
183 250 433
19 175 194
255 128 383
208 207 415
85 170 255
59 30 89
200 249 449
200 249 449
200 249 449
200 249 449
200 249 449
129 206 335
129 206 335
116 85 201
37 84 121
111 216 327
255 254 509
45 146 191
181 28 209
255 0 255
199 125 324
170 254 424
30 148 178
0 0 0
255 254 509
255 128 383
60 14 74
114 140 254
185 154 339
85 2 87
97 45 142
171 91 262
2 73 75
254 128 382
51 217 268
19 75 94
155 128 283
1 255 256
254 85 339
59 151 210
234 158 392
176 172 348
24 186 210
81 246 327
198 22 220
12 107 119
255 128 383
230 135 365
255 170 425
255 170 425
250 164 414
1 170 171
58 171 229
58 171 229
205 248 453
205 248 453
205 248 453
205 248 453
85 255 340
85 254 339
85 254 339
85 254 339
85 254 339
87 150 237
132 38 170
85 2 87
2 1 3
223 73 296
85 254 339
128 2 130
85 0 85
85 0 85
241 165 406
85 0 85
64 247 311
165 243 408
25 110 135
232 136 368
217 148 365
128 255 383
128 85 213
48 20 68
236 74 310
236 74 310
12 109 121
182 82 264
99 78 177
197 192 389
170 128 298
2 2 4
250 232 482
151 94 245
151 94 245
151 94 245
151 94 245
151 94 245
1 170 171
116 213 329
37 11 48
100 148 248
8 248 256
38 76 114
38 76 114
38 76 114
38 76 114
71 109 180
60 9 69
1 1 2
207 54 261
255 1 256
255 1 256
255 1 256
255 1 256
153 44 197
43 99 142
152 87 239
0 254 254
240 156 396
201 61 262
22 221 243
7 162 169
68 175 243
2 128 130
103 88 191
216 178 394
128 254 382
0 2 2
129 132 261
255 254 509
121 248 369
98 226 324
98 226 324
98 226 324
20 39 59
239 104 343
76 55 131
98 142 240
0 254 254
59 35 94
106 11 117
66 37 103
66 37 103
45 91 136
35 183 218
252 240 492
252 240 492
252 240 492
252 240 492
32 153 185
13 40 53
13 40 53
13 40 53
13 40 53
2 85 87
85 2 87
2 2 4
208 152 360
1 2 3
150 0 150
255 254 509
50 224 274
3 221 224
254 128 382
238 213 451
184 100 284
80 200 280
1 0 1
67 149 216
67 149 216
231 189 420
49 154 203
138 85 223
85 255 340
138 111 249
111 199 310
111 199 310
111 199 310
245 228 473
71 50 121
71 50 121
70 20 90
70 20 90
70 20 90
70 20 90
70 20 90
0 128 128
1 254 255
165 218 383
217 115 332
93 160 253
17 205 222
17 205 222
17 205 222
17 205 222
17 205 222
109 137 246
0 0 0
122 151 273
206 26 232
1 128 129
81 18 99
114 218 332
108 192 300
178 174 352
134 168 302
109 159 268
30 150 180
170 0 170
2 254 256
104 227 331
170 0 170
213 110 323
77 27 104
200 6 206
226 216 442
1 255 256
27 208 235
12 128 140
0 0 0
116 144 260
254 85 339
2 255 257
165 230 395
1 170 171
1 170 171
249 33 282
249 33 282
249 33 282
249 33 282
36 108 144
85 85 170
237 33 270
182 218 400
157 156 313
0 2 2
170 85 255
204 123 327
229 34 263
229 34 263
117 71 188
117 71 188
117 71 188
117 71 188
117 71 188
85 255 340
1 128 129
1 128 129
1 128 129
1 128 129
85 85 170
128 170 298
13 201 214
134 49 183
134 49 183
134 49 183
134 49 183
83 1 84
13 10 23
1 1 2
162 73 235
30 13 43
231 176 407
27 0 27
85 144 229
133 102 235
200 212 412
255 1 256
239 181 420
32 165 197
255 2 257
204 176 380
237 53 290
237 53 290
237 53 290
237 53 290
168 177 345
168 177 345
168 177 345
168 177 345
174 205 379
255 0 255
62 220 282
62 220 282
62 220 282
62 220 282
62 220 282
70 82 152
16 171 187
128 85 213
185 67 252
255 1 256
237 1 238
192 109 301
255 0 255
116 198 314
80 85 165
85 170 255
90 243 333
230 103 333
245 70 315
170 179 349
170 179 349
170 179 349
170 179 349
170 179 349
217 163 380
10 197 207
170 128 298
184 250 434
32 174 206
243 20 263
243 20 263
243 20 263
243 20 263
228 194 422
187 130 317
192 124 316
224 75 299
224 75 299
224 75 299
224 75 299
224 75 299
204 26 230
204 26 230
204 26 230
204 26 230
204 26 230
219 154 373
84 77 161
84 77 161
84 77 161
15 157 172
105 210 315
228 164 392
228 164 392
228 164 392
228 164 392
247 33 280
94 95 189
1 92 93
254 128 382
74 136 210
202 232 434
156 217 373
254 255 509
38 197 235
128 209 337
0 170 170
1 170 171
1 128 129
227 255 482
69 170 239
96 172 268
255 92 347
255 92 347
255 92 347
255 92 347
218 242 460
254 255 509
239 13 252
5 101 106
5 101 106
85 128 213
85 128 213
85 128 213
119 176 295
119 176 295
119 176 295
119 176 295
41 82 123
78 61 139
24 29 53
24 29 53
24 29 53
24 29 53
24 29 53
74 93 167
253 101 354
253 101 354
253 101 354
170 1 171
222 113 335
2 128 130
38 145 183
168 29 197
139 209 348
86 158 244
86 158 244
86 158 244
255 254 509
103 41 144
166 135 301
216 246 462
35 163 198
31 75 106
152 184 336
51 151 202
155 158 313
155 158 313
155 158 313
136 181 317
107 103 210
210 111 321
151 213 364
254 85 339
87 139 226
255 0 255
11 196 207
149 248 397
5 205 210
136 237 373
84 148 232
89 159 248
128 128 256
185 160 345
179 42 221
124 179 303
128 1 129
59 29 88
91 5 96
178 150 328
21 122 143
13 176 189
113 222 335
1 2 3
230 0 230
41 0 41
97 156 253
23 104 127
164 167 331
219 250 469
72 131 203
0 0 0
43 1 44
11 68 79
1 170 171
255 85 340
255 170 425
2 2 4
2 2 4
2 2 4
2 2 4
1 37 38
142 247 389
19 47 66
87 229 316
21 76 97
186 238 424
1 255 256
147 184 331
81 49 130
115 150 265
128 85 213
255 254 509
128 254 382
252 34 286
252 34 286
2 85 87
225 138 363
32 107 139
13 136 149
96 124 220
96 124 220
96 124 220
106 146 252
28 197 225
6 100 106
254 2 256
168 5 173
128 233 361
96 49 145
0 170 170
85 0 85
172 45 217
56 5 61
147 176 323
172 199 371
119 151 270
234 155 389
37 248 285
137 20 157
137 20 157
0 2 2
168 216 384
163 130 293
140 221 361
140 221 361
163 42 205
163 42 205
163 42 205
197 179 376
253 227 480
188 14 202
170 255 425
255 2 257
219 139 358
1 1 2
2 128 130
255 170 425
255 170 425
28 175 203
38 190 228
0 2 2
158 19 177
185 248 433
142 164 306
179 102 281
157 241 398
2 128 130
2 128 130
128 159 287
17 220 237
247 133 380
180 8 188
224 230 454
152 39 191
170 255 425
0 170 170
126 17 143
70 34 104
214 145 359
243 176 419
85 128 213
85 128 213
125 250 375
125 250 375
125 250 375
125 250 375
149 84 233
85 1 86
140 121 261
13 173 186
128 2 130
2 2 4
2 2 4
2 2 4
2 2 4
13 158 171
74 81 155
34 125 159
137 45 182
137 45 182
1 85 86
97 74 171
2 255 257
161 73 234
1 1 2
196 49 245
170 231 401
134 93 227
104 36 140
170 2 172
85 85 170
85 85 170
18 12 30
56 194 250
56 194 250
56 194 250
2 254 256
2 170 172
99 187 286
18 61 79
18 61 79
18 61 79
18 61 79
18 61 79
19 204 223
128 254 382
57 154 211
254 6 260
255 0 255
150 59 209
223 189 412
223 189 412
223 189 412
209 47 256
255 144 399
207 99 306
0 85 85
0 85 85
134 154 288
134 154 288
134 154 288
85 2 87
188 230 418
195 65 260
195 65 260
158 55 213
8 165 173
85 2 87
0 1 1
40 69 109
167 230 397
94 252 346
124 203 327
15 203 218
131 16 147
52 16 68
55 216 271
1 128 129
85 2 87
85 2 87
1 0 1
2 0 2
17 235 252
207 145 352
207 145 352
207 145 352
207 145 352
172 244 416
2 2 4
2 2 4
2 2 4
2 2 4
195 135 330
195 135 330
195 135 330
195 135 330
186 26 212
142 210 352
159 86 245
53 15 68
85 2 87
245 101 346
85 128 213
128 1 129
128 1 129
128 1 129
128 1 129
128 1 129
33 229 262
1 0 1
249 180 429
22 119 141
33 125 158
105 94 199
1 1 2
128 170 298
170 170 340
187 28 215
18 35 53
18 35 53
18 35 53
2 170 172
2 170 172
2 170 172
2 170 172
2 170 172
1 254 255
100 145 245
243 88 331
72 154 226
207 121 328
255 128 383
131 113 244
99 214 313
11 82 93
184 30 214
124 227 351
241 129 370
85 128 213
211 97 308
198 140 338
230 74 304
237 36 273
100 64 164
128 2 130
115 126 241
115 126 241
115 126 241
115 126 241
115 126 241
0 0 0
48 115 163
185 161 346
255 128 383
255 85 340
0 1 1
170 0 170
200 79 279
24 252 276
85 128 213
237 57 294
237 57 294
52 95 147
218 156 374
69 29 98
85 255 340
85 255 340
2 254 256
26 38 64
177 119 296
182 121 303
182 121 303
242 101 343
171 30 201
0 128 128
0 128 128
0 128 128
2 255 257
67 33 100
156 75 231
52 215 267
160 181 341
126 59 185
1 170 171
1 170 171
1 170 171
1 170 171
2 255 257
239 51 290
153 13 166
170 2 172
137 229 366
137 229 366
137 229 366
137 229 366
137 229 366
128 128 256
1 2 3
251 102 353
251 102 353
251 102 353
251 102 353
251 102 353
253 159 412
189 129 318
0 0 0
1 85 86
105 203 308
201 187 388
168 61 229
0 85 85
0 85 85
0 0 0
128 85 213
191 146 337
1 128 129
74 184 258
104 146 250
104 146 250
104 146 250
104 146 250
104 146 250
255 128 383
171 131 302
138 104 242
0 254 254
91 97 188
35 73 108
74 187 261
254 85 339
44 180 224
53 16 69
2 255 257
142 14 156
170 85 255
15 94 109
120 150 270
1 2 3
82 107 189
195 17 212
255 1 256
115 122 237
20 160 180
1 128 129
1 128 129
1 128 129
1 128 129
1 128 129
1 0 1
29 172 201
2 1 3
173 228 401
1 170 171
231 245 476
146 153 299
229 72 301
85 254 339
186 93 279
170 1 171
255 1 256
154 202 356
154 202 356
154 202 356
154 202 356
154 202 356
200 44 244
119 160 279
93 67 160
198 225 423
149 206 355
149 206 355
149 206 355
149 206 355
119 69 188
136 100 236
170 255 425
97 109 206
28 107 135
170 0 170
85 170 255
1 85 86
1 85 86
1 85 86
1 85 86
1 85 86
236 25 261
102 29 131
102 29 131
102 29 131
56 24 80
56 24 80
56 24 80
56 24 80
56 24 80
221 32 253
2 254 256
128 255 383
128 255 383
128 255 383
215 98 313
18 76 94
170 128 298
151 140 291
1 255 256
170 1 171
69 48 117
1 85 86
237 56 293
254 128 382
2 255 257
60 54 114
14 81 95
251 174 425
254 128 382
148 59 207
148 59 207
148 59 207
0 1 1
0 1 1
0 1 1
170 1 171
4 30 34
128 254 382
176 58 234
2 0 2
69 225 294
0 254 254
170 255 425
232 196 428
85 254 339
237 123 360
14 82 96
255 2 257
255 2 257
255 2 257
255 2 257
106 241 347
165 15 180
165 15 180
76 51 127
166 170 336
1 255 256
6 134 140
205 67 272
205 67 272
216 143 359
210 103 313
142 223 365
30 184 214
254 0 254
9 107 116
9 107 116
164 56 220
98 115 213
166 100 266
170 85 255
46 154 200
0 170 170
48 127 175
48 127 175
48 127 175
48 127 175
170 85 255
163 247 410
36 181 217
37 253 290
254 85 339
128 85 213
128 170 298
11 107 118
30 162 192
228 15 243
181 26 207
102 21 123
170 255 425
47 7 54
239 220 459
1 85 86
193 115 308
255 2 257
255 85 340
255 85 340
56 167 223
96 112 208
78 162 240
153 155 308
91 150 241
167 24 191
2 255 257
255 254 509
69 81 150
35 9 44
0 2 2
0 2 2
23 52 75
222 220 442
170 0 170
0 1 1
86 247 333
155 187 342
1 128 129
95 113 208
64 165 229
64 165 229
250 46 296
59 78 137
1 245 246
167 39 206
235 57 292
10 61 71
44 140 184
63 88 151
2 85 87
206 94 300
121 5 126
165 147 312
162 55 217
42 171 213
246 133 379
94 181 275
147 158 305
12 66 78
128 0 128
242 71 313
15 64 79
2 0 2
1 85 86
204 120 324
85 1 86
0 170 170
0 170 170
0 170 170
0 170 170
0 170 170
116 77 193
216 68 284
0 85 85
226 16 242
121 228 349
41 229 270
41 229 270
151 11 162
89 135 224
161 97 258
145 93 238
134 247 381
97 46 143
0 85 85
158 30 188
73 29 102
0 128 128
0 128 128
109 240 349
128 85 213
2 128 130
128 0 128
128 0 128
128 0 128
39 150 189
0 254 254
57 136 193
255 255 510
255 255 510
130 189 319
172 53 225
201 108 309
201 108 309
94 219 313
130 75 205
153 220 373
170 1 171
0 128 128
170 2 172
170 2 172
194 80 274
197 78 275
2 254 256
116 177 293
29 156 185
119 220 339
0 128 128
113 137 250
113 137 250
113 137 250
113 137 250
130 14 144
2 2 4
231 45 276
40 242 282
0 255 255
3 247 250
1 254 255
0 0 0
0 1 1
96 21 117
96 21 117
96 21 117
96 21 117
1 170 171
219 203 422
103 48 151
184 193 377
0 170 170
85 255 340
77 107 184
44 197 241
39 231 270
254 85 339
255 85 340
43 5 48
136 194 330
254 0 254
254 0 254
254 0 254
254 0 254
254 0 254
85 255 340
128 85 213
128 170 298
254 2 256
171 231 402
2 0 2
166 77 243
128 1 129
128 1 129
85 0 85
0 85 85
222 199 421
129 164 293
166 181 347
172 43 215
32 208 240
246 150 396
128 255 383
1 128 129
254 0 254
170 170 340
233 116 349
29 68 97
133 239 372
170 170 340
1 170 171
133 238 371
53 97 150
150 77 227
97 23 120
97 23 120
97 23 120
97 23 120
254 254 508
5 78 83
84 95 179
0 2 2
2 170 172
0 0 0
73 167 240
152 8 160
255 0 255
0 51 51
155 161 316
113 130 243
113 130 243
113 130 243
113 130 243
113 130 243
128 128 256
1 2 3
1 2 3
1 2 3
1 2 3
1 2 3
0 254 254
0 254 254
0 254 254
0 254 254
0 254 254
85 128 213
216 11 227
216 11 227
64 57 121
210 69 279
191 116 307
255 254 509
23 19 42
189 205 394
189 205 394
189 205 394
189 205 394
0 254 254
104 64 168
221 42 263
90 229 319
254 85 339
170 2 172
137 13 150
82 23 105
197 108 305
115 60 175
0 2 2
198 11 209
115 65 180
17 105 122
165 24 189
122 154 276
33 197 230
54 24 78
121 110 231
255 170 425
0 1 1
0 1 1
255 85 340
113 175 288
113 175 288
113 175 288
88 37 125
21 68 89
43 246 289
18 222 240
0 170 170
228 129 357
202 234 436
58 41 99
113 29 142
224 108 332
154 231 385
154 231 385
138 164 302
254 254 508
75 6 81
13 191 204
13 191 204
13 191 204
13 191 204
13 191 204
66 138 204
38 103 141
2 0 2
205 57 262
160 35 195
145 245 390
145 245 390
145 245 390
145 245 390
145 245 390
210 199 409
170 1 171
32 238 270
129 147 276
235 9 244
0 0 0
0 0 0
0 0 0
0 0 0
2 170 172
77 237 314
77 237 314
77 237 314
77 237 314
77 237 314
165 12 177
189 241 430
60 253 313
84 68 152
79 183 262
136 149 285
50 107 157
215 114 329
33 74 107
236 226 462
213 245 458
182 90 272
1 0 1
249 139 388
249 139 388
139 117 256
195 50 245
244 117 361
116 171 287
2 254 256
2 254 256
2 254 256
2 254 256
123 147 270
127 77 204
40 79 119
40 79 119
40 79 119
40 79 119
40 79 119
57 120 177
57 120 177
57 120 177
213 189 402
213 189 402
213 189 402
242 44 286
239 13 252
182 251 433
182 251 433
25 140 165
118 28 146
96 218 314
85 1 86
204 19 223
233 117 350
254 85 339
34 46 80
67 218 285
30 95 125
30 95 125
30 95 125
30 95 125
30 95 125
135 188 323
135 188 323
135 188 323
135 188 323
85 255 340
85 255 340
85 255 340
85 255 340
122 88 210
122 88 210
132 51 183
135 50 185
128 254 382
136 51 187
58 14 72
244 246 490
65 104 169
186 139 325
107 167 274
2 1 3
188 243 431
0 2 2
0 2 2
1 128 129
246 159 405
141 64 205
9 234 243
9 234 243
9 234 243
9 234 243
197 111 308
85 254 339
85 254 339
85 254 339
85 254 339
17 1 18
169 66 235
9 3 12
132 142 274
132 142 274
132 142 274
132 142 274
26 168 194
255 0 255
62 76 138
170 2 172
204 89 293
254 170 424
87 229 316
112 252 364
0 0 0
211 244 455
137 233 370
115 227 342
115 227 342
100 214 314
100 214 314
100 214 314
100 214 314
100 214 314
151 203 354
190 71 261
236 228 464
78 211 289
20 206 226
75 228 303
13 16 29
80 67 147
245 93 338
1 1 2
1 1 2
250 11 261
250 11 261
98 104 202
98 104 202
98 104 202
186 84 270
2 93 95
175 11 186
121 90 211
106 0 106
106 0 106
106 0 106
106 0 106
138 145 283
85 197 282
85 197 282
191 84 275
73 244 317
0 1 1
254 57 311
0 254 254
128 255 383
111 144 255
192 197 389
87 99 186
226 154 380
9 84 93
254 255 509
1 255 256
115 107 222
74 73 147
18 160 178
223 166 389
70 20 90
189 190 379
170 2 172
255 128 383
255 128 383
182 71 253
16 249 265
128 1 129
0 255 255
131 243 374
255 1 256
255 1 256
255 1 256
255 1 256
255 1 256
10 136 146
10 136 146
85 128 213
2 85 87
66 229 295
107 13 120
2 2 4
144 222 366
144 222 366
174 175 349
254 128 382
207 82 289
197 231 428
197 231 428
197 231 428
197 231 428
197 231 428
169 91 260
85 254 339
100 7 107
60 251 311
91 153 244
200 216 416
0 255 255
95 9 104
172 146 318
1 75 76
1 75 76
1 75 76
1 75 76
174 153 327
95 88 183
170 85 255
79 191 270
254 85 339
248 11 259
1 199 200
0 170 170
227 130 357
25 119 144
255 128 383
128 128 256
0 128 128
0 128 128
0 128 128
0 128 128
253 1 254
254 255 509
1 85 86
0 255 255
10 190 200
186 60 246
170 255 425
186 220 406
186 220 406
186 220 406
210 222 432
23 150 173
60 188 248
0 1 1
2 1 3
184 235 419
2 170 172
183 156 339
170 85 255
101 60 161
22 36 58
34 241 275
194 76 270
1 2 3
161 54 215
220 151 371
255 2 257
40 24 64
198 23 221
36 132 168
139 207 346
60 163 223
198 246 444
101 41 142
49 168 217
32 164 196
124 1 125
27 245 272
191 103 294
191 103 294
191 103 294
191 103 294
191 103 294
93 245 338
128 0 128
128 0 128
0 2 2
1 85 86
251 30 281
16 59 75
255 255 510
1 2 3
85 0 85
85 0 85
85 0 85
85 0 85
38 162 200
7 143 150
99 46 145
135 137 272
135 137 272
135 137 272
135 137 272
74 52 126
85 128 213
85 128 213
85 128 213
85 128 213
13 165 178
50 174 224
44 198 242
141 194 335
2 254 256
173 189 362
173 189 362
173 189 362
173 189 362
128 85 213
123 244 367
177 28 205
177 28 205
251 3 254
251 3 254
251 3 254
251 3 254
115 117 232
214 196 410
0 1 1
220 114 334
124 198 322
124 198 322
124 198 322
124 198 322
85 2 87
205 0 205
254 255 509
208 143 351
160 76 236
255 254 509
76 33 109
123 109 232
39 195 234
255 0 255
132 133 265
93 135 228
46 131 177
46 131 177
151 120 271
119 115 234
255 170 425
54 77 131
236 143 379
255 1 256
2 128 130
113 91 204
113 91 204
113 91 204
254 255 509
103 169 272
197 179 376
144 236 380
4 153 157
13 52 65
201 175 376
197 112 309
197 112 309
197 112 309
197 112 309
170 170 340
170 170 340
170 170 340
170 170 340
170 170 340
135 110 245
2 255 257
2 85 87
224 110 334
130 111 241
171 74 245
171 74 245
171 74 245
171 74 245
171 74 245
83 157 240
125 174 299
85 85 170
85 85 170
85 85 170
85 85 170
85 85 170
246 203 449
254 0 254
207 185 392
128 85 213
39 6 45
0 1 1
29 71 100
85 254 339
1 85 86
254 170 424
1 2 3
236 99 335
110 19 129
40 140 180
88 174 262
43 217 260
88 101 189
1 128 129
27 113 140
27 113 140
27 113 140
27 113 140
27 46 73
128 2 130
198 64 262
224 193 417
224 193 417
224 193 417
224 193 417
85 2 87
144 197 341
229 66 295
199 250 449
37 207 244
14 83 97
76 229 305
148 246 394
85 254 339
54 74 128
121 133 254
4 197 201
4 197 201
4 197 201
4 197 201
170 85 255
85 2 87
62 42 104
226 105 331
226 105 331
226 105 331
226 105 331
226 105 331
207 204 411
12 206 218
87 106 193
238 151 389
126 177 303
69 10 79
1 255 256
163 75 238
246 210 456
246 210 456
246 210 456
246 210 456
144 209 353
2 85 87
1 254 255
64 136 200
77 61 138
241 72 313
2 254 256
2 254 256
2 254 256
2 254 256
2 254 256
116 235 351
1 255 256
99 169 268
111 207 318
85 2 87
254 254 508
255 0 255
255 255 510
2 254 256
159 84 243
81 15 96
12 125 137
2 2 4
2 2 4
0 246 246
255 85 340
97 211 308
213 49 262
92 151 243
170 1 171
248 105 353
0 0 0
0 0 0
0 0 0
0 0 0
0 0 0
77 175 252
77 175 252
77 175 252
77 175 252
77 175 252
153 79 232
232 243 475
1 255 256
173 187 360
126 68 194
52 158 210
67 233 300
190 47 237
255 85 340
255 2 257
80 199 279
80 199 279
80 199 279
80 199 279
128 2 130
178 100 278
19 37 56
196 243 439
1 254 255
85 0 85
85 0 85
85 0 85
85 0 85
85 0 85
231 54 285
252 148 400
49 221 270
49 221 270
49 221 270
49 221 270
49 221 270
0 235 235
254 2 256
67 101 168
67 101 168
67 101 168
67 101 168
233 73 306
55 42 97
254 1 255
254 1 255
254 1 255
205 138 343
2 1 3
226 243 469
0 1 1
164 215 379
4 231 235
4 231 235
4 231 235
133 136 269
170 100 270
249 189 438
2 85 87
222 99 321
41 174 215
164 47 211
254 1 255
254 1 255
182 241 423
58 192 250
177 90 267
2 1 3
119 46 165
233 189 422
2 1 3
143 221 364
115 154 269
226 34 260
194 3 197
226 39 265
202 38 240
130 242 372
234 232 466
39 222 261
103 141 244
85 24 109
255 254 509
220 253 473
172 52 224
77 174 251
176 190 366
210 210 420
85 17 102
85 17 102
85 17 102
255 128 383
237 150 387
2 0 2
64 224 288
204 45 249
99 228 327
99 228 327
99 228 327
133 237 370
163 77 240
163 77 240
163 77 240
163 77 240
163 77 240
143 114 257
170 0 170
170 0 170
170 0 170
110 197 307
2 255 257
2 255 257
2 255 257
2 255 257
2 255 257
1 2 3
150 60 210
94 59 153
2 254 256
64 16 80
64 16 80
64 16 80
64 16 80
104 198 302
17 147 164
2 0 2
255 85 340
0 254 254
205 242 447
205 242 447
205 242 447
205 242 447
211 87 298
211 87 298
211 87 298
211 87 298
211 87 298
207 86 293
254 170 424
228 230 458
170 0 170
254 255 509
197 249 446
240 19 259
240 19 259
0 254 254
101 166 267
149 92 241
13 88 101
135 167 302
124 18 142
186 112 298
1 85 86
128 255 383
233 242 475
233 242 475
233 242 475
233 242 475
13 198 211
85 254 339
255 254 509
174 82 256
90 141 231
90 141 231
90 141 231
90 141 231
90 141 231
155 153 308
254 170 424
2 85 87
2 85 87
177 136 313
190 16 206
255 2 257
170 0 170
167 12 179
255 1 256
254 1 255
2 128 130
2 128 130
254 255 509
226 102 328
46 142 188
46 142 188
46 142 188
46 142 188
46 142 188
215 0 215
215 0 215
215 0 215
215 0 215
84 241 325
88 80 168
158 255 413
252 80 332
70 12 82
89 73 162
8 12 20
141 148 289
82 188 270
82 188 270
82 188 270
82 188 270
43 128 171
50 105 155
1 254 255
102 121 223
64 89 153
164 168 332
240 133 373
186 103 289
19 182 201
255 2 257
25 8 33
227 66 293
199 32 231
255 255 510
15 169 184
227 1 228
227 1 228
227 1 228
227 1 228
126 82 208
229 127 356
229 127 356
229 127 356
229 127 356
149 84 233
113 129 242
128 0 128
50 200 250
203 94 297
178 226 404
166 95 261
164 200 364
34 140 174
151 120 271
14 96 110
14 96 110
14 96 110
14 96 110
14 96 110
226 58 284
226 58 284
226 58 284
226 58 284
66 75 141
85 251 336
1 170 171
106 87 193
85 254 339
85 1 86
209 204 413
209 204 413
209 204 413
191 152 343
191 152 343
191 152 343
191 152 343
191 152 343
91 147 238
2 254 256
176 63 239
88 227 315
88 227 315
88 227 315
88 227 315
254 1 255
208 47 255
237 107 344
175 39 214
175 39 214
175 39 214
125 87 212
75 81 156
2 128 130
85 2 87
85 2 87
85 2 87
75 50 125
154 229 383
1 1 2
83 143 226
255 255 510
255 255 510
255 255 510
255 255 510
255 255 510
206 248 454
175 167 342
175 167 342
175 167 342
175 167 342
175 167 342
88 186 274
0 128 128
19 104 123
169 96 265
108 94 202
125 101 226
125 101 226
125 101 226
125 101 226
29 135 164
255 0 255
255 128 383
247 12 259
1 0 1
129 233 362
1 0 1
85 170 255
26 107 133
91 153 244
168 10 178
168 10 178
168 10 178
214 24 238
214 24 238
214 24 238
46 212 258
46 212 258
74 154 228
74 154 228
74 154 228
74 154 228
220 158 378
174 240 414
144 112 256
191 219 410
1 170 171
196 162 358
46 193 239
41 51 92
0 255 255
0 255 255
140 86 226
170 85 255
254 2 256
254 2 256
254 2 256
254 2 256
254 2 256
2 255 257
227 92 319
158 201 359
225 226 451
125 180 305
227 150 377
236 161 397
105 183 288
254 170 424
79 111 190
206 51 257
123 131 254
46 100 146
170 79 249
27 229 256
128 128 256
127 70 197
2 1 3
77 167 244
217 253 470
254 0 254
255 85 340
170 128 298
81 121 202
57 89 146
68 93 161
26 226 252
255 254 509
216 206 422
13 117 130
145 63 208
71 2 73
146 207 353
238 198 436
170 254 424
255 170 425
106 241 347
36 177 213
152 26 178
152 26 178
152 26 178
152 26 178
89 43 132
170 255 425
171 216 387
44 166 210
255 254 509
103 115 218
103 115 218
103 115 218
103 115 218
179 216 395
180 192 372
225 255 480
70 222 292
254 2 256
1 2 3
128 128 256
128 128 256
128 128 256
210 244 454
105 25 130
136 129 265
226 124 350
168 91 259
213 252 465
23 51 74
195 220 415
195 220 415
195 220 415
128 255 383
255 128 383
183 86 269
1 170 171
254 254 508
166 50 216
170 85 255
2 255 257
94 32 126
77 38 115
80 243 323
248 202 450
131 47 178
9 29 38
9 29 38
95 2 97
95 2 97
95 2 97
170 1 171
1 0 1
122 233 355
85 85 170
157 72 229
128 255 383
81 63 144
240 18 258
213 203 416
1 2 3
146 214 360
26 104 130
1 149 150
245 183 428
233 46 279
135 189 324
22 121 143
118 184 302
5 160 165
5 160 165
254 0 254
33 222 255
128 254 382
178 16 194
91 154 245
170 128 298
55 197 252
104 236 340
170 7 177
140 139 279
14 79 93
184 107 291
227 191 418
128 85 213
128 85 213
128 85 213
128 85 213
128 85 213
235 188 423
197 90 287
234 197 431
47 203 250
195 230 425
85 0 85
85 0 85
254 255 509
1 255 256
135 26 161
87 212 299
1 170 171
0 255 255
0 255 255
181 72 253
1 112 113
2 0 2
1 254 255
224 222 446
224 222 446
0 128 128
0 128 128
199 44 243
245 219 464
175 111 286
21 247 268
205 118 323
2 128 130
183 200 383
85 170 255
98 155 253
208 27 235
27 64 91
27 64 91
27 64 91
27 64 91
27 64 91
148 48 196
148 48 196
148 48 196
148 48 196
148 48 196
255 128 383
1 2 3
170 220 390
170 220 390
8 85 93
128 2 130
88 211 299
249 166 415
2 170 172
22 225 247
122 128 250
182 209 391
2 255 257
108 34 142
225 38 263
225 38 263
87 234 321
87 234 321
87 234 321
87 234 321
87 234 321
255 0 255
72 192 264
180 243 423
77 99 176
61 6 67
0 1 1
156 253 409
68 237 305
1 170 171
39 153 192
149 107 256
149 107 256
85 128 213
1 255 256
22 120 142
0 2 2
255 0 255
222 18 240
222 18 240
222 18 240
222 18 240
222 18 240
102 215 317
208 47 255
208 47 255
208 47 255
208 47 255
208 47 255
83 102 185
239 174 413
239 174 413
239 174 413
219 228 447
42 172 214
85 128 213
128 255 383
254 0 254
0 0 0
217 102 319
245 73 318
170 85 255
170 255 425
217 29 246
26 87 113
128 254 382
169 26 195
181 149 330
8 252 260
137 78 215
137 78 215
137 78 215
43 37 80
255 255 510
147 196 343
147 196 343
147 196 343
147 196 343
147 196 343
62 0 62
8 121 129
24 138 162
171 237 408
241 216 457
54 162 216
1 254 255
1 254 255
1 254 255
1 254 255
1 2 3
163 162 325
103 15 118
133 233 366
197 40 237
153 155 308
106 110 216
106 110 216
85 1 86
32 165 197
161 133 294
92 101 193
90 112 202
144 45 189
144 45 189
144 45 189
144 45 189
72 248 320
96 191 287
91 38 129
85 128 213
75 199 274
218 197 415
85 112 197
0 254 254
254 170 424
239 131 370
240 246 486
64 40 104
30 95 125
30 95 125
30 95 125
18 133 151
41 188 229
2 85 87
0 0 0
144 3 147
75 170 245
103 0 103
153 151 304
128 2 130
128 2 130
128 2 130
78 106 184
0 254 254
0 254 254
146 147 293
132 239 371
0 170 170
254 255 509
43 85 128
22 244 266
86 95 181
1 128 129
250 171 421
1 0 1
1 0 1
128 128 256
252 168 420
12 179 191
255 255 510
0 1 1
85 85 170
2 2 4
85 255 340
30 99 129
84 160 244
231 60 291
225 238 463
1 1 2
111 214 325
236 61 297
141 186 327
141 186 327
141 186 327
70 9 79
78 141 219
78 141 219
78 141 219
78 141 219
78 141 219
254 170 424
120 172 292
162 105 267
170 2 172
120 15 135
231 187 418
231 187 418
221 4 225
34 32 66
249 173 422
249 146 395
57 238 295
170 128 298
26 223 249
26 223 249
26 223 249
26 223 249
128 254 382
126 45 171
1 254 255
176 98 274
2 0 2
138 174 312
85 254 339
251 251 502
230 208 438
230 208 438
230 208 438
51 143 194
51 143 194
51 143 194
51 143 194
51 143 194
166 109 275
170 0 170
254 117 371
254 117 371
254 117 371
222 114 336
250 148 398
221 226 447
221 226 447
221 226 447
221 226 447
221 226 447
70 21 91
32 226 258
178 46 224
255 255 510
207 216 423
85 254 339
193 176 369
0 2 2
59 4 63
59 4 63
59 4 63
254 255 509
200 96 296
200 96 296
200 96 296
200 96 296
227 136 363
227 136 363
170 1 171
111 188 299
255 0 255
85 255 340
128 85 213
172 245 417
163 164 327
184 6 190
153 5 158
153 5 158
176 161 337
2 255 257
2 255 257
2 255 257
2 255 257
251 20 271
67 221 288
45 66 111
127 59 186
97 5 102
255 62 317
217 3 220
127 47 174
191 147 338
225 71 296
150 202 352
150 202 352
150 202 352
150 202 352
164 176 340
85 254 339
50 94 144
233 183 416
60 25 85
60 25 85
60 25 85
60 25 85
128 0 128
40 240 280
0 85 85
254 85 339
255 170 425
147 204 351
170 170 340
59 242 301
52 227 279
167 23 190
190 91 281
113 249 362
113 249 362
113 249 362
170 0 170
0 255 255
124 67 191
216 244 460
110 80 190
87 253 340
0 254 254
0 254 254
0 254 254
0 254 254
0 254 254
204 38 242
242 44 286
215 229 444
95 207 302
18 17 35
72 115 187
130 152 282
0 170 170
85 170 255
117 14 131
128 0 128
192 167 359
53 202 255
154 162 316
6 178 184
13 62 75
60 35 95
254 128 382
170 254 424
2 85 87
1 85 86
12 223 235
97 10 107
255 85 340
255 85 340
52 51 103
111 175 286
162 113 275
106 153 259
22 109 131
241 21 262
154 137 291
186 240 426
2 255 257
197 217 414
242 202 444
243 97 340
121 70 191
0 0 0
0 0 0
0 0 0
0 0 0
0 0 0
216 131 347
234 125 359
28 100 128
214 78 292
36 14 50
57 26 83
57 26 83
57 26 83
57 26 83
57 26 83
249 33 282
14 122 136
178 156 334
3 238 241
2 0 2
235 195 430
42 176 218
123 208 331
128 85 213
18 5 23
255 1 256
81 251 332
254 128 382
96 210 306
0 85 85
229 223 452
229 223 452
229 223 452
128 170 298
128 170 298
158 185 343
158 185 343
158 185 343
158 185 343
158 185 343
0 85 85
255 254 509
246 235 481
140 233 373
132 47 179
85 170 255
255 128 383
218 230 448
132 89 221
132 89 221
132 89 221
132 89 221
132 89 221
128 2 130
128 2 130
128 2 130
128 2 130
175 99 274
5 28 33
97 94 191
2 1 3
2 1 3
2 1 3
2 1 3
34 80 114
79 121 200
113 23 136
1 128 129
85 128 213
185 50 235
85 192 277
205 39 244
129 8 137
2 254 256
2 254 256
2 254 256
2 254 256
2 254 256
208 89 297
255 170 425
0 1 1
0 0 0
251 135 386
170 254 424
128 1 129
128 1 129
128 1 129
128 1 129
206 92 298
254 0 254
85 234 319
1 128 129
0 42 42
2 254 256
2 254 256
2 254 256
236 172 408
236 172 408
236 172 408
236 172 408
236 172 408
184 197 381
0 0 0
128 110 238
128 110 238
128 110 238
128 110 238
128 110 238
42 224 266
56 154 210
27 209 236
29 66 95
128 0 128
254 1 255
136 193 329
141 54 195
64 199 263
64 199 263
64 199 263
64 199 263
108 153 261
193 209 402
237 92 329
217 161 378
251 129 380
126 239 365
1 0 1
221 63 284
212 112 324
212 112 324
192 176 368
79 24 103
170 0 170
251 208 459
231 189 420
244 32 276
43 112 155
85 2 87
85 2 87
85 2 87
170 255 425
108 96 204
255 2 257
255 2 257
255 2 257
255 2 257
50 120 170
126 48 174
93 138 231
78 113 191
78 113 191
85 0 85
223 244 467
9 247 256
9 247 256
9 247 256
9 247 256
9 247 256
102 126 228
102 126 228
173 58 231
128 85 213
254 255 509
85 0 85
220 75 295
220 75 295
220 75 295
220 75 295
220 75 295
85 85 170
1 254 255
13 253 266
161 16 177
171 51 222
0 128 128
1 85 86
208 98 306
180 115 295
180 115 295
83 7 90
39 91 130
121 167 288
48 174 222
157 39 196
15 138 153
85 106 191
38 181 219
211 84 295
64 48 112
76 70 146
104 200 304
242 163 405
150 105 255
82 44 126
160 106 266
56 228 284
2 2 4
254 1 255
98 168 266
0 1 1
205 242 447
138 140 278
138 140 278
17 172 189
17 172 189
254 2 256
74 1 75
2 2 4
2 170 172
111 89 200
233 207 440
182 157 339
163 46 209
0 170 170
255 2 257
128 170 298
128 170 298
128 170 298
128 170 298
128 170 298
173 126 299
173 126 299
173 126 299
173 126 299
2 5 7
2 5 7
209 25 234
106 147 253
34 94 128
142 134 276
158 125 283
167 64 231
232 85 317
254 2 256
98 121 219
128 0 128
99 151 250
2 238 240
255 128 383
254 0 254
243 230 473
128 85 213
170 1 171
228 198 426
179 3 182
179 3 182
179 3 182
179 3 182
179 3 182
222 246 468
119 222 341
130 209 339
130 209 339
130 209 339
0 85 85
15 91 106
128 50 178
114 174 288
114 174 288
114 174 288
114 174 288
114 174 288
199 20 219
111 224 335
139 73 212
154 138 292
91 165 256
170 254 424
170 254 424
170 254 424
170 254 424
19 68 87
19 68 87
19 68 87
19 68 87
19 68 87
164 255 419
178 255 433
254 85 339
254 85 339
37 16 53
55 117 172
1 128 129
135 99 234
125 6 131
6 76 82
2 254 256
38 4 42
72 217 289
72 217 289
72 217 289
72 217 289
255 85 340
128 2 130
2 128 130
2 128 130
2 128 130
2 128 130
102 187 289
28 116 144
243 150 393
146 214 360
104 155 259
244 191 435
81 145 226
89 101 190
245 196 441
146 121 267
85 130 215
142 57 199
64 86 150
248 94 342
41 6 47
75 67 142
0 85 85
85 128 213
0 128 128
141 6 147
225 222 447
35 92 127
226 148 374
87 64 151
87 64 151
128 2 130
167 52 219
85 57 142
112 167 279
150 219 369
150 219 369
150 219 369
150 219 369
150 219 369
102 99 201
55 148 203
2 0 2
39 219 258
195 89 284
6 31 37
25 39 64
25 39 64
25 39 64
25 39 64
192 146 338
43 62 105
43 62 105
43 62 105
86 115 201
56 232 288
204 9 213
105 22 127
22 249 271
33 82 115
62 150 212
119 111 230
107 158 265
107 158 265
107 158 265
107 158 265
107 158 265
1 85 86
85 254 339
63 211 274
218 7 225
219 210 429
108 177 285
244 39 283
145 145 290
208 49 257
93 237 330
158 62 220
53 224 277
190 136 326
145 13 158
201 202 403
251 235 486
254 0 254
64 246 310
91 119 210
91 119 210
91 119 210
128 0 128
121 238 359
174 236 410
174 236 410
207 214 421
227 170 397
200 41 241
254 177 431
177 157 334
177 157 334
177 157 334
177 157 334
255 170 425
1 254 255
1 254 255
1 254 255
2 0 2
24 145 169
250 224 474
37 16 53
38 62 100
38 62 100
38 62 100
38 62 100
38 62 100
85 254 339
2 128 130
79 183 262
20 209 229
163 216 379
56 244 300
80 9 89
252 145 397
252 145 397
252 145 397
159 234 393
2 254 256
129 2 131
170 85 255
182 125 307
213 135 348
213 135 348
213 135 348
213 135 348
56 84 140
56 84 140
56 84 140
56 84 140
12 61 73
208 16 224
96 195 291
0 85 85
85 128 213
11 152 163
65 40 105
84 29 113
254 170 424
172 100 272
128 2 130
2 128 130
7 243 250
196 10 206
95 28 123
95 51 146
254 0 254
245 221 466
242 178 420
0 0 0
200 104 304
128 255 383
128 85 213
1 11 12
170 1 171
193 48 241
193 48 241
193 48 241
193 48 241
255 170 425
219 183 402
54 74 128
203 45 248
195 173 368
106 32 138
106 32 138
106 32 138
106 32 138
133 25 158
199 138 337
170 254 424
39 152 191
40 101 141
12 129 141
2 1 3
254 170 424
126 102 228
46 254 300
142 90 232
219 24 243
148 183 331
148 183 331
148 183 331
170 111 281
50 92 142
147 1 148
144 169 313
85 255 340
165 197 362
226 110 336
228 248 476
29 132 161
191 142 333
255 254 509
128 0 128
255 2 257
0 170 170
237 250 487
42 218 260
42 218 260
42 218 260
254 1 255
233 188 421
233 188 421
233 188 421
33 115 148
30 249 279
180 100 280
242 183 425
4 216 220
135 232 367
55 110 165
0 170 170
185 122 307
185 122 307
185 122 307
71 74 145
0 170 170
128 255 383
86 211 297
144 208 352
254 255 509
170 170 340
93 69 162
93 69 162
24 208 232
0 128 128
255 1 256
56 216 272
1 128 129
241 28 269
241 28 269
184 201 385
109 61 170
85 1 86
234 136 370
58 90 148
192 86 278
164 1 165
187 55 242
0 4 4
38 116 154
0 0 0
1 2 3
79 123 202
196 154 350
66 149 215
85 85 170
203 101 304
203 101 304
203 101 304
2 170 172
2 170 172
2 170 172
2 170 172
2 170 172
152 94 246
63 37 100
85 255 340
0 128 128
255 2 257
59 124 183
228 1 229
41 186 227
1 170 171
173 219 392
85 2 87
2 2 4
15 207 222
15 207 222
7 114 121
203 234 437
203 234 437
0 255 255
0 255 255
0 255 255
0 255 255
0 255 255
11 45 56
170 1 171
253 137 390
15 233 248
26 243 269
110 248 358
186 54 240
1 255 256
53 160 213
230 48 278
245 93 338
245 93 338
53 70 123
248 86 334
158 176 334
158 176 334
158 176 334
158 176 334
158 176 334
170 85 255
19 152 171
156 38 194
254 170 424
254 170 424
254 170 424
254 170 424
254 170 424
204 61 265
204 61 265
204 61 265
85 247 332
187 224 411
187 224 411
187 224 411
254 0 254
29 204 233
14 248 262
162 12 174
42 209 251
205 69 274
132 80 212
85 85 170
145 156 301
95 25 120
2 85 87
97 80 177
97 80 177
97 80 177
179 105 284
255 0 255
119 135 254
44 230 274
87 84 171
139 58 197
139 58 197
93 65 158
93 65 158
93 65 158
2 85 87
2 85 87
2 85 87
2 85 87
2 85 87
94 201 295
128 2 130
183 34 217
253 96 349
85 85 170
105 27 132
109 254 363
124 146 270
124 146 270
124 146 270
124 146 270
254 170 424
128 85 213
128 85 213
128 85 213
128 85 213
25 208 233
191 218 409
254 128 382
115 27 142
128 128 256
254 170 424
85 1 86
11 119 130
115 40 155
170 215 385
254 255 509
137 231 368
104 248 352
1 255 256
132 174 306
145 1 146
145 1 146
145 1 146
5 62 67
122 107 229
170 128 298
170 128 298
113 39 152
170 170 340
2 170 172
65 83 148
249 233 482
103 224 327
255 2 257
34 63 97
251 69 320
254 254 508
238 54 292
13 121 134
85 128 213
2 0 2
1 128 129
27 1 28
33 52 85
22 138 160
10 2 12
63 57 120
84 65 149
254 254 508
103 75 178
97 20 117
97 20 117
97 20 117
97 20 117
97 20 117
47 211 258
128 255 383
142 244 386
60 180 240
60 180 240
43 215 258
170 0 170
85 85 170
18 26 44
95 75 170
0 170 170
85 85 170
0 2 2
0 2 2
0 2 2
127 178 305
77 167 244
228 58 286
228 58 286
228 58 286
7 129 136
2 170 172
2 170 172
2 170 172
210 181 391
255 1 256
244 94 338
32 225 257
32 225 257
32 225 257
1 0 1
114 6 120
136 215 351
255 170 425
255 170 425
255 170 425
85 128 213
19 179 198
127 11 138
53 210 263
23 137 160
23 137 160
68 229 297
85 128 213
25 120 145
255 254 509
247 2 249
18 45 63
254 2 256
1 0 1
101 185 286
255 1 256
124 5 129
34 13 47
1 0 1
255 2 257
170 85 255
170 1 171
