# a b c d sum
0 0 0 0 0
255 255 255 255 1020
222 125 91 189 627
188 251 182 122 743
121 247 109 245 722
243 238 219 234 934
231 221 183 213 848
206 187 111 171 675
157 119 223 86 585
59 239 190 173 661
118 222 125 91 556
236 188 251 182 857
216 121 247 109 693
177 243 238 219 877
99 231 221 183 734
199 206 187 111 703
143 157 119 223 642
30 59 239 190 518
61 118 222 125 526
123 236 188 251 798
246 216 121 247 830
237 177 243 238 895
219 99 231 221 770
182 199 206 187 774
108 143 157 119 527
216 30 59 239 544
176 61 118 222 577
96 123 236 188 643
192 246 216 121 775
128 237 177 243 785
0 219 99 231 549
0 182 199 206 587
1 108 143 157 409
2 216 30 59 307
5 176 61 118 360
10 96 123 236 465
21 192 246 216 675
43 128 237 177 585
86 0 219 99 404
173 0 182 199 554
91 1 108 143 343
182 2 216 30 430
109 5 176 61 351
218 10 96 123 447
180 21 192 246 639
105 43 128 237 513
210 86 0 219 515
164 173 0 182 519
73 91 1 108 273
147 182 2 216 547
39 109 5 176 329
79 218 10 96 403
158 180 21 192 551
60 105 43 128 336
120 210 86 0 416
240 164 173 0 577
225 73 91 1 390
195 147 182 2 526
135 39 109 5 288
15 79 218 10 322
30 158 180 21 389
60 60 105 43 268
121 120 210 86 537
243 240 164 173 820
230 225 73 91 619
205 195 147 182 729
154 135 39 109 437
52 15 79 218 364
105 30 158 180 473
210 60 60 105 435
164 121 120 210 615
72 243 240 164 719
144 230 225 73 672
33 205 195 147 580
66 154 135 39 394
133 52 15 79 279
11 105 30 158 304
23 210 60 60 353
47 164 121 120 452
95 72 243 240 650
190 144 230 225 789
125 33 205 195 558
250 66 154 135 605
244 133 52 15 444
233 11 105 30 379
210 23 210 60 503
165 47 164 121 497
74 95 72 243 484
148 190 144 230 712
41 125 33 205 404
83 250 66 154 553
167 244 133 52 596
78 233 11 105 427
157 210 23 210 600
58 165 47 164 434
117 74 95 72 358
235 148 190 144 717
214 41 125 33 413
172 83 250 66 571
89 167 244 133 633
179 78 233 11 501
103 157 210 23 493
206 58 165 47 476
156 117 74 95 442
56 235 148 190 629
113 214 41 125 493
226 172 83 250 731
196 89 167 244 696
136 179 78 233 626
17 103 157 210 487
34 206 58 165 463
69 156 117 74 416
138 56 235 148 577
21 113 214 41 389
43 226 172 83 524
87 196 89 167 539
175 136 179 78 568
95 17 103 157 372
190 34 206 58 488
125 69 156 117 467
251 138 56 235 680
246 21 113 214 594
237 43 226 172 678
219 87 196 89 591
182 175 136 179 672
108 95 17 103 323
216 190 34 206 646
176 125 69 156 526
97 251 138 56 542
195 246 21 113 575
134 237 43 226 640
13 219 87 196 515
26 182 175 136 519
53 108 95 17 273
107 216 190 34 547
215 176 125 69 585
175 97 251 138 661
94 195 246 21 556
188 134 237 43 602
121 13 219 87 440
243 26 182 175 626
230 53 108 95 486
204 107 216 190 717
153 215 176 125 669
50 175 97 251 573
101 94 195 246 636
202 188 134 237 761
148 121 13 219 501
41 243 26 182 492
82 230 53 108 473
164 204 107 216 691
72 153 215 176 616
145 50 175 97 467
34 101 94 195 424
68 202 188 134 592
136 148 121 13 418
17 41 243 26 327
34 82 230 53 399
68 164 204 107 543
136 72 153 215 576
17 145 50 175 387
35 34 101 94 264
71 68 202 188 529
143 136 148 121 548
30 17 41 243 331
61 34 82 230 407
122 68 164 204 558
245 136 72 153 606
234 17 145 50 446
213 35 34 101 383
170 71 68 202 511
84 143 136 148 511
169 30 17 41 257
83 61 34 82 260
167 122 68 164 521
79 245 136 72 532
158 234 17 145 554
60 213 35 34 342
121 170 71 68 430
243 84 143 136 606
231 169 30 17 447
206 83 61 34 384
156 167 122 68 513
57 79 245 136 517
115 158 234 17 524
231 60 213 35 539
206 121 170 71 568
156 243 84 143 626
57 231 169 30 487
114 206 83 61 464
229 156 167 122 674
202 57 79 245 583
148 115 158 234 655
41 231 60 213 545
83 206 121 170 580
166 156 243 84 649
76 57 231 169 533
152 114 206 83 555
48 229 156 167 600
97 202 57 79 435
194 148 115 158 615
133 41 231 60 465
10 83 206 121 420
21 166 156 243 586
42 76 57 231 406
85 152 114 206 557
171 48 229 156 604
86 97 202 57 442
173 194 148 115 630
91 133 41 231 496
182 10 83 206 481
108 21 166 156 451
216 42 76 57 391
176 85 152 114 527
96 171 48 229 544
192 86 97 202 577
128 173 194 148 643
1 91 133 41 266
3 182 10 83 278
6 108 21 166 301
12 216 42 76 346
25 176 85 152 438
50 96 171 48 365
100 192 86 97 475
200 128 173 194 695
144 1 91 133 369
33 3 182 10 228
66 6 108 21 201
132 12 216 42 402
8 25 176 85 294
17 50 96 171 334
35 100 192 86 413
70 200 128 173 571
140 144 1 91 376
24 33 3 182 242
49 66 6 108 229
99 132 12 216 459
199 8 25 176 408
143 17 50 96 306
31 35 100 192 358
62 70 200 128 460
124 140 144 1 409
248 24 33 3 308
241 49 66 6 362
227 99 132 12 470
198 199 8 25 430
141 143 17 50 351
27 31 35 100 193
55 62 70 200 387
111 124 140 144 519
223 248 24 33 528
190 241 49 66 546
124 227 99 132 582
248 198 199 8 653
240 141 143 17 541
224 27 31 35 317
192 55 62 70 379
129 111 124 140 504
3 223 248 24 498
7 190 241 49 487
15 124 227 99 465
31 248 198 199 676
63 240 141 143 587
127 224 27 31 409
254 192 55 62 563
252 129 111 124 616
249 3 223 248 723
242 7 190 241 680
229 15 124 227 595
203 31 248 198 680
150 63 240 141 594
45 127 224 27 423
90 254 192 55 591
181 252 129 111 673
107 249 3 223 582
215 242 7 190 654
175 229 15 124 543
94 203 31 248 576
188 150 63 240 641
120 45 127 224 516
240 90 254 192 776
224 181 252 129 786
192 107 249 3 551
129 215 242 7 593
2 175 229 15 421
4 94 203 31 332
8 188 150 63 409
16 120 45 127 308
33 240 90 254 617
66 224 181 252 723
133 192 107 249 681
11 129 215 242 597
23 2 175 229 429
46 4 94 203 347
92 8 188 150 438
184 16 120 45 365
113 33 240 90 476
226 66 224 181 697
197 133 192 107 629
139 11 129 215 494
23 23 2 175 223
47 46 4 94 191
94 92 8 188 382
188 184 16 120 508
120 113 33 240 506
240 226 66 224 756
225 197 133 192 747
194 139 11 129 473
132 23 23 2 180
8 47 46 4 105
17 94 92 8 211
35 188 184 16 423
71 120 113 33 337
143 240 226 66 675
31 225 197 133 586
63 194 139 11 407
126 132 23 23 304
253 8 47 46 354
250 17 94 92 453
245 35 188 184 652
235 71 120 113 539
215 143 240 226 824
174 31 225 197 627
93 63 194 139 489
186 126 132 23 467
117 253 8 47 425
235 250 17 94 596
214 245 35 188 682
173 235 71 120 599
91 215 143 240 689
183 174 31 225 613
111 93 63 194 461
222 186 126 132 666
189 117 253 8 567
122 235 250 17 624
244 214 245 35 738
233 173 235 71 712
210 91 215 143 659
164 183 174 31 552
73 111 93 63 340
147 222 186 126 681
39 189 117 253 598
78 122 235 250 685
157 244 214 245 860
58 233 173 235 699
117 210 91 215 633
234 164 183 174 755
213 73 111 93 490
170 147 222 186 725
84 39 189 117 429
169 78 122 235 604
83 157 244 214 698
166 58 233 173 630
77 117 210 91 495
155 234 164 183 736
54 213 73 111 451
109 170 147 222 648
218 84 39 189 530
181 169 78 122 550
107 83 157 244 591
215 166 58 233 672
174 77 117 210 578
93 155 234 164 646
187 54 213 73 527
118 109 170 147 544
237 218 84 39 578
219 181 169 78 647
183 107 83 157 530
111 215 166 58 550
223 174 77 117 591
190 93 155 234 672
124 187 54 213 578
248 118 109 170 645
240 237 218 84 779
224 219 181 169 793
192 183 107 83 565
129 111 215 166 621
2 223 174 77 476
4 190 93 155 442
9 124 187 54 374
18 248 118 109 493
36 240 237 218 731
72 224 219 181 696
145 192 183 107 627
34 129 111 215 489
69 2 223 174 468
138 4 190 93 425
20 9 124 187 340
40 18 248 118 424
81 36 240 237 594
163 72 224 219 678
70 145 192 183 590
140 34 129 111 414
24 69 2 223 318
49 138 4 190 381
98 20 9 124 251
197 40 18 248 503
138 81 36 240 495
21 163 72 224 480
42 70 145 192 449
84 140 34 129 387
168 24 69 2 263
80 49 138 4 271
160 98 20 9 287
64 197 40 18 319
129 138 81 36 384
3 21 163 72 259
7 42 70 145 264
15 84 140 34 273
30 168 24 69 291
61 80 49 138 328
123 160 98 20 401
247 64 197 40 548
238 129 138 81 586
221 3 21 163 408
186 7 42 70 305
116 15 84 140 355
233 30 168 24 455
210 61 80 49 400
165 123 160 98 546
74 247 64 197 582
148 238 129 138 653
41 221 3 21 286
83 186 7 42 318
166 116 15 84 381
77 233 30 168 508
154 210 61 80 505
52 165 123 160 500
104 74 247 64 489
209 148 238 129 724
163 41 221 3 428
70 83 186 7 346
140 166 116 15 437
25 77 233 30 365
50 154 210 61 475
101 52 165 123 441
202 104 74 247 627
148 209 148 238 743
41 163 41 221 466
83 70 83 186 422
167 140 166 116 589
79 25 77 233 414
159 50 154 210 573
63 101 52 165 381
126 202 104 74 506
252 148 209 148 757
249 41 163 41 494
242 83 70 83 478
229 167 140 166 702
202 79 25 77 383
149 159 50 154 512
43 63 101 52 259
87 126 202 104 519
174 252 148 209 783
92 249 41 163 545
184 242 83 70 579
112 229 167 140 648
224 202 79 25 530
192 149 159 50 550
128 43 63 101 335
1 87 126 202 416
3 174 252 148 577
6 92 249 41 388
12 184 242 83 521
25 112 229 167 533
51 224 202 79 556
102 192 149 159 602
204 128 43 63 438
153 1 87 126 367
51 3 174 252 480
102 6 92 249 449
204 12 184 242 642
152 25 112 229 518
48 51 224 202 525
96 102 192 149 539
193 204 128 43 568
131 153 1 87 372
6 51 3 174 234
12 102 6 92 212
24 204 12 184 424
49 152 25 112 338
99 48 51 224 422
198 96 102 192 588
141 193 204 128 666
26 131 153 1 311
53 6 51 3 113
106 12 102 6 226
212 24 204 12 452
168 49 152 25 394
80 99 48 51 278
161 198 96 102 557
66 141 193 204 604
132 26 131 153 442
9 53 6 51 119
19 106 12 102 239
38 212 24 204 478
76 168 49 152 445
152 80 99 48 379
49 161 198 96 504
99 66 141 193 499
199 132 26 131 488
143 9 53 6 211
31 19 106 12 168
63 38 212 24 337
126 76 168 49 419
252 152 80 99 583
248 49 161 198 656
240 99 66 141 546
225 199 132 26 582
195 143 9 53 400
134 31 19 106 290
13 63 38 212 326
27 126 76 168 397
55 252 152 80 539
110 248 49 161 568
221 240 99 66 626
186 225 199 132 742
116 195 143 9 463
232 134 31 19 416
208 13 63 38 322
161 27 126 76 390
66 55 252 152 525
133 110 248 49 540
10 221 240 99 570
20 186 225 199 630
40 116 195 143 494
81 232 134 31 478
163 208 13 63 447
70 161 27 126 384
141 66 55 252 514
27 133 110 248 518
54 10 221 240 525
108 20 186 225 539
216 40 116 195 567
176 81 232 134 623
96 163 208 13 480
192 70 161 27 450
129 141 66 55 391
3 27 133 110 273
6 54 10 221 291
12 108 20 186 326
25 216 40 116 397
50 176 81 232 539
100 96 163 208 567
200 192 70 161 623
145 129 141 66 481
35 3 27 133 198
71 6 54 10 141
143 12 108 20 283
31 25 216 40 312
62 50 176 81 369
124 100 96 163 483
248 200 192 70 710
240 145 129 141 655
225 35 3 27 290
195 71 6 54 326
134 143 12 108 397
13 31 25 216 285
26 62 50 176 314
53 124 100 96 373
106 248 200 192 746
212 240 145 129 726
169 225 35 3 432
82 195 71 6 354
165 134 143 12 454
75 13 31 25 144
150 26 62 50 288
44 53 124 100 321
89 106 248 200 643
179 212 240 145 776
102 169 225 35 531
204 82 195 71 552
152 165 134 143 594
49 75 13 31 168
99 150 26 62 337
198 44 53 124 419
140 89 106 248 583
24 179 212 240 655
49 102 169 225 545
99 204 82 195 580
199 152 165 134 650
142 49 75 13 279
29 99 150 26 304
59 198 44 53 354
119 140 89 106 454
238 24 179 212 653
221 49 102 169 541
187 99 204 82 572
118 199 152 165 634
236 142 49 75 502
217 29 99 150 495
179 59 198 44 480
102 119 140 89 450
205 238 24 179 646
154 221 49 102 526
52 187 99 204 542
104 118 199 152 573
209 236 142 49 636
163 217 29 99 508
70 179 59 198 506
141 102 119 140 502
27 205 238 24 494
55 154 221 49 479
110 52 187 99 448
220 104 118 199 641
184 209 236 142 771
112 163 217 29 521
224 70 179 59 532
193 141 102 119 555
130 27 205 238 600
4 55 154 221 434
9 110 52 187 358
19 220 104 118 461
39 184 209 236 668
79 112 163 217 571
158 224 70 179 631
60 193 141 102 496
120 130 27 205 482
241 4 55 154 454
227 9 110 52 398
199 19 220 104 542
142 39 184 209 574
29 79 112 163 383
59 158 224 70 511
119 60 193 141 513
239 120 130 27 516
222 241 4 55 522
189 227 9 110 535
123 199 19 220 561
247 142 39 184 612
238 29 79 112 458
221 59 158 224 662
186 119 60 193 558
117 239 120 130 606
235 222 241 4 702
215 189 227 9 640
175 123 199 19 516
94 247 142 39 522
189 238 29 79 535
123 221 59 158 561
246 186 119 60 611
236 117 239 120 712
217 235 222 241 915
178 215 189 227 809
101 175 123 199 598
203 94 247 142 686
150 189 238 29 606
44 123 221 59 447
88 246 186 119 639
177 236 117 239 769
99 217 235 222 773
198 178 215 189 780
140 101 175 123 539
25 203 94 247 569
50 150 189 238 627
101 44 123 221 489
203 88 246 186 723
150 177 236 117 680
44 99 217 235 595
89 198 178 215 680
179 140 101 175 595
102 25 203 94 424
205 50 150 189 594
154 101 44 123 422
52 203 88 246 589
105 150 177 236 668
211 44 99 217 571
166 89 198 178 631
76 179 140 101 496
152 102 25 203 482
49 205 50 150 454
99 154 101 44 398
199 52 203 88 542
142 105 150 177 574
28 211 44 99 382
57 166 89 198 510
114 76 179 140 509
229 152 102 25 508
202 49 205 50 506
149 99 154 101 503
43 199 52 203 497
86 142 105 150 483
173 28 211 44 456
91 57 166 89 403
183 114 76 179 552
111 229 152 102 594
222 202 49 205 678
189 149 99 154 591
123 43 199 52 417
246 86 142 105 579
237 173 28 211 649
218 91 57 166 532
181 183 114 76 554
106 111 229 152 598
213 222 202 49 686
171 189 149 99 608
86 123 43 199 451
173 246 86 142 647
90 237 173 28 528
180 218 91 57 546
104 181 183 114 582
209 106 111 229 655
163 213 222 202 800
71 171 189 149 580
142 86 123 43 394
28 173 246 86 533
57 90 237 173 557
115 180 218 91 604
230 104 181 183 698
205 209 106 111 631
154 163 213 222 752
52 71 171 189 483
104 142 86 123 455
208 28 173 246 655
160 57 90 237 544
65 115 180 218 578
131 230 104 181 646
6 205 209 106 526
13 154 163 213 543
27 52 71 171 321
55 104 142 86 387
110 208 28 173 519
220 160 57 90 527
185 65 115 180 545
115 131 230 104 580
231 6 205 209 651
207 13 154 163 537
159 27 52 71 309
63 55 104 142 364
126 110 208 28 472
253 220 160 57 690
250 185 65 115 615
245 115 131 230 721
234 231 6 205 676
212 207 13 154 586
169 159 27 52 407
83 63 55 104 305
167 126 110 208 611
78 253 220 160 711
156 250 185 65 656
57 245 115 131 548
115 234 231 6 586
231 212 207 13 663
206 169 159 27 561
157 83 63 55 358
58 167 126 110 461
116 78 253 220 667
232 156 250 185 823
208 57 245 115 625
161 115 234 231 741
67 231 212 207 717
135 206 169 159 669
14 157 83 63 317
29 58 167 126 380
58 116 78 253 505
116 232 156 250 754
233 208 57 245 743
211 161 115 234 721
166 67 231 212 676
77 135 206 169 587
154 14 157 83 408
53 29 58 167 307
107 58 116 78 359
215 116 232 156 719
174 233 208 57 672
93 211 161 115 580
186 166 67 231 650
116 77 135 206 534
233 154 14 157 558
210 53 29 58 350
165 107 58 116 446
74 215 116 232 637
149 174 233 208 764
43 93 211 161 508
87 186 166 67 506
175 116 77 135 503
95 233 154 14 496
190 210 53 29 482
124 165 107 58 454
249 74 215 116 654
243 149 174 233 799
230 43 93 211 577
204 87 186 166 643
152 175 116 77 520
49 95 233 154 531
99 190 210 53 552
198 124 165 107 594
140 249 74 215 678
25 243 149 174 591
50 230 43 93 416
100 204 87 186 577
201 152 175 116 644
146 49 95 233 523
36 99 190 210 535
72 198 124 165 559
144 140 249 74 607
33 25 243 149 450
67 50 230 43 390
135 100 204 87 526
14 201 152 175 542
28 146 49 95 318
57 36 99 190 382
115 72 198 124 509
230 144 140 249 763
204 33 25 243 505
153 67 50 230 500
51 135 100 204 490
102 14 201 152 469
204 28 146 49 427
152 57 36 99 344
49 115 72 198 434
98 230 144 140 612
196 204 33 25 458
137 153 67 50 407
19 51 135 100 305
38 102 14 201 355
76 204 28 146 454
153 152 57 36 398
50 49 115 72 286
100 98 230 144 572
200 196 204 33 633
144 137 153 67 501
32 19 51 135 237
64 38 102 14 218
129 76 204 28 437
3 153 152 57 365
6 50 49 115 220
12 100 98 230 440
24 200 196 204 624
49 144 137 153 483
98 32 19 51 200
197 64 38 102 401
138 129 76 204 547
20 3 153 152 328
41 6 50 49 146
82 12 100 98 292
164 24 200 196 584
73 49 144 137 403
146 98 32 19 295
36 197 64 38 335
72 138 129 76 415
144 20 3 153 320
33 41 6 50 130
67 82 12 100 261
134 164 24 200 522
12 73 49 144 278
24 146 98 32 300
49 36 197 64 346
99 72 138 129 438
199 144 20 3 366
142 33 41 6 222
28 67 82 12 189
56 134 164 24 378
113 12 73 49 247
227 24 146 98 495
198 49 36 197 480
141 99 72 138 450
26 199 144 20 389
53 142 33 41 269
106 28 67 82 283
213 56 134 164 567
170 113 12 73 368
85 227 24 146 482
170 198 49 36 453
84 141 99 72 396
169 26 199 144 538
82 53 142 33 310
165 106 28 67 366
75 213 56 134 478
150 170 113 12 445
44 85 227 24 380
89 170 198 49 506
179 84 141 99 503
102 169 26 199 496
204 82 53 142 481
152 165 106 28 451
49 75 213 56 393
99 150 170 113 532
199 44 85 227 555
143 89 170 198 600
30 179 84 141 434
60 102 169 26 357
121 204 82 53 460
243 152 165 106 666
231 49 75 213 568
207 99 150 170 626
159 199 44 85 487
63 143 89 170 465
127 30 179 84 420
255 60 102 169 586
254 121 204 82 661
253 243 152 165 813
250 231 49 75 605
244 207 99 150 700
232 159 199 44 634
208 63 143 89 503
160 127 30 179 496
65 255 60 102 482
130 254 121 204 709
5 253 243 152 653
11 250 231 49 541
23 244 207 99 573
46 232 159 199 636
92 208 63 143 506
184 160 127 30 501
113 65 255 60 493
226 130 254 121 731
196 5 253 243 697
136 11 250 231 628
16 23 244 207 490
32 46 232 159 469
64 92 208 63 427
128 184 160 127 599
1 113 65 255 434
2 226 130 254 612
4 196 5 253 458
9 136 11 250 406
18 16 23 244 301
36 32 46 232 346
72 64 92 208 436
145 128 184 160 617
35 1 113 65 214
71 2 226 130 429
142 4 196 5 347
29 9 136 11 185
59 18 16 23 116
118 36 32 46 232
236 72 64 92 464
216 145 128 184 673
177 35 1 113 326
99 71 2 226 398
199 142 4 196 541
143 29 9 136 317
31 59 18 16 124
62 118 36 32 248
124 236 72 64 496
248 216 145 128 737
241 177 35 1 454
226 99 71 2 398
197 199 142 4 542
139 143 29 9 320
22 31 59 18 130
44 62 118 36 260
89 124 236 72 521
178 248 216 145 787
100 241 177 35 553
201 226 99 71 597
146 197 199 142 684
36 139 143 29 347
72 22 31 59 184
144 44 62 118 368
33 89 124 236 482
67 178 248 216 709
134 100 241 177 652
13 201 226 99 539
26 146 197 199 568
52 36 139 143 370
105 72 22 31 230
211 144 44 62 461
167 33 89 124 413
78 67 178 248 571
157 134 100 241 632
59 13 201 226 499
119 26 146 197 488
239 52 36 139 466
222 105 72 22 421
189 211 144 44 588
123 167 33 89 412
247 78 67 178 570
239 157 134 100 630
222 59 13 201 495
188 119 26 146 479
121 239 52 36 448
242 222 105 72 641
228 189 211 144 772
201 123 167 33 524
146 247 78 67 538
37 239 157 134 567
74 222 59 13 368
148 188 119 26 481
41 121 239 52 453
82 242 222 105 651
165 228 189 211 793
75 201 123 167 566
150 146 247 78 621
44 37 239 157 477
88 74 222 59 443
176 148 188 119 631
97 41 121 239 498
195 82 242 222 741
134 165 228 189 716
13 75 201 123 412
27 150 146 247 570
55 44 37 239 375
110 88 74 222 494
220 176 148 188 732
185 97 41 121 444
114 195 82 242 633
228 134 165 228 755
200 13 75 201 489
145 27 150 146 468
34 55 44 37 170
68 110 88 74 340
136 220 176 148 680
16 185 97 41 339
33 114 195 82 424
67 228 134 165 594
135 200 13 75 423
14 145 27 150 336
28 34 55 44 161
57 68 110 88 323
114 136 220 176 646
228 16 185 97 526
201 33 114 195 543
147 67 228 134 576
38 135 200 13 386
77 14 145 27 263
155 28 34 55 272
55 57 68 110 290
110 114 136 220 580
220 228 16 185 649
185 201 33 114 533
114 147 67 228 556
228 38 135 200 601
201 77 14 145 437
146 155 28 34 363
37 55 57 68 217
74 110 114 136 434
149 220 228 16 613
42 185 201 33 461
85 114 147 67 413
171 228 38 135 572
86 201 77 14 378
173 146 155 28 502
91 37 55 57 240
183 74 110 114 481
111 149 220 228 708
223 42 185 201 651
190 85 114 147 536
125 171 228 38 562
250 86 201 77 614
245 173 146 155 719
234 91 37 55 417
212 183 74 110 579
168 111 149 220 648
81 223 42 185 531
163 190 85 114 552
70 125 171 228 594
141 250 86 201 678
26 245 173 146 590
53 234 91 37 415
107 212 183 74 576
215 168 111 149 643
174 81 223 42 520
93 163 190 85 531
186 70 125 171 552
117 141 250 86 594
234 26 245 173 678
213 53 234 91 591
170 107 212 183 672
84 215 168 111 578
169 174 81 223 647
82 93 163 190 528
165 186 70 125 546
75 117 141 250 583
151 234 26 245 656
47 213 53 234 547
94 170 107 212 583
189 84 215 168 656
122 169 174 81 546
244 82 93 163 582
233 165 186 70 654
210 75 117 141 543
165 151 234 26 576
74 47 213 53 387
149 94 170 107 520
42 189 84 215 530
84 122 169 174 549
168 244 82 93 587
80 233 165 186 664
160 210 75 117 562
64 165 151 234 614
129 74 47 213 463
3 149 94 170 416
7 42 189 84 322
15 84 122 169 390
30 168 244 82 524
60 80 233 165 538
120 160 210 75 565
240 64 165 151 620
224 129 74 47 474
192 3 149 94 438
128 7 42 189 366
0 15 84 122 221
0 30 168 244 442
0 60 80 233 373
1 120 160 210 491
3 240 64 165 472
7 224 129 74 434
14 192 3 149 358
28 128 7 42 205
56 0 15 84 155
112 0 30 168 310
225 0 60 80 365
194 1 120 160 475
133 3 240 64 440
10 7 224 129 370
21 14 192 3 230
43 28 128 7 206
86 56 0 15 157
173 112 0 30 315
91 225 0 60 376
182 194 1 120 497
109 133 3 240 485
218 10 7 224 459
180 21 14 192 407
105 43 28 128 304
210 86 56 0 352
164 173 112 0 449
73 91 225 0 389
146 182 194 1 523
37 109 133 3 282
75 218 10 7 310
150 180 21 14 365
45 105 43 28 221
90 210 86 56 442
181 164 173 112 630
106 73 91 225 495
212 146 182 194 734
168 37 109 133 447
80 75 218 10 383
160 150 180 21 511
65 45 105 43 258
130 90 210 86 516
5 181 164 173 523
11 106 73 91 281
22 212 146 182 562
44 168 37 109 358
89 80 75 218 462
178 160 150 180 668
100 65 45 105 315
201 130 90 210 631
146 5 181 164 496
37 11 106 73 227
74 22 212 146 454
148 44 168 37 397
41 89 80 75 285
83 178 160 150 571
166 100 65 45 376
77 201 130 90 498
155 146 5 181 487
55 37 11 106 209
110 74 22 212 418
220 148 44 168 580
184 41 89 80 394
112 83 178 160 533
224 166 100 65 555
193 77 201 130 601
130 155 146 5 436
5 55 37 11 108
10 110 74 22 216
21 220 148 44 433
43 184 41 89 357
87 112 83 178 460
175 224 166 100 665
95 193 77 201 566
191 130 155 146 622
127 5 55 37 224
255 10 110 74 449
255 21 220 148 644
255 43 184 41 523
255 87 112 83 537
255 175 224 166 820
254 95 193 77 619
253 191 130 155 729
250 127 5 55 437
245 255 10 110 620
235 255 21 220 731
215 255 43 184 697
174 255 87 112 628
93 255 175 224 747
187 254 95 193 729
119 253 191 130 693
238 250 127 5 620
220 245 255 10 730
185 235 255 21 696
114 215 255 43 627
228 174 255 87 744
201 93 255 175 724
147 187 254 95 683
39 119 253 191 602
78 238 250 127 693
156 220 245 255 876
56 185 235 255 731
112 114 215 255 696
225 228 174 255 882
195 201 93 255 744
135 147 187 254 723
14 39 119 253 425
29 78 238 250 595
59 156 220 245 680
119 56 185 235 595
238 112 114 215 679
221 225 228 174 848
187 195 201 93 676
118 135 147 187 587
236 14 39 119 408
217 29 78 238 562
178 59 156 220 613
100 119 56 185 460
200 238 112 114 664
145 221 225 228 819
35 187 195 201 618
71 118 135 147 471
143 236 14 39 432
30 217 29 78 354
61 178 59 156 454
123 100 119 56 398
247 200 238 112 797
239 145 221 225 830
223 35 187 195 640
190 71 118 135 514
125 143 236 14 518
250 30 217 29 526
245 61 178 59 543
234 123 100 119 576
212 247 200 238 897
169 239 145 221 774
82 223 35 187 527
165 190 71 118 544
75 125 143 236 579
151 250 30 217 648
47 245 61 178 531
94 234 123 100 551
188 212 247 200 847
120 169 239 145 673
240 82 223 35 580
224 165 190 71 650
193 75 125 143 536
131 151 250 30 562
7 47 245 61 360
15 94 234 123 466
31 188 212 247 678
63 120 169 239 591
126 240 82 223 671
252 224 165 190 831
248 193 75 125 641
240 131 151 250 772
225 7 47 245 524
195 15 94 234 538
135 31 188 212 566
14 63 120 169 366
29 126 240 82 477
58 252 224 165 699
117 248 193 75 633
235 240 131 151 757
215 225 7 47 494
174 195 15 94 478
93 135 31 188 447
186 14 63 120 383
116 29 126 240 511
232 58 252 224 766
208 117 248 193 766
160 235 240 131 766
64 215 225 7 511
129 174 195 15 513
3 93 135 31 262
6 186 14 63 269
13 116 29 126 284
27 232 58 252 569
54 208 117 248 627
109 160 235 240 744
219 64 215 225 723
183 129 174 195 681
110 3 93 135 341
220 6 186 14 426
185 13 116 29 343
114 27 232 58 431
228 54 208 117 607
200 109 160 235 704
144 219 64 215 642
33 183 129 174 519
66 110 3 93 272
133 220 6 186 545
10 185 13 116 324
21 114 27 232 394
42 228 54 208 532
85 200 109 160 554
171 144 219 64 598
86 33 183 129 431
173 66 110 3 352
90 133 220 6 449
181 10 185 13 389
106 21 114 27 268
212 42 228 54 536
169 85 200 109 563
83 171 144 219 617
167 86 33 183 469
78 173 66 110 427
157 90 133 220 600
58 181 10 185 434
116 106 21 114 357
232 212 42 228 714
208 169 85 200 662
161 83 171 144 559
67 167 86 33 353
134 78 173 66 451
12 157 90 133 392
25 58 181 10 274
50 116 106 21 293
100 232 212 42 586
200 208 169 85 662
145 161 83 171 560
34 67 167 86 354
68 134 78 173 453
137 12 157 90 396
19 25 58 181 283
38 50 116 106 310
76 100 232 212 620
152 200 208 169 729
49 145 161 83 438
98 34 67 167 366
196 68 134 78 476
136 137 12 157 442
17 19 25 58 119
35 38 50 116 239
71 76 100 232 479
142 152 200 208 702
28 49 145 161 383
57 98 34 67 256
114 196 68 134 512
228 136 137 12 513
200 17 19 25 261
144 35 38 50 267
33 71 76 100 280
67 142 152 200 561
135 28 49 145 357
14 57 98 34 203
28 114 196 68 406
56 228 136 137 557
113 200 17 19 349
227 144 35 38 444
199 33 71 76 379
142 67 142 152 503
28 135 28 49 240
56 14 57 98 225
113 28 114 196 451
227 56 228 136 647
198 113 200 17 528
141 227 144 35 547
27 199 33 71 330
55 142 67 142 406
111 28 135 28 302
222 56 14 57 349
189 113 28 114 444
123 227 56 228 634
246 198 113 200 757
237 141 227 144 749
219 27 199 33 478
182 55 142 67 446
109 111 28 135 383
218 222 56 14 510
180 189 113 28 510
105 123 227 56 511
210 246 198 113 767
165 237 141 227 770
74 219 27 199 519
148 182 55 142 527
40 109 111 28 288
81 218 222 56 577
163 180 189 113 645
71 105 123 227 526
142 210 246 198 796
29 165 237 141 572
59 74 219 27 379
118 148 182 55 503
236 40 109 111 496
217 81 218 222 738
178 163 180 189 710
101 71 105 123 400
202 142 210 246 800
148 29 165 237 579
40 59 74 219 392
81 118 148 182 529
162 236 40 109 547
68 217 81 218 584
137 178 163 180 658
19 101 71 105 296
38 202 142 210 592
76 148 29 165 418
153 40 59 74 326
50 81 118 148 397
101 162 236 40 539
202 68 217 81 568
149 137 178 163 627
43 19 101 71 234
87 38 202 142 469
175 76 148 29 428
94 153 40 59 346
188 50 81 118 437
120 101 162 236 619
240 202 68 217 727
225 149 137 178 689
194 43 19 101 357
133 87 38 202 460
11 175 76 148 410
23 94 153 40 310
46 188 50 81 365
92 120 101 162 475
184 240 202 68 694
112 225 149 137 623
225 194 43 19 481
194 133 87 38 452
133 11 175 76 395
10 23 94 153 280
20 46 188 50 304
41 92 120 101 354
82 184 240 202 708
165 112 225 149 651
75 225 194 43 537
150 194 133 87 564
45 133 11 175 364
90 10 23 94 217
181 20 46 188 435
107 41 92 120 360
214 82 184 240 720
173 165 112 225 675
91 75 225 194 585
182 150 194 133 659
108 45 133 11 297
216 90 10 23 339
176 181 20 46 423
96 107 41 92 336
193 214 82 184 673
130 173 165 112 580
4 91 75 225 395
9 182 150 194 535
18 108 45 133 304
37 216 90 10 353
75 176 181 20 452
151 96 107 41 395
47 193 214 82 536
94 130 173 165 562
189 4 91 75 359
123 9 182 150 464
246 18 108 45 417
236 37 216 90 579
216 75 176 181 648
176 151 96 107 530
97 47 193 214 551
194 94 130 173 591
132 189 4 91 416
8 123 9 182 322
17 246 18 108 389
35 236 37 216 524
70 216 75 176 537
140 176 151 96 563
24 97 47 193 361
48 194 94 130 466
97 132 189 4 422
194 8 123 9 334
132 17 246 18 413
9 35 236 37 317
18 70 216 75 379
37 140 176 151 504
75 24 97 47 243
151 48 194 94 487
46 97 132 189 464
92 194 8 123 417
184 132 17 246 579
113 9 35 236 393
227 18 70 216 531
199 37 140 176 552
143 75 24 97 339
30 151 48 194 423
61 46 97 132 336
123 92 194 8 417
246 184 132 17 579
237 113 9 35 394
219 227 18 70 534
182 199 37 140 558
109 143 75 24 351
219 30 151 48 448
182 61 46 97 386
108 123 92 194 517
217 246 184 132 779
179 237 113 9 538
103 219 227 18 567
207 182 199 37 625
158 109 143 75 485
61 219 30 151 461
122 182 61 46 411
244 108 123 92 567
233 217 246 184 880
211 179 237 113 740
167 103 219 227 716
79 207 182 199 667
158 158 109 143 568
61 61 219 30 371
123 122 182 61 488
247 244 108 123 722
239 233 217 246 935
223 211 179 237 850
190 167 103 219 679
125 79 207 182 593
250 158 158 109 675
245 61 61 219 586
235 123 122 182 662
214 247 244 108 813
172 239 233 217 861
88 223 211 179 701
177 190 167 103 637
98 125 79 207 509
196 250 158 158 762
137 245 61 61 504
18 235 123 122 498
36 214 247 244 741
72 172 239 233 716
144 88 223 211 666
33 177 190 167 567
67 98 125 79 369
135 196 250 158 739
14 137 245 61 457
28 18 235 123 404
57 36 214 247 554
114 72 172 239 597
229 144 88 223 684
202 33 177 190 602
149 67 98 125 439
42 135 196 250 623
84 14 137 245 480
169 28 18 235 450
82 57 36 214 389
165 114 72 172 523
74 229 144 88 535
149 202 33 177 561
43 149 67 98 357
86 42 135 196 459
172 84 14 137 407
89 169 28 18 304
179 82 57 36 354
103 165 114 72 454
207 74 229 144 654
158 149 202 33 542
61 43 149 67 320
123 86 42 135 386
246 172 84 14 516
237 89 169 28 523
218 179 82 57 536
181 103 165 114 563
106 207 74 229 616
212 158 149 202 721
169 61 43 149 422
83 123 86 42 334
166 246 172 84 668
76 237 89 169 571
153 218 179 82 632
50 181 103 165 499
101 106 207 74 488
203 212 158 149 722
151 169 61 43 424
47 83 123 86 339
95 166 246 172 679
190 76 237 89 592
124 153 218 179 674
249 50 181 103 583
242 101 106 207 656
229 203 212 158 802
202 151 169 61 583
148 47 83 123 401
40 95 166 246 547
80 190 76 237 583
161 124 153 218 656
66 249 50 181 546
133 242 101 106 582
10 229 203 212 654
20 202 151 169 542
41 148 47 83 319
82 40 95 166 383
164 80 190 76 510
73 161 124 153 511
147 66 249 50 512
39 133 242 101 515
79 10 229 203 521
158 20 202 151 531
60 41 148 47 296
120 82 40 95 337
241 164 80 190 675
226 73 161 124 584
196 147 66 249 658
137 39 133 242 551
18 79 10 229 336
36 158 20 202 416
73 60 41 148 322
147 120 82 40 389
38 241 164 80 523
76 226 73 161 536
153 196 147 66 562
51 137 39 133 360
102 18 79 10 209
205 36 158 20 419
155 73 60 41 329
55 147 120 82 404
111 38 241 164 554
222 76 226 73 597
188 153 196 147 684
121 51 137 39 348
243 102 18 79 442
230 205 36 158 629
205 155 73 60 493
155 55 147 120 477
54 111 38 241 444
109 222 76 226 633
218 188 153 196 755
180 121 51 137 489
104 243 102 18 467
209 230 205 36 680
163 205 155 73 596
70 155 55 147 427
141 54 111 38 344
26 109 222 76 433
53 218 188 153 612
107 180 121 51 459
215 104 243 102 664
175 209 230 205 819
94 163 205 155 617
188 70 155 55 468
120 141 54 111 426
241 26 109 222 598
227 53 218 188 686
199 107 180 121 607
143 215 104 243 705
30 175 209 230 644
60 94 163 205 522
120 188 70 155 533
241 120 141 54 556
227 241 26 109 603
198 227 53 218 696
141 199 107 180 627
27 143 215 104 489
54 30 175 209 468
109 60 94 163 426
218 120 188 70 596
180 241 120 141 682
104 227 241 26 598
209 198 227 53 687
162 141 199 107 609
69 27 143 215 454
138 54 30 175 397
20 109 60 94 283
41 218 120 188 567
83 180 241 120 624
167 104 227 241 739
78 209 198 227 712
156 162 141 199 658
57 69 27 143 296
114 138 54 30 336
228 20 109 60 417
201 41 218 120 580
147 83 180 241 651
38 167 104 227 536
77 78 209 198 562
154 156 162 141 613
53 57 69 27 206
107 114 138 54 413
214 228 20 109 571
173 201 41 218 633
91 147 83 180 501
183 38 167 104 492
111 77 78 209 475
223 154 156 162 695
191 53 57 69 370
127 107 114 138 486
254 214 228 20 716
252 173 201 41 667
248 91 147 83 569
240 183 38 167 628
224 111 77 78 490
192 223 154 156 725
129 191 53 57 430
2 127 107 114 350
4 254 214 228 700
9 252 173 201 635
19 248 91 147 505
39 240 183 38 500
79 224 111 77 491
159 192 223 154 728
63 129 191 53 436
127 2 127 107 363
255 4 254 214 727
254 9 252 173 688
253 19 248 91 611
250 39 240 183 712
245 79 224 111 659
234 159 192 223 808
212 63 129 191 595
169 127 2 127 425
83 255 4 254 596
167 254 9 252 682
79 253 19 248 599
159 250 39 240 688
62 245 79 224 610
124 234 159 192 709
249 212 63 129 653
243 169 127 2 541
231 83 255 4 573
207 167 254 9 637
159 79 253 19 510
63 159 250 39 511
127 62 245 79 513
255 124 234 159 772
254 249 212 63 778
253 243 169 127 792
250 231 83 255 819
244 207 167 254 872
232 159 79 253 723
209 63 159 250 681
162 127 62 245 596
69 255 124 234 682
139 254 249 212 854
22 253 243 169 687
45 250 231 83 609
90 244 207 167 708
180 232 159 79 650
104 209 63 159 535
208 162 127 62 559
161 69 255 124 609
66 139 254 249 708
133 22 253 243 651
11 45 250 231 537
22 90 244 207 563
45 180 232 159 616
91 104 209 63 467
182 208 162 127 679
108 161 69 255 593
217 66 139 254 676
178 133 22 253 586
100 11 45 250 406
200 22 90 244 556
145 45 180 232 602
35 91 104 209 439
70 182 208 162 622
140 108 161 69 478
25 217 66 139 447
50 178 133 22 383
101 100 11 45 257
203 200 22 90 515
150 145 45 180 520
45 35 91 104 275
91 70 182 208 551
182 140 108 161 591
109 25 217 66 417
219 50 178 133 580
182 101 100 11 394
108 203 200 22 533
216 150 145 45 556
176 45 35 91 347
97 91 70 182 440
194 182 140 108 624
133 109 25 217 484
10 219 50 178 457
21 182 101 100 404
42 108 203 200 553
84 216 150 145 595
169 176 45 35 425
82 97 91 70 340
165 194 182 140 681
75 133 109 25 342
151 10 219 50 430
46 21 182 101 350
92 42 108 203 445
184 84 216 150 634
113 169 176 45 503
226 82 97 91 496
196 165 194 182 737
137 75 133 109 454
19 151 10 219 399
39 46 21 182 288
79 92 42 108 321
159 184 84 216 643
63 113 169 176 521
126 226 82 97 531
253 196 165 194 808
251 137 75 133 596
247 19 151 10 427
238 39 46 21 344
220 79 92 42 433
184 159 184 84 611
113 63 113 169 458
227 126 226 82 661
199 253 196 165 813
143 251 137 75 606
30 247 19 151 447
60 238 39 46 383
121 220 79 92 512
243 184 159 184 770
231 113 63 113 520
207 227 126 226 786
158 199 253 196 806
61 143 251 137 592
123 30 247 19 419
247 60 238 39 584
239 121 220 79 659
222 243 184 159 808
189 231 113 63 596
122 207 227 126 682
244 158 199 253 854
233 61 143 251 688
210 123 30 247 610
164 247 60 238 709
72 239 121 220 652
144 222 243 184 793
32 189 231 113 565
65 122 207 227 621
130 244 158 199 731
4 233 61 143 441
8 210 123 30 371
17 164 247 60 488
34 72 239 121 466
68 144 222 243 677
137 32 189 231 589
19 65 122 207 413
38 130 244 158 570
77 4 233 61 375
154 8 210 123 495
53 17 164 247 481
107 34 72 239 452
215 68 144 222 649
175 137 32 189 533
94 19 65 122 300
189 38 130 244 601
122 77 4 233 436
244 154 8 210 616
233 53 17 164 467
210 107 34 72 423
164 215 68 144 591
73 175 137 32 417
147 94 19 65 325
38 189 38 130 395
77 122 77 4 280
155 244 154 8 561
54 233 53 17 357
108 210 107 34 459
217 164 215 68 664
179 73 175 137 564
102 147 94 19 362
205 38 189 38 470
154 77 122 77 430
52 155 244 154 605
104 54 233 53 444
209 108 210 107 634
163 217 164 215 759
70 179 73 175 497
140 102 147 94 483
24 205 38 189 456
48 154 77 122 401
96 52 155 244 547
193 104 54 233 584
131 209 108 210 658
6 163 217 164 550
12 70 179 73 334
25 140 102 147 414
51 24 205 38 318
102 48 154 77 381
205 96 52 155 508
155 193 104 54 506
55 131 209 108 503
110 6 163 217 496
221 12 70 179 482
186 25 140 102 453
117 51 24 205 397
234 102 48 154 538
213 205 96 52 566
170 155 193 104 622
85 55 131 209 480
170 110 6 163 449
84 221 12 70 387
168 186 25 140 519
81 117 51 24 273
162 234 102 48 546
68 213 205 96 582
136 170 155 193 654
17 85 55 131 288
35 170 110 6 321
71 84 221 12 388
142 168 186 25 521
28 81 117 51 277
57 162 234 102 555
114 68 213 205 600
228 136 170 155 689
200 17 85 55 357
144 35 170 110 459
33 71 84 221 409
66 142 168 186 562
133 28 81 117 359
11 57 162 234 464
22 114 68 213 417
44 228 136 170 578
89 200 17 85 391
179 144 35 170 528
102 33 71 84 290
205 66 142 168 581
154 133 28 81 396
53 11 57 162 283
107 22 114 68 311
215 44 228 136 623
174 89 200 17 480
93 179 144 35 451
187 102 33 71 393
119 205 66 142 532
239 154 133 28 554
222 53 11 57 343
189 107 22 114 432
123 215 44 228 610
246 174 89 200 709
236 93 179 144 652
216 187 102 33 538
177 119 205 66 567
99 239 154 133 625
199 222 53 11 485
143 189 107 22 461
31 123 215 44 413
62 246 174 89 571
124 236 93 179 632
249 216 187 102 754
242 177 119 205 743
229 99 239 154 721
203 199 222 53 677
150 143 189 107 589
44 31 123 215 413
88 62 246 174 570
176 124 236 93 629
97 249 216 187 749
194 242 177 119 732
132 229 99 239 699
8 203 199 222 632
17 150 143 189 499
34 44 31 123 232
69 88 62 246 465
139 176 124 236 675
22 97 249 216 584
45 194 242 177 658
91 132 229 99 551
183 8 203 199 593
111 17 150 143 421
223 34 44 31 332
191 69 88 62 410
126 139 176 124 565
252 22 97 249 620
248 45 194 242 729
241 91 132 229 693
226 183 8 203 620
196 111 17 150 474
137 223 34 44 438
18 191 69 88 366
37 126 139 176 478
74 252 22 97 445
149 248 45 194 636
43 241 91 132 507
87 226 183 8 504
175 196 111 17 499
95 137 223 34 489
190 18 191 69 468
124 37 126 139 426
248 74 252 22 596
241 149 248 45 683
226 43 241 91 601
196 87 226 183 692
136 175 196 111 618
16 95 137 223 471
33 190 18 191 432
66 124 37 126 353
132 248 74 252 706
9 241 149 248 647
18 226 43 241 528
37 196 87 226 546
74 136 175 196 581
149 16 95 137 397
42 33 190 18 283
84 66 124 37 311
169 132 248 74 623
82 9 241 149 481
165 18 226 43 452
74 37 196 87 394
149 74 136 175 534
42 149 16 95 302
85 42 33 190 350
171 84 66 124 445
86 169 132 248 635
172 82 9 241 504
89 165 18 226 498
178 74 37 196 485
101 149 74 136 460
202 42 149 16 409
149 85 42 33 309
42 171 84 66 363
85 86 169 132 472
171 172 82 9 434
86 89 165 18 358
172 178 74 37 461
88 101 149 74 412
176 202 42 149 569
# augmented golden-simulated vectors (rtlrewriter_run)
255 85 0 254 594
255 85 0 254 594
255 85 0 254 594
255 85 0 254 594
113 148 36 53 350
215 144 205 212 776
1 170 85 0 256
1 170 85 0 256
1 170 85 0 256
1 170 85 0 256
1 170 85 0 256
211 12 52 25 300
5 43 64 36 148
195 201 138 214 748
255 2 170 0 427
128 120 19 18 285
170 128 128 0 426
255 0 254 85 594
255 0 254 85 594
255 0 254 85 594
108 13 144 56 321
108 13 144 56 321
108 13 144 56 321
108 13 144 56 321
170 10 196 69 445
254 0 255 2 511
2 85 128 2 217
2 85 128 2 217
192 65 17 79 353
192 65 17 79 353
170 255 0 170 595
254 254 0 254 762
254 170 85 85 594
254 170 85 85 594
228 33 22 236 519
228 33 22 236 519
228 33 22 236 519
228 33 22 236 519
228 33 22 236 519
56 25 66 136 283
0 1 254 128 383
0 1 254 128 383
60 156 5 169 390
100 24 128 127 379
2 1 1 2 6
203 32 254 184 673
127 129 137 223 616
127 129 137 223 616
127 129 137 223 616
127 129 137 223 616
8 202 244 24 478
246 234 237 21 738
230 70 80 193 573
199 215 63 21 498
50 160 1 79 290
15 136 73 182 406
168 136 42 152 498
170 2 85 255 512
216 27 101 252 596
216 27 101 252 596
217 117 160 162 656
67 227 61 73 428
1 255 1 2 259
1 255 1 2 259
1 255 1 2 259
1 255 1 2 259
12 69 167 252 500
184 29 100 181 494
224 30 54 68 376
140 57 199 17 413
80 245 227 34 586
0 2 170 128 300
211 204 3 10 428
240 130 44 156 570
111 124 75 46 356
0 85 255 170 510
198 109 245 102 654
255 255 255 255 1020
255 255 255 255 1020
255 255 255 255 1020
255 0 128 0 383
153 118 9 6 286
128 85 2 254 469
128 85 2 254 469
128 85 2 254 469
128 128 128 0 384
170 0 1 255 426
216 111 143 56 526
84 60 114 91 349
6 83 1 206 296
173 51 223 21 468
185 207 108 76 576
103 189 252 128 672
255 1 0 1 257
0 128 255 255 638
180 177 116 72 545
180 177 116 72 545
18 14 146 117 295
254 2 0 255 511
85 25 30 164 304
119 35 198 136 488
119 35 198 136 488
119 35 198 136 488
55 226 215 164 660
55 226 215 164 660
55 226 215 164 660
2 85 255 85 427
210 245 145 249 849
120 214 187 159 680
0 238 92 240 570
1 2 254 1 258
77 104 72 13 266
115 108 185 216 624
182 128 226 33 569
48 247 227 135 657
128 255 1 255 639
170 1 128 0 299
0 170 2 170 342
143 46 14 216 419
128 2 1 2 133
32 78 67 115 292
2 85 0 0 87
2 85 0 0 87
2 85 0 0 87
2 85 0 0 87
2 71 112 113 298
0 2 2 254 258
38 158 86 25 307
54 180 145 125 504
200 148 212 171 731
255 170 0 128 553
255 170 0 128 553
255 170 0 128 553
255 170 0 128 553
255 170 0 128 553
1 255 0 0 256
128 2 1 128 259
100 140 74 132 446
100 140 74 132 446
100 140 74 132 446
100 140 74 132 446
100 140 74 132 446
1 128 85 128 342
114 228 159 121 622
114 228 159 121 622
114 228 159 121 622
114 228 159 121 622
114 228 159 121 622
97 236 175 100 608
128 147 46 143 464
138 121 217 152 628
246 147 210 175 778
250 158 135 158 701
124 118 139 167 548
2 1 170 170 343
8 247 115 159 529
254 2 128 2 386
170 254 85 1 510
156 213 72 152 593
147 24 203 36 410
128 254 17 254 653
48 24 30 160 262
120 85 44 186 435
120 85 44 186 435
0 0 0 254 254
54 89 240 174 557
54 89 240 174 557
54 89 240 174 557
242 249 22 224 737
145 184 13 77 419
255 1 254 128 638
200 235 241 204 880
200 235 241 204 880
200 235 241 204 880
235 75 9 27 346
255 255 254 85 849
131 213 187 102 633
34 6 57 93 190
1 254 2 85 342
1 254 2 85 342
1 254 2 85 342
177 228 184 253 842
128 128 128 128 512
210 51 171 25 457
56 78 185 45 364
2 254 1 1 258
2 254 1 1 258
2 254 1 1 258
170 0 128 254 552
0 170 255 128 553
0 170 255 128 553
22 243 5 63 333
2 0 1 254 257
105 107 145 49 406
254 255 2 85 596
162 245 196 181 784
71 128 73 54 326
71 128 73 54 326
71 128 73 54 326
170 254 0 1 425
2 170 170 255 597
35 143 102 122 402
35 143 102 122 402
35 143 102 122 402
35 143 102 122 402
23 172 224 185 604
170 254 1 254 679
220 78 26 31 355
220 78 26 31 355
220 78 26 31 355
220 78 26 31 355
241 246 6 79 572
7 36 163 27 233
254 1 0 170 425
51 58 89 94 292
220 159 110 135 624
254 128 128 2 512
46 124 57 190 417
204 5 236 190 635
0 2 170 254 426
148 25 120 29 322
24 25 206 91 346
138 177 31 41 387
217 143 231 134 725
251 234 208 29 722
73 253 72 197 595
47 234 118 248 647
146 151 42 170 509
209 10 70 154 443
220 148 24 134 526
170 128 255 1 554
176 146 44 220 586
53 81 208 6 348
16 49 106 252 423
226 14 62 123 425
179 62 212 214 667
108 13 41 138 300
2 170 255 1 428
210 84 126 6 426
85 255 254 85 679
21 104 65 175 365
21 104 65 175 365
21 104 65 175 365
21 104 65 175 365
21 104 65 175 365
150 127 124 235 636
94 171 189 105 559
0 254 2 255 511
1 254 128 2 385
107 225 146 68 546
255 85 128 170 638
128 128 2 128 386
169 4 42 11 226
169 216 162 73 620
128 254 0 1 383
85 203 242 222 752
85 170 1 170 426
2 246 247 37 532
1 0 1 2 4
168 161 172 205 706
207 211 24 191 633
95 197 249 9 550
190 70 74 75 409
79 197 99 126 501
22 221 29 9 281
33 228 247 140 648
1 128 0 2 131
1 128 0 2 131
115 65 226 195 601
130 255 18 94 497
0 1 1 128 130
176 219 237 3 635
87 10 155 73 325
159 183 129 82 553
249 41 60 139 489
26 143 231 4 404
26 143 231 4 404
26 143 231 4 404
26 143 231 4 404
13 84 202 251 550
254 254 0 255 763
215 37 233 251 736
215 37 233 251 736
170 254 254 254 932
240 46 188 111 585
78 171 220 29 498
170 1 128 128 427
246 136 17 135 534
28 105 15 198 346
173 221 244 217 855
142 76 34 67 319
88 161 129 209 587
88 161 129 209 587
88 161 129 209 587
88 161 129 209 587
1 85 85 255 426
255 170 0 1 426
255 170 0 1 426
255 170 0 1 426
255 170 0 1 426
135 218 96 16 465
129 2 193 207 531
177 254 57 237 725
203 31 211 120 565
203 31 211 120 565
201 183 250 167 801
2 1 170 2 175
13 87 36 140 276
157 127 226 224 734
157 127 226 224 734
157 127 226 224 734
157 127 226 224 734
157 127 226 224 734
2 85 255 254 596
200 176 94 249 719
31 189 80 87 387
31 189 80 87 387
31 189 80 87 387
31 189 80 87 387
89 222 115 126 552
104 81 145 41 371
136 232 37 3 408
105 72 18 60 255
100 224 180 149 653
170 85 255 0 510
254 85 2 128 469
174 197 94 22 487
205 201 116 141 663
0 1 2 0 3
179 193 43 79 494
179 193 43 79 494
52 77 214 254 597
247 241 63 191 742
247 241 63 191 742
247 241 63 191 742
247 241 63 191 742
247 241 63 191 742
85 170 2 255 512
85 170 2 255 512
85 170 2 255 512
85 170 2 255 512
85 170 2 255 512
128 1 2 2 133
128 1 2 2 133
128 1 2 2 133
128 1 2 2 133
128 1 2 2 133
51 228 62 84 425
248 59 250 76 633
170 254 255 254 933
128 1 85 170 384
5 17 186 116 324
165 3 87 210 465
254 255 85 128 722
179 223 103 144 649
151 170 223 187 731
237 156 25 223 641
74 19 124 131 348
230 89 100 190 609
5 45 215 150 415
204 139 75 80 498
184 136 55 91 466
212 105 246 11 574
79 244 6 31 360
254 85 85 1 425
85 128 255 255 723
2 2 128 85 217
2 2 128 85 217
2 2 128 85 217
2 254 85 254 595
162 161 157 86 566
162 161 157 86 566
162 161 157 86 566
128 1 128 170 427
255 255 128 170 808
200 186 143 205 734
200 186 143 205 734
200 186 143 205 734
200 186 143 205 734
4 8 171 85 268
68 239 210 218 735
241 175 98 213 727
19 22 156 3 200
2 128 0 254 384
0 1 1 0 2
0 1 1 0 2
0 1 1 0 2
0 1 1 0 2
0 1 1 0 2
75 112 22 109 318
79 7 233 240 559
1 2 254 2 259
1 2 254 2 259
1 2 254 2 259
1 2 254 2 259
1 2 254 2 259
1 170 2 170 343
1 170 2 170 343
21 34 128 129 312
245 121 214 245 825
166 250 42 149 607
85 85 85 128 383
85 85 85 128 383
107 143 214 240 704
11 27 14 24 76
162 136 197 96 591
27 188 5 91 311
0 255 0 85 340
153 245 165 255 818
2 254 170 2 428
180 152 134 174 640
254 254 1 0 509
254 254 1 0 509
254 254 1 0 509
254 254 1 0 509
170 170 1 85 426
1 187 140 169 497
115 89 16 244 464
128 85 0 1 214
90 111 64 10 275
0 128 0 254 382
69 133 68 46 316
170 170 1 170 511
147 35 102 186 470
170 85 170 170 595
205 74 115 224 618
254 0 1 170 425
1 254 2 128 385
1 254 2 128 385
1 254 2 128 385
1 254 2 128 385
2 128 255 254 639
227 6 235 221 689
242 101 161 216 720
121 26 151 110 408
121 26 151 110 408
121 26 151 110 408
121 26 151 110 408
206 2 21 175 404
13 33 170 26 242
198 211 143 143 695
25 189 221 151 586
115 233 249 149 746
35 165 138 198 536
15 223 229 173 640
170 85 254 128 637
170 85 254 128 637
253 128 159 180 720
170 255 0 1 426
47 83 106 245 481
170 0 128 1 299
158 45 123 174 500
158 45 123 174 500
158 45 123 174 500
158 45 123 174 500
85 255 255 85 680
37 162 227 155 581
37 162 227 155 581
37 162 227 155 581
37 162 227 155 581
37 162 227 155 581
240 134 234 9 617
159 75 223 200 657
228 19 200 43 490
180 74 91 143 488
180 74 91 143 488
101 10 59 134 304
237 150 93 122 602
237 150 93 122 602
237 150 93 122 602
237 150 93 122 602
1 128 1 128 258
1 128 1 128 258
170 85 255 255 765
45 248 130 159 582
1 0 254 1 256
0 254 170 85 509
0 254 170 85 509
0 254 170 85 509
0 254 170 85 509
0 254 170 85 509
93 156 102 46 397
0 255 254 254 763
237 6 202 185 630
237 6 202 185 630
237 6 202 185 630
150 91 24 85 350
160 141 154 28 483
44 100 12 221 377
1 128 2 1 132
45 162 74 173 454
77 246 20 141 484
7 159 1 56 223
76 37 121 156 390
84 14 123 21 242
81 216 237 212 746
128 128 1 254 511
254 2 170 85 511
255 255 0 2 512
255 128 254 2 639
128 170 128 170 596
74 112 233 206 625
138 75 237 152 602
9 212 47 211 479
9 212 47 211 479
9 212 47 211 479
170 85 2 254 511
41 216 96 36 389
170 0 1 254 425
184 225 238 61 708
255 85 85 85 510
35 199 27 169 430
35 199 27 169 430
35 199 27 169 430
35 199 27 169 430
19 164 69 242 494
187 250 91 78 606
13 118 80 47 258
254 170 0 254 678
71 63 251 169 554
207 44 245 212 708
145 209 167 183 704
1 128 85 2 216
80 33 72 29 214
170 0 2 255 427
77 244 63 126 510
255 2 1 128 386
223 178 114 218 733
193 182 12 159 546
225 243 245 61 774
0 254 2 1 257
18 149 239 13 419
86 212 119 176 593
165 209 148 167 689
222 12 252 182 668
43 184 238 51 516
43 184 238 51 516
43 184 238 51 516
43 184 238 51 516
43 184 238 51 516
213 252 129 98 692
184 147 21 66 418
173 61 86 75 395
254 0 85 0 339
254 0 85 0 339
254 0 85 0 339
254 0 85 0 339
254 0 85 0 339
79 239 210 47 575
0 85 1 170 256
0 85 1 170 256
0 85 1 170 256
0 85 1 170 256
170 0 2 2 174
161 230 127 102 620
254 254 1 85 594
233 209 34 146 622
37 156 164 157 514
128 254 255 2 639
71 80 2 15 168
117 227 49 22 415
87 19 243 245 594
77 139 61 34 311
77 139 61 34 311
1 170 254 2 427
170 85 85 2 342
146 63 196 61 466
178 217 134 140 669
155 208 133 203 699
101 10 104 201 416
31 224 82 129 466
27 141 117 134 419
142 223 144 246 755
243 111 80 187 621
141 183 236 118 678
170 128 254 0 552
203 78 122 99 502
0 128 85 255 468
170 254 170 85 679
254 170 128 0 552
53 181 230 53 517
0 85 0 1 86
128 255 255 2 640
128 255 255 2 640
75 76 208 82 441
75 76 208 82 441
75 76 208 82 441
116 49 102 178 445
202 252 83 108 645
170 2 0 170 342
170 2 0 170 342
170 2 0 170 342
2 121 181 54 358
136 99 100 238 573
0 61 187 109 357
0 61 187 109 357
0 61 187 109 357
2 255 0 2 259
0 255 255 170 680
249 215 19 86 569
5 177 231 105 518
146 227 101 114 588
171 150 185 26 532
240 197 33 238 708
7 34 234 121 396
153 10 247 137 547
234 21 214 33 502
138 136 45 128 447
216 102 13 200 531
227 232 159 55 673
254 1 170 0 425
7 196 183 33 419
2 254 255 255 766
19 90 96 227 432
91 125 69 146 431
1 255 128 255 639
170 254 2 85 511
252 186 111 60 609
24 218 222 232 696
24 218 222 232 696
24 218 222 232 696
24 218 222 232 696
162 236 252 105 755
128 170 2 254 554
84 85 64 0 233
2 128 85 128 343
218 216 254 4 692
244 133 47 233 657
215 128 32 51 426
98 33 228 12 371
124 190 63 181 558
255 1 255 128 639
123 79 203 206 611
17 155 17 199 388
229 1 7 40 277
176 149 235 59 619
47 164 127 60 398
29 40 188 161 418
29 40 188 161 418
29 40 188 161 418
29 40 188 161 418
61 70 153 190 474
111 183 141 41 476
111 183 141 41 476
111 183 141 41 476
111 183 141 41 476
77 178 189 104 548
2 85 128 170 385
2 85 128 170 385
2 85 128 170 385
2 85 128 170 385
248 22 205 190 665
1 1 0 85 87
183 34 102 173 492
29 124 29 137 319
135 13 22 56 226
85 128 170 85 468
210 133 162 242 747
211 187 146 213 757
128 2 1 85 216
2 1 255 0 258
230 234 52 70 586
128 1 255 85 469
229 175 74 99 577
254 0 128 128 510
247 150 177 4 578
171 52 232 42 497
218 217 164 73 672
218 217 164 73 672
218 217 164 73 672
218 217 164 73 672
218 217 164 73 672
167 189 74 244 674
255 2 2 1 260
174 69 27 198 468
43 9 130 44 226
25 64 158 61 308
87 144 187 37 455
221 94 91 140 546
2 2 128 255 387
1 255 0 170 426
255 254 85 255 849
102 115 193 49 459
128 128 128 2 386
213 109 14 9 345
33 143 52 42 270
85 0 1 1 87
223 10 43 50 326
2 255 128 0 385
0 1 1 255 257
109 15 135 150 409
255 128 255 0 638
255 128 255 0 638
255 128 255 0 638
255 128 255 0 638
210 154 37 65 466
156 1 252 172 581
128 255 170 2 555
128 255 170 2 555
128 255 170 2 555
200 187 136 159 682
92 250 191 176 709
1 0 85 0 86
152 194 248 173 767
92 241 225 73 631
85 0 2 1 88
0 85 255 170 510
1 254 128 255 638
34 62 74 163 333
4 253 119 209 585
34 160 173 154 521
209 46 52 3 310
215 200 153 223 791
1 2 170 170 343
152 116 22 219 509
255 254 128 1 638
170 255 85 1 511
0 170 254 255 679
244 162 41 233 680
244 162 41 233 680
244 162 41 233 680
244 162 41 233 680
244 162 41 233 680
145 118 131 66 460
145 118 131 66 460
205 13 179 87 484
205 13 179 87 484
205 13 179 87 484
205 13 179 87 484
205 13 179 87 484
194 161 124 194 673
2 255 255 1 513
84 116 124 193 517
143 5 65 232 445
222 137 63 195 617
222 137 63 195 617
222 137 63 195 617
252 135 64 20 471
154 2 121 240 517
252 148 231 95 726
4 81 195 151 431
128 255 255 128 766
128 255 255 128 766
128 255 255 128 766
128 255 255 128 766
191 100 156 127 574
170 2 0 254 426
128 128 170 170 596
128 128 170 170 596
128 170 255 1 554
128 170 255 1 554
128 170 255 1 554
128 170 255 1 554
91 205 69 153 518
91 205 69 153 518
36 94 242 179 551
224 50 213 62 549
54 123 231 186 594
128 2 85 1 216
254 170 254 170 848
2 255 85 85 427
212 252 187 142 793
36 238 140 138 552
128 128 170 85 511
0 2 0 170 172
236 132 19 123 510
86 236 207 204 733
26 0 204 125 355
12 231 103 19 365
1 255 0 255 511
0 2 85 85 172
18 48 108 162 336
128 2 0 0 130
229 198 245 249 921
2 106 219 110 437
255 1 128 170 554
8 58 156 96 318
139 167 77 105 488
139 167 77 105 488
183 177 41 177 578
255 254 254 1 764
245 91 36 69 441
242 27 36 206 511
154 166 201 43 564
154 166 201 43 564
154 166 201 43 564
154 166 201 43 564
11 69 41 55 176
128 255 1 254 638
118 111 151 140 520
254 170 170 85 679
34 111 209 128 482
254 2 85 0 341
254 2 85 0 341
254 2 85 0 341
254 2 85 0 341
254 2 85 0 341
127 30 185 13 355
47 162 189 101 499
133 188 16 4 341
237 155 144 254 790
153 29 191 7 380
2 128 1 2 133
255 2 0 255 512
248 214 111 203 776
1 85 254 255 595
154 225 219 87 685
147 247 212 213 819
147 247 212 213 819
147 247 212 213 819
147 247 212 213 819
0 0 255 1 256
228 38 7 193 466
8 186 125 97 416
169 159 77 69 474
169 159 77 69 474
169 159 77 69 474
169 159 77 69 474
1 0 2 85 88
243 228 248 213 932
243 228 248 213 932
117 228 47 254 646
254 1 2 170 427
1 85 255 1 342
126 191 188 111 616
100 52 118 179 449
85 1 1 255 342
168 139 224 165 696
145 11 227 222 605
252 140 245 148 785
254 128 2 170 554
48 172 21 107 348
128 0 170 170 468
23 190 103 168 484
206 49 4 249 508
170 255 254 85 764
85 2 1 0 88
112 59 149 113 433
241 5 167 4 417
69 249 135 179 632
170 0 0 254 424
85 254 1 0 340
234 243 141 181 799
174 52 204 172 602
191 98 248 175 712
161 30 229 139 559
254 2 2 85 343
116 92 49 79 336
135 168 221 43 567
26 208 21 137 392
26 208 21 137 392
26 208 21 137 392
26 208 21 137 392
104 125 86 99 414
1 0 255 2 258
212 140 187 144 683
35 65 2 222 324
246 202 62 149 659
164 17 154 65 400
172 220 4 140 536
172 220 4 140 536
74 87 230 150 541
45 77 189 59 370
247 73 235 5 560
247 73 235 5 560
247 73 235 5 560
124 209 171 134 638
165 224 81 173 643
218 163 240 158 779
0 2 1 254 257
186 191 148 135 660
84 160 245 130 619
199 135 114 140 588
105 24 61 209 399
54 20 31 233 338
180 42 177 38 437
13 169 121 242 545
195 57 91 100 443
7 133 6 29 175
85 255 1 255 596
85 255 1 255 596
85 255 1 255 596
154 20 183 223 580
154 20 183 223 580
162 72 165 3 402
162 72 165 3 402
1 254 2 128 385
15 221 200 5 441
255 255 255 1 766
53 171 8 244 476
167 19 55 251 492
20 136 20 204 380
2 255 85 85 427
222 39 127 170 558
186 115 222 74 597
155 177 212 208 752
170 255 1 128 554
170 255 1 128 554
170 255 1 128 554
170 254 1 85 510
170 254 1 85 510
128 255 128 254 765
121 29 148 115 413
121 29 148 115 413
1 0 128 254 383
80 170 160 136 546
0 128 1 2 131
0 128 1 2 131
169 51 199 245 664
160 114 113 45 432
160 114 113 45 432
160 114 113 45 432
160 114 113 45 432
160 114 113 45 432
11 164 28 212 415
125 63 178 143 509
205 90 226 80 601
34 224 24 233 515
1 254 1 0 256
172 211 69 190 642
254 255 170 0 679
225 55 221 41 542
240 69 79 248 636
188 232 126 163 709
76 3 72 81 232
76 3 72 81 232
76 3 72 81 232
76 3 72 81 232
170 1 255 255 681
175 111 118 202 606
175 111 118 202 606
175 111 118 202 606
26 83 228 69 406
2 254 85 85 426
16 230 61 115 422
16 230 61 115 422
16 230 61 115 422
16 230 61 115 422
185 119 61 118 483
127 50 247 20 444
147 81 46 50 324
2 254 1 0 257
121 137 226 0 484
1 255 255 254 765
104 53 193 32 382
193 178 70 127 568
237 12 73 180 502
130 29 208 223 590
164 91 201 15 471
0 125 15 240 380
75 105 122 98 400
173 212 255 91 731
234 6 10 47 297
234 6 10 47 297
234 6 10 47 297
234 6 10 47 297
234 6 10 47 297
3 193 248 214 658
26 127 242 50 445
155 85 85 153 478
128 255 170 2 555
115 49 66 151 381
105 222 157 136 620
205 120 221 217 763
205 120 221 217 763
205 120 221 217 763
205 120 221 217 763
128 85 254 255 722
237 229 213 82 761
9 92 9 192 302
2 128 170 85 385
183 129 47 152 511
193 122 131 98 544
250 215 54 89 608
219 102 138 249 708
53 198 163 58 472
53 198 163 58 472
53 198 163 58 472
53 198 163 58 472
93 54 33 85 265
128 254 170 254 806
173 137 7 240 557
157 103 81 176 517
68 175 164 214 621
254 1 128 128 511
254 1 128 128 511
254 1 128 128 511
254 1 128 128 511
254 1 128 128 511
255 128 254 128 765
214 218 153 77 662
19 104 62 251 436
128 255 2 254 639
128 255 2 254 639
128 255 2 254 639
128 255 2 254 639
57 192 114 88 451
85 170 2 1 258
0 170 255 2 427
0 170 255 2 427
0 170 255 2 427
0 170 255 2 427
0 170 255 2 427
132 162 114 221 629
56 136 43 131 366
38 115 42 56 251
86 0 46 118 250
84 140 166 5 395
88 84 113 24 309
128 170 1 128 427
45 215 1 162 423
170 2 1 255 428
128 2 0 170 300
135 42 41 12 230
118 25 167 236 546
1 1 0 128 130
203 106 181 118 608
203 106 181 118 608
40 185 95 171 491
1 80 46 160 287
85 2 128 128 343
255 1 254 255 765
183 108 225 11 527
145 205 183 17 550
164 164 106 250 684
140 7 207 80 434
79 129 162 172 542
0 128 255 255 638
0 128 255 255 638
0 128 255 255 638
0 128 255 255 638
170 85 0 170 425
185 192 215 128 720
167 129 217 252 765
104 170 108 8 390
204 210 33 255 702
232 26 68 130 456
27 12 70 91 200
128 0 255 254 637
133 200 67 214 614
133 200 67 214 614
133 200 67 214 614
4 152 185 211 552
4 152 185 211 552
4 152 185 211 552
4 152 185 211 552
4 152 185 211 552
37 6 132 69 244
37 6 132 69 244
37 6 132 69 244
37 6 132 69 244
139 82 149 248 618
255 255 2 2 514
31 147 200 222 600
135 69 62 246 512
1 255 255 255 766
200 115 173 25 513
130 158 62 201 551
22 150 204 220 596
254 85 85 254 678
1 85 255 0 341
92 15 250 133 490
254 254 255 255 1018
2 170 85 2 259
255 1 254 85 595
85 0 255 1 341
254 0 255 128 637
246 212 101 198 757
246 212 101 198 757
246 212 101 198 757
222 9 143 179 553
227 103 144 146 620
60 62 39 172 333
2 255 254 254 765
2 85 254 0 341
85 128 170 170 553
131 28 104 125 388
0 254 85 2 341
157 197 28 133 515
191 62 101 159 513
191 62 101 159 513
191 62 101 159 513
191 62 101 159 513
192 186 87 51 516
170 254 85 85 594
254 170 1 85 510
252 91 122 126 591
142 155 151 56 504
171 65 145 100 481
105 92 194 138 529
177 30 29 7 243
1 2 2 254 259
189 5 165 108 467
59 207 255 126 647
64 90 172 88 414
64 90 172 88 414
64 90 172 88 414
64 90 172 88 414
1 2 128 170 301
141 137 193 116 587
170 255 85 128 638
0 85 1 0 86
221 218 51 52 542
20 194 31 236 481
20 194 31 236 481
20 194 31 236 481
20 194 31 236 481
20 194 31 236 481
91 56 94 212 453
91 56 94 212 453
91 56 94 212 453
91 56 94 212 453
246 113 52 178 589
86 144 240 19 489
42 26 149 226 443
1 2 128 1 132
185 213 195 85 678
219 114 159 180 672
158 151 51 209 569
85 170 85 255 595
104 177 172 64 517
104 177 172 64 517
104 177 172 64 517
104 177 172 64 517
104 177 172 64 517
200 192 112 51 555
163 84 248 178 673
230 40 12 7 289
3 143 55 152 353
85 255 85 255 680
23 172 34 126 355
28 59 33 149 269
128 1 0 255 384
123 193 220 119 655
31 190 94 169 484
0 254 254 1 509
0 2 255 170 427
168 120 177 16 481
95 189 240 175 699
212 99 112 248 671
205 149 60 243 657
0 85 0 254 339
29 194 20 125 368
254 2 0 1 257
170 255 128 128 681
69 110 38 116 333
12 108 151 3 274
73 46 38 206 363
254 0 255 0 509
254 0 255 0 509
194 79 20 54 347
62 155 166 232 615
62 155 166 232 615
196 100 63 108 467
126 204 90 245 665
94 210 65 142 511
134 140 154 100 528
134 140 154 100 528
134 140 154 100 528
134 140 154 100 528
134 140 154 100 528
39 99 189 73 400
59 204 158 64 485
223 1 164 14 402
0 85 1 254 340
27 115 78 9 229
143 169 173 183 668
101 97 203 42 443
2 85 1 128 216
2 85 1 128 216
2 85 1 128 216
2 85 1 128 216
2 85 1 128 216
192 255 189 26 662
75 126 46 118 365
117 156 139 141 553
105 28 61 182 376
101 157 160 178 596
255 85 255 254 849
71 4 12 204 291
131 133 21 75 360
11 76 236 22 345
16 122 237 25 400
120 87 86 81 374
255 0 1 254 510
221 217 41 1 480
85 254 254 2 595
80 168 7 19 274
42 74 87 54 257
42 74 87 54 257
42 74 87 54 257
42 74 87 54 257
198 73 206 176 653
198 73 206 176 653
198 73 206 176 653
198 73 206 176 653
87 23 227 176 513
249 53 14 196 512
139 64 100 140 443
226 219 115 56 616
33 170 252 85 540
201 255 60 64 580
85 85 2 2 174
199 155 101 83 538
199 155 101 83 538
199 155 101 83 538
199 155 101 83 538
14 4 253 47 318
130 222 205 124 681
70 92 152 195 509
37 170 68 104 379
254 232 153 51 690
64 24 44 174 306
205 252 67 173 697
128 255 254 0 637
128 255 254 0 637
149 102 92 114 457
156 253 242 121 772
1 254 2 255 512
254 0 1 0 255
18 61 216 84 379
124 199 21 187 531
85 85 1 170 341
2 254 254 255 765
255 0 2 255 512
204 99 224 183 710
0 170 2 170 342
82 37 6 197 322
85 128 0 255 468
67 159 30 47 303
2 254 255 1 512
143 242 152 3 540
49 62 40 241 392
85 0 0 2 87
159 0 40 157 356
175 182 83 21 461
20 209 34 73 336
120 47 130 207 504
131 182 71 24 408
0 1 85 255 341
117 210 246 32 605
0 85 255 170 510
15 65 7 209 296
230 49 168 91 538
230 49 168 91 538
19 239 109 164 531
222 247 199 4 672
222 247 199 4 672
222 247 199 4 672
222 247 199 4 672
128 85 85 2 300
128 85 85 2 300
128 85 85 2 300
128 85 85 2 300
170 254 128 85 637
155 26 166 117 464
24 214 92 148 478
170 85 85 254 594
85 128 170 128 511
85 85 0 2 172
1 2 0 255 258
171 167 218 78 634
171 167 218 78 634
171 167 218 78 634
171 167 218 78 634
8 23 247 13 291
254 255 254 255 1018
0 255 85 1 341
0 128 0 170 298
186 153 62 32 433
134 246 68 248 696
134 246 68 248 696
21 176 247 33 477
84 176 7 131 398
84 176 7 131 398
84 176 7 131 398
64 42 29 24 159
249 24 190 191 654
137 116 184 30 467
82 250 171 219 722
82 250 171 219 722
66 183 168 20 437
84 71 77 255 487
84 71 77 255 487
84 71 77 255 487
100 30 55 184 369
228 244 7 127 606
254 254 128 170 806
128 0 0 1 129
198 0 123 223 544
186 198 99 187 670
186 198 99 187 670
186 198 99 187 670
186 198 99 187 670
244 69 220 133 666
2 85 1 255 343
0 85 254 254 593
128 0 128 2 258
128 0 128 2 258
128 0 128 2 258
128 0 128 2 258
128 0 128 2 258
38 6 182 34 260
8 88 214 124 434
18 216 232 104 570
1 1 255 85 342
113 135 56 8 312
160 244 147 232 783
97 126 248 35 506
212 205 199 167 783
52 185 210 91 538
52 185 210 91 538
52 185 210 91 538
52 185 210 91 538
254 128 128 1 511
243 236 101 241 821
0 128 128 1 257
19 144 166 65 394
255 1 254 1 511
52 27 100 197 376
85 128 85 85 383
71 175 94 125 465
170 128 254 128 680
175 75 228 53 531
115 241 104 70 530
233 72 202 127 634
187 25 63 143 418
48 230 44 87 409
25 3 92 141 261
1 170 85 255 511
2 170 170 85 427
230 29 41 232 532
128 170 1 254 553
235 76 127 191 629
227 185 99 253 764
158 4 168 167 497
158 4 168 167 497
158 4 168 167 497
158 4 168 167 497
158 4 168 167 497
2 255 170 0 427
2 255 170 0 427
2 255 170 0 427
62 222 241 113 638
92 65 54 1 212
199 197 0 235 631
170 254 1 170 595
238 13 19 129 399
238 13 19 129 399
0 1 0 1 2
0 1 0 1 2
0 1 0 1 2
0 1 0 1 2
170 243 29 43 485
26 7 233 81 347
26 7 233 81 347
26 7 233 81 347
85 255 1 255 596
91 82 16 37 226
255 128 255 85 723
254 255 255 128 892
163 115 178 207 663
0 2 85 1 88
0 2 85 1 88
103 242 221 175 741
23 31 165 54 273
121 167 2 237 527
233 254 41 73 601
254 85 85 85 509
170 2 254 128 554
203 50 24 25 302
29 174 48 239 490
42 162 146 190 540
202 13 12 88 315
211 203 39 234 687
50 23 125 62 260
50 23 125 62 260
50 23 125 62 260
50 23 125 62 260
2 1 85 1 89
160 77 5 25 267
72 217 145 214 648
120 67 194 212 593
101 49 148 115 413
101 49 148 115 413
101 49 148 115 413
128 225 189 246 788
170 1 255 254 680
170 85 128 254 637
170 85 128 254 637
91 228 70 23 412
201 178 230 9 618
17 186 63 151 417
86 0 74 59 219
116 19 150 242 527
8 108 140 56 312
1 1 1 2 5
128 1 255 170 554
128 1 255 170 554
128 1 255 170 554
128 1 255 170 554
128 1 255 170 554
99 10 11 80 200
86 228 204 224 742
169 154 61 217 601
169 154 61 217 601
169 154 61 217 601
169 154 61 217 601
254 128 254 255 891
73 179 153 125 530
0 2 0 1 3
40 1 150 57 248
194 217 161 254 826
194 217 161 254 826
194 217 161 254 826
194 217 161 254 826
1 1 170 254 426
9 30 54 191 284
255 0 255 0 510
188 212 244 117 761
220 84 205 156 665
86 96 10 218 410
89 91 181 167 528
208 78 60 184 530
208 78 60 184 530
128 2 2 255 387
128 2 2 255 387
128 2 2 255 387
128 2 2 255 387
105 87 26 28 246
46 121 198 178 543
252 215 223 246 936
107 63 242 170 582
151 11 0 41 203
142 52 76 14 284
184 207 86 221 698
42 141 255 181 619
167 37 22 71 297
239 120 252 5 616
131 254 111 93 589
232 40 69 108 449
232 40 69 108 449
232 40 69 108 449
175 89 45 131 440
180 252 3 224 659
81 161 178 206 626
85 2 0 1 88
170 89 137 27 423
85 85 170 255 595
103 116 220 20 459
189 9 69 3 270
198 167 164 17 546
85 1 254 170 510
85 1 254 170 510
85 1 254 170 510
144 243 152 108 647
117 243 177 99 636
17 37 181 121 356
177 73 195 162 607
2 2 85 128 217
2 2 85 128 217
2 2 85 128 217
2 2 85 128 217
2 2 85 128 217
170 58 75 199 502
64 17 49 114 244
246 69 167 63 545
1 85 255 85 426
85 2 254 128 469
128 85 0 128 341
0 254 254 2 510
160 39 221 177 597
2 190 95 24 311
86 157 199 56 498
170 254 2 170 596
70 175 217 186 648
70 175 217 186 648
70 175 217 186 648
70 175 217 186 648
65 154 226 247 692
166 245 77 106 594
169 144 9 235 557
176 191 44 216 627
176 191 44 216 627
176 191 44 216 627
176 191 44 216 627
176 191 44 216 627
102 120 16 94 332
227 173 130 176 706
255 1 2 255 513
82 199 65 76 422
170 85 85 2 342
208 254 22 219 703
127 12 124 48 311
119 116 10 15 260
255 85 170 2 512
255 85 170 2 512
255 85 170 2 512
255 85 170 2 512
255 85 170 2 512
217 33 171 218 639
201 144 172 227 744
249 76 23 148 496
92 206 119 5 422
1 85 58 169 313
1 85 58 169 313
1 85 58 169 313
2 85 2 85 174
0 50 179 191 420
0 170 254 128 552
173 77 13 183 446
254 1 2 128 385
75 79 11 71 236
104 155 131 78 468
191 252 205 109 757
174 246 57 230 707
226 61 64 224 575
131 127 173 131 562
254 85 0 2 341
128 85 0 254 467
128 85 0 254 467
128 85 0 254 467
128 85 0 254 467
207 66 244 141 658
176 201 86 69 532
0 128 1 170 299
102 61 243 77 483
255 0 0 170 425
255 255 255 254 1019
1 2 1 1 5
163 220 104 153 640
255 170 1 2 428
165 19 137 96 417
1 235 7 111 354
142 72 188 227 629
255 128 0 2 385
97 15 234 167 513
97 174 125 146 542
1 2 254 0 257
238 39 116 1 394
38 236 208 31 513
156 6 187 137 486
19 28 235 164 446
94 180 216 198 688
254 1 85 0 340
230 78 237 242 787
254 85 2 254 595
64 231 152 177 624
85 2 58 135 280
193 123 166 50 532
113 122 105 37 377
206 4 193 184 587
206 4 193 184 587
206 4 193 184 587
206 4 193 184 587
28 9 249 7 293
85 246 27 130 488
128 2 2 170 302
75 195 208 209 687
233 153 243 20 649
221 42 32 161 456
4 93 83 226 406
194 0 104 190 488
28 129 34 154 345
75 59 125 21 280
99 76 217 175 567
99 76 217 175 567
99 76 217 175 567
99 76 217 175 567
0 251 15 101 367
85 128 2 255 470
0 255 128 128 511
96 103 140 123 462
96 103 140 123 462
96 103 140 123 462
1 85 254 254 594
1 85 254 254 594
255 1 128 1 385
171 24 88 58 341
255 255 0 2 512
255 255 0 2 512
255 255 0 2 512
255 255 0 2 512
255 255 0 2 512
100 214 30 232 576
1 254 2 170 427
92 163 134 109 498
136 148 48 61 393
136 148 48 61 393
254 128 2 2 386
188 224 219 67 698
77 145 134 50 406
188 152 212 120 672
170 255 128 2 555
1 126 41 46 214
68 142 111 81 402
51 220 177 157 605
2 252 184 171 609
197 40 175 123 535
124 31 58 33 246
118 217 248 70 653
128 170 0 2 300
57 95 121 70 343
104 251 134 94 583
62 18 77 174 331
194 78 72 39 383
207 25 211 102 545
207 25 211 102 545
207 25 211 102 545
207 25 211 102 545
207 25 211 102 545
39 212 92 69 412
180 197 49 249 675
100 68 197 104 469
119 242 154 146 661
166 102 15 3 286
1 0 170 128 299
41 99 109 251 500
105 226 79 225 635
254 128 170 254 806
135 149 92 50 426
23 93 9 114 239
31 125 182 134 472
132 128 32 40 332
32 66 55 218 371
178 136 78 201 593
161 7 240 247 655
213 238 78 4 533
170 0 2 128 300
2 1 2 2 7
97 140 68 140 445
128 170 255 254 807
255 85 128 85 553
21 236 224 172 653
254 56 6 214 530
47 246 211 31 535
46 128 196 108 478
46 128 196 108 478
46 128 196 108 478
46 128 196 108 478
46 128 196 108 478
59 113 31 227 430
123 155 141 210 629
1 2 128 170 301
0 2 0 0 2
128 85 2 0 215
120 164 2 166 452
170 255 128 2 555
170 255 128 2 555
1 17 66 223 307
254 0 170 1 425
170 0 170 85 425
169 4 155 67 395
195 187 163 77 622
147 195 8 102 452
158 121 68 167 514
76 219 203 48 546
213 35 125 39 412
63 106 236 108 513
185 132 71 58 446
2 0 254 0 256
9 194 167 19 389
249 132 46 67 494
134 40 2 50 226
0 85 170 0 255
121 92 141 147 501
1 85 85 255 426
1 85 85 255 426
1 85 85 255 426
246 149 220 73 688
72 123 155 230 580
131 193 148 177 649
135 48 193 33 409
12 167 188 81 448
188 197 189 60 634
250 17 111 190 568
170 0 254 255 679
170 240 56 93 559
254 0 1 128 383
1 255 254 2 512
2 255 255 254 766
134 117 230 206 687
134 117 230 206 687
81 46 239 80 446
81 46 239 80 446
81 46 239 80 446
81 46 239 80 446
231 31 203 42 507
85 254 85 0 424
168 39 157 224 588
1 170 254 2 427
2 1 254 255 512
2 1 254 255 512
2 1 254 255 512
2 1 254 255 512
243 175 86 215 719
184 73 32 169 458
147 184 7 149 487
147 184 7 149 487
128 255 1 255 639
254 128 128 1 511
2 2 2 85 91
2 2 2 85 91
2 2 2 85 91
2 2 2 85 91
2 2 2 85 91
204 131 19 215 569
113 238 20 90 461
248 249 254 77 828
38 131 209 32 410
198 253 149 42 642
255 2 85 255 597
195 166 107 79 547
254 128 128 254 764
170 1 0 255 426
1 128 170 255 554
1 128 170 255 554
142 26 213 89 470
142 26 213 89 470
85 2 85 128 300
2 85 255 0 342
2 85 255 0 342
2 85 255 0 342
180 52 25 119 376
237 160 249 253 899
215 79 152 186 632
1 1 1 85 88
108 85 154 205 552
119 0 208 141 468
242 216 36 206 700
28 152 26 172 378
255 0 85 128 468
170 255 0 170 595
197 104 239 155 695
75 9 119 199 402
211 105 168 89 573
178 9 76 118 381
2 0 255 1 258
41 130 236 112 519
19 232 245 211 707
111 82 28 4 225
254 170 254 0 678
231 54 214 239 738
231 54 214 239 738
231 54 214 239 738
231 54 214 239 738
231 54 214 239 738
0 255 1 128 384
128 128 170 1 427
128 128 170 1 427
128 128 170 1 427
128 128 170 1 427
128 128 170 1 427
12 97 241 19 369
0 2 1 85 88
255 255 170 254 934
22 191 235 144 592
19 116 66 207 408
19 214 75 242 550
1 1 85 170 257
2 170 0 85 257
128 1 0 85 214
104 246 125 62 537
243 27 229 66 565
56 175 50 173 454
31 8 141 97 277
149 99 210 92 550
85 254 170 1 510
85 254 170 1 510
97 99 205 230 631
231 167 140 109 647
139 106 174 215 634
1 170 0 1 172
120 10 112 175 417
85 1 85 85 256
253 97 113 126 589
253 97 113 126 589
158 74 149 168 549
158 74 149 168 549
158 74 149 168 549
91 170 245 193 699
90 198 37 160 485
90 198 37 160 485
90 198 37 160 485
219 253 71 68 611
112 30 227 57 426
112 30 227 57 426
112 30 227 57 426
112 30 227 57 426
112 30 227 57 426
109 131 238 108 586
148 183 112 154 597
218 96 244 208 766
153 36 170 111 470
170 113 32 73 388
220 95 159 118 592
174 25 225 120 544
255 0 254 170 679
2 0 254 85 341
40 231 198 73 542
34 246 146 10 436
240 219 79 192 730
192 26 72 181 471
230 132 247 222 831
61 232 90 84 467
118 64 170 251 603
89 200 51 4 344
192 161 46 211 610
128 1 2 255 386
1 255 170 255 681
1 128 85 254 468
1 128 85 254 468
1 128 85 254 468
1 128 85 254 468
1 128 85 254 468
145 106 239 21 511
138 122 70 158 488
2 85 0 170 257
77 95 89 236 497
112 139 111 122 484
25 25 229 62 341
19 106 151 148 424
2 1 0 170 173
108 31 220 118 477
247 200 253 41 741
1 85 2 1 89
250 162 49 191 652
130 122 111 13 376
161 184 254 183 782
43 246 233 130 652
193 172 213 236 814
119 5 21 113 258
85 128 85 2 300
40 147 159 88 434
161 24 135 149 469
21 106 26 82 235
128 255 1 2 386
205 245 6 173 629
255 85 128 2 470
254 128 1 255 638
170 254 128 2 554
209 248 8 77 542
2 255 255 0 512
94 7 147 104 352
181 149 176 16 522
255 1 254 254 764
203 234 93 191 721
15 120 108 68 311
202 121 135 253 711
202 121 135 253 711
202 121 135 253 711
140 231 198 150 719
143 70 129 188 530
1 170 0 255 426
0 255 85 254 594
80 52 95 16 243
2 85 255 254 596
2 85 255 254 596
2 85 255 254 596
2 85 255 254 596
170 2 1 0 173
170 2 1 0 173
170 2 1 0 173
170 2 1 0 173
85 85 2 128 300
85 85 2 128 300
85 85 2 128 300
85 85 2 128 300
85 85 2 128 300
31 225 196 138 590
31 225 196 138 590
31 225 196 138 590
31 225 196 138 590
2 0 2 170 174
48 255 93 227 623
211 10 134 232 587
232 255 79 58 624
2 0 255 170 427
241 191 142 175 749
241 191 142 175 749
241 191 142 175 749
241 191 142 175 749
241 191 142 175 749
153 116 160 92 521
205 40 55 118 418
205 40 55 118 418
205 40 55 118 418
205 40 55 118 418
2 254 0 1 257
2 254 0 1 257
2 254 0 1 257
2 254 0 1 257
2 254 0 1 257
27 187 164 241 619
27 187 164 241 619
27 187 164 241 619
27 187 164 241 619
71 29 250 199 549
2 2 170 255 429
149 231 252 149 781
1 128 0 254 383
18 2 188 81 289
236 191 188 75 690
23 161 199 113 496
23 161 199 113 496
23 161 199 113 496
57 105 140 229 531
105 93 227 127 552
1 128 85 2 216
190 78 150 45 463
190 78 150 45 463
190 78 150 45 463
190 78 150 45 463
5 138 60 110 313
128 254 170 128 680
128 254 170 128 680
128 254 170 128 680
250 175 180 207 812
128 0 254 128 510
140 60 132 184 516
111 255 60 104 530
19 76 157 131 383
1 85 85 85 256
1 85 85 85 256
1 85 85 85 256
1 85 85 85 256
1 85 85 85 256
4 108 88 111 311
193 2 130 140 465
0 128 2 85 215
4 137 140 81 362
64 45 118 210 437
219 183 71 6 479
219 183 71 6 479
219 183 71 6 479
128 1 1 1 131
255 2 255 85 597
85 85 85 1 256
114 228 232 35 609
2 254 128 2 386
242 224 181 77 724
2 0 170 170 342
67 90 56 249 462
67 90 56 249 462
67 90 56 249 462
67 90 56 249 462
158 189 209 179 735
189 194 248 98 729
255 128 85 170 638
118 202 4 44 368
194 241 169 99 703
170 85 2 85 342
162 154 29 169 514
255 254 2 255 766
128 255 128 0 511
179 46 246 168 639
73 9 207 223 512
73 9 207 223 512
0 170 170 1 341
2 85 1 170 258
55 29 169 31 284
119 123 183 11 436
2 2 0 1 5
218 202 176 31 627
218 202 176 31 627
170 255 254 85 764
170 255 254 85 764
170 255 254 85 764
234 142 159 31 566
11 72 85 190 358
1 170 0 255 426
160 234 51 81 526
255 2 170 128 555
97 233 178 176 684
157 224 32 110 523
114 203 24 95 436
31 14 180 213 438
172 49 156 130 507
128 128 128 85 469
128 255 2 255 640
254 0 255 170 679
254 0 255 170 679
254 0 255 170 679
179 242 105 245 771
86 4 172 146 408
254 2 170 255 681
16 209 152 226 603
85 85 255 170 595
138 128 130 22 418
0 71 102 156 329
23 38 171 218 450
23 38 171 218 450
23 38 171 218 450
23 38 171 218 450
173 97 141 9 420
26 209 204 208 647
26 209 204 208 647
26 209 204 208 647
26 209 204 208 647
26 209 204 208 647
3 62 186 241 492
128 0 0 85 213
144 71 81 171 467
248 94 117 112 571
248 94 117 112 571
190 75 215 5 485
190 75 215 5 485
190 75 215 5 485
190 75 215 5 485
177 15 230 163 585
238 4 178 118 538
254 1 128 170 553
186 114 29 12 341
116 171 253 20 560
116 171 253 20 560
116 171 253 20 560
116 171 253 20 560
165 243 98 3 509
170 128 85 1 384
185 204 239 139 767
255 255 255 85 850
223 15 171 157 566
147 172 250 115 684
147 172 250 115 684
147 172 250 115 684
147 172 250 115 684
147 172 250 115 684
96 82 48 45 271
96 82 48 45 271
170 85 170 2 427
170 85 170 2 427
170 85 170 2 427
185 184 173 144 686
128 2 1 255 386
128 2 1 255 386
30 223 138 19 410
159 146 99 115 519
157 140 7 34 338
157 140 7 34 338
157 140 7 34 338
157 140 7 34 338
0 197 247 232 676
137 235 45 148 565
6 205 147 58 416
235 219 64 227 745
235 219 64 227 745
235 219 64 227 745
235 219 64 227 745
68 100 72 129 369
85 254 254 85 678
58 74 247 194 573
114 41 10 166 331
114 41 10 166 331
114 41 10 166 331
157 172 126 155 610
86 13 251 231 581
235 254 190 39 718
1 255 254 2 512
20 218 30 244 512
20 218 30 244 512
249 14 96 68 427
119 96 205 125 545
119 96 205 125 545
119 96 205 125 545
119 96 205 125 545
128 128 0 128 384
239 221 184 245 889
45 166 224 192 627
2 254 0 128 384
29 129 90 65 313
28 64 74 175 341
207 242 155 126 730
170 255 255 1 681
190 223 170 2 585
255 255 128 170 808
182 199 222 11 614
182 199 222 11 614
182 199 222 11 614
26 45 124 204 399
216 232 206 197 851
170 1 170 170 511
12 60 112 73 257
0 1 2 0 3
0 1 2 0 3
0 1 2 0 3
5 13 204 185 407
137 93 164 66 460
170 1 2 1 174
42 51 220 87 400
85 0 255 0 340
85 0 255 0 340
223 191 191 142 747
131 206 253 28 618
25 89 152 74 340
196 236 42 4 478
128 0 1 254 383
128 0 1 254 383
128 0 1 254 383
128 0 1 254 383
128 0 1 254 383
27 107 115 175 424
27 107 115 175 424
27 107 115 175 424
27 107 115 175 424
170 170 1 2 343
18 149 218 218 603
2 1 85 254 342
237 250 237 12 736
85 132 212 166 595
201 123 172 222 718
1 2 255 254 512
161 103 206 29 499
35 249 225 22 531
185 219 95 210 709
28 149 4 60 241
28 149 4 60 241
28 149 4 60 241
28 149 4 60 241
108 195 5 37 345
85 1 85 255 426
114 114 234 192 654
114 114 234 192 654
114 114 234 192 654
72 88 210 99 469
170 255 1 85 511
184 16 223 212 635
182 222 141 231 776
133 54 82 67 336
193 125 1 183 502
50 138 12 250 450
94 79 86 90 349
94 79 86 90 349
94 79 86 90 349
73 91 4 194 362
4 115 60 130 309
220 172 129 119 640
56 160 147 232 595
99 214 106 100 519
99 214 106 100 519
99 214 106 100 519
99 214 106 100 519
99 214 106 100 519
100 249 110 98 557
162 91 99 185 537
243 225 149 177 794
255 255 0 128 638
255 255 0 128 638
255 255 0 128 638
255 255 0 128 638
215 175 186 23 599
202 98 94 240 634
234 35 233 50 552
130 164 71 193 558
250 179 122 126 677
170 129 211 11 521
139 37 136 65 377
49 162 105 64 380
128 0 170 128 426
198 238 211 172 819
255 85 170 128 638
19 120 8 10 157
164 59 207 159 589
250 205 67 197 719
228 122 244 74 668
199 251 109 36 595
199 251 109 36 595
199 251 109 36 595
199 251 109 36 595
44 229 78 136 487
34 157 153 182 526
222 188 206 124 740
254 1 170 1 426
137 217 201 145 700
187 108 16 24 335
162 223 189 70 644
118 91 31 68 308
85 170 2 254 511
1 85 2 1 89
3 219 173 55 450
146 64 113 217 540
85 2 170 2 259
163 240 238 108 749
188 8 206 58 460
57 142 212 134 545
19 241 76 62 398
232 106 128 5 471
232 106 128 5 471
232 106 128 5 471
232 106 128 5 471
232 106 128 5 471
129 54 70 188 441
76 47 172 64 359
85 0 254 170 509
2 254 1 128 385
0 1 1 1 3
0 2 254 128 384
45 146 47 52 290
1 128 128 0 257
155 254 214 99 722
117 103 192 249 661
255 0 170 2 427
125 102 239 83 549
171 236 113 186 706
183 71 170 223 647
254 128 170 170 722
29 138 242 147 556
168 189 147 74 578
49 102 205 220 576
195 84 121 34 434
136 85 226 200 647
136 85 226 200 647
136 85 226 200 647
136 85 226 200 647
237 60 218 121 636
249 157 19 183 608
70 124 86 153 433
122 21 60 130 333
237 15 98 24 374
237 15 98 24 374
255 255 1 0 511
0 1 1 1 3
229 212 196 219 856
228 101 30 152 511
23 27 225 60 335
39 79 22 214 354
85 0 128 85 298
127 65 32 190 414
233 125 49 101 508
233 125 49 101 508
233 125 49 101 508
233 125 49 101 508
158 185 136 80 559
158 185 136 80 559
158 185 136 80 559
158 185 136 80 559
1 13 166 154 334
191 3 236 157 587
191 3 236 157 587
191 3 236 157 587
20 225 228 197 670
104 224 87 52 467
104 224 87 52 467
104 224 87 52 467
104 224 87 52 467
128 128 170 254 680
1 1 170 170 342
128 1 1 85 215
252 11 245 213 721
96 182 240 27 545
67 206 13 14 300
85 254 254 170 763
114 142 201 7 464
114 142 201 7 464
114 142 201 7 464
114 142 201 7 464
114 142 201 7 464
64 80 176 194 514
40 111 145 88 384
214 8 245 117 584
68 198 70 134 470
1 128 128 1 258
170 2 1 0 173
170 2 1 0 173
170 2 1 0 173
170 2 1 0 173
170 2 1 0 173
41 99 29 153 322
127 13 39 138 317
93 152 73 45 363
151 202 231 249 833
151 202 231 249 833
80 206 248 144 678
85 254 255 255 849
99 222 10 107 438
99 222 10 107 438
99 222 10 107 438
99 222 10 107 438
2 170 0 2 174
0 128 85 0 213
0 128 85 0 213
37 119 127 29 312
37 119 127 29 312
37 119 127 29 312
37 119 127 29 312
37 119 127 29 312
21 215 150 228 614
2 170 85 2 259
174 35 56 250 515
1 255 254 170 680
1 255 254 170 680
1 255 254 170 680
1 255 254 170 680
128 1 255 2 386
247 13 159 161 580
48 223 113 167 551
223 185 134 129 671
248 196 194 173 811
1 1 2 1 5
73 169 98 226 566
133 136 248 48 565
137 146 70 115 468
97 78 66 131 372
167 154 199 51 571
199 209 70 237 715
179 143 215 241 778
126 112 58 114 410
126 112 58 114 410
126 112 58 114 410
58 81 193 62 394
74 123 36 215 448
93 168 74 75 410
255 1 1 2 259
135 49 133 222 539
2 170 255 2 429
160 207 213 203 783
170 255 170 2 597
234 13 41 178 466
70 213 80 238 601
97 45 44 46 232
40 4 117 223 384
2 2 170 2 176
207 127 214 247 795
46 95 115 17 273
230 152 242 213 837
151 5 182 152 490
151 5 182 152 490
151 5 182 152 490
151 5 182 152 490
255 85 1 128 469
69 101 153 176 499
38 68 249 84 439
136 16 164 47 363
46 194 183 198 621
221 43 166 83 513
45 35 176 93 349
255 254 128 128 765
73 72 251 29 425
170 170 170 255 765
170 170 170 255 765
170 170 170 255 765
61 219 22 209 511
130 229 97 130 586
251 141 195 95 682
44 93 92 133 362
163 14 0 177 354
161 177 12 18 368
255 254 1 1 511
255 254 1 1 511
255 254 1 1 511
85 0 2 0 87
11 106 172 227 516
85 2 1 255 343
230 192 110 69 601
29 92 11 242 374
219 39 149 65 472
17 200 200 20 437
2 254 2 128 386
2 254 2 128 386
2 254 2 128 386
81 254 183 14 532
170 170 170 2 512
15 40 88 168 311
170 168 167 68 573
170 168 167 68 573
170 168 167 68 573
170 168 167 68 573
70 253 208 40 571
2 85 1 254 342
239 150 50 126 565
239 150 50 126 565
90 242 204 73 609
174 98 76 214 562
2 1 85 128 216
82 17 1 177 277
186 211 239 15 651
217 194 234 168 813
34 64 85 168 351
142 197 166 24 529
142 197 166 24 529
142 197 166 24 529
142 197 166 24 529
142 197 166 24 529
155 23 107 40 325
170 254 2 0 426
175 118 68 179 540
170 0 128 0 298
2 170 170 254 596
2 170 170 254 596
29 81 10 156 276
178 227 186 103 694
178 227 186 103 694
170 0 255 0 425
170 0 255 0 425
170 0 255 0 425
170 0 255 0 425
80 101 88 84 353
72 231 126 113 542
178 226 59 183 646
255 170 1 1 427
0 1 255 170 426
1 1 128 128 258
128 128 254 1 511
243 158 101 28 530
128 2 255 1 386
167 65 203 211 646
28 243 240 187 698
199 148 205 253 805
92 195 20 44 351
101 220 242 214 777
85 170 128 0 383
85 170 128 0 383
85 170 128 0 383
85 170 128 0 383
0 185 172 56 413
170 2 128 128 428
5 101 64 2 172
1 85 128 85 299
110 95 247 99 551
254 170 0 255 679
250 245 135 103 733
255 255 0 0 510
255 255 0 0 510
96 178 216 138 628
86 10 135 209 440
206 223 16 2 447
206 223 16 2 447
206 223 16 2 447
153 199 3 2 357
2 239 13 251 505
97 54 201 92 444
39 185 192 8 424
53 80 28 0 161
2 1 170 170 343
1 128 85 0 214
199 57 30 156 442
104 69 242 163 578
104 69 242 163 578
104 69 242 163 578
104 69 242 163 578
170 85 170 254 679
168 92 244 9 513
30 202 121 37 390
30 202 121 37 390
0 254 0 254 508
0 254 0 254 508
0 254 0 254 508
0 254 0 254 508
156 68 13 175 412
255 2 255 255 767
61 40 57 147 305
61 40 57 147 305
46 188 110 254 598
22 216 89 7 334
170 154 232 128 684
249 251 57 42 599
134 242 157 17 550
134 242 157 17 550
12 18 194 180 404
12 18 194 180 404
12 18 194 180 404
241 90 125 144 600
22 213 61 113 409
239 229 112 19 599
170 0 254 85 509
186 54 161 208 609
22 10 74 15 121
199 218 231 85 733
136 153 95 230 614
136 153 95 230 614
136 153 95 230 614
136 153 95 230 614
136 153 95 230 614
254 2 255 255 766
45 28 235 120 428
1 255 170 0 426
170 2 85 1 258
255 2 254 170 681
109 28 118 93 348
109 28 118 93 348
109 28 118 93 348
173 11 184 69 437
81 255 148 207 691
172 104 86 7 369
134 193 250 226 803
1 85 170 255 511
234 72 248 242 796
234 72 248 242 796
234 72 248 242 796
234 72 248 242 796
234 72 248 242 796
1 128 254 170 553
1 128 254 170 553
1 128 254 170 553
22 101 123 74 320
236 149 197 220 802
254 0 254 85 593
254 0 254 85 593
254 0 254 85 593
254 0 254 85 593
254 0 254 85 593
230 30 240 18 518
230 30 240 18 518
230 30 240 18 518
230 30 240 18 518
230 30 240 18 518
147 56 103 163 469
147 56 103 163 469
147 56 103 163 469
67 75 193 28 363
170 1 170 128 469
128 85 128 85 426
69 246 198 79 592
169 33 239 63 504
165 107 204 176 652
252 125 115 152 644
64 129 153 246 592
168 167 239 192 766
220 24 64 1 309
124 47 45 112 328
52 80 97 246 475
179 23 255 104 561
115 97 90 49 351
2 85 254 85 426
158 214 207 85 664
210 64 239 246 759
2 1 170 128 301
20 99 152 27 298
134 79 91 51 355
134 79 91 51 355
134 79 91 51 355
134 79 91 51 355
76 43 186 103 408
2 166 108 169 445
66 82 52 175 375
190 16 225 118 549
190 16 225 118 549
85 254 1 128 468
137 255 182 54 628
116 173 175 207 671
116 173 175 207 671
116 173 175 207 671
116 173 175 207 671
50 78 179 163 470
123 4 240 196 563
2 2 128 170 302
156 81 111 200 548
128 254 255 2 639
170 255 0 85 510
85 254 1 254 594
47 114 254 27 442
85 2 85 254 426
85 2 85 254 426
85 2 85 254 426
85 2 85 254 426
85 2 85 254 426
170 130 201 204 705
46 70 33 211 360
46 70 33 211 360
46 70 33 211 360
46 70 33 211 360
46 70 33 211 360
41 185 30 163 419
118 81 64 61 324
118 81 64 61 324
236 71 123 96 526
46 170 193 197 606
165 15 141 117 438
230 224 25 62 541
160 86 52 128 426
160 86 52 128 426
29 245 72 152 498
170 254 0 254 678
128 254 255 128 765
85 254 255 1 595
114 245 48 10 417
139 173 198 126 636
199 176 107 89 571
187 180 54 112 533
66 203 6 243 518
248 28 79 22 377
254 1 254 1 510
255 254 2 254 765
132 147 8 245 532
132 147 8 245 532
132 147 8 245 532
132 147 8 245 532
132 147 8 245 532
2 170 2 85 259
180 251 201 160 792
169 183 18 9 379
70 79 154 59 362
33 168 95 10 306
170 2 170 254 596
235 122 69 70 496
22 83 206 65 376
66 43 39 211 359
66 43 39 211 359
66 43 39 211 359
93 61 90 10 254
1 2 1 254 258
1 2 1 254 258
1 2 1 254 258
1 1 0 255 257
61 97 98 82 338
110 230 48 115 503
239 218 188 43 688
85 1 255 254 595
158 199 108 223 688
170 128 85 0 383
170 128 85 0 383
170 128 85 0 383
170 128 85 0 383
170 128 85 0 383
138 60 92 72 362
101 113 83 140 437
205 78 44 49 376
40 43 180 134 397
40 43 180 134 397
40 43 180 134 397
108 194 144 56 502
47 112 248 69 476
254 1 2 0 257
235 29 92 52 408
254 128 2 1 385
128 255 254 254 891
165 218 76 168 627
14 183 68 233 498
14 183 68 233 498
14 183 68 233 498
14 183 68 233 498
67 150 73 234 524
0 170 255 2 427
0 128 1 255 384
57 32 65 216 370
1 255 170 170 596
232 61 96 159 548
141 34 240 123 538
141 34 240 123 538
141 34 240 123 538
141 34 240 123 538
141 34 240 123 538
170 255 0 255 680
0 2 128 128 258
0 2 128 128 258
194 90 205 218 707
49 238 252 95 634
85 0 254 170 509
85 0 254 170 509
85 0 254 170 509
85 0 254 170 509
85 0 254 170 509
168 103 14 180 465
128 127 26 62 343
165 224 107 122 618
182 124 171 148 625
49 189 243 23 504
151 225 1 90 467
85 1 170 255 511
128 0 254 0 382
254 170 85 85 594
45 203 183 198 629
0 1 128 85 214
85 128 1 255 469
0 0 0 128 128
128 128 128 255 639
1 170 255 0 426
75 75 162 243 555
168 166 197 205 736
53 134 218 145 550
140 114 250 100 604
193 109 126 113 541
16 11 93 199 319
237 216 104 114 671
103 239 33 92 467
254 128 254 85 721
128 85 85 85 383
18 248 35 141 442
170 22 73 120 385
170 22 73 120 385
170 22 73 120 385
170 22 73 120 385
170 22 73 120 385
128 254 1 2 385
7 144 139 223 513
0 2 2 85 89
255 2 128 128 513
225 179 138 161 703
38 229 81 167 515
153 139 50 196 538
45 125 63 10 243
234 176 105 114 629
24 196 230 199 649
43 130 129 125 427
100 1 143 187 431
18 41 137 78 274
149 149 98 32 428
149 149 98 32 428
149 149 98 32 428
149 149 98 32 428
58 79 103 178 418
128 85 1 170 384
255 254 170 1 680
105 235 34 134 508
185 122 38 67 412
135 169 128 248 680
135 169 128 248 680
177 190 189 226 782
177 190 189 226 782
177 190 189 226 782
255 255 128 0 638
189 140 202 45 576
102 195 58 30 385
214 40 170 222 646
223 186 218 95 722
240 237 153 1 631
170 1 2 2 175
73 140 147 41 401
58 96 49 253 456
168 161 229 121 679
206 201 178 233 818
168 203 208 214 793
213 195 158 58 624
213 195 158 58 624
170 224 177 238 809
57 231 71 91 450
170 2 128 128 428
250 111 211 67 639
212 187 235 234 868
214 107 35 107 463
2 255 2 254 513
41 163 194 81 479
21 212 229 167 629
254 0 128 0 382
132 161 249 72 614
85 2 1 254 342
58 93 110 207 468
58 93 110 207 468
58 93 110 207 468
58 93 110 207 468
231 127 29 91 478
22 168 21 188 399
184 57 248 230 719
1 85 254 255 595
243 111 159 151 664
13 220 27 157 417
2 214 96 242 554
73 149 5 239 466
11 220 75 140 446
228 42 134 175 579
146 148 9 231 534
82 106 96 34 318
12 2 145 49 208
190 134 91 39 454
63 14 49 167 293
56 154 40 253 503
224 169 67 39 499
254 128 170 2 554
247 145 242 28 662
0 170 255 170 595
0 170 255 170 595
0 170 255 170 595
85 85 255 128 553
254 212 250 154 870
195 219 248 92 754
75 56 202 158 491
240 82 176 195 693
156 208 39 40 443
156 208 39 40 443
156 208 39 40 443
141 115 3 136 395
142 195 9 189 535
48 202 206 51 507
48 202 206 51 507
48 202 206 51 507
48 202 206 51 507
159 59 39 128 385
226 204 145 116 691
156 143 72 222 593
156 143 72 222 593
156 143 72 222 593
156 143 72 222 593
156 143 72 222 593
254 128 2 0 384
52 38 189 203 482
1 85 170 2 258
1 85 170 2 258
1 85 170 2 258
124 47 59 221 451
9 92 93 171 365
140 162 107 91 500
0 0 254 254 508
170 85 2 85 342
102 214 102 171 589
74 98 200 164 536
107 16 36 83 242
255 1 0 254 510
142 251 149 39 581
255 0 1 128 384
76 141 99 151 467
254 128 254 2 638
238 221 138 94 691
32 175 173 156 536
128 2 128 255 513
195 205 150 179 729
121 147 78 174 520
121 147 78 174 520
121 147 78 174 520
121 147 78 174 520
86 187 89 238 600
0 255 0 1 256
67 10 180 64 321
219 84 61 158 522
85 85 170 1 341
168 73 71 108 420
168 73 71 108 420
168 73 71 108 420
168 73 71 108 420
168 73 71 108 420
78 72 176 44 370
2 2 254 128 386
95 32 95 231 453
95 32 95 231 453
95 32 95 231 453
95 32 95 231 453
95 32 95 231 453
170 170 128 2 470
170 170 128 2 470
250 203 230 177 860
234 235 102 34 605
126 164 204 242 736
254 2 128 85 469
254 1 255 85 595
87 239 130 169 625
150 165 252 9 576
150 165 252 9 576
9 77 115 116 317
202 97 96 19 414
73 67 224 160 524
97 165 207 120 589
1 255 128 1 385
38 194 215 52 499
95 197 210 251 753
128 2 2 255 387
177 213 215 226 831
255 255 85 0 595
44 62 136 20 262
128 254 85 128 595
252 176 175 233 836
181 57 114 191 543
153 170 121 10 454
0 1 85 128 214
41 75 28 109 253
72 86 123 126 407
2 255 85 170 512
106 56 11 29 202
106 56 11 29 202
106 56 11 29 202
106 56 11 29 202
188 133 215 240 776
152 176 140 213 681
131 9 47 204 391
131 9 47 204 391
131 9 47 204 391
131 9 47 204 391
197 54 218 235 704
183 21 180 149 533
80 110 190 149 529
154 160 33 166 513
2 1 2 1 6
0 199 220 49 468
0 199 220 49 468
0 199 220 49 468
255 128 0 2 385
93 85 248 46 472
140 208 229 202 779
77 146 37 170 430
50 124 168 56 398
127 246 95 8 476
127 246 95 8 476
127 246 95 8 476
97 125 143 98 463
60 103 111 86 360
60 103 111 86 360
60 103 111 86 360
60 103 111 86 360
11 205 165 85 466
141 235 139 189 704
2 255 0 2 259
161 175 81 48 465
128 255 2 1 386
194 42 78 140 454
85 2 170 254 511
88 138 11 122 359
198 106 93 222 619
122 169 57 149 497
115 45 137 120 417
115 45 137 120 417
115 45 137 120 417
115 45 137 120 417
170 2 128 1 301
2 128 85 0 215
156 155 151 115 577
233 199 184 198 814
85 254 1 254 594
85 2 85 128 300
174 114 190 237 715
178 178 115 53 524
0 255 2 255 512
212 46 151 115 524
255 255 2 85 597
92 7 107 27 233
233 48 31 203 515
255 255 2 255 767
32 21 85 105 243
32 21 85 105 243
153 102 99 183 537
160 153 194 134 641
128 254 2 85 469
128 254 2 85 469
128 254 2 255 639
172 33 226 178 609
112 194 179 91 576
41 173 141 2 357
12 183 124 126 445
58 102 225 194 579
128 2 1 1 132
128 2 1 1 132
128 2 1 1 132
111 123 70 95 399
0 85 0 2 87
171 85 181 116 553
254 255 2 1 512
216 13 73 77 379
216 13 73 77 379
216 13 73 77 379
216 13 73 77 379
154 79 76 101 410
34 193 41 21 289
170 2 85 0 257
2 170 2 0 174
239 80 118 226 663
148 131 82 117 478
221 88 243 184 736
164 205 2 78 449
159 236 138 253 786
85 0 170 254 509
85 0 170 254 509
245 210 12 25 492
128 128 170 2 428
170 170 0 2 342
176 167 79 138 560
12 95 188 33 328
12 95 188 33 328
12 95 188 33 328
236 133 179 229 777
1 0 255 2 258
170 254 254 254 932
148 219 142 197 706
153 43 11 16 223
255 170 254 1 680
128 0 0 255 383
128 0 0 255 383
128 0 0 255 383
19 202 50 27 298
254 170 254 128 806
254 170 254 128 806
254 170 254 128 806
232 12 67 125 436
232 12 67 125 436
33 239 230 239 741
226 176 200 147 749
157 126 113 238 634
99 153 155 182 589
50 140 48 7 245
219 251 151 46 667
219 251 151 46 667
219 251 151 46 667
219 251 151 46 667
0 2 85 1 88
205 197 32 34 468
0 170 0 1 171
130 73 165 134 502
255 1 85 85 426
74 13 175 70 332
1 1 0 1 3
254 128 128 0 510
15 90 9 65 179
31 184 21 201 437
101 0 4 63 168
36 32 58 129 255
255 2 0 2 259
197 180 112 41 530
0 0 0 255 255
0 0 0 255 255
58 37 229 224 548
114 10 1 198 323
83 118 178 238 617
0 254 254 0 508
229 117 104 82 532
206 244 159 169 778
202 103 244 248 797
202 103 244 248 797
202 103 244 248 797
202 103 244 248 797
202 103 244 248 797
0 254 1 254 509
148 217 133 230 728
144 239 93 228 704
128 170 85 254 637
131 84 137 180 532
207 89 137 86 519
207 89 137 86 519
207 89 137 86 519
123 96 83 73 375
238 151 105 74 568
36 73 226 92 427
219 97 126 114 556
4 17 248 251 520
255 254 85 254 848
132 250 215 128 725
144 182 116 42 484
170 128 254 255 807
204 38 227 224 693
61 94 110 197 462
187 199 190 157 733
187 199 190 157 733
187 199 190 157 733
255 85 85 128 553
136 37 23 103 299
1 255 1 1 258
46 131 28 209 414
46 131 28 209 414
46 131 28 209 414
46 131 28 209 414
85 170 170 170 595
210 33 142 163 548
34 88 6 229 357
128 170 255 2 555
29 95 236 47 407
85 128 170 85 468
224 12 196 56 488
248 38 100 144 530
194 247 147 110 698
1 0 254 254 509
213 66 30 181 490
213 66 30 181 490
213 66 30 181 490
213 66 30 181 490
86 117 111 11 325
0 128 0 85 213
227 27 119 231 604
128 13 127 230 498
42 89 190 166 487
253 21 4 140 418
0 170 2 255 427
0 170 2 255 427
0 170 2 255 427
128 0 255 170 553
231 241 187 186 845
16 227 177 27 447
85 213 72 7 377
71 66 112 37 286
125 70 223 106 524
170 170 2 1 343
116 18 22 52 208
5 243 78 205 531
85 104 245 134 568
226 6 139 30 401
128 120 146 74 468
175 16 226 47 464
175 16 226 47 464
175 16 226 47 464
175 16 226 47 464
175 16 226 47 464
68 79 121 102 370
30 217 205 85 537
53 116 161 68 398
53 116 161 68 398
53 116 161 68 398
53 116 161 68 398
191 172 234 129 726
191 172 234 129 726
191 172 234 129 726
40 252 202 181 675
85 85 255 0 425
58 196 83 31 368
58 196 83 31 368
58 196 83 31 368
70 116 87 102 375
0 170 85 1 256
215 121 2 174 512
215 121 2 174 512
215 121 2 174 512
215 121 2 174 512
215 121 2 174 512
0 85 2 2 89
255 116 68 176 615
0 254 170 255 679
168 55 109 56 388
53 217 153 114 537
89 10 164 244 507
0 170 128 85 383
254 255 1 85 595
219 86 49 138 492
219 86 49 138 492
219 86 49 138 492
219 86 49 138 492
67 100 119 170 456
91 113 172 19 395
69 102 221 174 566
168 171 36 153 528
2 170 170 85 427
155 207 106 205 673
155 207 106 205 673
128 170 254 128 680
255 1 254 2 512
255 85 128 85 553
1 132 161 39 333
160 217 158 193 728
255 85 85 170 595
94 224 30 127 475
166 16 157 39 378
232 248 190 241 911
99 180 150 147 576
222 245 64 121 652
49 115 190 16 370
25 82 107 189 403
0 0 85 1 86
0 0 85 1 86
170 255 128 2 555
170 255 128 2 555
170 255 128 2 555
66 184 238 148 636
221 229 50 237 737
254 0 128 0 382
170 254 1 2 427
66 161 253 162 642
14 200 76 173 463
14 200 76 173 463
14 200 76 173 463
14 200 76 173 463
14 200 76 173 463
128 85 254 128 595
249 203 25 146 623
2 128 85 255 470
218 78 19 134 449
222 154 93 220 689
102 124 14 150 390
102 124 14 150 390
67 108 37 250 462
89 57 23 151 320
170 1 85 254 510
98 175 188 91 552
85 85 255 1 426
174 56 31 37 298
43 192 182 157 574
239 38 21 190 488
118 249 108 55 530
235 184 131 27 577
111 237 41 192 581
149 101 247 181 678
254 1 255 0 510
85 254 255 254 848
1 170 2 85 258
45 243 144 103 535
51 249 212 41 553
51 249 212 41 553
51 249 212 41 553
51 249 212 41 553
51 249 212 41 553
1 1 0 1 3
1 1 0 1 3
1 1 0 1 3
1 1 0 1 3
1 1 0 1 3
1 254 2 0 257
128 2 128 170 428
254 2 0 255 511
109 59 0 151 319
85 1 1 255 342
2 254 2 1 259
86 88 222 27 423
0 0 85 2 87
77 243 120 31 471
128 128 2 254 512
169 98 127 49 443
232 184 234 97 747
232 184 234 97 747
196 124 82 156 558
36 253 9 5 303
230 241 253 168 892
2 85 1 2 90
4 167 27 149 347
184 15 46 10 255
139 132 10 146 427
163 141 52 242 598
212 91 6 117 426
0 128 1 0 129
166 246 241 204 857
2 0 85 1 88
32 119 123 93 367
32 119 123 93 367
32 119 123 93 367
32 119 123 93 367
254 128 255 2 639
2 255 128 2 387
2 128 1 0 131
85 128 85 85 383
85 128 85 85 383
85 128 85 85 383
85 128 85 85 383
85 1 128 170 384
85 1 128 170 384
193 106 245 83 627
198 135 50 91 474
255 2 254 1 512
109 120 173 193 595
109 120 173 193 595
109 120 173 193 595
170 0 170 0 340
170 0 170 0 340
170 0 170 0 340
170 0 170 0 340
170 0 170 0 340
0 85 0 1 86
85 128 1 128 342
85 128 1 128 342
85 128 1 128 342
165 123 14 111 413
192 244 217 95 748
118 195 158 152 623
255 254 128 0 637
175 53 118 36 382
254 170 254 128 806
159 74 124 217 574
14 168 63 213 458
128 255 2 255 640
187 75 124 239 625
187 75 124 239 625
187 75 124 239 625
51 68 150 39 308
245 59 11 249 564
185 142 172 105 604
185 142 172 105 604
185 142 172 105 604
205 145 86 54 490
2 0 2 1 5
247 77 122 105 551
170 85 170 85 510
169 145 169 208 691
30 163 153 198 544
170 255 2 128 555
24 60 88 142 314
147 207 238 86 678
122 184 211 21 538
93 97 39 68 297
2 85 85 1 173
78 132 31 237 478
2 85 1 1 89
105 185 15 109 414
127 247 153 92 619
240 115 164 255 774
197 225 164 142 728
182 107 211 149 649
2 170 255 170 597
2 128 255 170 555
2 128 255 170 555
2 128 255 170 555
2 128 255 170 555
179 73 254 98 604
0 170 254 254 678
170 170 255 1 596
129 98 170 161 558
85 255 170 255 765
186 9 124 56 375
128 1 85 254 468
128 1 85 254 468
33 221 96 182 532
33 221 96 182 532
4 240 24 135 403
111 226 178 186 701
170 0 2 85 257
170 254 0 170 594
96 76 221 146 539
1 255 0 128 384
1 255 0 128 384
1 255 0 128 384
150 81 9 103 343
150 81 9 103 343
150 81 9 103 343
150 81 9 103 343
150 81 9 103 343
0 85 255 2 342
170 2 1 1 174
241 98 148 225 712
103 10 204 53 370
146 204 207 35 592
112 173 107 197 589
152 209 221 29 611
77 194 111 224 606
234 16 88 194 532
28 188 81 129 426
17 154 204 43 418
17 154 204 43 418
17 154 204 43 418
17 154 204 43 418
17 154 204 43 418
127 70 135 202 534
197 173 8 156 534
61 24 174 162 421
254 2 170 0 426
254 129 9 9 401
128 0 128 255 511
113 69 132 247 561
2 2 1 0 5
136 210 108 85 539
108 7 72 194 381
129 226 79 104 538
170 255 0 254 679
128 2 170 128 428
0 84 11 250 345
202 186 245 114 747
32 159 224 207 622
201 91 93 145 530
72 144 181 149 546
119 76 82 154 431
213 17 226 145 601
213 17 226 145 601
237 163 171 204 775
237 163 171 204 775
170 85 170 128 553
170 85 170 128 553
170 85 170 128 553
170 85 170 128 553
170 85 170 128 553
2 2 170 255 429
1 53 197 80 331
47 179 82 38 346
47 179 82 38 346
47 179 82 38 346
47 179 82 38 346
47 179 82 38 346
254 2 0 255 511
45 151 43 92 331
233 253 127 199 812
220 147 212 46 625
1 1 254 170 426
113 150 188 233 684
136 216 142 112 606
205 141 32 112 490
254 0 254 2 510
254 0 254 2 510
254 0 254 2 510
254 0 254 2 510
220 116 190 171 697
220 116 190 171 697
220 116 190 171 697
98 45 149 3 295
116 180 25 221 542
116 180 25 221 542
85 85 170 1 341
255 255 254 1 765
170 128 170 170 638
128 255 2 85 470
85 128 170 128 511
21 65 155 219 460
3 232 125 15 375
142 133 225 132 632
142 133 225 132 632
142 133 225 132 632
23 0 158 106 287
254 2 128 0 384
77 66 71 153 367
197 210 141 218 766
2 255 85 0 342
170 128 2 2 302
254 255 170 2 681
170 2 2 1 175
73 158 149 70 450
2 254 170 85 511
2 254 170 85 511
2 254 170 85 511
2 254 170 85 511
2 254 170 85 511
113 3 162 181 459
0 254 254 1 509
221 249 131 68 669
85 109 189 48 431
129 159 153 255 696
85 128 255 128 596
128 170 254 1 553
179 162 134 134 609
2 0 85 85 172
0 0 1 254 255
131 243 112 239 725
19 73 192 162 446
17 112 53 101 283
2 2 0 254 258
4 1 72 135 212
133 178 46 114 471
165 209 19 210 603
136 21 238 229 624
136 21 238 229 624
136 21 238 229 624
70 57 195 233 555
24 42 168 166 400
255 1 128 2 386
170 0 85 255 510
1 255 254 2 512
103 0 202 190 495
31 10 205 217 463
222 122 102 212 658
51 50 109 9 219
148 154 239 71 612
85 254 254 170 763
37 148 94 14 293
2 254 170 128 554
133 200 163 242 738
165 131 36 111 443
128 0 254 170 552
85 254 0 85 424
21 181 150 89 441
108 57 66 180 411
93 223 168 210 694
128 128 254 2 512
170 128 170 255 723
170 128 170 255 723
170 128 170 255 723
170 128 170 255 723
170 128 170 255 723
62 21 241 101 425
177 249 252 174 852
32 0 23 73 128
231 100 236 241 808
231 100 236 241 808
231 100 236 241 808
231 100 236 241 808
231 100 236 241 808
82 152 117 149 500
52 126 170 154 502
21 40 220 54 335
2 85 170 254 511
128 2 2 85 217
255 254 254 2 765
255 254 254 2 765
255 254 254 2 765
255 254 254 2 765
255 254 254 2 765
40 56 236 168 500
89 72 49 52 262
196 102 206 99 603
17 64 5 213 299
225 55 140 197 617
243 120 143 28 534
85 85 255 170 595
255 255 170 170 850
247 43 38 43 371
254 173 77 244 748
204 90 225 55 574
85 2 254 0 341
115 209 128 161 613
221 59 230 118 628
221 59 230 118 628
221 59 230 118 628
221 59 230 118 628
221 59 230 118 628
1 255 254 170 680
1 255 254 170 680
1 255 254 170 680
1 255 254 170 680
1 255 254 170 680
135 107 161 196 599
76 163 54 76 369
31 207 80 247 565
152 219 89 238 698
24 252 244 91 611
67 79 33 127 306
67 79 33 127 306
67 79 33 127 306
67 79 33 127 306
67 79 33 127 306
85 128 128 2 343
85 128 128 2 343
85 128 128 2 343
85 128 128 2 343
176 202 127 166 671
255 170 128 170 723
83 121 96 48 348
255 85 0 255 595
0 170 2 254 426
88 180 250 50 568
113 185 217 42 557
131 107 142 67 447
255 0 2 0 257
114 140 122 139 515
116 22 113 33 284
255 85 0 170 510
245 193 212 204 854
44 119 174 167 504
1 0 255 85 341
203 22 134 176 535
203 22 134 176 535
254 85 2 255 596
254 85 2 255 596
254 85 2 255 596
6 58 111 12 187
43 153 108 250 554
43 153 108 250 554
2 255 255 128 640
121 98 110 182 511
0 0 2 128 130
20 70 188 98 376
2 0 255 255 512
170 0 128 85 383
190 219 240 100 749
186 224 166 79 655
186 224 166 79 655
186 224 166 79 655
85 85 0 85 255
128 255 254 128 765
194 142 234 28 598
128 1 254 128 511
85 255 85 128 553
2 1 0 170 173
2 0 2 85 89
2 0 2 85 89
142 114 184 132 572
146 7 216 109 478
146 7 216 109 478
79 82 161 207 529
195 190 137 69 591
195 190 137 69 591
195 190 137 69 591
195 190 137 69 591
195 190 137 69 591
34 233 175 99 541
251 52 100 105 508
251 52 100 105 508
251 52 100 105 508
145 10 56 183 394
166 239 39 80 524
170 2 1 85 258
2 2 1 254 259
128 255 170 170 723
142 217 101 25 485
216 185 104 72 577
238 94 144 91 567
223 237 106 99 665
223 237 106 99 665
22 113 135 6 276
54 13 33 96 196
254 0 170 170 594
254 0 170 170 594
254 0 170 170 594
2 170 2 254 428
167 154 174 62 557
167 154 174 62 557
167 154 174 62 557
224 59 179 97 559
229 214 215 75 733
93 201 225 208 727
93 201 225 208 727
93 201 225 208 727
93 201 225 208 727
93 201 225 208 727
1 170 255 2 428
103 178 153 17 451
254 170 1 85 510
2 128 254 2 386
132 186 127 123 568
132 186 127 123 568
132 186 127 123 568
132 186 127 123 568
85 85 1 1 172
1 255 0 128 384
1 255 0 128 384
1 255 0 128 384
1 255 0 128 384
114 5 0 229 348
1 1 254 170 426
227 201 177 169 774
169 94 248 199 710
94 106 55 24 279
49 92 108 173 422
170 0 128 2 300
170 0 128 2 300
170 0 128 2 300
170 0 128 2 300
98 168 99 142 507
213 68 7 16 304
1 255 128 1 385
100 61 9 35 205
100 61 9 35 205
100 61 9 35 205
85 170 254 254 763
241 5 107 235 588
6 94 89 126 315
54 203 21 47 325
168 156 105 98 527
128 128 128 254 638
182 40 239 249 710
1 254 85 254 594
236 183 115 102 636
58 223 154 88 523
79 230 224 137 670
56 40 149 149 394
218 28 106 218 570
218 28 106 218 570
218 84 132 22 456
177 230 81 75 563
177 230 81 75 563
177 230 81 75 563
177 230 81 75 563
177 230 81 75 563
99 32 241 145 517
74 128 195 92 489
20 212 85 167 484
161 9 233 216 619
128 2 2 85 217
35 249 30 158 472
89 127 153 71 440
85 0 170 254 509
170 0 170 1 341
128 218 89 36 471
0 170 1 85 256
230 45 167 128 570
230 45 167 128 570
196 254 154 18 622
130 81 155 245 611
2 170 170 254 596
2 170 170 254 596
2 170 170 254 596
2 170 170 254 596
49 163 121 225 558
98 41 160 60 359
170 85 254 170 679
144 86 247 173 650
134 28 39 24 225
126 182 157 143 608
81 241 206 33 561
137 199 112 105 553
255 1 170 255 681
158 0 28 225 411
243 227 8 171 649
15 245 173 27 460
15 245 173 27 460
53 250 152 53 508
116 53 119 29 317
228 61 211 136 636
95 164 77 13 349
135 33 122 124 414
236 131 164 251 782
170 2 170 255 597
62 252 1 59 374
104 76 192 66 438
11 243 23 162 439
134 194 56 4 388
176 134 124 151 585
157 208 233 84 682
229 170 203 66 668
246 159 174 3 582
60 51 158 76 345
2 255 1 255 513
84 223 230 115 652
197 36 173 125 531
59 240 164 33 496
59 240 164 33 496
59 240 164 33 496
59 240 164 33 496
59 240 164 33 496
85 2 1 128 216
73 46 101 199 419
85 85 255 170 595
29 189 115 13 346
254 0 85 128 467
254 0 85 128 467
254 0 85 128 467
0 229 222 201 652
79 77 67 12 235
79 77 67 12 235
79 77 67 12 235
78 101 32 253 464
0 0 254 85 339
255 1 2 0 258
82 118 220 51 471
227 103 94 161 585
132 216 239 226 813
132 216 239 226 813
132 216 239 226 813
132 216 239 226 813
132 216 239 226 813
81 37 116 185 419
209 49 35 183 476
60 93 115 79 347
19 216 116 42 393
55 111 240 65 471
93 64 200 243 600
254 31 102 17 404
207 133 223 52 615
137 173 85 228 623
189 131 76 94 490
248 12 31 202 493
248 12 31 202 493
248 12 31 202 493
254 254 1 170 679
254 254 1 170 679
254 254 1 170 679
254 254 1 170 679
108 239 191 3 541
30 252 87 244 613
184 38 61 34 317
253 181 127 49 610
255 128 1 0 384
185 4 145 140 474
255 170 1 2 428
190 191 250 212 843
112 117 160 109 498
205 125 106 44 480
108 179 124 81 492
108 179 124 81 492
149 228 52 70 499
149 228 52 70 499
149 228 52 70 499
149 228 52 70 499
149 228 52 70 499
206 106 7 230 549
140 227 107 44 518
134 37 164 70 405
215 36 101 185 537
255 1 1 255 512
188 59 79 187 513
188 59 79 187 513
188 59 79 187 513
188 59 79 187 513
188 59 79 187 513
16 16 78 129 239
16 16 78 129 239
16 16 78 129 239
16 16 78 129 239
16 16 78 129 239
2 254 2 1 259
30 185 62 9 286
78 224 116 132 550
211 36 9 61 317
254 254 254 128 890
150 110 93 23 376
1 2 2 254 259
234 100 159 200 693
255 255 2 254 766
255 255 2 254 766
1 128 1 128 258
1 128 1 128 258
37 25 117 62 241
9 205 111 56 381
111 20 12 144 287
196 170 235 118 719
171 152 181 84 588
39 130 28 248 445
85 255 254 170 764
174 200 22 44 440
77 214 15 98 404
77 214 15 98 404
255 128 255 0 638
128 170 254 254 806
178 168 100 188 634
2 254 255 1 512
149 145 143 104 541
103 174 7 196 480
103 174 7 196 480
103 174 7 196 480
103 174 7 196 480
103 174 7 196 480
25 13 5 147 190
25 13 5 147 190
25 13 5 147 190
25 13 5 147 190
2 170 255 170 597
0 128 1 2 131
2 128 255 0 385
239 129 219 230 817
73 157 51 127 408
255 85 0 254 594
255 85 0 254 594
255 85 0 254 594
255 85 0 254 594
67 204 48 92 411
85 0 0 170 255
248 161 58 191 658
128 254 254 0 636
1 85 0 1 87
160 221 155 23 559
160 221 155 23 559
85 1 1 254 341
197 9 238 119 563
1 22 88 81 192
47 26 227 164 464
35 13 85 194 327
35 13 85 194 327
35 13 85 194 327
35 13 85 194 327
148 202 174 249 773
170 128 128 255 681
42 218 52 136 448
254 2 0 254 510
161 72 179 105 517
0 254 2 170 426
216 23 217 238 694
47 174 221 185 627
104 217 239 23 583
104 217 239 23 583
91 84 176 176 527
230 64 59 29 382
67 4 160 218 449
18 189 136 55 398
77 228 41 193 539
113 37 92 44 286
97 168 208 137 610
97 168 208 137 610
97 168 208 137 610
97 168 208 137 610
255 170 128 128 681
255 255 2 2 514
255 255 2 2 514
255 255 2 2 514
255 255 2 2 514
255 255 2 2 514
23 170 48 21 262
130 190 94 59 473
0 0 255 255 510
85 170 170 2 427
85 170 170 2 427
85 170 170 2 427
6 166 183 156 511
45 74 218 76 413
157 19 116 171 463
157 19 116 171 463
157 19 116 171 463
157 19 116 171 463
128 2 254 128 512
170 151 149 246 716
1 254 255 255 765
71 182 126 103 482
71 182 126 103 482
86 129 233 182 630
170 85 170 1 426
0 170 0 0 170
241 201 218 136 796
83 28 22 64 197
83 28 22 64 197
84 124 8 138 354
201 213 214 152 780
85 170 254 170 679
143 173 155 158 629
2 170 255 1 428
246 213 59 214 732
87 4 56 189 336
255 1 1 1 258
61 46 248 125 480
203 232 40 189 664
203 232 40 189 664
203 232 40 189 664
203 232 40 189 664
9 78 10 48 145
210 3 151 18 382
174 38 7 14 233
2 0 254 170 426
80 72 197 21 370
40 225 92 175 532
58 139 90 248 535
214 199 140 143 696
222 164 60 244 690
118 110 55 163 446
80 255 15 250 600
21 191 219 123 554
247 191 128 100 666
67 90 199 58 414
171 222 27 143 563
1 128 1 2 132
133 244 26 46 449
137 3 183 159 482
2 255 128 2 387
57 67 82 144 350
85 255 1 1 342
54 182 43 104 383
54 182 43 104 383
54 182 43 104 383
65 255 13 82 415
111 224 20 217 572
83 37 175 241 536
130 230 165 89 614
229 69 73 168 539
67 58 68 116 309
2 128 2 1 133
109 199 31 64 403
109 199 31 64 403
109 199 31 64 403
109 199 31 64 403
109 199 31 64 403
155 91 2 2 250
72 218 123 3 416
170 1 2 170 343
170 1 2 170 343
170 1 2 170 343
170 1 2 170 343
170 1 2 170 343
220 59 40 157 476
85 128 2 0 215
85 128 2 0 215
85 128 2 0 215
85 128 2 0 215
68 156 61 24 309
127 100 82 93 402
129 247 167 19 562
254 254 170 0 678
0 0 2 0 2
0 254 0 128 382
187 250 82 101 620
254 2 2 254 512
82 184 1 7 274
39 132 126 231 528
82 55 62 193 392
170 254 128 2 554
148 62 124 224 558
170 136 225 237 768
12 146 232 241 631
188 32 246 66 532
97 131 123 132 483
128 2 1 85 216
197 204 188 202 791
72 174 138 69 453
254 1 2 2 259
224 87 238 252 801
180 247 41 0 468
10 185 76 177 448
114 232 166 27 539
128 85 254 170 637
128 85 254 170 637
126 217 222 27 592
162 108 178 128 576
170 1 255 170 596
177 181 87 116 561
185 215 161 205 766
255 254 128 128 765
255 254 128 128 765
255 254 128 128 765
255 85 2 128 470
208 131 48 215 602
0 0 85 170 255
35 226 105 122 488
36 151 182 54 423
2 2 255 255 514
0 2 1 2 5
148 64 139 43 394
27 216 203 252 698
43 175 77 147 442
238 46 227 168 679
150 149 42 227 568
150 149 42 227 568
212 170 187 251 820
254 254 170 255 933
170 170 1 128 469
85 128 2 170 385
91 125 120 68 404
240 122 103 246 711
64 244 255 229 792
108 193 113 137 551
116 155 55 103 429
8 250 163 74 495
40 56 245 243 584
8 75 226 222 531
0 254 170 170 594
238 252 105 204 799
137 73 80 244 534
244 59 23 255 581
22 88 52 138 300
0 255 170 170 595
6 116 80 11 213
243 7 30 204 484
127 16 179 208 530
19 200 70 63 352
19 200 70 63 352
19 200 70 63 352
19 200 70 63 352
206 201 77 14 498
46 254 121 131 552
46 254 121 131 552
46 254 121 131 552
128 0 170 2 300
138 84 143 117 482
67 122 2 207 398
67 122 2 207 398
67 122 2 207 398
67 122 2 207 398
67 122 2 207 398
154 159 215 233 761
86 80 21 42 229
116 159 69 69 413
61 249 223 8 541
255 255 255 0 765
255 255 255 0 765
255 255 255 0 765
85 255 1 2 343
1 255 128 254 638
164 38 62 162 426
164 38 62 162 426
164 38 62 162 426
164 38 62 162 426
66 78 110 217 471
160 62 127 109 458
11 191 244 159 605
128 2 170 254 554
76 215 36 92 419
184 157 61 217 619
1 1 128 85 215
193 236 210 218 857
18 119 132 152 421
254 0 128 2 384
85 1 85 255 426
74 209 108 135 526
170 0 170 254 594
176 83 247 163 669
57 73 21 48 199
0 170 0 2 172
229 187 70 176 662
216 112 27 192 547
1 128 128 1 258
148 166 146 82 542
255 1 85 0 341
184 150 228 219 781
38 68 204 50 360
156 28 213 240 637
85 170 254 1 510
1 255 255 1 512
118 223 23 134 498
152 192 10 100 454
222 73 150 201 646
2 0 0 255 257
255 254 170 255 934
131 55 174 112 472
21 61 226 174 482
21 61 226 174 482
41 31 5 118 195
41 81 140 112 374
41 81 140 112 374
254 254 255 255 1018
181 173 89 104 547
42 94 98 23 257
0 254 128 128 510
0 254 128 128 510
0 254 128 128 510
154 182 20 241 597
0 254 255 255 764
0 254 255 255 764
0 254 255 255 764
0 254 255 255 764
131 155 224 140 650
96 49 191 21 357
179 192 216 70 657
93 136 213 221 663
2 255 170 0 427
2 255 170 0 427
2 255 170 0 427
2 255 170 0 427
2 255 170 0 427
219 239 69 195 722
0 255 0 255 510
128 255 85 254 722
128 255 85 254 722
128 255 85 254 722
128 255 85 254 722
97 101 160 0 358
211 203 1 75 490
211 203 1 75 490
56 142 35 79 312
219 29 114 94 456
219 29 114 94 456
0 254 1 85 340
212 201 14 216 643
167 39 182 92 480
1 128 1 85 215
69 123 220 141 553
221 123 160 217 721
255 0 170 170 595
2 128 170 0 300
128 0 0 170 298
34 116 35 77 262
3 181 75 248 507
107 7 198 141 453
219 240 210 46 715
157 68 195 61 481
228 240 1 34 503
254 255 85 2 596
85 85 2 128 300
52 155 115 57 379
32 8 11 145 196
179 177 128 145 629
203 157 135 64 559
75 86 61 224 446
238 177 135 61 611
85 1 2 1 89
1 1 0 0 2
0 240 226 191 657
149 166 141 218 674
163 173 193 172 701
2 170 128 2 302
31 167 225 52 475
23 198 149 220 590
141 204 117 70 532
2 2 128 255 387
25 54 40 60 179
229 19 216 122 586
229 19 216 122 586
229 19 216 122 586
229 19 216 122 586
54 142 49 134 379
158 78 242 199 677
255 85 1 254 595
255 254 255 0 764
99 59 214 155 527
13 12 31 184 240
170 1 2 1 174
77 40 189 68 374
2 0 0 0 2
0 255 128 170 553
255 0 1 0 256
128 0 1 254 383
85 128 2 85 300
234 11 119 24 388
93 164 52 9 318
1 255 128 128 512
170 2 2 170 344
49 103 45 222 419
253 23 160 150 586
187 224 218 11 640
106 155 113 194 568
106 155 113 194 568
2 1 128 254 385
2 1 128 254 385
2 1 128 254 385
2 1 128 254 385
74 39 87 5 205
220 191 111 47 569
3 221 187 180 591
196 5 107 217 525
85 170 170 85 510
178 209 161 122 670
20 211 17 93 341
68 167 81 136 452
227 230 159 21 637
210 202 19 15 446
128 1 255 170 554
65 134 75 87 361
65 134 75 87 361
2 255 254 254 765
254 85 0 254 593
0 170 2 85 257
116 127 55 172 470
107 0 188 135 430
128 254 255 255 892
170 2 254 0 426
237 241 213 109 800
101 54 123 63 341
160 213 152 143 668
13 93 82 220 408
154 242 148 1 545
144 148 40 47 379
38 134 231 1 404
1 111 193 11 316
1 111 193 11 316
1 111 193 11 316
1 111 193 11 316
254 0 254 255 763
254 2 85 1 342
202 166 82 153 603
230 214 14 119 577
230 214 14 119 577
230 214 14 119 577
230 214 14 119 577
170 254 0 128 552
15 43 58 53 169
160 54 133 222 569
37 157 118 109 421
238 248 184 227 897
128 255 128 2 513
255 255 2 1 513
170 85 254 1 510
170 85 254 1 510
170 85 254 1 510
170 85 254 1 510
175 58 18 173 424
2 2 255 255 514
170 128 128 128 554
220 148 36 150 554
254 255 254 170 933
142 233 99 117 591
153 218 33 124 528
153 218 33 124 528
153 218 33 124 528
153 218 33 124 528
153 218 33 124 528
0 0 85 255 340
248 92 227 244 811
116 88 132 103 439
185 36 14 126 361
42 198 39 132 411
85 255 128 170 638
114 220 224 188 746
20 130 209 119 478
85 85 254 85 509
170 254 2 170 596
170 254 2 170 596
255 0 1 1 257
1 0 128 254 383
48 166 186 142 542
224 235 158 11 628
56 190 63 178 487
186 172 107 15 480
224 146 120 200 690
181 202 95 178 656
181 202 95 178 656
181 202 95 178 656
181 202 95 178 656
181 202 95 178 656
170 128 128 1 427
1 1 170 170 342
66 148 142 87 443
93 166 9 120 388
93 166 9 120 388
1 0 1 170 172
218 245 174 208 845
0 254 1 170 425
138 24 90 71 323
66 91 82 46 285
2 0 255 2 259
24 209 74 113 420
24 209 74 113 420
24 209 74 113 420
82 98 250 156 586
255 128 255 85 723
254 254 254 254 1016
0 71 27 103 201
0 71 27 103 201
60 7 128 189 384
79 198 45 148 470
254 128 255 128 765
254 128 255 128 765
254 128 255 128 765
254 128 255 128 765
77 101 238 167 583
165 58 191 151 565
125 144 84 213 566
17 123 137 17 294
192 4 106 86 388
255 254 1 1 511
253 115 154 157 679
137 76 229 109 551
51 179 116 199 545
51 179 116 199 545
51 179 116 199 545
51 179 116 199 545
0 2 0 255 257
224 24 79 51 378
134 98 151 200 583
171 139 230 18 558
238 149 144 100 631
167 212 134 29 542
234 62 8 244 548
234 62 8 244 548
234 62 8 244 548
234 62 8 244 548
234 62 8 244 548
39 46 217 230 532
33 56 185 57 331
15 142 215 17 389
189 29 155 134 507
128 254 254 128 764
158 147 130 46 481
2 170 170 1 343
45 239 8 185 477
79 167 215 78 539
85 255 2 1 343
140 230 205 172 747
223 6 109 17 355
170 128 255 2 555
233 92 5 213 543
8 215 50 132 405
128 254 85 128 595
128 254 85 128 595
128 254 85 128 595
128 254 85 128 595
43 127 6 234 410
117 113 113 187 530
223 203 33 100 559
168 227 21 132 548
255 170 1 170 596
8 179 247 253 687
71 28 207 152 458
181 255 245 60 741
194 128 195 74 591
192 63 234 12 501
224 219 178 77 698
1 85 254 0 340
239 193 208 107 747
137 220 118 67 542
233 70 147 90 540
0 0 0 2 2
237 158 237 238 870
170 1 1 128 300
211 164 44 225 644
211 164 44 225 644
211 164 44 225 644
85 170 170 0 425
97 175 175 203 650
0 255 255 170 680
26 14 190 133 363
43 150 70 16 279
190 13 215 89 507
1 128 254 2 385
1 128 254 2 385
1 128 254 2 385
1 128 254 2 385
1 128 254 2 385
236 86 7 214 543
236 86 7 214 543
236 86 7 214 543
125 87 32 246 490
71 219 186 34 510
15 20 30 110 175
255 128 254 255 892
119 12 233 170 534
207 227 207 19 660
207 227 207 19 660
207 227 207 19 660
2 0 1 0 3
161 48 217 125 551
161 48 217 125 551
161 48 217 125 551
240 2 78 106 426
240 2 78 106 426
240 2 78 106 426
240 2 78 106 426
1 0 1 1 3
118 217 38 179 552
118 217 38 179 552
118 217 38 179 552
254 85 2 85 426
109 33 121 147 410
254 0 255 128 637
207 36 106 68 417
192 7 174 164 537
153 176 202 215 746
140 167 120 49 476
65 118 115 8 306
170 2 1 254 427
188 229 134 59 610
101 149 75 44 369
164 214 46 5 429
69 26 153 117 365
160 133 252 133 678
205 9 224 40 478
157 157 151 64 529
53 108 252 42 455
134 42 192 54 422
181 128 231 80 620
205 74 70 35 384
209 139 113 218 679
44 232 5 208 489
71 243 26 174 514
234 0 141 193 568
234 0 141 193 568
234 0 141 193 568
85 85 2 128 300
94 134 211 115 554
86 114 155 18 373
83 69 90 253 495
197 247 151 255 850
232 101 169 172 674
1 2 128 170 301
104 38 28 49 219
34 98 167 231 530
46 244 25 198 513
46 244 25 198 513
46 244 25 198 513
46 244 25 198 513
255 1 85 0 341
219 132 185 53 589
219 132 185 53 589
219 132 185 53 589
40 15 255 203 513
101 67 66 128 362
99 44 92 115 350
79 209 67 172 527
171 84 230 90 575
254 128 1 0 383
232 104 82 27 445
1 237 5 171 414
0 85 2 2 89
0 85 2 2 89
0 85 2 2 89
0 85 2 2 89
47 228 72 132 479
176 144 33 3 356
0 2 0 255 257
1 70 22 188 281
0 128 2 128 258
76 129 205 125 535
208 132 1 18 359
168 100 44 45 357
70 76 108 109 363
9 79 171 112 371
255 254 0 2 511
170 170 255 128 723
254 0 170 0 424
254 0 170 0 424
254 0 170 0 424
254 0 170 0 424
85 85 85 170 425
115 233 176 188 712
85 254 1 85 425
239 217 178 205 839
85 254 170 85 594
85 170 254 85 594
170 254 128 128 680
167 25 52 68 312
1 0 0 85 86
142 80 93 242 557
47 116 151 162 476
255 85 255 170 765
170 85 2 2 259
64 122 29 135 350
1 2 170 255 428
137 160 109 65 471
252 159 42 6 459
170 255 2 2 429
241 10 161 114 526
241 10 161 114 526
241 10 161 114 526
241 10 161 114 526
254 128 254 170 806
249 53 113 0 415
166 22 216 239 643
135 51 117 195 498
67 54 33 69 223
203 138 134 83 558
210 190 14 81 495
56 59 11 73 199
221 218 204 143 786
221 218 204 143 786
221 218 204 143 786
2 1 85 170 258
111 127 225 172 635
43 222 151 41 457
46 46 216 26 334
150 191 8 135 484
128 1 0 2 131
159 23 192 170 544
6 237 104 58 405
205 29 161 49 444
205 29 161 49 444
181 232 103 14 530
170 105 127 219 621
219 19 107 143 488
219 19 107 143 488
235 34 54 69 392
117 164 55 181 517
2 0 128 254 384
2 0 128 254 384
2 0 128 254 384
2 0 128 254 384
2 0 128 254 384
166 189 160 100 615
166 189 160 100 615
166 189 160 100 615
89 188 74 168 519
254 85 0 170 509
170 128 170 2 470
1 255 170 2 428
26 96 66 33 221
186 97 132 139 554
186 97 132 139 554
186 97 132 139 554
186 97 132 139 554
247 7 254 131 639
137 13 97 52 299
31 43 25 66 165
254 85 254 254 847
254 85 254 254 847
244 244 64 55 607
2 1 255 128 386
85 128 255 0 468
2 255 0 2 259
149 123 109 135 516
163 137 242 31 573
170 255 2 1 428
126 115 99 53 393
254 85 254 2 595
2 0 254 254 510
109 7 241 26 383
0 128 255 170 553
145 140 62 168 515
145 140 62 168 515
145 140 62 168 515
145 140 62 168 515
145 140 62 168 515
126 82 11 197 416
0 85 1 85 171
254 255 0 0 509
170 1 254 170 595
0 255 255 0 510
1 2 85 85 173
16 85 76 11 188
16 85 76 11 188
16 85 76 11 188
16 85 76 11 188
182 194 56 210 642
26 23 1 206 256
90 243 133 8 474
90 243 133 8 474
90 243 133 8 474
90 243 133 8 474
90 243 133 8 474
76 72 64 161 373
76 72 64 161 373
76 72 64 161 373
96 186 99 0 381
170 254 170 85 679
192 137 87 253 669
192 137 87 253 669
192 137 87 253 669
192 137 87 253 669
255 254 128 255 892
252 11 116 205 584
85 254 1 85 425
12 94 171 85 362
255 128 1 1 385
85 67 186 71 409
74 81 161 22 338
17 27 156 180 380
63 24 155 147 389
63 24 155 147 389
241 143 87 92 563
167 0 107 103 377
85 1 255 255 596
0 1 170 1 172
254 2 85 170 511
148 247 80 15 490
1 1 0 1 3
0 1 0 128 129
11 234 9 16 270
64 0 76 27 167
113 55 203 111 482
100 22 64 204 390
146 231 226 95 698
206 211 69 241 727
39 130 101 182 452
0 170 128 170 468
0 170 128 170 468
0 170 128 170 468
0 170 128 170 468
212 44 182 1 439
170 128 85 255 638
0 128 85 255 468
198 25 130 163 516
207 106 115 5 433
0 170 255 2 427
35 15 203 100 353
164 54 212 222 652
219 219 190 182 810
219 219 190 182 810
219 219 190 182 810
219 219 190 182 810
53 219 129 188 589
53 219 129 188 589
58 175 245 23 501
0 128 2 128 258
0 1 2 85 88
0 1 2 0 3
85 2 170 128 385
85 254 0 85 424
85 128 255 128 596
217 138 176 76 607
217 138 176 76 607
134 55 192 14 395
128 128 170 2 428
128 128 170 2 428
128 128 170 2 428
0 170 170 255 595
2 170 85 2 259
44 80 70 212 406
253 51 62 176 542
204 114 51 234 603
119 38 17 150 324
14 24 45 34 117
128 85 85 85 383
56 97 209 102 464
165 142 155 152 614
190 222 124 4 540
146 191 110 165 612
76 192 9 188 465
61 90 123 95 369
127 174 4 24 329
26 146 143 242 557
26 146 143 242 557
26 146 143 242 557
26 146 143 242 557
2 255 0 85 342
100 132 129 215 576
170 128 2 0 300
188 22 255 36 501
52 220 98 167 537
226 19 188 39 472
34 13 176 139 362
34 13 176 139 362
34 13 176 139 362
41 186 245 219 691
225 104 204 27 560
63 95 32 150 340
20 184 166 57 427
101 44 230 154 529
117 80 117 241 555
65 20 53 138 276
196 254 91 158 699
196 254 91 158 699
196 254 91 158 699
237 82 11 81 411
122 138 181 59 500
122 138 181 59 500
122 138 181 59 500
84 199 230 105 618
84 199 230 105 618
84 199 230 105 618
84 199 230 105 618
190 141 144 164 639
255 0 128 128 511
27 62 208 202 499
123 67 0 181 371
255 254 0 0 509
96 248 12 252 608
61 177 101 63 402
14 217 96 155 482
14 217 96 155 482
14 217 96 155 482
14 217 96 155 482
123 16 41 145 325
170 0 128 254 552
60 112 196 71 439
60 112 196 71 439
60 112 196 71 439
60 112 196 71 439
51 163 130 252 596
216 78 68 144 506
255 85 1 0 341
168 148 196 3 515
48 203 243 156 650
55 21 136 36 248
4 197 224 109 534
23 137 120 112 392
136 96 166 162 560
162 163 145 47 517
78 161 231 21 491
30 94 220 248 592
30 94 220 248 592
30 94 220 248 592
65 79 170 229 543
30 115 31 46 222
106 165 21 211 503
85 1 128 2 216
15 77 206 224 522
1 0 2 1 4
98 150 244 58 550
110 120 36 76 342
170 255 0 254 679
191 18 148 97 454
32 242 181 39 494
231 63 0 134 428
255 85 2 254 596
110 180 204 120 614
185 243 249 116 793
108 119 103 46 376
232 173 209 124 738
137 86 99 234 556
137 86 99 234 556
137 86 99 234 556
137 86 99 234 556
59 7 229 114 409
77 18 132 51 278
98 2 174 232 506
98 2 174 232 506
98 2 174 232 506
98 2 174 232 506
98 2 174 232 506
45 52 66 105 268
45 52 66 105 268
45 52 66 105 268
45 52 66 105 268
2 255 1 128 386
154 211 11 230 606
86 97 77 131 391
164 9 27 214 414
0 0 2 170 172
177 74 247 87 585
31 59 96 183 369
136 127 47 238 548
136 127 47 238 548
158 224 44 185 611
160 190 98 249 697
0 2 254 0 256
87 243 212 152 694
44 74 116 234 468
226 178 30 180 614
2 6 191 40 239
225 157 93 158 633
169 78 15 11 273
190 120 13 237 560
176 179 177 113 645
41 236 228 203 708
37 67 35 158 297
115 255 204 180 754
0 0 128 255 383
111 233 141 161 646
0 255 0 170 425
15 118 21 122 276
166 208 23 127 524
183 106 128 178 595
111 183 99 178 571
73 126 13 40 252
108 220 234 150 712
0 0 85 128 213
42 74 156 79 351
213 178 252 71 714
128 254 1 255 638
128 254 1 255 638
128 254 1 255 638
128 254 1 255 638
2 1 254 254 511
2 1 85 170 258
139 185 180 109 613
2 1 0 170 173
0 2 128 0 130
90 94 51 208 443
203 140 122 180 645
175 23 137 255 590
64 135 157 229 585
255 0 85 254 594
71 159 119 159 508
71 159 119 159 508
71 159 119 159 508
71 159 119 159 508
71 159 119 159 508
17 224 250 148 639
17 224 250 148 639
17 224 250 148 639
17 224 250 148 639
17 224 250 148 639
242 15 75 209 541
127 184 66 223 600
41 60 227 136 464
41 60 227 136 464
41 60 227 136 464
114 9 85 222 430
128 128 1 1 258
138 243 167 135 683
201 130 31 135 497
36 237 85 249 607
185 168 205 147 705
240 5 194 217 656
26 136 222 175 559
146 198 70 127 541
254 170 85 128 637
28 177 219 14 438
85 85 1 254 425
1 1 170 254 426
35 22 80 52 189
144 200 228 208 780
163 205 106 209 683
163 205 106 209 683
163 205 106 209 683
163 205 106 209 683
163 205 106 209 683
208 225 40 50 523
208 225 40 50 523
246 67 153 85 551
85 0 128 0 213
4 42 253 210 509
23 217 63 164 467
128 128 254 128 638
128 128 254 128 638
128 128 254 128 638
128 128 254 128 638
149 132 27 179 487
70 245 10 135 460
10 78 122 126 336
223 206 81 246 756
222 191 247 82 742
202 204 195 29 630
125 250 143 230 748
75 182 18 212 487
120 7 142 250 519
254 0 254 85 593
254 1 255 128 638
128 170 1 0 299
254 31 101 193 579
1 128 170 254 553
1 128 170 254 553
0 85 0 1 86
85 162 118 221 586
122 1 80 108 311
1 255 85 128 469
1 255 85 128 469
1 255 85 128 469
73 92 65 237 467
128 39 174 63 404
254 1 2 0 257
123 245 207 133 708
128 0 170 255 553
232 168 1 115 516
188 152 157 164 661
85 85 2 0 172
139 23 200 21 383
139 23 200 21 383
49 165 221 37 472
1 170 128 255 554
254 0 128 254 636
102 61 184 151 498
170 1 85 128 384
209 159 39 82 489
0 59 60 246 365
0 0 85 0 85
128 128 255 170 681
129 103 225 59 516
95 229 153 18 495
167 97 169 137 570
167 97 169 137 570
167 97 169 137 570
167 97 169 137 570
69 69 2 141 281
69 69 2 141 281
2 254 255 85 596
219 92 92 66 469
151 165 2 249 567
223 184 50 10 467
187 213 73 179 652
130 215 223 252 820
0 0 2 2 4
0 0 2 2 4
0 0 2 2 4
0 0 2 2 4
0 0 2 2 4
1 0 170 255 426
0 255 0 255 510
0 255 0 255 510
0 255 0 255 510
0 255 0 255 510
0 255 0 255 510
207 230 137 162 736
13 106 188 198 505
13 106 188 198 505
178 208 230 239 855
128 254 0 1 383
128 254 0 1 383
16 1 161 87 265
16 1 161 87 265
129 167 107 242 645
42 32 93 58 225
174 54 94 218 540
85 0 2 254 341
158 214 65 114 551
158 214 65 114 551
158 214 65 114 551
158 214 65 114 551
158 214 65 114 551
190 135 174 131 630
193 75 66 84 418
67 50 112 84 313
116 69 180 216 581
116 69 180 216 581
116 69 180 216 581
116 69 180 216 581
116 69 180 216 581
87 75 206 55 423
146 197 86 143 572
218 149 185 196 748
218 149 185 196 748
218 149 185 196 748
59 19 85 36 199
1 128 17 33 179
236 22 61 127 446
199 217 3 76 495
5 178 163 132 478
0 254 128 170 552
29 233 130 110 502
128 128 1 254 511
128 128 1 254 511
128 128 1 254 511
0 0 254 2 256
254 170 255 2 681
14 48 120 168 350
130 46 80 219 475
170 128 170 85 553
128 85 170 1 384
224 93 97 112 526
128 170 170 255 723
128 170 170 255 723
128 170 170 255 723
128 170 170 255 723
11 236 63 14 324
6 18 21 73 118
6 18 21 73 118
17 14 139 235 405
25 193 76 22 316
255 128 128 0 511
3 60 157 170 390
86 123 17 28 254
86 123 17 28 254
212 38 135 138 523
0 0 170 128 298
216 255 90 106 667
85 85 255 255 680
176 14 79 223 492
128 128 255 170 681
130 149 4 46 329
186 124 17 242 569
219 75 102 210 606
219 75 102 210 606
219 75 102 210 606
0 85 255 85 425
0 85 255 85 425
0 85 255 85 425
0 85 255 85 425
0 85 255 85 425
254 170 1 254 679
111 119 236 62 528
41 17 15 133 206
254 128 2 0 384
254 128 2 0 384
254 128 2 0 384
254 128 2 0 384
254 128 2 0 384
0 254 254 2 510
0 254 254 128 636
9 168 112 112 401
57 23 172 218 470
57 23 172 218 470
57 23 172 218 470
57 23 172 218 470
13 162 152 209 536
161 60 44 40 305
202 169 160 159 690
85 128 255 0 468
0 2 1 128 131
123 67 200 214 604
2 0 254 128 384
123 199 116 239 677
180 146 26 36 388
10 175 9 15 209
145 103 162 116 526
170 255 255 254 934
170 255 255 254 934
82 239 212 174 707
82 239 212 174 707
82 239 212 174 707
207 197 172 229 805
207 197 172 229 805
207 197 172 229 805
207 197 172 229 805
189 216 142 66 613
209 147 98 156 610
26 194 24 247 491
9 46 54 65 174
40 34 110 146 330
254 254 0 254 762
150 191 188 10 539
150 191 188 10 539
48 88 137 239 512
44 68 174 154 440
219 12 86 151 468
240 50 0 185 475
9 250 222 44 525
128 1 255 85 469
1 0 1 2 4
198 71 250 235 754
236 136 181 174 727
0 170 128 254 552
240 251 242 102 835
240 251 242 102 835
240 251 242 102 835
240 251 242 102 835
128 170 128 0 426
200 36 49 145 430
162 15 29 251 457
2 210 254 228 694
2 210 254 228 694
2 210 254 228 694
2 210 254 228 694
2 210 254 228 694
239 227 45 84 595
239 227 45 84 595
97 172 39 62 370
170 85 0 85 340
170 85 0 85 340
170 85 0 85 340
170 85 0 85 340
34 69 254 210 567
204 183 111 164 662
222 194 39 57 512
164 72 86 53 375
1 85 255 85 426
147 0 160 1 308
67 238 95 43 443
89 195 201 51 536
159 108 181 90 538
150 226 224 226 826
189 122 143 11 465
254 1 0 85 340
67 250 217 12 546
255 170 255 128 808
129 57 32 131 349
231 154 84 23 492
228 127 134 88 577
228 127 134 88 577
23 175 220 37 455
48 149 201 150 548
162 179 60 203 604
162 179 60 203 604
162 179 60 203 604
162 179 60 203 604
71 3 164 184 422
254 85 128 255 722
1 254 85 255 595
142 105 189 213 649
126 15 110 82 333
170 2 255 2 429
116 205 13 140 474
28 175 53 212 468
28 175 53 212 468
28 175 53 212 468
28 175 53 212 468
91 250 133 114 588
109 69 82 45 305
128 2 170 254 554
254 254 85 2 595
254 170 254 254 932
2 85 128 1 216
2 255 254 0 511
2 255 254 0 511
2 255 254 0 511
170 254 254 254 932
132 121 231 62 546
147 133 123 117 520
73 4 114 24 215
90 192 89 71 442
90 192 89 71 442
90 192 89 71 442
90 192 89 71 442
90 192 89 71 442
128 85 170 1 384
26 60 199 97 382
100 61 34 73 268
245 94 122 211 672
245 94 122 211 672
245 94 122 211 672
122 51 242 220 635
170 1 2 85 258
147 245 202 43 637
147 245 202 43 637
170 2 255 254 681
28 72 194 89 383
28 72 194 89 383
236 240 172 101 749
236 240 172 101 749
66 47 1 135 249
92 37 233 33 395
128 0 254 254 636
210 169 174 245 798
1 255 85 254 595
78 234 86 179 577
6 64 136 197 403
143 245 183 184 755
143 245 183 184 755
143 245 183 184 755
229 86 21 83 419
59 54 89 0 202
28 152 62 252 494
90 3 249 228 570
171 62 247 188 668
171 62 247 188 668
171 62 247 188 668
171 62 247 188 668
218 63 63 4 348
201 255 88 120 664
88 164 181 108 541
254 128 1 128 511
180 33 78 183 474
180 33 78 183 474
180 33 78 183 474
32 32 120 149 333
85 1 85 254 425
72 177 14 126 389
31 137 131 108 407
140 136 200 127 603
2 110 81 5 198
201 32 131 32 396
22 150 82 219 473
221 183 17 198 619
6 3 47 11 67
255 85 255 85 680
68 41 220 149 478
68 41 220 149 478
68 41 220 149 478
2 0 0 170 172
128 2 2 254 386
116 55 162 58 391
0 2 85 0 87
50 12 63 234 359
237 26 103 26 392
112 12 1 177 302
112 12 1 177 302
20 120 235 249 624
20 120 235 249 624
20 120 235 249 624
139 11 210 101 461
128 2 1 2 133
237 80 68 79 464
224 208 251 213 896
51 23 174 241 489
51 23 174 241 489
51 23 174 241 489
71 123 236 194 624
253 110 217 50 630
61 197 208 92 558
1 189 50 84 324
200 219 95 193 707
156 110 12 177 455
110 110 162 43 425
208 147 218 147 720
254 254 2 2 512
122 197 43 126 488
2 128 0 254 384
55 246 93 205 599
93 115 106 114 428
237 255 23 41 556
111 175 195 242 723
206 252 253 169 880
255 85 0 255 595
170 255 85 170 680
62 112 187 223 584
163 57 62 131 413
202 143 75 209 629
201 182 70 105 558
207 156 203 80 646
37 50 110 107 304
2 2 85 254 343
2 85 0 85 172
2 85 0 85 172
2 85 0 85 172
2 85 0 85 172
20 135 21 237 413
20 135 21 237 413
20 135 21 237 413
178 65 219 209 671
2 1 1 254 258
76 255 247 199 777
76 255 247 199 777
85 254 0 255 594
85 254 0 255 594
85 254 0 255 594
85 254 0 255 594
85 254 0 255 594
170 0 128 0 298
158 74 94 253 579
79 191 228 160 658
125 220 19 77 441
164 173 153 28 518
164 173 153 28 518
164 173 153 28 518
164 173 153 28 518
164 173 153 28 518
255 128 85 254 722
16 41 95 9 161
60 30 16 105 211
0 85 255 254 594
0 255 1 170 426
166 157 132 158 613
255 128 254 255 892
170 0 255 255 680
170 254 1 128 553
33 138 81 121 373
1 2 0 255 258
108 254 175 140 677
255 254 170 2 681
141 37 220 222 620
80 81 45 25 231
80 81 45 25 231
80 81 45 25 231
80 81 45 25 231
170 254 1 2 427
176 58 249 176 659
176 58 249 176 659
176 58 249 176 659
176 58 249 176 659
128 77 205 225 635
255 1 170 255 681
82 44 240 96 462
3 37 117 130 287
171 249 8 52 480
171 249 8 52 480
0 85 1 2 88
143 85 210 151 589
190 97 192 216 695
131 83 229 120 563
85 255 170 0 510
254 1 254 2 511
128 2 1 85 216
15 121 72 79 287
170 254 2 170 596
75 24 20 10 129
75 24 20 10 129
36 225 181 135 577
36 225 181 135 577
36 225 181 135 577
170 255 255 0 680
185 254 115 106 660
54 7 95 11 167
0 254 254 170 678
0 254 254 170 678
140 118 157 66 481
140 118 157 66 481
140 118 157 66 481
45 112 14 254 425
16 223 189 16 444
2 127 33 94 256
170 2 85 170 427
1 123 249 87 460
2 85 255 1 343
2 85 255 1 343
2 85 255 1 343
2 85 255 1 343
254 128 0 170 552
34 188 221 103 546
231 20 235 26 512
85 128 254 254 721
211 141 150 228 730
110 62 144 120 436
204 19 178 178 579
204 19 178 178 579
204 19 178 178 579
193 36 29 230 488
94 225 144 216 679
170 85 85 170 510
172 75 144 212 603
74 189 156 78 497
3 245 4 9 261
3 245 4 9 261
3 245 4 9 261
3 245 4 9 261
145 161 160 193 659
128 1 128 255 512
189 159 216 47 611
72 138 129 72 411
29 177 233 10 449
121 215 195 155 686
121 215 195 155 686
121 215 195 155 686
1 254 128 85 468
194 70 250 31 545
26 126 197 21 370
1 128 1 128 258
255 254 85 255 849
0 85 1 255 341
174 91 235 68 568
6 29 227 218 480
6 29 227 218 480
6 29 227 218 480
6 29 227 218 480
1 1 85 1 88
128 1 170 255 554
128 1 170 255 554
128 1 170 255 554
128 1 170 255 554
128 1 170 255 554
64 253 88 155 560
64 253 88 155 560
64 253 88 155 560
64 253 88 155 560
64 253 88 155 560
138 253 225 91 707
41 107 131 155 434
41 107 131 155 434
41 107 131 155 434
41 107 131 155 434
41 107 131 155 434
2 85 1 255 343
2 85 1 255 343
85 243 8 117 453
175 112 140 39 466
227 12 98 180 517
187 129 4 131 451
88 63 208 135 494
0 16 188 78 282
220 25 155 128 528
220 25 155 128 528
254 170 128 1 553
254 170 128 1 553
254 170 128 1 553
254 170 128 1 553
254 170 128 1 553
255 255 170 0 680
59 69 98 30 256
63 69 145 186 463
126 208 96 240 670
225 119 38 197 579
19 177 192 98 486
69 166 22 59 316
172 40 246 199 657
254 170 2 85 511
132 121 32 228 513
132 121 32 228 513
180 190 71 211 652
255 85 255 2 597
247 5 237 132 621
40 141 188 32 401
128 0 0 254 382
97 209 232 10 548
97 209 232 10 548
165 104 60 249 578
213 139 236 160 748
213 139 236 160 748
75 146 1 171 393
133 2 111 52 298
85 85 0 85 255
170 1 2 128 301
0 2 128 85 215
85 1 1 170 257
85 1 1 170 257
85 1 1 170 257
85 1 1 170 257
85 2 85 128 300
117 206 238 0 561
23 136 147 95 401
198 131 198 212 739
68 108 192 198 566
2 2 255 254 513
128 2 170 1 301
91 150 13 161 415
176 223 48 250 697
42 33 7 102 184
42 33 7 102 184
42 33 7 102 184
42 33 7 102 184
158 229 193 88 668
1 2 0 85 88
202 59 128 229 618
224 75 195 122 616
128 85 170 128 511
137 171 210 110 628
209 142 226 61 638
106 253 131 246 736
102 137 204 184 627
254 128 1 2 385
6 204 91 9 310
154 100 31 103 388
154 100 31 103 388
154 100 31 103 388
154 100 31 103 388
154 100 31 103 388
170 170 0 254 594
85 94 123 227 529
155 121 93 49 418
160 217 253 79 709
74 186 17 23 300
74 186 17 23 300
134 43 94 107 378
94 99 52 148 393
116 15 87 169 387
2 255 255 2 514
181 0 132 215 528
196 101 164 29 490
196 78 199 147 620
67 191 8 70 336
191 190 112 69 562
34 52 222 126 434
238 200 98 96 632
213 108 107 213 641
170 254 85 85 594
147 202 128 138 615
147 202 128 138 615
219 147 48 165 579
255 0 254 128 637
110 249 77 212 648
11 4 39 15 69
153 119 8 184 464
153 119 8 184 464
153 119 8 184 464
153 119 8 184 464
153 119 8 184 464
2 254 254 2 512
148 105 238 90 581
255 0 255 170 680
13 134 131 131 409
170 255 0 2 427
60 8 40 160 268
120 54 254 168 596
120 54 254 168 596
120 54 254 168 596
120 54 254 168 596
128 119 2 251 500
217 26 204 134 581
235 196 13 29 473
132 231 9 155 527
254 170 170 128 722
5 126 32 63 226
236 197 68 109 610
11 35 102 83 231
140 178 239 124 681
140 178 239 124 681
140 178 239 124 681
140 178 239 124 681
220 148 242 92 702
104 92 147 63 406
184 239 0 252 675
85 170 1 255 511
152 132 161 164 609
210 251 74 159 694
199 42 49 172 462
36 50 55 164 305
4 91 235 254 584
158 155 95 59 467
53 141 247 79 520
69 244 203 75 591
113 197 81 213 604
137 91 168 34 430
128 47 46 58 279
52 80 97 51 280
54 26 184 97 361
5 37 189 73 304
170 0 2 0 172
81 255 99 248 683
170 1 2 255 428
255 2 85 128 470
255 128 170 85 638
69 36 103 219 427
37 141 122 192 492
155 217 213 216 801
179 75 210 241 705
107 22 243 243 615
85 128 170 128 511
255 128 128 254 765
89 53 95 227 464
153 16 155 110 434
0 1 0 170 171
55 153 244 209 661
69 99 107 32 307
209 119 241 212 781
2 170 170 254 596
163 184 31 42 420
131 56 133 179 499
18 140 200 245 603
229 37 1 56 323
1 85 2 255 343
44 167 35 214 460
57 46 247 30 380
157 107 109 10 383
157 107 109 10 383
240 44 93 171 548
240 44 93 171 548
240 44 93 171 548
240 44 93 171 548
240 44 93 171 548
215 169 222 130 736
0 128 254 2 384
123 122 174 110 529
239 80 97 95 511
239 80 97 95 511
239 80 97 95 511
239 80 97 95 511
223 166 195 94 678
191 168 8 227 594
76 110 133 162 481
122 96 90 203 511
217 125 120 179 641
224 158 121 186 689
254 128 2 170 554
254 128 2 170 554
128 1 254 1 384
43 193 2 51 289
170 85 128 0 383
93 132 25 42 292
170 85 85 128 468
225 133 131 22 511
255 1 128 128 512
241 198 248 209 896
136 246 8 60 450
142 137 158 43 480
201 179 176 203 759
0 0 128 170 298
62 27 223 72 384
142 28 124 73 367
142 28 124 73 367
142 28 124 73 367
85 255 255 0 595
1 170 254 255 680
25 208 86 103 422
45 125 185 168 523
85 170 128 170 553
85 255 2 2 344
170 255 255 0 680
55 12 99 247 413
191 150 217 150 708
89 230 131 163 613
156 239 109 185 689
179 142 92 248 661
209 165 14 14 402
247 54 57 196 554
247 54 57 196 554
247 54 57 196 554
247 54 57 196 554
247 54 57 196 554
45 214 91 18 368
2 255 128 1 386
13 46 128 182 369
159 177 155 66 557
130 232 94 0 456
130 232 94 0 456
114 51 72 133 370
86 73 82 15 256
86 73 82 15 256
86 73 82 15 256
86 73 82 15 256
86 73 82 15 256
93 238 233 117 681
242 177 203 73 695
242 177 203 73 695
242 177 203 73 695
242 177 203 73 695
85 128 85 170 468
10 175 99 15 299
10 175 99 15 299
10 175 99 15 299
10 175 99 15 299
105 42 233 182 562
176 110 144 71 501
141 101 75 226 543
170 128 85 2 385
108 109 39 137 393
77 35 212 75 399
255 170 255 254 934
207 201 102 74 584
123 171 183 8 485
188 51 211 135 585
194 176 245 47 662
194 176 245 47 662
194 176 245 47 662
194 176 245 47 662
112 109 93 100 414
76 134 249 33 492
100 18 57 110 285
85 170 0 0 255
254 89 99 134 576
76 236 183 64 559
76 236 183 64 559
76 236 183 64 559
2 170 0 170 342
107 232 140 136 615
249 110 237 196 792
170 2 1 128 301
3 36 62 42 143
3 36 62 42 143
3 36 62 42 143
2 2 170 128 302
104 120 35 130 389
32 238 71 59 400
0 254 1 255 510
1 128 170 128 427
247 53 241 52 593
243 196 231 224 894
2 128 128 255 513
107 202 207 252 768
120 237 150 132 639
170 255 0 254 679
170 255 0 254 679
170 255 0 254 679
170 255 0 254 679
255 85 128 170 638
37 110 131 110 388
37 110 131 110 388
37 110 131 110 388
37 110 131 110 388
37 110 131 110 388
2 255 254 128 639
38 78 97 141 354
254 255 128 128 765
45 179 59 86 369
254 255 128 2 639
1 255 1 85 342
128 85 85 1 299
37 50 52 62 201
114 20 44 70 248
194 223 7 68 492
29 89 58 15 191
142 195 184 36 557
144 133 159 245 681
72 37 178 244 531
135 77 80 128 420
186 57 200 112 555
128 2 128 255 513
206 233 51 227 717
0 128 254 1 383
0 128 254 1 383
0 128 254 1 383
248 62 58 75 443
6 106 70 105 287
117 199 227 36 579
216 93 21 178 508
85 85 170 1 341
187 11 124 159 481
187 11 124 159 481
187 11 124 159 481
187 11 124 159 481
128 0 0 128 256
182 81 165 150 578
254 254 85 170 763
85 0 1 255 341
108 32 58 157 355
13 118 110 159 400
151 217 186 12 566
151 217 186 12 566
151 217 186 12 566
151 217 186 12 566
85 2 255 1 343
159 104 245 102 610
224 4 24 56 308
224 4 24 56 308
224 4 24 56 308
224 4 24 56 308
224 4 24 56 308
170 85 2 254 511
170 85 2 254 511
170 85 2 254 511
170 85 2 254 511
170 85 2 254 511
112 251 166 237 766
148 25 209 37 419
116 233 129 49 527
47 255 100 207 609
85 85 2 255 427
156 22 246 10 434
165 170 1 27 363
135 243 3 171 552
88 164 174 192 618
32 231 72 159 494
86 234 40 28 388
254 254 254 0 762
2 170 128 0 300
61 76 236 37 410
1 128 128 1 258
85 0 1 0 86
86 47 52 162 347
237 143 180 17 577
237 143 180 17 577
237 143 180 17 577
237 143 180 17 577
237 143 180 17 577
97 78 215 75 465
109 226 250 50 635
109 226 250 50 635
109 226 250 50 635
218 68 27 57 370
160 145 182 13 500
129 57 34 221 441
115 103 147 42 407
218 85 211 100 614
215 22 173 172 582
178 71 173 26 448
174 20 183 127 504
174 20 183 127 504
174 20 183 127 504
174 20 183 127 504
174 20 183 127 504
182 229 95 144 650
214 222 71 136 643
29 234 95 71 429
85 58 121 8 272
2 85 0 2 89
0 0 255 255 510
0 1 85 85 171
1 85 1 85 172
185 141 213 129 668
128 2 1 170 301
1 179 125 61 366
222 58 115 89 484
82 152 9 186 429
45 65 67 92 269
122 68 177 52 419
122 68 177 52 419
255 255 0 1 511
189 117 249 84 639
245 235 110 96 686
5 191 73 179 448
2 170 254 254 680
179 72 33 59 343
40 99 181 189 509
255 2 254 128 639
255 2 254 128 639
255 2 254 128 639
192 208 87 107 594
223 214 27 138 602
234 155 184 251 824
19 130 49 242 440
128 85 255 85 553
85 128 170 0 383
159 236 16 157 568
85 128 255 170 638
85 128 255 170 638
122 211 37 150 520
85 255 255 0 595
103 57 217 112 489
247 155 18 7 427
247 155 18 7 427
203 83 43 86 415
203 83 43 86 415
203 83 43 86 415
203 83 43 86 415
147 49 208 223 627
255 255 128 170 808
33 131 36 90 290
33 131 36 90 290
33 131 36 90 290
33 131 36 90 290
31 57 86 97 271
65 237 45 72 419
212 148 146 98 604
212 148 146 98 604
212 148 146 98 604
64 24 64 78 230
229 56 56 63 404
92 240 110 150 592
216 83 127 134 560
216 83 127 134 560
104 32 136 235 507
57 251 252 41 601
1 2 1 2 6
173 251 67 25 516
222 139 86 18 465
134 196 151 3 484
152 129 100 191 572
183 125 36 203 547
7 200 87 107 401
3 82 252 25 362
128 254 85 0 467
226 197 220 117 760
5 249 82 173 509
178 143 72 18 411
242 154 42 194 632
2 85 1 85 173
83 225 223 168 699
84 56 160 186 486
167 13 248 122 550
230 19 134 199 582
1 255 1 1 258
2 254 170 1 427
2 254 170 1 427
174 111 175 233 693
102 232 39 245 618
1 2 85 170 258
242 37 84 49 412
242 37 84 49 412
131 121 171 175 598
245 242 49 125 661
119 215 235 247 816
87 125 135 77 424
87 125 135 77 424
87 125 135 77 424
87 125 135 77 424
87 125 135 77 424
2 0 254 85 341
0 0 128 128 256
1 1 1 255 258
1 1 1 255 258
1 1 1 255 258
1 1 1 255 258
1 1 1 255 258
70 168 15 215 468
95 52 117 2 266
2 128 0 254 384
236 221 87 81 625
161 205 63 68 497
60 224 60 56 400
5 108 255 195 563
0 128 255 170 553
225 50 71 98 444
85 0 254 128 467
215 214 201 102 732
0 85 2 0 87
20 119 205 62 406
131 103 2 70 306
144 135 106 47 432
144 135 106 47 432
144 135 106 47 432
144 135 106 47 432
0 128 85 128 341
246 179 193 32 650
0 255 254 254 763
0 170 254 1 425
84 224 216 31 555
48 236 44 128 456
2 1 85 1 89
2 1 85 1 89
135 96 144 221 596
85 1 170 0 256
85 1 170 0 256
20 193 35 72 320
10 144 52 221 427
124 93 235 212 664
255 218 203 23 699
194 171 2 52 419
194 171 2 52 419
194 171 2 52 419
194 171 2 52 419
194 171 2 52 419
90 226 195 244 755
90 226 195 244 755
90 226 195 244 755
239 153 42 118 552
170 0 2 85 257
46 161 46 102 355
42 35 101 20 198
88 237 211 194 730
42 237 136 104 519
170 128 255 0 553
7 131 41 74 253
145 254 57 73 529
69 185 53 78 385
19 11 184 234 448
0 128 1 128 257
22 106 101 105 334
128 170 1 170 469
5 14 75 150 244
233 207 196 73 709
183 223 43 165 614
204 202 24 122 552
19 26 27 173 245
223 254 180 177 834
123 41 152 49 365
101 61 105 209 476
28 135 78 146 387
143 134 43 196 516
194 51 132 157 534
23 158 193 38 412
255 0 1 0 256
40 168 187 81 476
165 19 203 36 423
40 65 146 143 394
0 2 85 170 257
76 44 163 200 483
128 1 1 2 132
16 138 164 51 369
116 236 247 112 711
116 236 247 112 711
116 236 247 112 711
116 236 247 112 711
183 100 234 235 752
90 63 159 86 398
2 85 0 0 87
85 0 128 255 468
142 211 113 226 692
75 133 5 2 215
234 176 176 70 656
203 42 141 206 592
203 42 141 206 592
203 42 141 206 592
203 42 141 206 592
65 16 174 244 499
255 2 2 0 259
254 255 1 170 680
254 255 1 170 680
254 255 1 170 680
254 255 1 170 680
40 193 174 37 444
88 236 184 250 758
70 245 165 251 731
210 149 55 92 506
160 192 88 148 588
168 19 46 184 417
227 186 137 137 687
255 2 255 255 767
254 254 255 170 933
255 85 170 254 764
137 12 138 112 399
137 12 138 112 399
137 12 138 112 399
137 12 138 112 399
137 12 138 112 399
13 243 149 46 451
209 28 254 6 497
95 14 84 99 292
247 173 221 136 777
99 67 149 161 476
116 42 70 219 447
108 147 52 235 542
3 137 58 37 235
3 137 58 37 235
3 137 58 37 235
3 137 58 37 235
47 48 95 7 197
38 64 141 46 289
81 249 32 49 411
136 38 44 143 361
214 131 150 69 564
0 0 2 170 172
85 255 2 2 344
69 234 105 145 553
85 2 2 128 217
115 164 113 164 556
15 20 16 65 116
97 44 59 116 316
40 122 114 185 461
42 68 245 112 467
138 66 241 215 660
82 242 66 12 402
82 242 66 12 402
170 1 254 1 426
141 112 138 122 513
220 123 83 54 480
110 207 77 65 459
55 87 234 244 620
1 1 128 1 131
5 134 179 253 571
133 158 133 14 438
221 166 230 140 757
90 63 117 149 419
64 174 185 230 653
64 174 185 230 653
0 254 255 128 637
0 254 255 128 637
45 237 251 157 690
124 239 206 106 675
124 239 206 106 675
170 170 254 2 596
170 170 254 2 596
170 170 254 2 596
170 170 254 2 596
184 178 91 51 504
77 189 73 209 548
81 17 53 225 376
0 255 170 128 553
42 23 249 7 321
255 170 170 170 765
170 0 170 255 595
170 0 170 255 595
6 206 25 56 293
85 1 0 254 340
226 104 150 124 604
85 0 254 0 339
69 73 221 176 539
56 70 134 4 264
56 70 134 4 264
56 70 134 4 264
220 213 228 146 807
68 75 245 185 573
38 216 164 27 445
182 177 54 123 536
0 1 255 128 384
72 243 7 17 339
72 243 7 17 339
72 243 7 17 339
170 85 1 85 341
202 236 221 18 677
50 140 12 42 244
1 0 2 128 131
213 211 2 73 499
0 0 255 128 383
251 161 236 221 869
68 144 122 163 497
235 67 124 70 496
66 81 134 108 389
22 98 176 167 463
124 115 148 108 495
2 255 170 170 597
174 111 64 158 507
245 236 21 152 654
238 158 214 110 720
238 158 214 110 720
238 158 214 110 720
238 158 214 110 720
238 158 214 110 720
27 101 62 238 428
100 137 54 191 482
243 128 248 152 771
79 28 198 163 468
79 28 198 163 468
79 28 198 163 468
79 28 198 163 468
199 117 57 126 499
25 74 13 22 134
255 0 1 254 510
255 255 0 254 764
0 1 0 128 129
254 254 128 0 636
128 1 128 254 511
128 1 128 254 511
128 1 128 254 511
128 1 128 254 511
66 19 142 188 415
118 188 89 153 548
142 69 183 43 437
137 199 184 89 609
6 155 57 115 333
6 155 57 115 333
6 155 57 115 333
6 155 57 115 333
6 155 57 115 333
50 106 110 192 458
170 85 254 255 764
2 2 128 1 133
0 0 255 254 509
105 233 37 26 401
149 80 238 37 504
149 80 238 37 504
149 80 238 37 504
83 205 191 136 615
128 170 255 170 723
170 255 170 1 596
2 254 255 0 511
201 62 3 34 300
30 22 210 245 507
30 22 210 245 507
30 22 210 245 507
30 22 210 245 507
128 254 254 0 636
167 173 64 36 440
150 10 212 198 570
1 2 128 85 216
7 251 167 30 455
7 251 167 30 455
16 16 90 166 288
245 173 40 210 668
134 99 230 23 486
170 2 170 254 596
212 53 53 244 562
193 195 229 167 784
204 99 142 49 494
213 100 231 232 776
137 165 239 149 690
238 39 97 94 468
0 254 0 170 424
170 255 255 0 680
170 255 255 0 680
228 24 254 82 588
44 182 151 168 545
254 170 2 85 511
84 81 69 93 327
84 81 69 93 327
84 81 69 93 327
84 81 69 93 327
84 81 69 93 327
254 2 170 170 596
128 0 0 254 382
255 255 1 254 765
254 170 2 85 511
144 160 192 192 688
116 45 105 134 400
170 1 255 85 511
170 1 255 85 511
170 1 255 85 511
170 1 255 85 511
170 1 255 85 511
0 2 1 0 3
0 2 1 0 3
0 2 1 0 3
245 56 13 103 417
85 255 1 170 511
7 222 11 149 389
219 133 202 33 587
170 128 128 170 596
170 128 128 170 596
170 128 128 170 596
170 128 128 170 596
170 128 128 170 596
156 29 151 91 427
161 34 228 149 572
161 34 228 149 572
161 34 228 149 572
161 34 228 149 572
245 207 173 192 817
106 98 153 58 415
2 254 255 2 513
84 114 168 135 501
178 172 154 228 732
233 191 182 197 803
88 235 55 54 432
64 76 46 103 289
221 87 246 99 653
1 85 1 255 342
222 146 227 203 798
222 146 227 203 798
222 146 227 203 798
222 146 227 203 798
57 10 43 213 323
57 10 43 213 323
57 10 43 213 323
57 10 43 213 323
37 234 49 203 523
0 0 254 254 508
0 255 85 85 425
12 118 223 64 417
12 118 223 64 417
12 118 223 64 417
254 255 85 254 848
170 254 128 255 807
170 254 128 255 807
170 254 128 255 807
85 128 1 1 215
82 36 91 255 464
186 141 255 70 652
144 50 142 178 514
51 98 53 212 414
6 182 76 42 306
6 182 76 42 306
6 182 76 42 306
254 170 85 255 764
62 122 239 165 588
188 23 103 156 470
188 23 103 156 470
188 23 103 156 470
188 23 103 156 470
188 23 103 156 470
230 27 253 50 560
239 169 233 209 850
246 53 32 109 440
201 77 2 94 374
154 250 145 51 600
194 185 254 140 773
11 102 37 119 269
11 102 37 119 269
128 2 1 85 216
95 34 210 174 513
95 34 210 174 513
95 34 210 174 513
95 34 210 174 513
95 34 210 174 513
2 1 0 1 4
128 128 254 0 510
18 24 40 60 142
73 17 65 216 371
254 85 85 85 509
1 0 0 2 3
141 135 136 41 453
128 0 2 85 215
128 128 0 2 258
163 83 166 93 505
80 132 193 226 631
133 185 74 95 487
232 89 114 39 474
94 10 177 209 490
205 126 90 171 592
98 234 83 44 459
142 7 47 129 325
253 116 224 44 637
255 0 1 1 257
235 204 165 18 622
235 119 222 118 694
40 164 131 149 484
189 45 197 101 532
180 121 53 22 376
180 121 53 22 376
180 121 53 22 376
180 121 53 22 376
64 78 195 104 441
1 255 170 1 427
67 212 58 243 580
31 175 76 188 470
123 113 9 23 268
34 49 44 153 280
250 53 112 232 647
239 157 64 252 712
165 247 170 40 622
66 159 229 143 597
4 39 152 46 241
202 97 138 205 642
254 128 254 0 636
254 128 254 0 636
254 128 254 0 636
254 128 254 0 636
254 128 254 0 636
197 38 53 170 458
166 0 210 145 521
222 109 86 31 448
222 109 86 31 448
222 109 86 31 448
102 147 245 159 653
102 147 245 159 653
102 147 245 159 653
84 11 172 141 408
228 74 23 40 365
88 114 59 67 328
217 11 41 78 347
236 16 87 217 556
198 208 39 91 536
242 243 106 232 823
31 173 124 117 445
147 93 172 210 622
114 88 85 210 497
253 65 51 188 557
253 65 51 188 557
253 65 51 188 557
25 144 45 90 304
43 253 169 174 639
46 154 64 65 329
197 165 10 57 429
197 165 10 57 429
197 165 10 57 429
255 128 1 0 384
202 92 187 5 486
202 92 187 5 486
202 92 187 5 486
202 92 187 5 486
2 2 128 85 217
206 129 210 86 631
143 53 215 93 504
233 196 180 59 668
108 123 20 106 357
123 56 165 105 449
85 254 254 0 593
96 134 88 135 453
66 63 1 206 336
85 128 85 85 383
170 57 121 213 561
170 57 121 213 561
170 57 121 213 561
170 57 121 213 561
170 57 121 213 561
126 222 61 209 618
128 254 170 255 807
229 202 216 118 765
91 244 50 48 433
0 254 85 128 467
203 225 228 192 848
128 128 254 170 680
85 170 254 0 509
248 70 92 247 657
85 170 2 2 259
85 170 2 2 259
85 170 2 2 259
85 170 2 2 259
85 170 2 2 259
34 104 132 195 465
34 104 132 195 465
34 104 132 195 465
85 254 128 128 595
255 1 2 0 258
190 168 212 98 668
128 170 2 170 470
128 170 2 170 470
128 170 2 170 470
128 170 2 170 470
120 150 62 163 495
1 217 75 50 343
229 165 8 175 577
150 84 73 82 389
170 85 0 255 510
170 85 0 255 510
170 170 170 255 765
1 134 218 47 400
1 134 218 47 400
1 134 218 47 400
1 134 218 47 400
1 134 218 47 400
170 85 0 2 257
149 221 173 83 626
0 2 255 1 258
13 222 226 147 608
99 40 156 17 312
94 192 137 123 546
94 192 137 123 546
94 192 137 123 546
94 192 137 123 546
255 255 128 128 766
255 1 170 0 426
128 2 0 170 300
137 241 64 208 650
85 2 128 85 300
0 255 1 254 510
0 85 1 2 88
20 166 46 96 328
20 166 46 96 328
20 166 46 96 328
20 166 46 96 328
254 254 2 170 680
128 170 2 85 385
90 26 137 68 321
5 172 142 41 360
92 81 70 119 362
1 1 2 255 259
170 254 170 85 679
254 128 1 85 468
222 38 170 119 549
222 38 170 119 549
222 38 170 119 549
59 218 133 224 634
72 197 100 7 376
168 4 65 242 479
254 1 1 170 426
104 78 148 67 397
35 104 126 48 313
144 214 115 80 553
0 128 85 254 467
0 128 85 254 467
0 128 85 254 467
0 128 85 254 467
21 196 46 143 406
254 254 0 85 593
162 223 158 122 665
32 185 123 118 458
85 170 170 1 426
30 226 9 106 371
61 238 36 150 485
52 4 247 116 419
221 60 184 5 470
61 254 216 65 596
156 109 208 56 529
139 55 212 184 590
47 179 16 206 448
255 128 255 170 808
26 225 71 220 542
170 2 170 170 512
13 248 23 33 317
126 125 38 189 478
228 6 69 83 386
228 6 69 83 386
228 6 69 83 386
228 6 69 83 386
154 86 50 74 364
25 132 244 85 486
1 2 170 128 301
37 93 91 102 323
37 93 91 102 323
37 93 91 102 323
220 188 62 209 679
86 64 73 228 451
122 113 5 173 413
170 255 2 1 428
210 124 104 211 649
0 0 1 1 2
184 145 138 80 547
0 0 146 38 184
74 186 133 224 617
154 134 185 18 491
85 254 2 2 343
120 80 24 53 277
199 110 139 45 493
85 170 170 255 680
108 19 166 135 428
181 42 19 33 275
167 173 247 117 704
2 0 170 254 426
1 85 128 170 384
128 115 237 164 644
175 30 113 124 442
85 2 0 255 342
85 2 0 255 342
1 2 170 85 258
1 170 254 85 510
170 3 134 60 367
15 112 95 224 446
255 254 128 2 639
144 9 138 98 389
144 9 138 98 389
170 1 0 2 173
192 193 8 28 421
208 122 141 40 511
182 254 112 109 657
167 2 219 188 576
201 98 17 32 348
201 98 17 32 348
254 0 85 255 594
255 128 170 2 555
170 0 1 170 341
170 2 2 85 259
116 201 114 74 505
116 201 114 74 505
246 51 169 236 702
31 233 134 193 591
184 31 92 133 440
254 128 128 255 765
85 170 254 85 594
85 170 254 85 594
146 88 152 52 438
251 81 209 195 736
251 81 209 195 736
134 54 140 217 545
255 2 255 85 597
255 255 128 128 766
155 34 4 55 248
85 85 85 128 383
146 62 131 157 496
146 62 131 157 496
146 62 131 157 496
182 48 47 148 425
2 2 254 254 512
2 2 254 254 512
2 2 254 254 512
254 170 254 0 678
73 131 228 106 538
185 216 174 48 623
76 151 160 66 453
29 172 50 105 356
170 2 254 1 427
194 238 83 201 716
255 170 255 254 934
87 191 246 154 678
87 191 246 154 678
87 191 246 154 678
87 191 246 154 678
164 174 83 80 501
164 174 83 80 501
164 174 83 80 501
50 173 212 166 601
1 85 1 128 215
255 73 88 107 523
47 189 122 195 553
2 2 2 128 134
153 95 77 93 418
7 58 169 145 379
103 115 36 41 295
14 244 110 93 461
41 50 67 219 377
144 31 253 170 598
170 1 85 255 511
170 1 85 255 511
170 1 85 255 511
170 1 85 255 511
2 1 0 85 88
2 1 0 85 88
2 1 0 85 88
85 128 2 170 385
85 128 2 170 385
255 170 2 85 512
255 170 2 85 512
255 170 2 85 512
255 170 2 85 512
196 26 29 94 345
0 128 170 170 468
179 91 145 147 562
179 91 145 147 562
179 91 145 147 562
39 233 63 186 521
170 128 1 170 469
0 207 231 108 546
234 111 85 83 513
118 207 142 252 719
85 0 170 128 383
85 0 170 128 383
187 205 125 246 763
25 47 6 111 189
0 254 254 2 510
0 2 128 128 258
253 101 235 230 819
131 141 167 8 447
92 215 153 166 626
170 105 185 144 604
170 105 185 144 604
170 105 185 144 604
170 105 185 144 604
33 20 198 138 389
57 91 205 25 378
203 163 11 9 386
1 128 0 170 299
61 20 73 89 243
1 2 255 85 343
128 255 170 2 555
225 161 114 42 542
225 161 114 42 542
206 96 251 17 570
55 221 116 54 446
55 221 116 54 446
55 221 116 54 446
55 221 116 54 446
55 221 116 54 446
121 235 246 242 844
109 162 196 115 582
0 2 170 170 342
254 255 170 2 681
211 126 16 19 372
206 97 107 197 607
104 94 245 4 447
124 188 95 94 501
105 96 35 174 410
61 182 89 171 503
8 170 228 150 556
143 126 235 185 689
143 126 235 185 689
143 126 235 185 689
62 171 143 33 409
247 92 77 152 568
85 2 128 128 343
85 2 128 128 343
85 2 128 128 343
150 116 145 182 593
254 2 254 255 765
1 0 254 254 509
8 113 122 107 350
151 204 82 217 654
192 250 110 65 617
151 243 255 68 717
151 243 255 68 717
137 193 17 207 554
169 137 58 54 418
170 170 0 0 340
85 170 85 128 468
209 125 145 71 550
90 183 174 157 604
119 107 63 95 384
216 80 121 114 531
208 244 243 74 769
209 127 122 181 639
99 3 137 251 490
255 26 131 216 628
113 182 122 19 436
113 182 122 19 436
0 85 1 1 87
255 170 1 1 427
147 233 15 59 454
171 208 140 182 701
187 141 186 9 523
15 19 0 212 246
181 241 201 193 816
54 170 174 54 452
223 80 197 43 543
0 2 0 255 257
0 2 0 255 257
0 2 0 255 257
0 2 0 255 257
0 2 0 255 257
119 201 203 124 647
2 1 0 1 4
193 169 179 119 660
193 169 179 119 660
193 169 179 119 660
254 2 85 1 342
124 100 14 152 390
135 235 105 66 541
136 6 152 110 404
73 233 7 161 474
245 97 94 141 577
199 47 17 60 323
81 33 67 108 289
218 226 162 152 758
233 165 29 138 565
201 87 48 138 474
252 5 183 96 536
147 110 145 37 439
147 110 145 37 439
147 110 145 37 439
147 110 145 37 439
2 128 1 2 133
0 170 170 0 340
1 170 0 1 172
181 206 51 182 620
0 254 1 254 509
0 254 1 254 509
128 0 2 255 385
128 0 2 255 385
252 146 205 250 853
252 146 205 250 853
252 146 205 250 853
252 146 205 250 853
252 146 205 250 853
180 216 205 5 606
1 255 1 170 427
119 68 209 38 434
115 240 169 33 557
1 85 170 85 341
108 117 134 32 391
108 117 134 32 391
108 117 134 32 391
170 255 254 1 680
170 255 254 1 680
170 255 254 1 680
105 241 4 70 420
2 255 1 255 513
162 167 182 125 636
254 1 170 2 427
152 143 101 217 613
170 0 170 2 342
139 55 173 113 480
2 2 0 0 4
177 240 179 180 776
85 170 85 254 594
174 5 116 151 446
147 2 15 87 251
216 193 159 70 638
85 85 0 128 298
102 190 162 55 509
174 78 39 220 511
155 81 15 65 316
170 255 85 255 765
85 255 128 170 638
128 170 128 170 596
128 170 128 170 596
128 170 128 170 596
128 170 128 170 596
128 85 170 254 637
143 51 198 121 513
101 11 212 11 335
228 160 181 174 743
1 128 0 2 131
77 175 175 16 443
77 175 175 16 443
77 175 175 16 443
77 175 175 16 443
77 175 175 16 443
23 40 189 61 313
182 177 27 113 499
255 1 254 254 764
184 141 179 185 689
184 141 179 185 689
254 255 255 2 766
254 255 255 2 766
254 255 255 2 766
254 255 255 2 766
254 255 255 2 766
207 137 182 13 539
88 189 154 251 682
170 0 2 128 300
254 0 254 254 762
55 112 177 117 461
228 34 179 5 446
109 173 152 234 668
122 242 120 217 701
254 85 2 254 595
20 210 107 126 463
187 250 163 217 817
185 5 46 83 319
47 229 150 61 487
222 193 84 138 637
188 76 158 105 527
12 172 136 246 566
12 172 136 246 566
12 172 136 246 566
164 248 57 45 514
50 99 63 227 439
254 170 128 0 552
254 170 128 0 552
101 107 226 59 493
114 56 197 201 568
121 29 190 162 502
104 141 250 79 574
170 0 85 0 255
2 170 170 1 343
2 170 170 1 343
2 170 170 1 343
2 170 170 1 343
85 128 0 254 467
112 59 68 56 295
115 164 231 157 667
1 2 0 0 3
247 127 151 137 662
247 127 151 137 662
247 127 151 137 662
67 17 64 211 359
2 83 210 1 296
174 207 186 197 764
121 84 112 96 413
126 222 22 160 530
1 255 1 1 258
219 155 218 79 671
42 0 218 225 485
34 92 80 190 396
108 116 247 78 549
254 2 254 2 512
200 182 87 217 686
255 254 254 255 1018
255 254 254 255 1018
255 254 254 255 1018
131 192 198 20 541
24 146 88 132 390
24 146 88 132 390
24 146 88 132 390
39 4 55 85 183
16 237 131 61 445
72 57 217 247 593
160 67 89 44 360
202 210 99 6 517
37 252 28 198 515
227 111 80 90 508
111 209 155 187 662
111 209 155 187 662
170 170 1 170 511
238 134 224 9 605
248 116 10 132 506
248 116 10 132 506
68 63 1 233 365
68 63 1 233 365
41 214 113 134 502
254 255 2 255 766
254 170 255 1 680
135 182 227 239 783
85 170 1 170 426
193 98 205 14 510
0 85 2 170 257
189 149 202 137 677
88 63 254 24 429
115 113 251 183 662
18 69 115 122 324
27 60 141 107 335
85 1 255 255 596
170 85 254 85 594
182 158 250 207 797
85 85 255 0 425
156 41 131 142 470
0 85 2 2 89
170 255 0 170 595
2 0 170 254 426
2 0 170 254 426
2 0 170 254 426
9 60 212 141 422
4 242 141 35 422
249 63 3 168 483
2 2 85 0 89
194 220 39 215 668
53 132 48 174 407
53 132 48 174 407
53 132 48 174 407
53 132 48 174 407
252 176 115 4 547
0 1 170 2 173
1 164 97 228 490
2 1 0 128 131
151 161 221 26 559
85 2 128 128 343
96 252 47 34 429
57 74 115 67 313
110 179 187 180 656
50 0 229 147 426
128 170 255 255 808
40 187 220 60 507
40 187 220 60 507
40 187 220 60 507
40 187 220 60 507
52 107 98 106 363
50 155 215 14 434
128 85 2 1 216
120 177 120 49 466
48 69 35 229 381
112 43 131 213 499
3 122 171 70 366
128 254 1 128 511
138 233 118 173 662
238 125 167 85 615
244 27 53 245 569
26 124 194 171 515
23 84 65 28 200
47 119 173 132 471
28 33 50 183 294
128 128 2 128 386
128 128 2 128 386
128 128 2 128 386
40 204 174 20 438
255 0 1 0 256
185 191 53 129 558
66 120 191 16 393
145 200 147 223 715
173 103 158 100 534
54 132 247 53 486
85 170 170 170 595
254 2 2 0 258
255 254 1 170 680
128 2 85 2 217
254 170 2 2 428
255 2 1 85 343
90 165 251 4 510
145 212 47 86 490
163 205 174 48 590
19 242 38 1 300
0 0 170 254 424
0 0 170 254 424
255 85 254 128 722
78 132 20 179 409
105 3 206 168 482
241 76 67 239 623
128 0 0 255 383
255 2 85 2 344
68 121 13 99 301
255 254 255 254 1018
88 142 126 199 555
38 119 249 10 416
53 145 150 222 570
255 170 254 255 934
133 190 7 207 537
226 253 53 173 705
42 54 235 12 343
20 162 35 155 372
44 15 254 182 495
89 99 2 31 221
14 252 56 19 341
14 252 56 19 341
139 5 250 2 396
226 145 204 218 793
206 109 7 252 574
105 17 14 73 209
7 92 184 201 484
254 1 0 1 256
254 0 0 128 382
1 0 2 170 173
140 245 237 105 727
140 245 237 105 727
140 245 237 105 727
140 245 237 105 727
140 245 237 105 727
2 1 1 128 132
255 2 0 1 258
174 67 85 30 356
72 50 212 245 579
59 148 187 73 467
65 168 122 50 405
65 168 122 50 405
252 109 221 228 810
128 128 1 85 342
231 176 103 253 763
4 99 236 247 586
4 99 236 247 586
159 72 124 95 450
159 72 124 95 450
170 2 1 170 343
248 165 253 209 875
239 37 26 223 525
152 235 0 51 438
199 27 62 216 504
254 128 0 1 383
85 255 170 85 595
255 128 170 128 681
219 57 205 237 718
153 77 36 30 296
124 53 210 12 399
151 52 11 174 388
170 170 1 254 595
64 87 233 241 625
13 155 110 52 330
97 44 231 147 519
246 109 246 28 629
90 92 136 229 547
255 170 170 128 723
98 45 116 231 490
37 196 50 132 415
157 230 96 89 572
170 254 170 2 596
236 52 253 3 544
236 52 253 3 544
236 52 253 3 544
236 52 253 3 544
236 52 253 3 544
154 195 51 34 434
68 66 58 45 237
1 148 15 18 182
255 0 1 254 510
188 187 99 111 585
188 187 99 111 585
2 2 254 85 343
37 226 40 181 484
37 226 40 181 484
204 232 134 62 632
97 187 105 150 539
27 52 8 129 216
172 178 244 128 722
192 164 34 74 464
0 170 85 85 340
254 0 170 1 425
1 254 1 1 257
61 50 168 34 313
255 0 128 254 637
1 147 234 109 491
61 160 108 99 428
216 40 90 126 472
48 18 113 52 231
1 0 0 128 129
174 60 34 148 416
122 113 139 160 534
2 128 1 1 132
2 128 1 1 132
2 128 1 1 132
2 128 1 1 132
2 128 1 1 132
241 251 96 132 720
221 12 183 33 449
2 1 2 2 7
245 234 202 17 698
2 128 128 128 386
62 67 195 163 487
128 85 2 128 343
235 177 61 159 632
67 137 175 140 519
77 180 180 238 675
128 2 1 0 131
128 2 1 0 131
16 136 67 91 310
11 119 198 91 419
131 233 243 34 641
0 234 49 45 328
29 252 1 160 442
255 85 170 2 512
129 72 235 48 484
2 255 128 85 470
255 128 128 0 511
145 3 33 103 284
10 161 165 187 523
112 27 37 198 374
255 128 254 1 638
94 157 254 25 530
148 133 86 69 436
0 1 85 254 340
30 189 43 1 263
175 230 27 52 484
250 0 86 162 498
250 0 86 162 498
19 42 65 15 141
22 217 15 236 490
79 98 154 187 518
32 20 3 136 191
32 20 3 136 191
194 15 113 17 339
254 128 255 85 722
108 237 241 31 617
186 42 222 57 507
186 42 222 57 507
186 42 222 57 507
186 42 222 57 507
251 57 105 80 493
117 9 65 194 385
40 41 240 89 410
195 81 200 31 507
195 81 200 31 507
195 81 200 31 507
195 81 200 31 507
195 81 200 31 507
21 68 94 252 435
21 68 94 252 435
106 40 219 71 436
106 40 219 71 436
106 40 219 71 436
106 40 219 71 436
106 40 219 71 436
21 20 97 173 311
71 163 213 179 626
254 1 85 255 595
111 169 164 162 606
85 2 2 85 174
231 9 179 93 512
133 142 164 190 629
125 164 227 113 629
143 251 234 223 851
131 51 3 9 194
131 51 3 9 194
131 51 3 9 194
131 51 3 9 194
85 0 254 1 340
203 160 70 86 519
249 58 160 130 597
249 58 160 130 597
202 135 135 224 696
254 254 0 170 678
68 17 204 182 471
195 184 106 101 586
128 128 170 254 680
77 179 91 36 383
100 43 21 179 343
156 144 101 143 544
85 1 85 85 256
0 1 128 1 130
141 117 8 214 480
23 21 43 138 225
128 128 0 0 256
255 254 170 170 849
182 220 78 68 548
25 17 250 1 293
38 116 248 205 607
38 116 248 205 607
240 176 1 250 667
170 1 170 0 341
146 80 38 127 391
0 255 85 254 594
0 255 85 254 594
0 255 85 254 594
0 255 85 254 594
128 2 1 85 216
241 123 108 202 674
114 178 59 155 506
219 137 9 2 367
219 137 9 2 367
1 61 149 2 213
1 61 149 2 213
255 170 2 0 427
117 220 151 247 735
117 220 151 247 735
117 220 151 247 735
117 220 151 247 735
161 25 224 216 626
24 57 118 175 374
24 57 118 175 374
24 57 118 175 374
24 57 118 175 374
24 57 118 175 374
96 186 100 119 501
134 142 98 200 574
26 224 214 197 661
97 135 194 4 430
97 135 194 4 430
97 135 194 4 430
120 19 97 22 258
120 19 97 22 258
120 19 97 22 258
120 19 97 22 258
81 49 209 155 494
199 150 199 230 778
199 150 199 230 778
53 40 122 189 404
180 96 141 40 457
61 38 51 146 296
163 137 11 45 356
178 247 131 67 623
178 247 131 67 623
178 247 131 67 623
178 247 131 67 623
36 45 216 48 345
120 6 54 11 191
238 51 118 225 632
216 225 34 33 508
128 0 254 128 510
121 48 61 136 366
121 48 61 136 366
121 48 61 136 366
121 48 61 136 366
114 97 226 23 460
0 170 170 128 468
0 1 254 1 256
0 255 1 254 510
0 255 1 254 510
0 255 1 254 510
0 255 1 254 510
0 255 1 254 510
63 79 167 212 521
63 79 167 212 521
63 79 167 212 521
63 79 167 212 521
75 165 70 33 343
75 165 70 33 343
136 17 44 114 311
84 7 255 179 525
2 1 128 254 385
2 1 128 254 385
2 1 128 254 385
64 191 235 158 648
255 1 128 1 385
254 254 255 0 763
236 69 197 32 534
109 166 254 218 747
205 162 252 214 833
205 162 252 214 833
205 162 252 214 833
205 162 252 214 833
205 162 252 214 833
220 183 252 156 811
31 93 216 33 373
149 180 238 132 699
105 2 183 33 323
105 2 183 33 323
170 79 148 187 584
241 232 46 76 595
241 232 46 76 595
241 232 46 76 595
241 232 46 76 595
17 254 246 216 733
109 141 8 14 272
2 0 170 170 342
9 145 100 165 419
128 0 170 254 552
20 131 253 25 429
64 81 198 198 541
143 105 137 187 572
103 236 113 123 575
1 2 0 1 4
254 1 128 128 511
23 250 146 140 559
23 250 146 140 559
2 85 254 128 469
111 102 197 126 536
167 234 8 229 638
174 247 227 188 836
92 33 166 160 451
170 128 170 85 553
157 2 126 33 318
198 1 245 226 670
69 29 209 15 322
116 158 32 197 503
238 176 91 31 536
126 99 29 102 356
43 71 199 165 478
128 254 1 255 638
254 1 2 170 427
254 1 2 170 427
125 237 181 123 666
1 170 2 1 174
1 170 2 1 174
1 170 2 1 174
230 44 137 207 618
166 236 104 231 737
170 0 0 85 255
170 0 0 85 255
142 127 167 56 492
145 226 191 63 625
45 42 215 66 368
45 42 215 66 368
45 42 215 66 368
45 42 215 66 368
199 124 38 164 525
99 134 218 223 674
36 81 154 255 526
163 158 26 137 484
67 12 232 29 340
63 179 109 239 590
157 30 197 145 529
93 237 34 81 445
218 183 126 114 641
91 116 225 9 441
142 167 174 172 655
128 1 170 128 427
141 229 107 116 593
153 26 1 221 401
0 170 255 255 680
241 167 182 27 617
47 7 178 58 290
47 7 178 58 290
17 211 83 146 457
17 211 83 146 457
17 211 83 146 457
36 244 139 97 516
128 255 254 2 639
9 216 181 137 543
88 61 162 154 465
209 139 240 231 819
209 139 240 231 819
209 139 240 231 819
209 139 240 231 819
209 139 240 231 819
244 76 30 233 583
128 170 85 2 385
204 110 247 96 657
16 229 15 164 424
128 254 85 255 722
105 92 112 129 438
254 85 128 0 467
57 193 217 123 590
217 252 236 123 828
195 55 201 181 632
195 55 201 181 632
195 55 201 181 632
195 55 201 181 632
195 55 201 181 632
40 54 121 243 458
40 54 121 243 458
40 54 121 243 458
177 204 5 191 577
2 85 255 170 512
254 1 170 85 510
193 206 23 194 616
180 22 174 54 430
32 194 72 80 378
135 237 5 116 493
254 170 128 254 806
0 1 0 170 171
0 1 0 170 171
0 1 0 170 171
0 1 0 170 171
0 1 0 170 171
238 144 154 115 651
104 127 112 149 492
186 196 3 172 557
28 170 35 58 291
0 1 255 170 426
0 1 255 170 426
0 1 255 170 426
190 106 24 226 546
214 217 176 245 852
138 50 43 188 419
3 197 201 229 630
85 170 1 254 510
85 255 128 85 553
213 15 155 203 586
170 254 170 2 596
114 197 22 0 333
135 12 95 37 279
86 122 120 24 352
119 121 101 154 495
22 224 179 67 492
0 2 85 85 172
1 2 170 85 258
194 240 60 157 651
110 13 167 228 518
2 170 255 170 597
215 130 91 172 608
161 54 129 4 348
245 236 106 5 592
0 255 1 0 256
220 239 53 150 662
2 128 0 1 131
85 85 0 255 425
170 128 2 1 301
254 0 128 1 383
254 0 128 1 383
124 141 250 134 649
254 2 1 255 512
197 210 33 201 641
197 210 33 201 641
197 210 33 201 641
197 210 33 201 641
197 210 33 201 641
163 86 187 113 549
68 95 135 255 553
254 255 2 255 766
154 247 110 72 583
0 85 128 170 383
126 178 117 9 430
89 107 207 45 448
89 107 207 45 448
208 101 210 106 625
208 101 210 106 625
250 206 183 176 815
250 206 183 176 815
250 206 183 176 815
250 206 183 176 815
250 206 183 176 815
150 25 54 175 404
119 233 183 37 572
128 0 170 255 553
1 85 2 0 88
22 194 198 36 450
57 105 42 4 208
170 85 0 1 256
37 62 48 115 262
37 62 48 115 262
37 62 48 115 262
37 62 48 115 262
45 147 177 112 481
33 184 152 34 403
188 65 184 200 637
170 0 2 0 172
162 15 224 82 483
128 128 254 255 765
0 2 85 170 257
254 1 85 170 510
251 127 66 12 456
251 127 66 12 456
251 127 66 12 456
251 127 66 12 456
251 127 66 12 456
2 85 1 2 90
170 255 1 2 428
255 255 85 254 849
2 255 85 128 470
181 122 46 110 459
85 254 2 0 341
255 85 170 128 638
170 2 85 254 511
49 233 241 227 750
10 102 200 128 440
186 155 133 51 525
186 155 133 51 525
186 155 133 51 525
105 10 176 142 433
83 206 4 175 468
225 141 103 188 657
59 104 46 220 429
23 214 137 135 509
165 89 2 55 311
208 77 159 7 451
255 170 255 2 682
255 170 255 2 682
255 170 255 2 682
255 170 255 2 682
255 170 255 2 682
149 10 56 87 302
163 200 219 17 599
126 0 80 251 457
126 0 80 251 457
126 0 80 251 457
159 84 239 170 652
253 177 228 131 789
71 88 63 241 463
224 146 35 170 575
152 110 72 243 577
152 110 72 243 577
152 110 72 243 577
152 110 72 243 577
228 64 147 104 543
0 128 254 255 637
254 2 0 254 510
254 2 0 254 510
254 2 0 254 510
254 2 0 254 510
184 225 51 110 570
22 17 110 218 367
194 58 140 66 458
15 37 174 117 343
85 223 166 57 531
226 149 194 165 734
1 2 128 254 385
1 2 128 254 385
190 64 177 28 459
85 254 2 85 426
85 254 2 85 426
85 254 2 85 426
85 254 2 85 426
11 78 110 5 204
170 0 128 2 300
243 86 118 247 694
0 254 2 0 256
138 192 67 34 431
244 177 155 70 646
211 238 153 246 848
180 138 22 59 399
170 255 170 255 850
183 91 133 204 611
172 127 235 205 739
128 0 85 1 214
170 85 85 2 342
0 170 255 2 427
0 170 255 2 427
0 170 255 2 427
0 170 255 2 427
0 170 255 2 427
165 219 186 141 711
174 140 173 137 624
127 50 217 161 555
128 0 170 0 298
170 255 2 254 681
45 178 208 7 438
145 3 134 91 373
1 2 0 254 257
247 96 11 175 529
198 160 107 102 567
254 0 85 1 340
128 84 212 196 620
147 163 235 85 630
154 147 162 165 628
110 188 208 235 741
85 1 170 128 384
177 41 243 156 617
1 2 0 0 3
216 94 142 197 649
89 22 206 34 351
89 22 206 34 351
176 232 15 254 677
0 2 254 128 384
0 2 254 128 384
113 210 80 179 582
1 255 2 128 386
1 255 2 128 386
1 255 2 128 386
2 254 0 254 510
65 206 200 157 628
251 20 112 203 586
131 59 205 213 608
99 37 38 76 250
162 226 134 50 572
212 144 148 202 706
239 58 8 205 510
255 78 78 71 482
255 78 78 71 482
255 78 78 71 482
1 255 1 255 512
1 255 1 255 512
1 255 1 255 512
43 145 149 168 505
237 45 120 171 573
30 26 113 81 250
0 1 170 85 256
254 142 224 190 810
85 242 66 241 634
17 147 71 99 334
159 207 106 46 518
85 255 85 128 553
17 122 134 234 507
180 144 72 81 477
254 128 85 128 595
106 61 129 252 548
34 236 251 250 771
245 49 228 209 731
62 98 82 18 260
245 163 73 125 606
108 95 209 45 457
255 1 170 128 554
0 170 255 2 427
128 170 254 0 552
152 164 248 134 698
168 188 60 216 632
162 186 224 81 653
170 1 128 254 553
170 128 85 2 385
29 44 48 238 359
254 254 0 1 509
254 170 85 0 509
73 140 70 100 383
73 140 70 100 383
128 170 255 128 681
128 2 2 170 302
103 144 139 204 590
38 165 90 246 539
66 202 2 156 426
18 173 55 120 366
156 77 200 223 656
147 199 113 36 495
238 193 172 50 653
2 85 255 128 470
58 53 248 59 418
28 149 99 172 448
254 0 170 1 425
228 250 92 116 686
191 106 95 103 495
117 208 208 232 765
85 47 137 36 305
254 2 255 170 681
31 40 9 180 260
238 46 52 209 545
227 66 32 95 420
9 3 5 157 174
0 255 170 128 553
0 128 170 255 553
140 65 223 187 615
106 166 213 175 660
106 166 213 175 660
254 2 2 128 386
0 254 85 2 341
47 245 16 191 499
254 0 170 0 424
189 59 246 62 556
255 170 254 254 933
134 121 212 140 607
134 121 212 140 607
134 121 212 140 607
134 121 212 140 607
143 54 95 185 477
197 175 131 202 705
158 189 165 136 648
128 254 1 2 385
230 247 76 22 575
212 98 124 170 604
254 170 254 85 763
122 26 91 31 270
170 1 170 2 343
71 166 154 65 456
11 163 35 106 315
128 1 0 254 383
128 1 85 255 469
128 1 85 255 469
128 1 85 255 469
128 1 85 255 469
107 95 168 218 588
231 229 41 128 629
205 59 33 188 485
157 252 80 156 645
157 252 80 156 645
157 252 80 156 645
157 252 80 156 645
1 1 128 170 300
150 243 101 48 542
255 11 172 135 573
233 145 177 43 598
0 113 118 186 417
34 126 2 241 403
255 0 170 85 510
170 128 254 170 722
0 85 254 85 424
40 250 147 213 650
2 38 82 102 224
128 170 170 254 722
200 153 167 26 546
1 2 128 0 131
77 171 41 6 295
112 211 141 31 495
54 169 29 144 396
85 170 255 85 595
122 107 116 239 584
122 107 116 239 584
122 107 116 239 584
122 107 116 239 584
122 107 116 239 584
89 51 141 93 374
89 51 141 93 374
89 51 141 93 374
89 51 141 93 374
89 51 141 93 374
2 1 0 0 3
210 79 65 243 597
0 0 0 0 0
0 254 254 0 508
137 211 159 154 661
59 11 96 143 309
129 123 157 236 645
2 254 254 255 765
0 254 170 128 552
85 101 149 67 402
188 223 248 252 911
27 10 167 255 459
151 12 26 111 300
9 120 90 126 345
9 120 90 126 345
9 120 90 126 345
139 172 148 228 687
139 172 148 228 687
139 172 148 228 687
139 172 148 228 687
53 218 73 76 420
53 218 73 76 420
53 218 73 76 420
87 95 53 251 486
141 113 233 169 656
170 2 170 85 427
23 8 113 66 210
249 100 22 177 548
249 100 22 177 548
249 100 22 177 548
249 100 22 177 548
249 100 22 177 548
54 148 31 145 378
68 197 163 168 596
29 247 202 238 716
29 247 202 238 716
128 0 1 2 131
128 0 1 2 131
128 0 1 2 131
128 0 1 2 131
0 0 254 128 382
85 170 85 2 342
184 0 150 2 336
0 170 2 255 427
158 123 187 249 717
158 123 187 249 717
1 15 134 135 285
96 215 178 253 742
0 170 85 255 510
0 170 85 255 510
0 170 85 255 510
0 170 85 255 510
0 170 85 255 510
105 34 197 70 406
105 34 197 70 406
105 34 197 70 406
105 34 197 70 406
252 231 222 173 878
31 17 18 218 284
85 54 13 133 285
1 85 85 85 256
239 21 81 134 475
1 111 218 150 480
1 111 218 150 480
98 36 13 224 371
15 41 22 55 133
241 118 46 112 517
69 146 60 87 362
69 146 60 87 362
69 146 60 87 362
69 146 60 87 362
69 146 60 87 362
122 211 73 138 544
1 2 85 128 216
1 2 85 128 216
1 2 85 128 216
1 2 85 128 216
138 130 103 198 569
72 108 196 78 454
170 128 170 1 469
135 36 96 99 366
245 233 155 124 757
170 85 1 254 510
20 242 9 184 455
115 18 139 67 339
2 170 1 0 173
99 11 221 110 441
99 11 221 110 441
99 11 221 110 441
99 11 221 110 441
99 11 221 110 441
2 85 2 255 344
2 85 2 255 344
2 85 2 255 344
2 85 2 255 344
2 85 2 255 344
7 108 177 88 380
0 85 2 2 89
0 1 128 128 257
111 244 156 35 546
102 55 239 230 626
254 1 0 0 255
255 254 0 0 509
225 46 140 82 493
151 217 155 93 616
48 136 232 17 433
169 163 190 60 582
238 111 69 216 634
179 193 249 149 770
145 164 116 152 577
145 164 116 152 577
19 91 144 80 334
2 128 128 254 512
85 175 73 71 404
85 2 170 170 427
111 184 83 147 525
1 170 255 2 428
85 2 1 255 343
129 206 117 159 611
215 152 228 46 641
91 87 54 124 356
226 53 174 213 666
226 53 174 213 666
226 53 174 213 666
226 53 174 213 666
35 156 156 53 400
162 207 29 234 632
57 83 52 14 206
122 139 96 152 509
198 103 83 249 633
226 209 240 165 840
126 245 225 196 792
140 139 180 2 461
2 254 255 128 639
150 31 189 89 459
21 232 81 18 352
189 111 84 135 519
170 1 128 2 301
179 157 176 83 595
99 58 203 101 461
255 0 85 170 510
0 254 85 255 594
4 28 62 149 243
4 28 62 149 243
4 28 62 149 243
4 28 62 149 243
4 28 62 149 243
254 85 2 254 595
249 23 57 145 474
160 186 80 67 493
70 56 254 238 618
94 175 138 160 567
247 128 183 73 631
254 254 85 170 763
19 29 252 200 500
153 130 37 124 444
150 253 191 25 619
150 253 191 25 619
150 253 191 25 619
128 1 0 0 129
251 254 129 171 805
12 131 49 2 194
253 163 134 197 747
191 167 163 235 756
85 2 2 254 343
149 185 27 84 445
254 2 1 254 511
254 2 1 254 511
254 2 1 254 511
39 104 37 104 284
128 128 170 1 427
2 1 85 128 216
243 73 11 203 530
167 130 176 108 581
205 148 23 242 618
156 21 16 175 368
85 128 254 2 469
2 170 2 85 259
26 29 143 11 209
48 11 154 67 280
104 207 96 222 629
212 60 115 177 564
196 24 158 233 611
92 105 30 182 409
27 210 226 116 579
133 216 160 243 752
133 216 160 243 752
133 216 160 243 752
2 1 0 128 131
101 37 193 59 390
207 17 138 170 532
254 170 255 170 849
139 150 124 1 414
85 128 85 128 426
85 128 85 128 426
255 128 254 0 637
6 102 202 66 376
6 102 202 66 376
6 102 202 66 376
6 102 202 66 376
1 254 255 170 680
1 254 255 170 680
1 254 255 170 680
1 254 255 170 680
1 254 255 170 680
54 52 228 154 488
48 182 183 84 497
48 182 183 84 497
48 182 183 84 497
48 182 183 84 497
11 31 16 17 75
172 35 6 83 296
172 35 6 83 296
172 35 6 83 296
172 35 6 83 296
172 35 6 83 296
135 75 10 19 239
3 76 168 5 252
216 237 123 44 620
229 157 177 232 795
229 157 177 232 795
229 157 177 232 795
229 157 177 232 795
167 249 57 56 529
0 255 255 255 765
225 229 87 171 712
193 115 85 164 557
162 3 31 228 424
162 3 31 228 424
162 3 31 228 424
162 3 31 228 424
2 0 128 0 130
84 230 188 30 532
21 25 245 164 455
26 204 8 79 317
26 204 8 79 317
26 204 8 79 317
26 204 8 79 317
26 204 8 79 317
36 171 209 31 447
115 232 90 240 677
100 216 129 102 547
5 147 133 53 338
223 130 225 82 660
183 90 197 157 627
13 73 218 18 322
134 156 231 232 753
76 188 12 252 528
235 63 95 66 459
235 63 95 66 459
235 63 95 66 459
75 167 238 242 722
4 60 67 156 287
1 254 255 1 511
111 156 169 115 551
73 144 180 231 628
85 2 170 0 257
46 14 207 178 445
46 14 207 178 445
46 14 207 178 445
46 14 207 178 445
46 14 207 178 445
29 209 226 106 570
254 23 101 111 489
254 23 101 111 489
254 23 101 111 489
255 85 2 128 470
143 66 211 237 657
1 0 85 170 256
173 69 119 149 510
11 26 151 176 364
170 254 0 2 426
70 68 177 253 568
128 0 128 1 257
115 119 195 242 671
255 255 254 1 765
252 253 183 195 883
252 253 183 195 883
252 253 183 195 883
0 128 254 170 552
254 128 255 128 765
254 128 255 128 765
254 128 255 128 765
254 128 255 128 765
254 128 255 128 765
2 170 2 0 174
1 255 255 85 596
2 128 85 254 469
1 254 2 1 258
182 190 94 251 717
182 190 94 251 717
182 190 94 251 717
185 234 24 139 582
185 234 24 139 582
47 204 198 113 562
106 231 176 55 568
34 186 59 252 531
130 237 160 209 736
172 61 112 166 511
149 65 54 10 278
57 104 106 19 286
254 170 170 254 848
67 221 81 215 584
67 221 81 215 584
67 221 81 215 584
170 2 0 1 173
0 255 85 2 342
254 255 1 0 510
254 255 1 0 510
54 36 148 85 323
254 1 85 128 468
196 171 224 244 835
1 2 85 2 90
115 150 140 161 566
54 58 181 109 402
128 155 173 187 643
140 40 148 163 491
126 170 65 155 516
219 31 99 84 433
109 174 63 170 516
0 2 128 170 300
175 132 71 150 528
33 110 50 41 234
173 205 171 120 669
53 86 87 42 268
241 228 112 64 645
241 228 112 64 645
241 228 112 64 645
241 228 112 64 645
121 133 55 94 403
30 46 82 221 379
79 45 198 109 431
0 1 254 254 509
254 1 170 85 510
172 67 193 43 475
156 169 71 236 632
99 164 46 210 519
111 118 101 71 401
235 191 117 89 632
49 17 58 70 194
37 18 100 244 399
37 18 100 244 399
37 18 100 244 399
37 18 100 244 399
37 18 100 244 399
254 85 170 2 511
170 255 0 170 595
170 255 0 170 595
194 105 105 108 512
42 1 205 126 374
178 68 180 119 545
31 224 60 176 491
229 43 155 204 631
128 78 178 60 444
85 170 128 254 637
128 170 85 254 637
180 248 134 198 760
186 228 75 5 494
124 71 106 160 461
135 155 64 213 567
229 110 113 182 634
229 110 113 182 634
229 110 113 182 634
210 6 102 97 415
199 129 55 236 619
211 150 242 90 693
165 73 40 210 488
47 173 138 60 418
9 10 112 216 347
9 10 112 216 347
9 10 112 216 347
9 10 112 216 347
9 10 112 216 347
216 172 89 168 645
128 2 128 254 512
249 98 194 144 685
255 2 0 1 258
37 30 161 21 249
20 171 224 252 667
244 110 128 38 520
254 85 0 85 424
102 36 199 61 398
139 241 116 198 694
87 54 142 20 303
87 54 142 20 303
87 54 142 20 303
87 54 142 20 303
129 168 68 253 618
115 142 91 36 384
221 14 178 3 416
8 177 139 116 440
12 113 82 33 240
12 113 82 33 240
254 128 128 255 765
85 170 0 85 340
0 2 255 170 427
136 18 226 21 401
47 68 207 43 365
255 2 0 0 257
78 197 112 221 608
174 66 1 200 441
5 49 236 139 429
225 102 178 221 726
12 14 209 207 442
182 231 82 150 645
182 231 82 150 645
182 231 82 150 645
182 231 82 150 645
182 231 82 150 645
245 204 184 75 708
0 128 170 1 299
255 2 255 254 766
192 70 106 142 510
85 85 2 254 426
2 2 85 255 344
0 170 255 128 553
162 225 162 123 672
162 225 162 123 672
67 238 159 90 554
214 141 105 25 485
103 245 252 11 611
2 0 85 170 257
2 0 85 170 257
2 0 85 170 257
2 0 85 170 257
20 166 14 161 361
126 132 20 145 423
160 174 144 179 657
68 194 28 161 451
211 121 72 75 479
2 85 128 2 217
0 128 254 85 467
164 55 119 225 563
254 54 217 250 775
2 85 85 254 426
155 178 165 137 635
110 133 15 176 434
110 133 15 176 434
110 133 15 176 434
110 133 15 176 434
110 133 15 176 434
66 156 20 202 444
131 96 169 38 434
166 95 178 51 490
79 222 180 213 694
14 103 162 151 430
14 103 162 151 430
8 84 225 250 567
165 201 114 233 713
2 2 2 254 260
105 196 53 191 545
250 231 111 110 702
152 157 174 89 572
255 128 0 255 638
239 168 121 111 639
1 85 0 170 256
216 249 121 22 608
93 24 50 81 248
223 97 61 29 410
255 85 128 1 469
255 85 128 1 469
255 85 128 1 469
255 85 128 1 469
50 9 106 186 351
0 2 1 0 3
128 255 128 2 513
128 255 128 2 513
128 255 128 2 513
128 255 128 2 513
107 177 47 76 407
96 52 230 185 563
96 52 230 185 563
96 52 230 185 563
49 51 223 103 426
254 254 254 255 1017
254 254 254 255 1017
254 254 254 255 1017
1 2 254 128 385
81 213 147 214 655
48 222 2 74 346
132 32 185 189 538
158 147 103 83 491
158 147 103 83 491
158 147 103 83 491
177 241 57 8 483
177 241 57 8 483
177 241 57 8 483
177 241 57 8 483
177 241 57 8 483
40 92 168 160 460
170 170 85 85 510
101 236 29 172 538
0 1 2 255 258
0 1 2 255 258
0 1 2 255 258
0 1 2 255 258
0 1 2 255 258
128 1 1 0 130
126 86 146 176 534
124 148 142 218 632
1 0 128 85 214
93 29 22 58 202
42 60 104 173 379
170 2 2 254 428
104 152 20 177 453
170 255 1 128 554
1 2 0 0 3
21 180 189 248 638
